8.864265e-05 8.864265e-05 1.491868e-01 0.00 0.460968317250982 -0.0397827163256654 0.15804679013016237 0.5679515803506034 332.2424071296505,336.25123365097465,340.2596407396797,344.26869019283697,348.27732906800185,352.28665640912016,356.29561488522796,360.3051505309679,364.3142550319827,368.3238169951155,372.3330500513066,376.3428427227909,380.3521152517289,384.36189273806843,388.3712695921254,392.3811112533198,396.39050895323436,400.40015080177085,404.40960214470346,408.4190611906405,412.4284354752921,416.437997309027,420.4470438042797,424.45632917857506,428.4655894259156
4.187402e-04 4.187402e-04 1.790043e-01 0.00 0.44393116362611545 -0.0397827163256654 0.15804679013016237 0.568441866335287 337.7168500739539,341.6961765476384,345.6751778133902,349.65467702544544,353.6339163189054,357.6135896891827,361.59284271335093,365.57269060887546,369.5522451403942,373.53202492521046,377.5116449568337,381.4914868216388,385.47113176366554,389.4510399640064,393.4306624841377,397.4105194753111,401.3900095405822,405.3699036019605,409.3493068165974,413.3289123423825,417.30812945402545,421.2875603825034,425.2666581448934,429.2459759713433,433.22505566550444
2.494324e-04 2.494324e-04 2.717985e-02 0.00 0.44616460539099057 -0.0397827163256654 0.15804679013016237 0.5590117067540942 338.1019132217919,342.08585259766625,346.0694614666678,350.05350799382086,354.0372891925027,358.02157716601437,362.005536426197,365.9900132578567,369.9740925188304,373.95854363958284,377.94272619667794,381.9272565164338,385.91155461488574,389.8961277882312,393.88026047307534,397.8649020521365,401.84902597399713,405.8334025924844,409.81747976817667,413.801847895169,417.7858210934064,421.76997320620757,425.75388914963906,429.7378809917645,433.7217507844794
1.351065e-04 1.351065e-04 9.169245e-02 0.00 0.4486190199955865 -0.0397827163256654 0.15804679013016237 0.5623536279342093 334.47331830026565,338.4607619239927,342.44884022564634,346.436462728256,350.42476926771724,354.41278141403603,358.40123797254796,362.38936759477235,366.3779861799811,370.36630991176474,374.35487414855584,378.34332442373506,382.3320045624634,386.3205039322315,390.30918951703103,394.29748553433876,398.28619210976956,402.27444331923795,406.263060157324,410.2513745034283,414.2397869992527,418.22795940052106,422.21634456120523,426.2042449706771,430.1923497661688
4.813357e-04 4.813357e-04 8.411536e-02 0.00 0.44295439791065533 -0.0397827163256654 0.15804679013016237 0.5641546689241311 337.58349420904926,341.561390502,345.53880970771286,349.51673770543965,353.49445757436916,357.4725586562095,361.45041524615306,365.4286448633429,369.4067348751778,373.3850608561679,377.3631164960487,381.34145859618116,385.3195449524593,389.29793686420066,393.27596954356807,397.2543708636469,401.2323951514455,405.2107401716841,409.1886682499594,413.16687349438666,417.1445174585813,421.12251905538113,425.10005915247245,429.0780110110503,433.0551879790749
2.315539e-04 2.315539e-04 1.008781e-02 0.00 0.46447109731390085 -0.0397827163256654 0.15804679013016237 0.5687373896170259 332.7260730813744,336.740501016713,340.75475838856136,344.76956476027635,348.7841332833664,352.7991340572323,356.81381530174906,360.82914688378963,364.84400502115017,368.8593642803304,372.8744428853832,376.88998415629123,380.905082795506,384.9205880740602,388.9357662735568,392.9514622362689,396.96653902328376,400.9820496269805,404.9972232632616,409.01265685840985,413.027872910583,417.0429886877258,421.0578987689504,425.0730796531009
1.774862e-04 1.774862e-04 2.259926e-02 0.00 0.44793490538377967 -0.0397827163256654 0.15804679013016237 0.569700436239809 334.33876643448974,338.3251914229128,342.31161123581376,346.2976634351159,350.28435081467296,354.27063555781086,358.25742558496137,362.2437936458532,366.23082148268526,370.21723365651724,374.20432366718023,378.1909876418171,382.1779941675899,386.16477604769693,390.1518407454006,394.1384781852411,398.1254800651211,402.11213917349755,406.0990222659205,410.0854411933219,414.0723358196587,418.05865058912906,422.0453449334338,426.0315345542358,430.01785649963495,434.00497883087587
2.314963e-04 2.314963e-04 1.022029e-02 0.00 0.44687342266006286 -0.0397827163256654 0.15804679013016237 0.5697830095145892 338.1636475027376,342.1482277892003,346.132344959976,350.1171686948768,354.1015115771568,358.0864353256899,362.07107420337127,366.0560772502431,370.0407438758646,374.0257858561614,378.01060123657817,381.9957268850408,385.98050335255203,389.9656251575628,393.95066349391277,397.93559558032246,401.92036837741506,405.90540279959913,409.8900372306691,413.8749045200085,417.85940937678805,421.8440827995743,425.8283287760894,429.8128666739289,433.79691012709674
1.310044e-04 1.310044e-04 9.993109e-02 0.00 0.44861090161087064 -0.0397827163256654 0.15804679013016237 0.559603057191961 334.4845943793945,338.47222716512465,342.460397661314,346.4482937170442,350.43680798325056,354.424910650103,358.41354318415995,362.4018123031223,366.3906004251103,370.3790418971418,374.3679557987701,378.3563688594426,382.34530781492833,386.33384040183046,390.3226756784317,394.31126067909065,398.3000261571057,402.2886694825063,406.2774387499086,410.26580075810386,414.25451263983985,418.24282987106494,422.23135246113515,426.219546352682,430.2077890467807
3.368148e-04 3.368148e-04 1.458079e-01 0.00 0.4451894562850535 -0.0397827163256654 0.15804679013016237 0.5713326385862793 337.8985052272701,341.8798704437673,345.8609011821436,349.8425667799077,353.8238623388157,357.8057704913276,361.78715044034016,365.76903617186605,369.75058525693845,373.7324865617128,377.7141569201952,381.69612958770745,385.67786564771967,389.6598527233399,393.64158974315677,397.6236362118603,401.6052148209089,405.5869503228925,409.5684619559072,413.5501040527452,417.53149983287983,421.51306337861183,425.4942057401201,429.475624031141,433.4563661043553
1.233650e-04 1.233650e-04 1.316288e-01 0.00 0.44919898217324017 -0.0397827163256654 0.15804679013016237 0.5703478263808309 334.5267548720419,338.5148830102445,342.50356377341024,346.4917810462455,350.48070668864364,354.4691724605728,358.45811774942143,362.44688080431825,366.435973955921,370.42479006160045,374.41406734875835,378.4028303207623,382.39217296202486,386.38111963488524,390.3703006774072,394.35924948862413,398.3485706281217,402.3371245855131,406.326480865883,410.31522511758516,414.3042052745382,418.2927724392904,422.2816334267424,426.26997445272207,430.2586283528088
6.350391e-05 6.350391e-05 5.593325e-02 0.00 0.45983844695332654 -0.0397827163256654 0.15804679013016237 0.5605624961089355 332.11428857389467,336.1214333838555,340.12840416232314,344.1359874761936,348.1432282096188,352.15097357146277,356.15841867333074,360.1664276436257,364.1741803394819,368.182334938274,372.19010072092107,376.1984089845583,380.20633316440836,384.21458721703675,388.22261328690684,392.23071235642294,396.23870827456915,400.2470511445485,404.2549005650315,408.2630999943202,412.2710060907131,416.27917752189364,420.2868649960524,424.29480051683225,428.30220597872886
2.593044e-04 2.593044e-04 8.165421e-03 0.00 0.46463233646597185 -0.0397827163256654 0.15804679013016237 0.5590913167351057 332.78849418866315,336.8039424053277,340.8188439185634,344.83454346278205,348.84981415102715,352.8657475891479,356.8813344534926,360.89741087323347,364.9131689382853,368.9294366311863,372.94537508304927,376.9616948770029,380.9777774621703,384.99413065373943,389.0103466540779,393.02661935604743,397.0426889130151,401.0591328501113,405.07520766518917,409.091530980036,413.10741682207424,417.1236461996303,421.1395604076139,425.1555807200618
7.451080e-06 7.451080e-06 3.156684e-02 0.00 0.453601490101653 -0.0397827163256654 0.15804679013016237 0.560276571264407 335.2203910925251,339.2166302810156,343.21364878863363,347.21019337850663,351.207326487695,355.20398832243245,359.20148529008503,363.19846036911713,367.1959310318005,371.19298768433663,375.1906244553113,379.1877732675929,383.18536899323396,387.1826429705762,391.180247931055,395.1775082190031,399.1750413535194,403.1723681531616,407.1698713375548,411.16698989909037,415.1642628368595,419.161372346117,423.1586725845013,427.15553907365575,431.15274626573046
7.717136e-05 7.717136e-05 1.053323e-01 0.00 0.4606168374316469 -0.0397827163256654 0.15804679013016237 0.5685854510178205 332.19028891590904,336.1983367731819,340.20607284492365,344.21444618339,348.22249871261675,352.2312092873872,356.23953126608063,360.2484045580519,364.2569290181907,368.2658302485682,372.27456450226833,376.28351728360633,380.2922470351414,384.30146448833926,388.3102386151914,392.3193254430353,396.3281394456427,400.33722141961675,404.34584290611156,408.3549386433409,412.3635566718973,416.3723801269664,420.3809290661587,424.3894910898036,428.39820694735806
7.471656e-05 7.471656e-05 1.733054e-01 0.00 0.45013910873220375 -0.0397827163256654 0.15804679013016237 0.5580445329473369 334.71939997405354,338.70978886935507,342.70082954090685,346.6915333345864,350.6827449264615,354.6736143897616,358.66512140430297,362.65616058853846,366.6477571446791,370.63904262722315,374.6305627008397,378.6219290482475,382.6136502494443,386.60505576668606,390.5967218654101,394.58810081997814,398.5798374347074,402.5710873258778,406.5626549397836,410.5540501793162,414.5453492245049,418.53650878645635,422.5278234955072,426.5186692621221,430.50991419799004
4.019239e-04 4.019239e-04 1.810464e-01 0.00 0.4673782207353352 -0.0397827163256654 0.15804679013016237 0.5679142055692968 329.11003974015193,333.12869899697415,337.1480086327313,341.1671154634966,345.1867108597754,349.2060239316215,353.22591926134487,357.2454339308665,361.2656428334802,365.2853198071767,369.30559790707616,373.32542130505243,377.34582426273795,381.36588683473985,385.3861746193134,389.40633797375045,393.42668445974607,397.4467748747125,401.46706956344514,405.48692541752445,409.5072569041963,413.52724372032816,417.5473863652987,421.567095119134,425.5871386627217
2.646076e-04 2.646076e-04 1.012948e-02 0.00 0.4650961024561479 -0.0397827163256654 0.15804679013016237 0.5684925331194512 332.81312091494556,336.82873182814564,340.8438926836184,344.8598099932917,348.87532251649293,352.89155852701447,356.9073431837869,360.9236987389961,364.9395784123526,368.9560101076506,372.97203637013894,376.9886786210637,381.0048079786708,385.0214432425922,389.03756018346746,393.0542020298598,397.0705021581114,401.08695632800203,405.1031545226535,409.1196610344595,413.135952072947,417.152114469876,421.16810456642105,425.18437093827805
2.096734e-05 2.096734e-05 7.190261e-04 0.00 0.4525264216817993 -0.0397827163256654 0.15804679013016237 0.5598431136894954 335.06414587222423,339.0586293018547,343.0538843065041,347.0485476658724,351.04384414873675,355.0388633352721,359.03428677191175,363.0294798348518,367.02498757961615,371.0204564498594,375.01604333807876,379.0115061507302,383.00722140522976,387.00257278633694,390.99830971913,394.993780970933,398.9894905960394,402.98485422780584,406.980516727159,410.9758468292618,414.9714195437428,418.96659994929917,422.9620392523618,426.95706540185665,430.9521955946019
4.295810e-04 4.295810e-04 2.371588e-01 0.00 0.46771304832583044 -0.0397827163256654 0.15804679013016237 0.5657737167388339 329.16261911835375,333.18191131540436,337.20197353854866,341.2216304116542,345.24192312430574,349.26189284995036,353.28242270096956,357.3026317511474,361.3234615150051,365.3437612879584,369.36480462981547,373.38534205333855,377.4064528783801,381.42703024992204,385.44803521229653,389.4687917009965,393.489768912377,397.51046781313073,401.5313874660377,405.5520806016403,409.5730266092491,413.593667861525,417.61463763078984,421.63514233845143,425.65581872285503
2.913645e-04 2.913645e-04 2.681809e-03 0.00 0.46568991294737205 -0.0397827163256654 0.15804679013016237 0.5690164062831978 332.8921899049361,336.90874524993825,340.92485750106266,344.941795200456,348.9581663019625,352.9753531410395,356.99206092660734,361.00921399274074,365.0263421145107,369.0435038181668,373.06050415431093,377.07803848809885,381.09512132479114,385.1127245170126,389.12982326733345,393.14735249071424,397.1645404919789,401.18207072754075,405.1992713849017,409.21662616974913,413.23373697043456,417.25102339519384,421.26796098048356,425.2850237945755
4.281776e-04 4.281776e-04 1.607041e-01 0.00 0.4437857755968536 -0.0397827163256654 0.15804679013016237 0.5677329000322893 337.6966957121656,341.67585604761524,345.6545660325621,349.6338960814502,353.61297163236986,357.59244344884195,361.57136382367815,365.55104401075437,369.5302513210975,373.50985107212534,377.4891832613646,381.4689576991042,385.44826459592167,389.42801630417966,393.40738383135255,397.38703152690795,401.36626856212536,405.3458086972604,409.3249988995226,413.3044024500258,417.2835142477772,421.26276422747657,425.24167000264436,429.22058470752035,433.19949534490365
2.345688e-06 2.345688e-06 8.836527e-02 0.00 0.45432791875694595 -0.0397827163256654 0.15804679013016237 0.5611622444674941 335.32220475401215,339.3197297422705,343.31777955755166,347.31562081602647,351.3139398181427,355.31202394545,359.31043142761246,363.30865409208496,367.3073396899265,371.30567023594756,375.3044677185638,379.3029328183302,383.3017192142588,387.3002299283324,391.29902960873494,395.29755686589755,399.29626085123766,403.29467178208205,407.29335298815647,411.29172609323814,415.29038277413144,419.28863105599726,423.2869885787501,427.2851316612175,431.2833900188599
8.805118e-05 8.805118e-05 2.357498e-01 0.00 0.44987282350967683 -0.0397827163256654 0.15804679013016237 0.5622995066471704 334.6612478600036,338.65103935484257,342.6413290565424,346.63124379992246,350.6218902680869,354.61194995956987,358.6027380936302,362.593118220044,366.5839677098637,370.57431511895965,374.5652935091029,378.5559696664886,382.546809234345,386.5374183300443,390.5283353199475,394.51913741490785,398.51004060349544,402.5004292259801,406.49131745969424,410.481830052169,414.47253295960047,418.4629005600857,422.4534582955789,426.44379488385135,430.4340783383516
1.870760e-04 1.870760e-04 4.773041e-02 0.00 0.4635598885695191 -0.0397827163256654 0.15804679013016237 0.5689610007677737 332.59888661730434,336.61170998314594,340.6244710245214,344.63776337032465,348.650724174488,352.6643595760163,356.67751322712996,360.69126147111797,364.7046477780585,368.7185986888878,372.73216479809366,376.7460627275877,380.7596475343729,384.7737054790364,388.7872639683207,392.80135488161005,396.81501594330825,400.82900120713526,404.8425885040556,408.8565031984314,412.87006501185414,416.8838094898018,420.8970212180023,424.9105650723867
1.524275e-04 1.524275e-04 5.248542e-02 0.00 0.4481763771055765 -0.0397827163256654 0.15804679013016237 0.5609308040423896 334.4129298228001,338.39993169167167,342.3873464637457,346.3743562922233,350.3619543655901,354.34921446998726,358.33698546596804,362.3244502512674,366.3124015653421,370.29991639791467,374.2877899369378,378.2754706464679,382.26353665278225,386.2511254801676,390.2391241946263,394.2268097233184,398.21484206834873,402.2025277439385,406.1903854541071,410.17806278861366,414.16584642298795,418.1533057635801,422.1409342410389,426.1281808880005,430.1155022600549,434.1027168857642
2.244206e-04 2.244206e-04 1.477937e-02 0.00 0.46400860423736046 -0.0397827163256654 0.15804679013016237 0.5605879472750619 332.69597286579284,336.7102821752112,340.72421200984104,344.7387269963805,348.7529877131954,352.7678346487887,356.7822116527467,360.79722241114314,364.81180419197915,368.82702728033263,372.84177774748287,376.85699978445643,380.87180075930974,384.88714764916307,388.9020621540797,392.9173740268331,396.932280158753,400.94761078074924,404.9624402127871,408.9777868793954,412.99251187090493,417.00764335945115,421.02246435159503,425.03737804341125
6.802660e-06 6.802660e-06 3.640130e-02 0.00 0.45370146417301865 -0.0397827163256654 0.15804679013016237 0.5609616979022801 335.23168907154604,339.2280856887467,343.22524365785216,347.2218586031407,351.2191676173307,355.21592333837503,359.2135871999702,363.2106779481418,367.20815266797104,371.2054514669042,375.20317803367755,379.2005705244666,383.1981605457035,387.19565119528085,391.1933465636811,395.1906704288237,399.1883863259218,403.1858000417447,407.1834652623511,411.1807086328805,415.1781785018613,419.175323808435,423.17270994333364,427.169659499177,431.1670674436453
2.518219e-04 2.518219e-04 2.959429e-02 0.00 0.44609526842764574 -0.0397827163256654 0.15804679013016237 0.5579943610887766 338.0949488176279,342.0787333405614,346.06217298616247,350.0462011208472,354.02984461377855,358.01404207856,361.99801011620787,365.98233409923614,369.9663583514567,373.95080659307314,377.9348569882959,381.91932503408316,385.9035476833906,389.88800953343105,393.8721952501395,397.85653772559743,401.84059778314236,405.8250080296997,409.80904042248454,413.7933747832647,417.7773450573786,421.76146266539007,425.7451466770654,429.72913051762043,433.7127376858182
3.145924e-04 3.145924e-04 1.073779e-01 0.00 0.44536806396509376 -0.0397827163256654 0.15804679013016237 0.5666945908300433 337.9451149951842,341.92711049596227,345.9087463957927,349.89103252440196,353.87296213887805,357.85532438457625,361.8372615483822,365.81982551517336,369.8020333735315,373.7845834430867,377.76676384429527,381.7494085802585,385.7316645839981,389.7142802618014,393.69662610513404,397.6790905599149,401.66140912643823,405.64397474770317,409.6259998902397,413.6082864199686,417.5903551009217,421.57244408935793,425.55429253350496,429.5362598903107,433.5177022674501
2.594575e-04 2.594575e-04 8.972147e-03 0.00 0.46510814790217714 -0.0397827163256654 0.15804679013016237 0.5714504243784447 332.80294269112596,336.8183594129674,340.83347911431605,344.84919539597826,348.86450409387135,352.8806237646133,356.89623484447117,360.91232245746846,364.9282965930387,368.9444524624658,372.96035589861987,376.9768490920974,380.9929174185329,385.00919031369955,389.025390043837,393.0417495059788,397.0577822694936,401.07417988218293,405.0902595895644,409.1065018393332,413.12247796291206,417.138669090359,421.1545540351905,425.17052319514755
1.839428e-06 1.839428e-06 1.046854e-01 0.00 0.45470981992519416 -0.0397827163256654 0.15804679013016237 0.5687942513898279 335.34569161900384,339.34349513053996,343.3417804626781,347.3397028538089,351.33829621633606,355.3364954920513,359.3353209749611,363.3335548296711,367.3325329947957,371.3310433873342,375.3299308950141,379.32847166719546,383.32757682178607,387.3261270495518,391.325236735169,395.32385648981733,399.3227628856724,403.3213879762484,407.3201966062216,411.31874636174217,415.31747855038697,419.3158009224744,423.31444947657906,427.3125810968332,431.311534071915
2.249835e-05 2.249835e-05 1.258862e-03 0.00 0.4524319860769681 -0.0397827163256654 0.15804679013016237 0.5598982303176201 335.0504807250648,339.0447808242918,343.0396838751738,347.0342896127527,351.0294264598822,355.02424764171445,359.0196554955865,363.0146675441435,367.0100930967449,371.0051398742981,375.00076821720273,378.99593330242254,382.99145356081556,386.9868241872005,390.98233336360005,394.9776424068269,398.97313501762557,402.96832592336284,406.96380455826625,410.9589315953686,414.9544437480911,418.949516280471,422.944668820179,426.9395911820078,430.93449098115224
1.136627e-06 1.136627e-06 1.163151e-01 0.00 0.45455466609243306 -0.0397827163256654 0.15804679013016237 0.5604248310480728 335.3592630557272,339.35716058875255,343.35585014314404,347.3540373637143,351.3528172004526,355.3512972574341,359.3502937029604,363.3489018366302,367.3480289462366,371.34674333648786,375.3459737423594,379.34487870719425,383.3441750204844,387.3429778115335,391.342325121229,395.3411109575068,399.3403933303104,403.3394389237481,407.338433903877,411.3373665778344,415.3363360523575,419.33507202766486,423.33400025776683,427.3325967392114,431.33165036413203
2.199715e-04 2.199715e-04 1.525726e-02 0.00 0.46426783430628377 -0.0397827163256654 0.15804679013016237 0.5698324232048289 332.69447536751034,336.708580298673,340.7224811130609,344.7368858763616,348.75109634082503,352.7656967976248,356.7800602121361,360.79495368127095,364.8095248920835,368.8244457260721,372.83914885568026,376.85408365902714,380.86899953785456,384.8841268833208,388.89883487990016,392.9140541993685,396.9288987582306,400.9439735468223,404.9587482372273,408.97387702839615,412.9884300518663,417.0033935556534,421.0179666485243,425.03267216973836
1.356025e-04 1.356025e-04 8.730395e-02 0.00 0.4484521703210815 -0.0397827163256654 0.15804679013016237 0.5581020487395194 334.4663966333049,338.4537005504252,342.44168453712183,346.4293880929083,350.41754995576923,354.4055861243725,358.3939648660605,362.38206960283793,366.3706645619119,370.35894624411037,374.3475227581641,378.3358842256202,382.32446578304155,386.31281718454494,390.3016095573144,394.2898020156604,398.27855303878465,402.2667998139521,406.25537886880164,410.24368788428774,414.2321597408928,418.22032124028095,422.2086590580492,426.19657154966484,430.18467642465396
9.045133e-05 9.045133e-05 1.562272e-01 0.00 0.46101041481776905 -0.0397827163256654 0.15804679013016237 0.5675683922158727 332.2499728679827,336.25877051763484,340.2674003568015,344.27653872261664,348.2852481962773,352.29475953528595,356.30379438632747,360.31337518505285,364.32257588389626,368.33229731020145,372.34162804168875,376.35156608698804,380.36092515574614,384.37072346982825,388.3802991796357,392.39007019743343,396.3995647053017,400.4093919795787,404.4186992676096,408.428528728668,412.43784629508355,416.4474906462023,420.45673312714285,424.46610586399396,428.47547245885966
2.745864e-05 2.745864e-05 5.482583e-03 0.00 0.4522907247906749 -0.0397827163256654 0.15804679013016237 0.563493892618097 335.0132449551152,339.007124216671,343.00150470955043,346.99569122015527,350.99033204171,354.98466862953865,358.97944915869573,362.9739348112527,366.9690193202137,370.96362171896504,374.9586533780384,378.95340477901124,382.9483759202776,386.94326619137223,390.9383755789239,394.933045777867,398.92812614591344,402.922875233063,406.9177822659207,410.91246075270476,414.9074366288829,418.90195397950436,422.89666745816066,426.89108243317554,430.8854070563908
2.802543e-05 2.802543e-05 1.868930e-03 0.00 0.4583009257623345 -0.0397827163256654 0.15804679013016237 0.5615275955121414 331.8919502480521,335.89666903536096,339.9008926523411,343.9058440836238,347.910339243211,351.91557941698954,355.92038818201917,359.9256953250374,363.93064244586753,367.9361852894201,371.9412953659602,375.9468501992579,379.9521349070596,383.9577038019615,387.96296294436115,391.9684711222001,395.9738844719166,399.9794589794824,403.9846224466261,407.99015519014915,411.9953416641681,416.0007710493807,420.0058785613411,424.01103981085726,428.01602722488184
2.834874e-04 2.834874e-04 6.246309e-02 0.00 0.4456158531276772 -0.0397827163256654 0.15804679013016237 0.5601541602334696 338.01310043063705,341.99587212677,345.97840213291084,349.96141315603916,353.9441752491935,357.92743681561603,361.9103606112189,365.8937202352773,369.8768603318303,373.860198084026,377.84340718651924,381.8268223216025,385.8101524754675,389.7934913396331,393.77662680221374,397.76003595072484,401.7432453526252,405.7265875960434,409.7097335425351,413.6929180412344,417.6759508172406,421.6590909504472,425.6416972545407,429.6245881854325,433.6071284236547
2.129397e-04 2.129397e-04 7.151052e-03 0.00 0.446833112635067 -0.0397827163256654 0.15804679013016237 0.5586191609899892 338.20571272655746,342.19076280574086,346.1755905389404,350.16088217184546,354.145968368816,358.13138721399844,362.11673981267705,366.10250831234407,370.0875807070017,374.073279220004,378.05871767081015,382.04455065330905,386.02984066378417,390.01562647621614,394.0010595421784,397.98682270561955,401.972230739258,405.958014882426,409.9433657586681,413.92884904117875,417.91403947949686,421.8994287283878,425.8843700553239,429.86959416005243,433.85434302942815
3.770900e-04 3.770900e-04 1.357890e-01 0.00 0.4670843332821406 -0.0397827163256654 0.15804679013016237 0.5702173832115026 329.0608835839769,333.0790587814916,337.0977326471627,341.1161889763197,345.1353029677663,349.15392625886847,353.17328202478257,357.1922596098918,361.2116462800496,365.2308496123657,369.2503466893313,373.26963275009757,377.2893697615921,381.3087095816341,385.3285306837807,389.3479873319811,393.36778380527636,397.3872063358166,401.4069224519416,405.4261936201743,409.4458748573263,413.46515699813585,417.48469517578735,421.50379858623796,425.5230350043978
3.031065e-04 3.031065e-04 3.171474e-02 0.00 0.465536857357432 -0.0397827163256654 0.15804679013016237 0.5618859895748561 332.9005756277094,336.91751736975004,340.93367980514967,344.95063809439745,348.96727413786556,352.9846726282361,357.00150419078517,361.0188218446532,365.03591936547843,369.05342258113404,373.0706379187973,377.0883886622559,381.1056825148695,385.12330739757505,389.1407851867248,393.15835406913595,397.17580654342527,401.19353051056197,405.210913366217,409.22866367322894,413.2458516284758,417.26327322822453,421.2805082804529,425.2979379082617
1.652326e-04 1.652326e-04 9.173401e-02 0.00 0.4628356635607192 -0.0397827163256654 0.15804679013016237 0.5630894071267036 332.52187645601833,336.5342147162208,340.54597285688413,344.55834987319315,348.5702665734898,352.58315290384303,356.59548554827774,360.60835843917664,364.62081343671326,368.6338317970147,372.6464519754844,376.65953737038865,380.67227266177736,384.6854774307409,388.69828100608333,392.71145586683934,396.72427044577137,400.73736106779376,404.75019824401437,408.763272785428,412.77607087298577,416.7888851110845,420.8016070371877,424.8144866941842
1.091962e-04 1.091962e-04 1.762895e-01 0.00 0.44938608295164423 -0.0397827163256654 0.15804679013016237 0.5653803065173972 334.57541818153067,338.5643390775348,342.5535096835334,346.54240972548286,350.5319964388929,354.5210163580825,358.5106650713265,362.50003305153234,366.48978110154957,370.4791370122561,374.46901426299564,378.45855240476226,382.44835093659606,386.43793688105734,390.4279367780151,394.4174925115699,398.4071276145116,402.3968412606541,406.3865153766845,410.3760958580489,414.3657107870763,418.35506761327395,422.34442041269944,426.3336214377471,430.3228852739756
1.380560e-04 1.380560e-04 8.860663e-02 0.00 0.4487553112348262 -0.0397827163256654 0.15804679013016237 0.5679258734561824 334.46968809740935,338.45689675824485,342.44487386085814,346.4324624663995,350.4206792670949,354.4085387117645,358.39696292246975,362.38499443128455,366.37339136225563,370.36164954058506,374.3500852905664,378.3384692090143,382.3269854503463,386.3153711450415,390.30392280986285,394.2922084015526,398.28050076377843,402.26885088569907,406.25741568658316,410.24544103330066,414.2338327846758,418.2217508536819,422.2099252931107,426.19780326821785,430.18574332964886
1.632003e-04 1.632003e-04 3.440736e-02 0.00 0.44787887833536033 -0.0397827163256654 0.15804679013016237 0.5600727143836406 334.3720400137739,338.359080101665,342.3458797065403,346.3326202587197,350.31962395662856,354.30649144603626,358.29363421100464,362.2806828978691,366.2680262184614,370.25512051345356,374.24257281461587,378.229784688499,382.21729795571235,386.20457366190726,390.1921674414559,394.1793762021979,398.16687791796045,402.1541025856113,406.1414849680338,410.1287229431021,414.1158812263471,418.1028723522128,422.0901247580503,426.0768997154848,430.0639518565622,434.0515793045528
4.262215e-04 4.262215e-04 1.686095e-01 0.00 0.44393870334962215 -0.0397827163256654 0.15804679013016237 0.5712661131770962 337.70600589343576,341.68522086582095,345.66397174000053,349.64342995263814,353.62246574735764,357.60210940342415,361.58118711914074,365.56084420064127,369.54013997518257,373.5198828924043,377.4993159152729,381.4789609750169,385.4584160941355,389.4381424318142,393.4176349249973,397.3973062100155,401.37665896515,405.3562565697397,409.33558579272085,413.3148714652266,417.29402574537363,421.27329010919505,425.25211779731376,429.2312308862155,433.21004711011295
9.143904e-06 9.143904e-06 6.071616e-02 0.00 0.4572193189840557 -0.0397827163256654 0.15804679013016237 0.5681702741254191 331.71025625791543,335.71335986960247,339.7154105517664,343.71795300067464,347.7203707325025,351.7233463888929,355.7258289843699,359.7289036925281,363.73167488032567,367.73504543473183,371.7377666230588,375.741187660151,379.74406720968915,383.7475639480908,387.7506074227679,391.7538763052885,395.7568754730415,399.7601794378169,403.7632027546992,407.76648069633677,411.7693154314073,415.7724223927184,419.775125821131,423.7780487646321,427.780589386126
1.003518e-04 1.003518e-04 2.009078e-01 0.00 0.4614136466362846 -0.0397827163256654 0.15804679013016237 0.5702919262728307 332.29532011342417,336.3047187596947,340.3137507107241,344.32341669051056,348.3327658999552,352.3426546395438,356.35221358191546,360.36229372865006,364.3719177446039,368.3822004071554,372.3921426744035,376.4023184281921,380.4123963437694,384.4227528066522,388.43259526133335,392.4430690652422,396.45307422993636,400.46337459098305,404.47325795817017,408.4834717834535,412.49341874982315,416.50352220084915,420.5132858254848,424.5232490933237,428.53288763103393
2.824447e-06 2.824447e-06 1.533412e-01 0.00 0.4560460904415012 -0.0397827163256654 0.15804679013016237 0.5579953836402547 335.5866257978827,339.5872679232742,343.5885043821412,347.5894503301169,351.59103799956125,355.5921627297398,359.5938591297014,363.5952053816852,367.5970803880796,371.5985672873976,375.6005757113079,379.60202760304725,383.6040437371186,387.60571772919553,391.60773175453687,395.60935606368645,399.611294516218,403.61288776451215,407.6147824969284,411.6162769630169,415.61817360322095,419.6195657376208,423.62122217307837,427.62245812164775
9.387212e-06 9.387212e-06 6.537268e-02 0.00 0.45685223157348337 -0.0397827163256654 0.15804679013016237 0.5577869168094721 331.7005965337288,335.7039947365916,339.7059345860483,343.70859240044126,347.7108610908005,351.7138117369348,355.7164103573412,359.7195222292437,363.72223303613816,367.7256395587795,371.72836907769425,375.7317069695151,379.7346516242348,383.73813574980835,387.74106304137604,391.744373616647,395.7475742709595,399.7508530243738,403.75398312973914,407.75719456662404,411.76009731548936,415.76332690801314,419.76617816848284,423.769151525911,427.77188075421935
3.088952e-06 3.088952e-06 1.441863e-01 0.00 0.4562136820094956 -0.0397827163256654 0.15804679013016237 0.5611259210179292 335.597230577455,339.5978766513515,343.5993766771034,347.60034637782127,351.6019634714555,355.60324736932023,359.60501818431925,363.6065020490211,367.60839934517344,371.6099649548753,375.61205482510695,379.61380341722304,383.615760952955,387.61744473068677,391.61953953567433,395.6212047669855,399.6233473901966,403.62495809408705,407.62701042554954,411.62870738386016,415.63044171905864,419.63199604773945,423.6336096809919,427.6349467051919
4.305557e-07 4.305557e-07 1.470039e-01 0.00 0.45480479750896297 -0.0397827163256654 0.15804679013016237 0.5607470483136603 335.3949481675146,339.39329934481634,343.3923083482512,347.39094289331234,351.3902002093071,355.38903298874715,359.3883597857685,363.38741205411054,367.3870870207295,371.3862754855257,375.3858703122381,379.38510633409084,383.3848266656439,387.38419122273956,391.38377315538213,395.3831304763393,399.38279688273644,403.38216456739497,407.3817208659486,411.3808903849749,415.3803941641301,419.3794501205937,423.37877146863497,427.3777237514897,431.37787491699095
7.996397e-06 7.996397e-06 7.372375e-02 0.00 0.45692787845718563 -0.0397827163256654 0.15804679013016237 0.5633809733354652 331.6879102819329,335.6910827192166,339.69284430437375,343.6954081291538,347.69741232717604,351.70013958106176,355.7024778512306,359.7054534229869,363.7079649541243,367.7109283288822,371.7136183282298,375.71679536966525,379.7196010085765,383.7225228249098,387.7255161332311,391.7285980963076,395.7314251334828,399.7345791592858,403.7374319820741,407.7402773768565,411.74304710619106,415.74598811587765,419.74856476863306,423.75127730586684,427.75375252106323
5.188805e-06 5.188805e-06 1.091057e-01 0.00 0.456480309674724 -0.0397827163256654 0.15804679013016237 0.5600581701047701 331.63786814585154,335.6400915695144,339.6413601387591,343.6432100106183,347.64476127887787,351.64692662279265,355.6486426016779,359.6508870701115,363.6529340558269,367.65542194043445,371.6575864765853,375.6599597336216,379.6622961022382,383.6648552932241,387.66705562182807,391.66967172739567,395.6719434388553,399.67441182467354,403.6766448762135,407.6791174516739,411.6812400325773,415.6836541990399,419.6856943759835,423.6880917584998,427.68991494728186
8.345791e-06 8.345791e-06 7.257060e-02 0.00 0.4568553885967244 -0.0397827163256654 0.15804679013016237 0.5605458351564783 331.689403422788,335.6925491760821,339.6943366792651,343.69686743451757,347.69903622848636,351.7018331730006,355.7042131100505,359.70709919916686,363.70967220926246,367.7127710393813,371.7155321258887,375.7185727092568,379.72146016074197,383.724715888359,387.7275597975831,391.7307948092808,395.7335604700169,399.7367442102131,403.7395931049614,407.7427373101394,411.74541469127263,415.74848906352395,419.75114559136705,423.75397966851085,427.7565027052703
3.428197e-05 3.428197e-05 1.554355e-02 0.00 0.45218452159120226 -0.0397827163256654 0.15804679013016237 0.5703065049036931 334.9697955763184,338.9631961899827,342.95705660695427,346.9506120275049,350.94467667880394,354.93833280091076,358.93258262837065,362.9265630080947,366.9209550246555,370.9149941762893,374.90941180414836,378.903585694631,382.89806381453565,386.89228468003927,390.88672232110474,394.8809511798561,398.8753266283459,402.8695199722278,406.8638455721841,410.8578498657699,414.8522038758774,418.84600158456436,422.84008133976613,426.83380202564814,430.82756561687233
5.526313e-07 5.526313e-07 2.349891e-01 0.00 0.4555124055871944 -0.0397827163256654 0.15804679013016237 0.558280130565521 335.5071273591022,339.506848005406,343.5070621969128,347.50710948600806,351.5077160151914,355.50791349237403,359.50867166499773,363.5091213548506,367.5099908871943,371.51046447164384,375.5114932410402,379.5121754586698,383.51324708872266,387.51391814614175,391.5148798606356,395.5155955515106,399.51661979426217,403.5173400835086,407.51825674014214,411.51891970539526,415.5196570623996,419.5202649926617,423.52085442641754,427.5212187332899
4.954635e-06 4.954635e-06 1.131097e-01 0.00 0.4564063624522303 -0.0397827163256654 0.15804679013016237 0.5587969757803001 331.63275804029274,335.6347353781823,339.6359246751473,343.6377910379111,347.6392945021551,351.64129984559787,355.64301901769767,359.6453026248956,363.64731954822105,367.64961571294555,371.65171372225666,375.6542415012877,379.6563642977321,383.6588912955253,387.66098122120275,391.6636464996007,395.66581723384223,399.6682668914276,403.6705736319926,407.67297521233996,411.67503923051515,415.67757137255103,419.67939544396154,423.68159475921556,427.68336992209294
3.946346e-05 3.946346e-05 5.229572e-03 0.00 0.4587692388736866 -0.0397827163256654 0.15804679013016237 0.5584938056759033 331.9703215527428,335.97614395800133,339.98141142086,343.9872536815458,347.99275142720956,351.99890201503297,356.0046616337229,360.0109937809339,364.01689802973846,368.0233305533365,372.02946069802914,376.0360943418777,380.04218822638745,384.0487847104845,388.05509516411655,392.0616213086293,396.06792926592453,400.0745169758196,404.0807709197671,408.0873000771295,412.0934064353575,416.099810084632,420.10588120107155,424.1121394613529,428.11810745786755
1.588872e-06 1.588872e-06 1.028468e-01 0.00 0.45438120966239226 -0.0397827163256654 0.15804679013016237 0.5584607713883795 335.3417057816268,339.3395001214814,343.33784340313304,347.3359580322268,351.3344946946658,355.33289554022315,359.3315518000762,363.3299235555403,367.3289895671016,371.32755842292335,375.32657762956046,379.32528772144684,383.3242608025853,387.32310413519593,391.32214685113706,395.32088657294736,399.3199798774641,403.3186559473733,407.31756631928334,411.31615620897634,415.315116918032,419.3137012994622,423.31234438399935,427.3106335331898,431.3095174337037
8.379465e-06 8.379465e-06 2.504567e-02 0.00 0.45342663656552545 -0.0397827163256654 0.15804679013016237 0.558180408373342 335.20345766888335,339.19959798503135,343.19630638813885,347.1927500259863,351.18964353300385,355.18627427093855,359.1834058253988,363.18015716941255,367.17744556846947,371.1744882683422,375.17173529175193,379.16886727110665,383.16630880254695,387.16339758071183,391.16084196887573,395.157967083245,399.1552681374066,403.1523707692274,407.1497632643109,411.1467145998234,415.14400382285856,419.1409341939438,423.1379241516743,427.134634206009,431.1317826591007
2.798349e-05 2.798349e-05 2.176218e-03 0.00 0.45816064734170486 -0.0397827163256654 0.15804679013016237 0.5578286767273563 331.88742164897957,335.8921143822079,339.8962885018379,343.90136934925914,347.9058706165549,351.9110310764158,355.9156765446036,359.9210136538719,363.92601845779524,367.93147446485074,371.9366823365675,375.9421566020814,379.9472767408201,383.9529883539987,387.9582542131376,391.96393542627806,395.96916495111367,399.9747109656758,403.97998577214827,407.98554376616636,411.9906411616053,415.9960824387267,420.0010818626245,424.0063440885036,428.0113387937357
1.296582e-05 1.296582e-05 8.151606e-03 0.00 0.45303142612053093 -0.0397827163256654 0.15804679013016237 0.5583647252001662 335.144516007721,339.1399385477323,343.1359108628085,347.1317356001238,351.12794251654043,355.1238892295813,359.1202772025002,363.11647371284465,367.11302967039563,371.1092654883964,375.10605907916624,379.10234524248415,383.0991127126772,387.0954956186631,391.0921497197996,395.08863305728033,399.0853646047239,403.08169291781223,407.07824114263997,411.07467351016254,415.07124679241036,419.06736677617187,423.06375693339504,427.05967981683267,431.0559243944221
1.755282e-06 1.755282e-06 1.083850e-01 0.00 0.4548142717294465 -0.0397827163256654 0.15804679013016237 0.5715679502272099 335.3509205489879,339.348668623055,343.34692819890637,347.345007886518,351.34364947897564,355.3418686843601,359.34063032639347,363.3390369512387,367.33797218096487,371.3365271910427,375.3354853643953,379.33415420431027,383.33314153352944,387.3318552216114,391.33078858997607,395.3295089160029,399.3285400316283,403.32701993462604,407.3259532806665,411.32452421286933,415.32325126800015,419.3217323283801,423.3202355788281,427.3184547628819,431.3175371456264
1.041569e-05 1.041569e-05 2.008966e-02 0.00 0.45369741693282467 -0.0397827163256654 0.15804679013016237 0.5704799616442902 335.1910533889524,339.18682412060656,343.1832697774068,347.17945018400343,351.1762142479753,355.17256333274287,359.1694637993552,363.1661317981892,367.16284751631974,371.15966593220554,375.1567619439289,379.1534366637106,383.1505006567919,387.1473428573962,391.14443874602205,395.1413160196151,399.13832934623593,403.1350001547811,407.13212964050626,411.12865987746835,415.1255356417103,419.12205441023235,423.11874293412717,427.1150631588575,431.11182187773767
1.264952e-05 1.264952e-05 1.122128e-02 0.00 0.45340719270254104 -0.0397827163256654 0.15804679013016237 0.5680838127889064 335.1596297890412,339.1550294879777,343.1511582397176,347.1469856659989,351.1433682323336,355.13942966896536,359.1358462382262,363.1320715171724,367.1287284826,371.125092595856,375.12172071264024,379.1183052622369,383.1149453785847,387.11150102478274,391.108290985794,395.10480729696525,399.10145344478576,403.0978956363957,407.0945981648608,411.09090710751207,415.08745580992166,419.08359234641654,423.08003912519354,427.07599384427783,431.07230341884474
5.422804e-06 5.422804e-06 5.308412e-02 0.00 0.4541971557943412 -0.0397827163256654 0.15804679013016237 0.5701586245870294 335.2665983334492,339.26325789741804,343.2607413611511,347.25780040076,351.2554721770769,355.2528383657658,359.25057662625585,363.2479665631409,367.2459209279354,371.2434817195841,375.24153871973067,379.2390847749808,383.23711181241237,387.23479840669086,391.23283982076345,395.2305479040194,399.2285306754753,403.22627044651847,407.22414139686583,411.22168516622213,415.21963500140964,419.2168222472025,423.2143983673095,427.2117415025191,431.2089735017945
2.127431e-05 2.127431e-05 7.386763e-04 0.00 0.4525745295137082 -0.0397827163256654 0.15804679013016237 0.561735722404749 335.06382187893604,339.0583183964852,343.0533387968882,347.04806888961116,351.0434210624646,355.0384622046677,359.0337847238962,363.02892109312586,367.0245496777018,371.01993106966006,375.01550956322126,379.010918588393,383.0065620948646,387.0020212116186,390.99780582387217,394.99311994765134,398.98880855688384,402.9841360276719,406.9797346881819,410.97507793154773,414.9704650729357,418.96580651190493,422.9610101055153,426.95600046272233,430.9511834960241
1.126669e-05 1.126669e-05 4.401724e-02 0.00 0.4575472838408612 -0.0397827163256654 0.15804679013016237 0.5717293297088898 331.7424218568468,335.74532107696905,339.7478162053757,343.7508626252073,347.7534973858999,351.75669338835866,355.7597267761695,359.7630562105391,363.76618344411725,367.7697836291089,371.77301201222537,375.77674414086056,379.78003730652983,383.78369224828657,387.78706675457664,391.7907461147943,395.7940799491604,399.79775381837203,403.80092768709267,407.80459889350556,411.8077636677177,415.81115435385874,419.8143570701446,423.81756831000797,427.82037626397846
5.024048e-07 5.024048e-07 1.412577e-01 0.00 0.45474146526939596 -0.0397827163256654 0.15804679013016237 0.5598771602862129 335.3887672562053,339.3870527574677,343.3859521677021,347.38453730824284,351.38364845578957,355.3824617802566,359.38172469419214,363.3807693910765,367.38018411264335,371.379402509328,375.3789786720979,379.3782239098609,383.3778413972738,387.37708144506917,391.3767119321841,395.37598025164107,399.37555615942756,403.3748587904046,407.3742852387331,411.37351566562637,415.3729484275674,419.3720178879867,423.37117764447174,427.3701582400111,431.36986355169716
3.055847e-06 3.055847e-06 7.627679e-02 0.00 0.45420594413629634 -0.0397827163256654 0.15804679013016237 0.5614664592113164 335.3043574239964,339.3016114640002,343.299518195908,347.297073791405,351.2951791141881,355.2928875729756,359.2913831871968,363.28933867201914,367.28783674694586,371.2859684458208,375.2844990218539,379.28263491471506,383.28124514816335,387.27947616923757,391.27812271754317,395.2764094736948,399.27506976527434,403.27319482670026,407.2716103173436,411.2698568482015,415.26810469374357,419.26617295686896,423.26443986498816,427.26227008936047,431.2603394251181
7.393387e-06 7.393387e-06 3.176272e-02 0.00 0.4536072915057821 -0.0397827163256654 0.15804679013016237 0.5605268404111953 335.2208793676629,339.2172076582878,343.21398783135294,347.210598139402,351.20782071821986,355.20462901307843,359.2019017425037,363.1989059048065,367.19636429083346,371.19354614168964,375.19116328851555,379.18828264809315,383.1858131579483,387.18321215235164,391.18063638357506,395.17806568430507,399.17567424469433,403.17281563646264,407.17041904512837,411.1676259592975,415.1649371246689,419.1621140756809,423.1592604454868,427.15617335311936,431.1534253791625
4.861340e-06 4.861340e-06 5.343133e-02 0.00 0.4539193380973408 -0.0397827163256654 0.15804679013016237 0.5603719802003686 335.2660830404559,339.26275634673397,343.26026902797616,347.25735415560143,351.255134506105,355.25240525886477,359.2503793092014,363.24789578262397,367.2458158176523,371.2435114785265,375.24168765596977,379.2393449028595,383.23742831521605,387.23538266886254,391.2334773132758,395.2312906037478,399.22934250291473,403.2271611688406,407.2252554637157,411.2229458097869,415.22076574172576,419.2184156810888,423.21608232971687,427.21345030927995,431.21109554428324
1.899079e-06 1.899079e-06 1.053633e-01 0.00 0.45478770494426884 -0.0397827163256654 0.15804679013016237 0.5712617187142142 335.34709570493305,339.34469929121974,343.3429937923011,347.34101233807013,351.33949533369827,355.33779551737166,359.3363830819917,363.3348576924665,367.33363222223346,371.33221209378496,375.33111935355674,379.3297196536853,383.32866002941836,387.3272404732415,391.32620829468124,395.3248878608649,399.32387118674126,403.3223256917581,407.3211990221689,411.31979793457947,415.31838398008085,419.3168491747369,423.3152470846541,427.3135017468637,431.3122941388242
1.592270e-05 1.592270e-05 4.899274e-03 0.00 0.4533041689499504 -0.0397827163256654 0.15804679013016237 0.5717337841697323 335.1281861792065,339.1232422712615,343.1190090512657,347.11430833016175,351.11030293018047,355.1058467321192,359.1020317811277,363.0978970940026,367.0940974386825,371.08993143219635,375.0863378477744,379.0823108256289,383.0787193832759,387.07475707574514,391.0711012305454,395.06717873204997,399.06346147724366,403.05943705112145,407.0556724024602,411.05147471819083,415.04763125398335,419.0433196465464,423.0392947953117,427.0348090795185,431.030662237839
4.045339e-06 4.045339e-06 1.172777e-01 0.00 0.4567361412083059 -0.0397827163256654 0.15804679013016237 0.5712543788444101 331.62878471192147,335.6311956044306,339.63216964891865,343.63389420400495,347.63510754647126,351.6371989147566,355.6386945220892,359.6408251433981,363.6425197169457,367.6447516253892,371.6465680095093,375.64890200164115,379.6509501343783,383.65327194446405,387.6552229753199,391.6577207430219,395.6596877422091,399.66185957740214,403.6637066211582,407.6659159385956,411.66797926231646,415.6699468032992,419.67166811712605,423.6735725956225,427.675200878599
1.239979e-05 1.239979e-05 3.864454e-02 0.00 0.45754990071519475 -0.0397827163256654 0.15804679013016237 0.5691950967805041 331.7533338728575,335.7565157825519,339.7590505990111,343.7622022994082,347.7650769918411,351.76851418679945,355.7715272624758,359.7752201498751,363.7783753557483,367.7821982970856,371.7855384098558,375.7893792746027,379.7928093287264,383.79666598222985,387.80017906141035,391.80400369779136,395.8075359732987,399.8114096316704,403.81490885158655,407.81859703794765,411.82212474178783,415.8254974541139,419.8288111073898,423.83222189192327,427.83525104078075
2.412745e-06 2.412745e-06 9.261280e-02 0.00 0.45460729239024805 -0.0397827163256654 0.15804679013016237 0.5691552398300332 335.3293661688103,339.3269302119806,343.32504021351656,347.3227540703484,351.3210994212212,355.31918543208945,359.3177065336119,363.3159042455809,367.31454912012447,371.3129489109649,375.31171718511,379.3101649533535,383.30887888870546,387.3074217868402,391.30614237400465,395.3046096464029,399.30332880365876,403.3018476068852,407.3004115581769,411.2986863302588,415.2972348747204,419.2954965424745,423.2938455387771,427.29183322017553,431.29037396534386
4.495993e-07 4.495993e-07 1.576112e-01 0.00 0.45520871353792447 -0.0397827163256654 0.15804679013016237 0.5714944509071869 335.40812364618336,339.4065068662399,343.40560049681795,347.40428479554004,351.40358478156725,355.4024490308082,359.4020480133501,363.4010874577826,367.4005540634608,371.3999146028959,375.3994419304726,379.3988284695335,383.3985042999495,387.39782007028884,391.3975248346329,395.39682786041834,399.3964813212381,403.39578482367824,407.39530502051855,411.394573073077,415.3939627871549,419.3929917872553,423.392168690511,427.3910487411285,431.39118081851956
6.742525e-06 6.742525e-06 4.224828e-02 0.00 0.4540951281201907 -0.0397827163256654 0.15804679013016237 0.5716309733206336 335.24566656742707,339.24215987493795,343.23942002433427,347.2360664381968,351.2334364921509,355.2305274631431,359.22804182026357,363.22509416728684,367.2227929198796,371.2201122908932,375.21779460701975,379.2153415706596,383.21321550574527,387.210543259172,391.208313647593,395.20570104586767,399.20329658508666,403.2007456703956,407.1982561888189,411.19556563568915,415.1930476104776,419.1902598918694,423.1875419454304,427.1845379361707,431.1817087649529
4.885750e-05 4.885750e-05 5.489516e-02 0.00 0.45158997440335175 -0.0397827163256654 0.15804679013016237 0.571685276630143 334.87619311687325,338.8682293435053,342.8609402610904,346.85339804695644,350.8464113430964,354.8390322016503,358.8322221185277,362.82502203725204,366.8183296565021,370.8111245987163,374.8045779223874,378.79751289490423,382.7909329191279,386.7840209312657,390.7774558295412,394.7704240524692,398.76377706934676,402.7566634268984,406.74991178732375,410.74293273508465,414.73603651563747,418.72858766918665,422.7215635359227,426.7140828101652,430.70671631009566
7.379038e-06 7.379038e-06 7.462631e-02 0.00 0.4571583670266157 -0.0397827163256654 0.15804679013016237 0.5716033285265355 331.6877809744581,335.6906815300891,339.6924951134519,343.6948288070311,347.69693390693163,351.6995016172089,355.7017795787661,359.70453580133807,363.70709018477345,367.7099380643678,371.7125210349689,375.7155426257838,379.71817609811325,383.72119635147965,387.7238470238705,391.72709358805173,395.72966512057945,399.7327245056883,403.73535256463896,407.738285673144,411.7408519173282,415.74366299892324,419.7459798650561,423.74874971930006,427.75092955686904
6.402473e-06 6.402473e-06 9.048955e-02 0.00 0.4568418623008366 -0.0397827163256654 0.15804679013016237 0.5660542889817122 331.6646687905329,335.667548561032,339.66900051342094,343.6711534743702,347.6731395893088,351.67544032511296,355.67748260715433,359.68007351319164,363.68239329125157,367.684961259908,371.68744217575517,375.69012395674406,379.6927197112908,383.69546210809676,387.697930396586,391.70080885155363,395.7033292070043,399.70616083593484,403.70856050594534,407.71117936642685,411.7135155895402,415.7162523863728,419.7184388382754,423.72102730725044,427.72294504297946
1.561304e-05 1.561304e-05 3.279060e-03 0.00 0.45281109084828003 -0.0397827163256654 0.15804679013016237 0.5579016018003242 335.11450595745634,339.1096514112093,343.1053177819033,347.10070508543004,351.09660233472795,355.0922727692488,359.0883270409224,363.08407043651124,367.0803182435105,371.0762786745528,375.0725487768901,379.0686721090423,383.0649893879014,387.06108115537825,391.05728949581464,395.05338802572527,399.0497709822132,403.04584382697385,407.0421538681778,411.03824133235366,415.03424725028805,419.02998966072045,423.02595189080955,427.0216737680389,431.0176210758383
1.097118e-05 1.097118e-05 1.693854e-02 0.00 0.45357191598118707 -0.0397827163256654 0.15804679013016237 0.5687413149759576 335.18076770918344,339.1764571560978,343.1729314619901,347.16887191173447,351.1654768176023,355.1617177742508,359.1586025512284,363.1549496230104,367.15186035828526,371.14842602991223,375.14529040413566,379.14197445161636,383.1391070190324,387.1357185806137,391.1327183182913,395.1295041748072,399.1264131720289,403.1231242106516,407.1200356790271,411.11656240770094,415.11335994078996,419.10976940580616,423.1064317573405,427.10265064962806,431.09938998900975
3.396275e-07 3.396275e-07 2.361000e-01 0.00 0.4558826740854593 -0.0397827163256654 0.15804679013016237 0.5712209273477246 335.5078268809195,339.5074304479591,343.50770514505484,347.50765927050514,351.5080191192975,355.5081219068476,359.50886104189476,363.5090968857728,367.5098302752501,371.5102713596311,375.51111928579195,379.5116414228147,383.512460067716,387.51308324003526,391.5139776417625,395.5144388288002,399.51540010248453,403.51587916887087,407.51668594002547,411.51704186512444,415.5175938311774,419.51795984696963,423.5183767862376,427.51847593105174
3.578974e-05 3.578974e-05 3.668649e-03 0.00 0.45908359422276457 -0.0397827163256654 0.15804679013016237 0.5716161764598926 331.9613197945288,335.96694994751795,339.97191933933357,343.9776148772165,347.9828921117185,351.98872970851505,355.99431513461025,360.0003888212576,364.006054878054,368.01224887124505,372.0181564614985,376.02439768694126,380.030252129226,384.036694042396,388.0426629249447,392.0490644887192,396.0549305830054,400.0612880148918,404.0672194647998,408.0734527365915,412.0791724022276,416.0852680072732,420.09094175147834,424.0968297232274,428.1023319915886
4.426953e-07 4.426953e-07 2.404680e-01 0.00 0.4555391067350846 -0.0397827163256654 0.15804679013016237 0.5603547257653316 335.5026268146596,339.5022533469408,343.502427473648,347.50236684571416,351.5028069996457,355.50300570192593,359.50374113932077,363.50403321023686,367.5048808564034,371.50535333341793,375.50624742668475,379.506864877416,383.50782469355187,387.5084581649688,391.50932769490043,395.50996993283513,399.51087137067555,403.51153385431195,407.51236384387806,411.51293346594986,415.5135959961636,419.51405250036026,423.51466951089014,427.5148836142025
7.737448e-06 7.737448e-06 7.800951e-02 0.00 0.456791958619542 -0.0397827163256654 0.15804679013016237 0.5604212977741823 331.68093216305573,335.68409609122335,339.6857494742933,343.68814911695006,347.6902120919216,351.6928698641474,355.6951612494096,359.69798250826386,363.70045627351834,367.7034575296802,371.70602565461957,375.7090410255681,379.71180030478695,383.7149369103585,387.7176901456226,391.72075666159475,395.7235880392451,399.7266915968813,403.7293701447207,407.732393731484,411.73504104844113,415.7379254823566,419.7404643008032,423.7431537871968,427.7455188968424
3.135833e-08 3.135833e-08 1.914753e-01 0.00 0.45512198088571654 -0.0397827163256654 0.15804679013016237 0.5604342373351063 335.44123361933663,339.4399898619224,343.4395776154904,347.43878742872465,351.43858023998393,355.43799178273235,359.43794651521193,363.43759471503165,367.4376690183924,371.4374007716728,375.4375514379628,379.43740956544957,383.43754589976675,387.4375304993082,391.43764427309645,395.4375878884049,399.43784646463104,403.43761487284604,407.4377669039851,411.43756370024124,415.437465505248,419.43729018430815,423.43704312093774,427.43648115256167,431.4371696293668
3.373251e-05 3.373251e-05 1.490316e-03 0.00 0.4585794001974908 -0.0397827163256654 0.15804679013016237 0.5608227581823946 331.93406397332785,335.93933991560357,339.94412356438363,343.9495396609065,347.95466173038017,351.96028395837277,355.96557046406076,359.9714597728289,363.9768993388278,367.982963649517,371.9886282639478,375.99465820509477,380.0004163846996,384.00647995804553,388.0123561059768,392.0184056850654,396.02419863663926,400.0303373686361,404.0360379981524,408.0421993465962,412.0478393796052,416.0537299659842,420.05925061054955,424.06504191787474,428.0705191451745
9.298493e-06 9.298493e-06 2.092498e-02 0.00 0.4533911175066153 -0.0397827163256654 0.15804679013016237 0.5597910204449741 335.1919286404648,339.18793754908074,343.1844058800383,347.180764816145,351.17752691472367,355.17398496024106,359.17104458489985,363.16767021526755,367.16480326529637,371.1615740415385,375.1588489949978,379.15572795183857,383.1530316685074,387.14998560663616,391.1471860235319,395.14414568872286,399.14142147557646,403.13834071705725,407.13548991018877,411.1324591774139,415.1293677585852,419.1262800878285,423.1230652351692,427.11965853124184,431.11654900952266
4.549780e-06 4.549780e-06 1.160262e-01 0.00 0.456500191230894 -0.0397827163256654 0.15804679013016237 0.5627855581853787 331.6295094774148,335.63157661020966,339.63270728693834,343.63446088475234,347.6359515708401,351.6378842528584,355.63949925428227,359.64166248204396,363.6436132883314,367.64586030408213,371.6479258479932,375.6502525855262,379.6522503018185,383.65465191888427,387.65679274021784,391.65938299831413,395.6616311542612,399.66396251738,403.6659759022885,407.6683365577065,411.67025648571735,415.67251193319044,419.6744259182707,423.67654538471805,427.67812148144895
5.265097e-06 5.265097e-06 1.071843e-01 0.00 0.45650510955379786 -0.0397827163256654 0.15804679013016237 0.5603158634718982 331.6402872060132,335.64267135126346,339.64390772705536,343.64582656103556,347.64742350606986,351.6495107901492,355.65145402550496,359.6537223827471,363.6557090107337,367.6581877487524,371.66025051887794,375.66282328170365,379.6651490108089,383.6679342552341,387.66996955516197,391.6725942659753,395.67479187276774,399.67741514655506,403.6796008606506,407.68224468635265,411.68430984957433,415.6867251555115,419.6888089703319,423.69105805329,427.6929672922472
2.868538e-05 2.868538e-05 8.075622e-03 0.00 0.45207893031197505 -0.0397827163256654 0.15804679013016237 0.5598607684384934 334.99847447856035,338.99220671676505,342.9866024784823,346.9805724360725,350.97491974459797,354.9691628478272,358.9638702856191,362.95824911268653,366.9529993488146,370.94750132982375,374.942483804461,378.93711586036545,382.93199619548824,386.9266507065329,390.9216710015444,394.916261651337,398.9112827790455,402.9058978531724,406.9007541564889,410.8954115662485,414.8899994422263,418.8845050916298,422.87915853902285,426.87349314914894,430.8676833205522
1.411831e-06 1.411831e-06 1.076828e-01 0.00 0.4544475790950599 -0.0397827163256654 0.15804679013016237 0.5592704253905817 335.3481276289033,339.3460897897984,343.3444197446045,347.34253697427084,351.34118202952334,355.33956494202425,359.3384084715322,363.3369789441236,367.3359502934113,371.33467765057316,375.3336748161628,379.3324348221464,383.33158484521385,387.33033146917853,391.3295258327269,395.32835215413076,399.3274139510191,403.3262249823218,407.3253284193391,411.3239588999111,415.32285385782734,419.32147425235286,423.32019248435915,427.31873702910787,431.31758018110435
5.461150e-07 5.461150e-07 2.334569e-01 0.00 0.45555840652517204 -0.0397827163256654 0.15804679013016237 0.5596444611307703 335.5086266455342,339.50833562419245,343.5087161947597,347.5086491294837,351.5093145857484,355.50956506685554,359.5103221984973,363.51070587075384,367.5116379141524,371.5120991757026,375.5131508499944,379.5137104330558,383.5147730865879,387.515400266082,391.51656128213926,395.51731636629773,399.51834729074284,403.51890877352474,407.5197853685964,411.5204528975491,415.5212127397266,419.52169220334514,423.5223812488451,427.52279616245494
6.551217e-05 6.551217e-05 6.166310e-02 0.00 0.4598991290880542 -0.0397827163256654 0.15804679013016237 0.5602093251331177 332.1242681537322,336.13161774420917,340.1386953167015,344.1464283964195,348.1537529072842,352.1616607308192,356.1692595342799,360.1774571476534,364.18518695361377,368.1933960270758,372.2013803168191,376.209655531048,380.2177799484721,384.2261967742727,388.2341766525292,392.24275801104926,396.2507795159358,400.2591351310353,404.26720632388793,408.27549165359983,412.28355163567124,416.29170959793555,420.2996084999739,424.30774323226154,428.31518986608694
9.912334e-06 9.912334e-06 1.915469e-02 0.00 0.4534365373378483 -0.0397827163256654 0.15804679013016237 0.5625954439876831 335.1870699932589,339.18291373333676,343.1793287682724,347.17551580644295,351.1722504268328,355.16864736461235,359.1655389909661,363.162133100384,367.159060455543,371.1558109712624,375.15299106577186,379.14973806072004,383.14690466938623,387.14380659898694,391.14099964344433,395.13783274800005,399.1350872858284,403.1318575390357,407.12885980232465,411.12561739482925,415.1225904736932,419.11913318083435,423.1160757715876,427.1125396501946,431.1092456047819
2.407187e-07 2.407187e-07 1.590585e-01 0.00 0.4548543275454059 -0.0397827163256654 0.15804679013016237 0.5591482273178705 335.40800064874884,339.4064108286018,343.40571890536734,347.4044236078911,351.40372881093845,355.4028592069114,359.40242854593527,363.40168896270916,367.40136155981463,371.4007312506093,375.40050809215006,379.39998856892043,383.3997703784889,387.39918298869327,391.3990683501998,395.3986577641826,399.39845832971906,403.39798625576225,407.39765260541157,411.39709062434395,415.3966560949046,419.3960934767307,423.3955153533824,427.39459266569423,431.3948638697309
8.558900e-07 8.558900e-07 2.151051e-01 0.00 0.45568805555867004 -0.0397827163256654 0.15804679013016237 0.5601981594401354 335.5252496294472,339.525142650093,343.5256603248607,347.5259094735066,351.52664699443005,355.5271142941654,359.5280760486598,363.5286417197512,367.5297105154873,371.53051185595274,375.5315916644213,379.532478061529,383.53369536054635,387.53466743397865,391.5358265304808,395.53672705187074,399.5379349492485,403.5388380615648,407.5398764968573,411.5407227034776,415.54170032938106,419.5422438816824,423.5431436392408,427.5437843728459
3.139934e-05 3.139934e-05 1.043957e-03 0.00 0.45842892168849597 -0.0397827163256654 0.15804679013016237 0.5601394131780781 331.91583101183386,335.92088940303034,339.9254293374697,343.93066042450255,347.9355449742367,351.94100257833384,355.94605546876494,359.95161404065504,363.95697698678595,367.96273447212695,371.96813288563425,375.97401084941384,379.9795878987035,383.9855480296714,387.99107473245226,391.997036412383,396.00245786771063,400.00850617978307,404.01407554784447,408.01976036783344,412.02527107335527,416.03101368829823,420.03636292658376,424.0420106607766,428.0472701636536
6.687213e-07 6.687213e-07 2.266529e-01 0.00 0.45559336719621363 -0.0397827163256654 0.15804679013016237 0.5595908745841809 335.514677469479,339.5144522614706,343.51479238903397,347.5148786168253,351.51547929717094,355.515851816872,359.51672659748425,363.5171873817001,367.5182301351573,371.5187559553485,375.5198418135788,379.52049406802234,383.52173501206386,387.5225116470112,391.5236330833356,395.5245707908049,399.5254211286348,403.5261693049015,407.52719549814145,411.5278945652584,415.5287703193932,419.52922481410826,423.5300724581238,427.5305663872256
1.530372e-05 1.530372e-05 2.886865e-02 0.00 0.4574510746418847 -0.0397827163256654 0.15804679013016237 0.5604148165431013 331.7750424994802,335.77855123103365,339.7814875387677,343.7848182667053,347.7880852770145,351.79184481230465,355.7952963597391,359.79915024994415,363.80288699475904,367.8069683159872,371.81067247055034,375.81488952210066,379.8186046209833,383.82291451467177,387.8267621927724,391.83104562746905,395.8349114812834,399.8390836758132,403.8431845985197,407.8470434782188,411.85091687670837,415.8548822568715,419.8586411533589,423.8625087292825,427.8659970966565
8.166866e-07 8.166866e-07 2.179260e-01 0.00 0.4556599082313645 -0.0397827163256654 0.15804679013016237 0.5597747640674713 335.5226724764741,339.5224955727091,343.52297551986646,347.5231719221794,351.52393346102235,355.52424048000904,359.5251848955151,363.52588114934207,367.52678069869376,371.52757535948354,375.52866971007944,379.5296295606138,383.53076600035644,387.5315521412244,391.5328194368184,395.5336188733592,399.5348354363758,403.53563618210956,407.53683655868196,411.5374398818827,415.53854598710194,419.53923698081024,423.5400211271837,427.5405172643403
1.314420e-07 1.314420e-07 2.279107e-01 0.00 0.4553159570274434 -0.0397827163256654 0.15804679013016237 0.5591463262968592 335.4748714248746,339.47431477207306,343.4742659938759,347.47375338993726,351.4739770368635,355.47379525024843,359.47421748554194,363.4743086583387,367.474673113247,371.4748411571741,375.4754119447225,379.4757033982414,383.476304041864,387.4766969097278,391.47735366484534,395.47762742927733,399.4782365543745,403.478356481189,407.4790711993821,411.4793216138247,415.4796927816192,419.4797142927897,423.47997826101255,427.4798512275088
3.367052e-07 3.367052e-07 2.489072e-01 0.00 0.4554234760581091 -0.0397827163256654 0.15804679013016237 0.5585378049682809 335.49318541773533,339.4927160433489,343.492855149315,347.4925706529725,351.4929813886903,355.49313521709536,359.4937618249892,363.494045100866,367.4947446752783,371.4951725861936,375.4959894582926,379.4963670205749,383.49727117761216,387.49756629041303,391.4985970708065,395.49924398613587,399.4999942642573,403.50061122296955,407.50133897689244,411.5018807495789,415.5024062180982,419.502691776129,423.50327076539213,427.503328929916
4.197242e-06 4.197242e-06 5.940674e-02 0.00 0.4539406410561501 -0.0397827163256654 0.15804679013016237 0.5587880828791548 335.2764605810166,339.27346374824754,343.27103088095396,347.2683151862964,351.2660622851816,355.26360373212395,359.2616635342115,363.25922740766475,367.2574331936686,371.25522740898555,375.25343033346456,379.251430401636,383.2496955222504,387.2476214791326,391.2459353358431,395.2438443652556,399.242130098337,403.2401556685096,407.23819917582153,411.2360716952511,415.2340980138487,419.23191509168294,423.22976607536793,427.2274073650327,431.22513962617046
2.042404e-05 2.042404e-05 1.289813e-02 0.00 0.4577400042966762 -0.0397827163256654 0.15804679013016237 0.5587213733969609 331.8240108179901,335.8278592445379,339.83135141733214,343.83538908482484,347.8392444159325,351.84363460604203,355.8475915193686,359.8520742126349,363.85638990340385,367.8610607026772,371.8654010372351,375.8701912640322,379.8745994634059,383.8794243246472,387.8839342333784,391.8888075686201,395.8932562784869,399.89803096248954,403.9026100860221,407.9070868998588,411.91185939216575,415.91641527696265,419.92061552896905,423.9251584910747,427.92924306748944
1.927259e-06 1.927259e-06 1.765869e-01 0.00 0.4559004022973282 -0.0397827163256654 0.15804679013016237 0.5588646640245494 335.562184130582,339.5625556305895,343.5636324845687,347.5641804866443,351.56541190936866,355.5662889170758,359.5677728829625,363.5688401598643,367.57030055958376,371.57157418812994,375.5731519760768,379.57451197633065,383.5761433551645,387.5774445472192,391.5791222523507,395.5804852335558,399.58222597612286,403.5835020983824,407.5850892986191,411.58626150830446,415.58786878297127,419.58896783883364,423.5903602014757,427.5913462125004
2.478727e-05 2.478727e-05 5.122618e-03 0.00 0.45798034775034646 -0.0397827163256654 0.15804679013016237 0.5578792009911818 331.86198684320874,335.8662653180355,339.87020729882863,343.87484734286227,347.8789286701832,351.88383267875344,355.8883401486307,359.89330154914313,363.8980623037754,367.9031575990318,371.9079417673294,375.9132382544333,379.91805089965095,383.92343869069293,387.92833797813125,391.9337081397105,395.93866113618884,399.94394773535123,403.9488863449927,407.954074519881,411.9589590579055,415.9640252604149,419.96887041380484,423.97364934612153,427.9783119207938
5.753324e-05 5.753324e-05 9.478285e-02 0.00 0.4508511250225243 -0.0397827163256654 0.15804679013016237 0.5608941572956134 334.8122063890229,338.80344119422614,342.795516969974,346.78732091744973,350.77953913482156,354.7716644732815,358.7640012069311,362.7561461639956,366.74876458309797,370.7409848541302,374.7337753604629,378.7261167229159,382.7188951078466,386.711347901831,390.7040701608262,394.6964128843087,398.68917728351863,402.68156176906587,406.67416828876526,410.66648577737107,414.659032154761,418.65126121487236,422.6435851101636,426.63564102781083,430.6278042369724
6.744416e-06 6.744416e-06 4.324717e-02 0.00 0.4536096244528616 -0.0397827163256654 0.15804679013016237 0.5579408542538274 335.23157606412235,339.22804479748766,343.22522449727495,347.2218529894429,351.21916907453544,355.21612826552854,359.2135474073834,363.2108145172058,367.2083066012553,371.20564481076724,375.20334260967536,379.2007601653263,383.1985001814804,387.1958668657999,391.19369615541984,395.1911286137492,399.18890154317097,403.18623106095254,407.18388353287554,411.18121887144065,415.1787490355116,419.17593572653954,423.1734664130735,427.170531277006,431.16795135723095
3.567441e-04 3.567441e-04 9.269437e-02 0.00 0.4662826951431293 -0.0397827163256654 0.15804679013016237 0.5578606727495242 329.0021484482655,333.02050783061577,337.0385960650974,341.05635100898127,345.0747676299928,349.0929049326484,353.1115750070077,357.12999734484873,361.14881861782465,365.16741744684686,369.1864068750986,373.20522537071145,377.22443090489935,381.2432211936651,385.2624204362195,389.28133879493777,393.3004898525219,397.3193171276539,401.33844202832046,405.3573275120736,409.3764503993809,413.3953741477211,417.4144026183352,421.43298628623,425.4519072748855
7.631953e-07 7.631953e-07 1.301000e-01 0.00 0.45468858944274465 -0.0397827163256654 0.15804679013016237 0.5609010710690686 335.376161771154,339.37418386096226,343.37298078271783,347.37136471157544,351.37034500161207,355.36891331174917,359.3681651521577,363.36699589446056,367.36633605703435,371.36524611155374,375.3646936383655,379.3637661963632,383.363190887389,387.3622551904508,391.3616705861727,395.36089285869815,399.36026972330734,403.3592379441402,407.35873128510286,411.3577665446649,415.35695661514023,419.35584092446146,423.3549521984277,427.3536900952406,431.3531718137643
8.575387e-07 8.575387e-07 1.258296e-01 0.00 0.45462211846034967 -0.0397827163256654 0.15804679013016237 0.5598995041002691 335.37090362412795,339.3689681478613,343.3677028515044,347.3659592573543,351.36492539758586,355.36359973576157,359.36263427743796,363.3614524802672,367.3607019154567,371.35956072297006,375.35888917630297,379.3580253844795,383.35737110442955,387.35645443548947,391.35576268823536,395.3548581187999,399.354191494447,403.35326928488803,407.3525733197083,411.35156707629176,415.3506590620421,419.34970342869724,423.3486618789629,427.3473658520337,431.34663795502024
2.502603e-07 2.502603e-07 2.425589e-01 0.00 0.45540783167245474 -0.0397827163256654 0.15804679013016237 0.559402932876625 335.48793869631896,339.4872530288484,343.48738480541124,347.4871790279986,351.4875593845092,355.4875585407478,359.4880348855094,363.48815466685096,367.48884684231325,371.48920744670306,375.4899574791854,379.4903072566462,383.4910334210685,387.4915950145299,391.49227317268543,395.4927506205578,399.4934319080838,403.49381521840616,407.49479324737797,411.4949429746076,415.4956499669182,419.4957224746734,423.4962705824681,427.49626063410113
5.994844e-05 5.994844e-05 1.066204e-01 0.00 0.45068632311629486 -0.0397827163256654 0.15804679013016237 0.55915903079907 334.7959117258884,338.78704544893293,342.7790958540005,346.7706707947872,350.76270389658015,354.75449273637963,358.74684269380504,362.73870790763505,366.7312542428289,370.7233704569659,374.7158471422166,378.70802468692926,382.70060556025686,386.69285570772433,390.68548681968986,394.6777967675907,398.6702997988288,402.66248656290395,406.6550920269511,410.647131998843,414.6396134015799,418.6315763719079,422.6237378796595,426.6157503125048,430.60773112559235
5.579502e-07 5.579502e-07 2.343723e-01 0.00 0.4555161209865943 -0.0397827163256654 0.15804679013016237 0.5582902422611172 335.5076153163236,339.5074057690864,343.50769004414815,347.50772117344997,351.50834546792623,355.50855434089635,359.5092025341329,363.50961420184586,367.5106100204406,371.51113947178163,375.5121021672911,379.5127796237018,383.5139109400765,387.5145296424413,391.51553865747695,395.51628714273227,399.51727946154654,403.51796595657703,407.51885988445025,411.5195377682476,415.52038173339633,419.520897979745,423.5215527076865,427.521828084143
4.092409e-06 4.092409e-06 1.272303e-01 0.00 0.45626414670343496 -0.0397827163256654 0.15804679013016237 0.558320896302105 335.6165577298908,339.61757286922597,343.61917725041434,347.62052106809483,351.6222918005718,355.62389433085565,359.6259351258417,363.627615260812,367.629808262088,371.6316602111549,375.63382134228056,379.6358603777142,383.63811089102535,387.6401494070248,391.64243887346333,395.6444627354428,399.6467951842076,403.6487028153863,407.65086473496655,411.6528781640888,415.6549704620606,419.65673738056273,423.65878322224944,427.6602952138118
1.297584e-06 1.297584e-06 1.983088e-01 0.00 0.4557382560307867 -0.0397827163256654 0.15804679013016237 0.5582623723491875 335.54070379125307,339.540714279959,343.54154301720183,347.5419109028865,351.5429187069272,355.54358050529055,359.54470455113767,363.5454973568003,367.5468181426872,371.54767557221754,375.5490911517411,379.55021298697625,383.5516451065404,387.55284696729774,391.554166713878,395.555346367236,399.55670839007615,403.557775352973,407.55916397985584,411.5601791190669,415.56140962941146,419.562228357192,423.5632011043565,427.5641430492942
2.385046e-08 2.385046e-08 2.053135e-01 0.00 0.45525187121676425 -0.0397827163256654 0.15804679013016237 0.5616861070300346 335.45462357397696,339.45371141499544,343.4533741873089,347.45268185897527,351.4526004472068,355.4521423518722,359.4522036300212,363.4520377561496,367.4522886805141,371.45206746338096,375.4524313492918,379.4523895207176,383.4527830838308,387.45284764060546,391.4532078659324,395.45321518863716,399.4533992723541,403.45360773473755,407.4538216553138,411.4536182732306,415.4537980675558,419.4535889441439,423.4536058937631,427.4532007668215,431.4535041959618
5.649483e-06 5.649483e-06 1.000739e-01 0.00 0.4566447789800047 -0.0397827163256654 0.15804679013016237 0.5628846195140798 331.64980354233495,335.65252736912106,339.653830346604,343.6559065086015,347.65742825051154,351.6597841321518,355.6615390137131,359.6640862315355,363.6662609505291,367.66869951567156,371.6709597026545,375.6734846319344,379.67586723032764,383.6786127576906,387.6809980005583,391.68372298368405,395.68603243293666,399.6887273557705,403.69100713111783,407.69358861764476,411.6958957791898,415.6983694310336,419.7004406834046,423.702742044646,427.7047196441481
9.396858e-08 9.396858e-08 1.770664e-01 0.00 0.4550506231029724 -0.0397827163256654 0.15804679013016237 0.561376138311275 335.4270094034685,339.4257943668135,343.4251812694798,347.42418486492767,351.4237053104834,355.4230379979085,359.42271873021525,363.4221497423452,367.42198011426416,371.42159207203923,375.42161125922564,379.4211869111378,383.4212016856088,387.42100331469953,391.42094536813585,395.42070206427655,399.42077736289224,403.4203918151424,407.4203672186704,411.41992766199866,415.41971839371257,419.41928354317935,423.41894020711896,427.4182962293445,431.41875224258035
4.722235e-06 4.722235e-06 5.576054e-02 0.00 0.4540135191325301 -0.0397827163256654 0.15804679013016237 0.5627184442833035 335.2704761084167,339.2673959345868,343.2648272928908,347.2620753160146,351.2597713730585,355.2571398548766,359.2550442586058,363.25263622495237,367.25073728378214,371.24828672600165,375.24643738538083,379.2442147978631,383.2423969714907,387.2403564688302,391.2384352828013,395.2362659998608,399.23438887379507,403.2322932274105,407.23027395920093,411.2280725397411,415.225897575896,419.22357011373646,423.2211864876222,427.2187704097672,431.21632940008067
2.782723e-05 2.782723e-05 3.671420e-03 0.00 0.4583200144909428 -0.0397827163256654 0.15804679013016237 0.5620558877673374 331.8920286343604,335.8967830668275,339.9010071602459,343.9060845315433,347.9105429663576,351.9157169466313,355.9206251070208,359.9257255391814,363.93083855467864,367.9363411191916,371.94140842947746,375.94700226843946,379.95211624232314,383.9578911405248,387.96307820943724,391.9685931423534,395.9739358186132,399.9795368521861,403.9847376708286,407.99031167082296,411.99554620988084,416.0008206968071,420.0059273135062,424.0111531484204,428.01600816695094
2.550581e-05 2.550581e-05 3.502778e-03 0.00 0.45230873333798655 -0.0397827163256654 0.15804679013016237 0.5612444662345666 335.02645762475873,339.02053234638305,343.0150203918967,347.00952338658675,351.0042728119203,354.99876508629507,358.993744768635,362.98841807622813,366.98352970852534,370.9784083321194,374.9736389780475,378.96854779444635,382.9639022410086,386.9588395270108,390.95409439739086,394.94904837918654,398.94428360184617,402.9391945579422,406.93440390892295,410.9292257605552,414.924317832255,418.91913918182325,422.91400174552393,426.9085405599164,430.9031551905572
1.782619e-06 1.782619e-06 1.007007e-01 0.00 0.45445713565772194 -0.0397827163256654 0.15804679013016237 0.5618466034137979 335.3392797847528,339.3369693213945,343.33527389932647,347.33325996582585,351.3317339940553,355.33008774242893,359.3288362424518,363.3272090032168,367.32607975894894,371.3245936586645,375.3235707572086,379.322202374075,383.3211721468886,387.31982485859896,391.31886648002586,395.3175399734704,399.3165101160693,403.31511439855456,407.31409982526435,411.3126300077767,415.3115342638969,419.30990612535123,423.30846108684955,427.30671708718927,431.30530333851783
1.068121e-06 1.068121e-06 2.041959e-01 0.00 0.4558021551165989 -0.0397827163256654 0.15804679013016237 0.5614657032789389 335.535625496311,339.5355701738093,343.53627570788456,347.5365287029192,351.5374583985237,355.537919991855,359.5390144766861,363.5397439948137,367.54088102735847,371.5417554864738,375.543071098901,379.5441034847693,383.5452951846237,387.54640693304214,391.54766359430056,395.5486362911705,399.5499946282475,403.5509446865881,407.5522632027159,411.55319105268205,415.5541719713764,419.55501424263934,423.55592983340745,427.55653124896446
1.158274e-05 1.158274e-05 1.239653e-02 0.00 0.45321285081395213 -0.0397827163256654 0.15804679013016237 0.5602123992248925 335.1632803245,339.1588980163477,343.1550454238499,347.15096542237626,351.14747206734614,355.1435830030769,359.1402678575201,363.13654672257695,367.1333327531629,371.1298437470857,375.12671387545316,379.12320024531743,383.1201950935399,387.1167456151469,391.11366951005846,395.11035666415853,399.1072142989448,403.10380481662696,407.10053556509524,411.0970561293481,415.09392274735745,419.09016040896404,423.08669363145856,427.08283795135833,431.0794849222442
6.139321e-05 6.139321e-05 4.963760e-02 0.00 0.45973845982748446 -0.0397827163256654 0.15804679013016237 0.5600066498207646 332.1024787103555,336.10953320909164,340.1163237001245,344.1236872982588,348.1308183457893,352.13853418298623,356.1459159393641,360.15380209962825,364.16121547853635,368.16928222923974,372.177045169605,376.18502734818316,380.1927523795194,384.2010246544461,388.20888959767257,392.21694695667424,396.2247988576717,400.23286072310935,404.24081867619213,408.24882449506737,412.25657166496916,416.2645519364456,420.2721623890238,424.2798819523359,428.28721071182696
1.141532e-05 1.141532e-05 1.315963e-02 0.00 0.45326252913661697 -0.0397827163256654 0.15804679013016237 0.5612929370187464 335.16628747434424,339.1619150290683,343.1581814775213,347.15419419654836,351.1506584320467,355.14677283357776,359.14349521662064,363.13976345835573,367.1366226036191,371.1330916568348,375.13001546427205,379.1265640635215,383.12351610499974,387.12022286188926,391.11715997871926,395.1137439267163,399.1106632383501,403.10724670791075,407.1040645422895,411.10064688713743,415.09735130968863,419.0938845564296,423.09028586236167,427.08655817255425,431.0830755505151
1.376944e-06 1.376944e-06 1.929280e-01 0.00 0.45584745778242 -0.0397827163256654 0.15804679013016237 0.5607462628968317 335.5462766846882,339.546389082793,343.54721385542103,347.5476232169013,351.5485998144762,355.54927724336176,359.5505371603059,363.55140703359837,367.552699435432,371.55357671515424,375.5550460729475,379.55621434203937,383.5576050385149,387.55875835811725,391.5602817511381,395.56140525992583,399.5628148780429,403.5639605980726,407.56536820535206,411.5664127851946,415.56763200258916,419.56858610073033,423.56965368450204,427.5704303727237
9.314260e-07 9.314260e-07 2.119874e-01 0.00 0.4557067124415388 -0.0397827163256654 0.15804679013016237 0.5600267480968767 335.52809287423736,339.52801739855283,343.5285543907748,347.5288537133542,351.52963618740694,355.5300785046375,359.53112179282454,363.5317100865078,367.53284090006235,371.5336858620054,375.5348438760681,379.5357029352631,383.53700817412414,387.5379725359575,391.53917947076246,395.54012021247854,399.54132008795796,403.5421717378866,407.54340441703323,411.54425457369064,415.5453148808058,419.5459109488489,423.5468733487142,427.5474924929137
4.623498e-05 4.623498e-05 3.779273e-02 0.00 0.45123195393457494 -0.0397827163256654 0.15804679013016237 0.5596548612810097 334.87441458508613,338.8665869237688,342.8594542884187,346.851930837655,350.844997159455,354.83776706528636,358.8309312745254,362.82387783097334,366.81735317890826,370.8104056305362,374.80383151597675,378.79695122325325,382.7903315175726,386.78363311821494,390.7770953575975,394.77007982175604,398.76380816625186,402.7569292896158,406.7503361849263,410.74336805195816,414.7366973022241,418.7296355123143,422.7226551879277,426.7155302266793,430.70854997744567
9.450015e-06 9.450015e-06 6.283835e-02 0.00 0.456981085556838 -0.0397827163256654 0.15804679013016237 0.560901399849772 331.7054827664612,335.70878271152714,339.71077466071114,343.71341385294727,347.7157286811691,351.7187243632042,355.72130763941504,359.7244171161066,363.72724008125505,367.7303924644471,371.7334436641374,375.7367726771141,379.7396573318685,383.7430593068306,387.7461007286517,391.7495509591079,395.75253398904107,399.75595596799275,403.7589775743864,407.7622863888811,411.7651684315914,415.76833117312964,419.77128156969707,423.7743277059405,427.7768833517045
4.439336e-04 4.439336e-04 1.359030e-01 0.00 0.443415830378447 -0.0397827163256654 0.15804679013016237 0.5638524870709085 337.6570850333723,341.6357418411064,345.61403767977583,349.59293027510836,353.5714160836187,357.5504207482641,361.5292224775956,365.5082275271694,369.48706700251165,373.46640271012456,377.44519715087114,381.4245623594121,385.4035515629869,389.3827335774727,393.3616492860179,397.3409426878789,401.3196327895411,405.2988777449588,409.27765330702454,413.2567280593566,417.2354172316744,421.2143485789412,425.1927588532919,429.1714248915708,433.1496621589809
1.080382e-07 1.080382e-07 2.258022e-01 0.00 0.4553181081101957 -0.0397827163256654 0.15804679013016237 0.5597535447382134 335.47320807016365,339.4724329742093,343.47237046612145,347.4719574317331,351.4721647726202,355.4719893522334,359.47217730659776,363.4722740531251,367.47273814935835,371.4729191259132,375.47340574316763,379.47357909407583,383.47417024451903,387.4745189826962,391.47517710485664,395.4754635746362,399.47596451509133,403.4761986834096,407.4765936618311,411.4768433777243,415.4772389341761,419.47725694787874,423.4775693034715,427.4774599006202
1.487258e-06 1.487258e-06 1.878023e-01 0.00 0.4559014978802371 -0.0397827163256654 0.15804679013016237 0.5613223517623358 335.5514354738534,339.5515731694514,343.55244934850583,347.55292124120075,351.55397817938007,355.55471177861875,359.55593705915,363.55685258472965,367.5582203131254,371.55928942517187,375.5607324960237,379.5619283497635,383.56343231154125,387.56463423896247,391.5660753380009,395.5673172599163,399.5687574978662,403.569984010245,407.57143322893455,411.5725125014628,415.5737716965897,419.5747111790218,423.57587232961106,427.57668414258274
9.691101e-05 9.691101e-05 1.737182e-01 0.00 0.46087647419649463 -0.0397827163256654 0.15804679013016237 0.5589239969847812 332.2669622620412,336.2761076119596,340.2848965150045,344.29426310381484,348.30333819543273,352.3130123369713,356.3224751345538,360.332205013644,364.34177696992316,368.3517462115803,372.3614746817873,376.37146741305014,380.3812621380943,384.3914125161456,388.4012411990949,392.4113773179177,396.4212675716858,400.4314691154945,404.4411161149229,408.4511963663723,412.4609222058603,416.47087893176666,420.4805169868542,424.49036181698864,428.50000362504477
2.194444e-05 2.194444e-05 1.012220e-03 0.00 0.45244172278043343 -0.0397827163256654 0.15804679013016237 0.5590095175712347 335.05512423472425,339.0494975904001,343.04441296003074,347.0390967972427,351.0343670749254,355.0292574373752,359.0245236033433,363.01964987773624,367.0152180597194,371.0102303511282,375.00584489734416,379.0012227963992,382.9967673637205,386.9922204405025,390.98786596074956,394.9830855184037,398.97874001008944,402.9741277281433,406.96965358695115,410.9647190178105,414.96028968010035,418.9553964857506,422.950690024348,426.94565516562295,430.9404731369271
1.828980e-06 1.828980e-06 1.788184e-01 0.00 0.45591016505015364 -0.0397827163256654 0.15804679013016237 0.5597033530589363 335.5600828822264,339.56042415769656,343.56135603951907,347.5619816906757,351.5630752642135,355.56394752548465,359.5653161765618,363.56637911309736,367.5679328381329,371.5690855456122,375.57068734579786,379.57194172093705,383.5736253029889,387.5748623276035,391.576561499748,395.5778027593236,399.57949865608794,403.5808307368213,407.5822730524671,411.5834917351359,415.58510450034623,419.58604106433864,423.5874351451391,427.58833304921586
9.234502e-07 9.234502e-07 1.230393e-01 0.00 0.4545843920839481 -0.0397827163256654 0.15804679013016237 0.5596571724806947 335.3674285096251,339.36538166544915,343.36403273861663,347.3623790494799,351.36138810838446,355.3598783485942,359.35898661557076,363.35769508689293,367.35696812827746,371.35578964268075,375.3551937858927,379.35412680636074,383.35348345433096,387.3525866629734,391.3519381702124,395.3508866665506,399.3502431962153,403.34929747013996,407.3485551859574,411.3476256126809,415.3465821536164,419.3454570304955,423.3443842265316,427.3430993009862,431.34235325232925
1.062513e-05 1.062513e-05 5.475969e-02 0.00 0.45704976408778286 -0.0397827163256654 0.15804679013016237 0.5601294564739558 331.71958139259704,335.72300853276965,339.72512217747266,343.7279944512174,347.73053655980874,351.7336769446185,355.73647248571365,359.7396938257881,363.74264576676103,367.74612894172526,371.7491664891379,375.75269829897866,379.75587592175015,383.7594288541727,387.762756869225,391.7663168724194,395.76954887023095,399.77316501953,403.7762543420016,407.77964208211904,411.782938285699,415.78629942106807,419.78923982746574,423.7925878525552,427.79534238644726
2.771796e-05 2.771796e-05 7.121307e-03 0.00 0.4520460027230052 -0.0397827163256654 0.15804679013016237 0.5578103036921319 335.0029404439836,338.996712116548,342.99110935677385,346.9850561438857,350.97961532240504,354.97391369873435,358.9687015997231,362.9632048092194,366.9580668546848,370.9526567637032,374.9476155999562,378.9423550454912,382.93734083726144,386.9321595634922,390.9271847103158,394.92198269046963,398.916950020023,402.91171915411195,406.9067261796574,410.90118205099435,414.89619370473093,418.89065457212865,422.8853989713977,426.87983046889684,430.8742018350323
1.502485e-05 1.502485e-05 4.582558e-03 0.00 0.45296620528585135 -0.0397827163256654 0.15804679013016237 0.5608685796794243 335.1246363652843,339.1197756200678,343.1155269325093,347.11095063991496,351.10699681268625,355.10266904637456,359.09886773941287,363.09480831208316,367.0911271412803,371.08703543149363,375.08344459630166,379.0796427627519,383.07603715112185,387.0722135592266,391.0686484301794,395.0647614918495,399.0612428515933,403.05740992497425,407.05366085008876,411.04977505972016,415.04596834091603,419.0419140307152,423.0379367086111,427.03358962184234,431.02951358702535
6.394396e-05 6.394396e-05 5.881693e-02 0.00 0.4599713129493659 -0.0397827163256654 0.15804679013016237 0.5635863627982005 332.1198875497817,336.12701064668676,340.1340120211439,344.14162295442634,348.14891934419364,352.1567519115295,356.16429702600465,360.1723214282369,364.1800763052461,368.1882350785862,372.1960702293249,376.20435595198404,380.2123247977394,384.22060923689907,388.2285979523312,392.2369493010764,396.24487232709015,400.2532151253904,404.26102404044735,408.2694193521483,412.27733499060105,416.2854084280025,420.29313171267313,424.3010734124442,428.3085219324217
2.311843e-05 2.311843e-05 7.446207e-03 0.00 0.45791739449255675 -0.0397827163256654 0.15804679013016237 0.559064325435857 331.84847168960897,335.8525432080843,339.8563607048329,343.8606758567538,347.86477958973944,351.8694366330493,355.87370960885386,359.8785930946028,363.8830851636015,367.8880488376088,371.89272481191205,375.8977384617013,379.9025717286592,383.90762382040566,387.91246542249485,391.9175917366605,395.9223219025069,399.92746404294326,403.9322268252752,407.9373164443645,411.9418818760064,415.94689554157736,419.9514154810519,423.9561880327976,427.96065016839276
2.368016e-06 2.368016e-06 8.678047e-02 0.00 0.45425625500174505 -0.0397827163256654 0.15804679013016237 0.5595915357878105 335.319709771037,339.3170878532084,343.31521913377753,347.31306372904925,351.31133269818025,355.3093576401407,359.30787356809816,363.30607164200023,367.3047602536256,371.3030020979728,375.30177338559537,379.3002723740171,383.29901810137574,387.29756052439285,391.29627082925856,395.2947547940751,399.29362785438383,403.29208350987614,407.2907040196361,411.28903974280956,415.28764430183077,419.2858608320518,423.28434443877075,427.28238965750967,431.2806557077859
3.320512e-06 3.320512e-06 1.428676e-01 0.00 0.4561216681779042 -0.0397827163256654 0.15804679013016237 0.5578075392519583 335.5982434531704,339.59903969210563,343.60042564955313,347.6014404563426,351.60319641286026,355.6044745960785,359.6062892821944,363.60782898289597,367.6097510031594,371.6114091910093,375.61353663811,379.6152138507393,383.617315604562,387.619136084241,391.6212589433828,395.6230161920747,399.6250425684794,403.626928928156,407.6289248985589,411.6306737838628,415.63254122420574,419.63405524280864,423.6358816159735,427.63735724384037
4.367494e-06 4.367494e-06 1.219265e-01 0.00 0.4563548491855953 -0.0397827163256654 0.15804679013016237 0.559564045858142 331.6222927085598,335.6238831660172,339.6248602595815,343.6265554511573,347.62804384118283,351.6298916322233,355.6313865265988,359.63352088066654,363.63536814912175,367.63756225319764,371.639566451913,375.641790111229,379.643929976384,383.6462823814737,387.64835940291607,391.6507472351316,395.65283013097087,399.6551826163652,403.65723373931263,407.65950857568686,411.66150712760765,415.663708668032,419.66551468283495,423.6676555212109,427.66931404690484
3.161462e-07 3.161462e-07 1.586878e-01 0.00 0.45479838246690857 -0.0397827163256654 0.15804679013016237 0.5578992502324065 335.40510192644024,339.4036660779512,343.4027436753292,347.40153454832006,351.40092449371053,355.3999366399817,359.3994433346666,363.3987417276881,367.39823287631384,371.3976539616254,375.3973957173579,379.3968018400832,383.396704348927,387.39610984024733,391.39596060105407,395.3955076944709,399.3952309132499,403.39472584747347,407.3945939869211,411.39396536917076,415.39350337347616,419.3928514730647,423.39233691184927,427.39147140144223,431.3916826503797
3.050320e-07 3.050320e-07 2.460454e-01 0.00 0.4553795572269942 -0.0397827163256654 0.15804679013016237 0.5578280896332278 335.49058808201085,339.4902084470656,343.4902979977045,347.4901097509372,351.4904993931759,355.49050784007005,359.49102485008984,363.4913229796793,367.49194373252016,371.49237655994403,375.4932527327127,379.4936478221104,383.4944453498584,387.4949710864915,391.4958225594441,395.49630979208047,399.49714609871677,403.4975531196579,407.49839348989326,411.49863894276797,415.49941116962674,419.4997564502459,423.50021385376203,427.50013112017064
3.203553e-05 3.203553e-05 1.470724e-02 0.00 0.45185882485505574 -0.0397827163256654 0.15804679013016237 0.5587428052663342 334.9708294655362,338.9642962481833,342.95822881621,346.952010495184,350.945998540999,354.93996294052795,358.93423935771676,362.9283927350952,366.9228946030354,370.91700011394727,374.91167586910296,378.90603670962184,382.90054426140637,386.89500631404394,390.8896498157234,394.8840105477874,398.87865614807396,402.8729486475118,406.86761394602047,410.8617390176524,414.8562710773768,418.8503759201278,422.84462875915364,426.8386425827453,430.83277734030077
1.449852e-05 1.449852e-05 4.941762e-03 0.00 0.4528967093398223 -0.0397827163256654 0.15804679013016237 0.5578816704768245 335.12658433559864,339.1217659672168,343.11763425531785,347.11314233498894,351.10910694718115,355.10489504609257,359.1012144535048,363.09707096609816,367.093477873521,371.0895484621991,375.0859896291394,379.0822014316702,383.0786687487527,387.07495139266746,391.0714848045885,395.0676752292304,399.06404900740694,403.0603836989325,407.05678044707486,411.0528086253961,415.04902527766467,419.04519024329466,423.0412256577758,427.03702153521493,431.0330296480583
5.517638e-06 5.517638e-06 1.061864e-01 0.00 0.4564347061147566 -0.0397827163256654 0.15804679013016237 0.5578310029594034 331.6414479219542,335.6435911025286,339.644916836051,343.64693481110595,347.6485392352295,351.6506704078467,355.6524163915,359.65489102499157,363.65689896109,367.6593637237823,371.6615867141729,375.66418594147507,379.66648460486243,383.66906162079573,387.6714268298483,391.6740558210508,395.6763825998329,399.6791172551023,403.68132512978417,407.68383089198625,411.68603551746065,415.6886659232059,419.69078679457436,423.6930451034856,427.69508278397853
8.802847e-07 8.802847e-07 2.130889e-01 0.00 0.4557415045304148 -0.0397827163256654 0.15804679013016237 0.5613416825334578 335.52731527223716,339.52719401213227,343.527740462729,347.52792854278846,351.52874760822965,355.5291331470187,359.5301861705491,363.53065410622094,367.53184587532843,371.53262576054203,375.5337572838207,379.5346288555918,383.535870000434,387.53683864476983,391.5379699082624,395.538986014032,399.540044515048,403.54089121426773,407.54213746844357,411.542906810062,415.54394675217395,419.5445479437096,423.5455304579305,427.5460040125287
1.181373e-05 1.181373e-05 1.211457e-02 0.00 0.4532562192157788 -0.0397827163256654 0.15804679013016237 0.5620197614611684 335.16236870158866,339.15795708331837,343.15416711592684,347.15007066577385,351.1465136098235,355.1424871306973,359.1392345224634,363.13553473052025,367.132259680021,371.12867050625385,375.12561182886935,379.12212702078915,383.11895128082546,387.11546982739543,391.112432770112,395.10901784470354,399.1058190634914,403.1025062992502,407.0991019047198,411.09559596353756,415.0922888103981,419.088606806862,423.0851904123336,427.08129493525774,431.07779368804256
1.381243e-05 1.381243e-05 7.417354e-03 0.00 0.453185463892725 -0.0397827163256654 0.15804679013016237 0.5645337085091826 335.14159116740007,339.13707925967,343.1328370247647,347.12857304302383,351.12473991961923,355.120542969979,359.11686336211176,363.11291670374095,367.1094559018267,371.1056536991159,375.10207992381737,379.098457432241,383.0950438576775,387.09133818848693,391.0879702721862,395.0842332374969,399.0808363006988,403.0771226018446,407.07355618386146,411.0697792830409,415.066200938925,419.0622135045228,423.05843257456445,427.0542981868608,431.05042856666256
1.959161e-06 1.959161e-06 9.381410e-02 0.00 0.4542922877212454 -0.0397827163256654 0.15804679013016237 0.558317516816023 335.329489784187,339.3270626749828,343.32540263527716,347.32314600056947,351.3217175075386,355.31982181186413,359.3184907750203,363.31682075405064,367.31556725641667,371.31396932429016,375.3128500021167,379.31135977777944,383.3103313221041,387.30897595429695,391.3077941038597,395.3064679162092,399.30544410516,403.3040105127227,407.30276393631965,411.3012762554859,415.299974469364,419.29836110443745,423.2968742355705,427.2951748869182,431.29380074509857
5.550964e-06 5.550964e-06 1.052168e-01 0.00 0.4564468851092456 -0.0397827163256654 0.15804679013016237 0.557910544967687 331.6426817383354,335.644900171643,339.64621519129076,343.64818225099634,347.6497761336008,351.65208938716756,355.653913072006,359.65620532296066,363.6583511901475,367.66081214261095,371.6629944182643,375.665596836858,379.66791098793493,383.6705622486588,387.6729453934572,391.67558518733165,395.6779637743261,399.68061720177275,403.6828251650485,407.68554662281895,411.6876520327851,415.6901394608155,419.6922422745102,423.69466570388187,427.69648674969415
1.049129e-06 1.049129e-06 1.181815e-01 0.00 0.4545526360092252 -0.0397827163256654 0.15804679013016237 0.5599031372248249 335.36049997076486,339.35837654988103,343.35698403047326,347.35524811309057,351.35402249059416,355.3525080380212,359.35157721392926,363.35019916565994,367.3492892044996,371.34805070858755,375.3472724516255,379.34625723727396,383.34543858850463,387.34444852501747,391.34365259261494,395.34270904805425,399.34188187830193,403.3408528532621,407.33998230944627,411.3388375912262,415.3380194243826,419.33657917656126,423.3356193067333,427.3340533146732,431.33314378161816
1.316213e-05 1.316213e-05 3.414907e-02 0.00 0.4576624031338664 -0.0397827163256654 0.15804679013016237 0.5705958500460536 331.7637866561276,335.76696466970657,339.76957679189627,343.77285254555335,347.77590571180696,351.7792824901886,355.7825292281912,359.7862160733061,363.7896947586815,367.7934555228582,371.79693678462394,375.8006366305435,379.804416377662,383.80841156017203,387.8120527732436,391.8160318593246,395.8196225596179,399.8234789523923,403.8271486505993,407.83093947876966,411.8343875358938,415.83799753990684,419.84142654527153,423.8450090849528,427.848127051413
2.712265e-05 2.712265e-05 2.738196e-03 0.00 0.4581378127558571 -0.0397827163256654 0.15804679013016237 0.5587680609585128 331.88112074687734,335.88571428076284,339.88993041123604,343.89480700610306,347.89920752629905,351.90426086949674,355.90889814981665,359.91415679844425,363.91907873868666,367.92451589300845,371.929534255288,375.9349584190793,379.9400795000785,383.9456117870749,387.9507612451122,391.95639831196934,395.9614351387733,399.96703692002524,403.97214618054585,407.9775868213278,411.98273793134206,415.9880203384188,419.99294545625423,423.9982037324545,428.0030327277311
6.430824e-06 6.430824e-06 3.848404e-02 0.00 0.4536923969850515 -0.0397827163256654 0.15804679013016237 0.5596768396854086 335.23607313434087,339.2325960415803,343.2296407352181,347.22642228962576,351.2238287799609,355.22080237438763,359.21831046681626,363.21555080976253,367.2130963928094,371.21044645639194,375.208165722275,379.2056128277726,383.20349054761084,387.2008822847838,391.1986494995872,395.19615882419595,399.1938373051625,403.19140334164,407.18900559873845,411.1863518920784,415.1839107737221,419.1812686870833,423.17860198654483,427.17569183371967,431.1731169820227
2.933366e-07 2.933366e-07 1.551625e-01 0.00 0.45486200915556485 -0.0397827163256654 0.15804679013016237 0.5602947653471384 335.4041640656847,339.402632565817,343.40173707588264,347.40042620629595,351.39985040635,355.3987878879042,359.3983292774906,363.39751203382565,367.39708860453857,371.3963977968962,375.3961719745637,379.3956603987263,383.3953514735445,387.39482601202263,391.39463210808975,395.3940425797901,399.39382699751474,403.3931859260096,407.3927830145378,411.39221127745884,415.39184462029675,419.39100038164196,423.39047172677573,427.3894848882342,431.38952818683913
7.479368e-08 7.479368e-08 1.806938e-01 0.00 0.45509519054352454 -0.0397827163256654 0.15804679013016237 0.5619554367421215 335.43067482539635,339.4295298385449,343.42886904932067,347.42798015566797,351.4276311979447,355.4269298261123,359.4266458567582,363.42612577918237,367.42603434490314,371.42571127107044,375.4257050898797,379.42539245140796,383.4255737688053,387.42525971804685,391.42525212722705,395.42502733079357,399.42508117619326,403.42481004154183,407.42471265864526,411.42432183228374,415.424273687157,419.423728659285,423.42353103227055,427.42280651267714,431.42338697345616
1.077848e-05 1.077848e-05 5.136231e-02 0.00 0.45720739337156796 -0.0397827163256654 0.15804679013016237 0.5637641821711767 331.7265372266828,335.72980521927195,339.7320792654122,343.73498608638164,347.73756595825444,351.7407890533645,355.743584123389,359.7469922252764,363.74984386523244,367.7533450276408,371.75646198818515,375.7601205651745,379.76327247508266,383.7668526739827,387.7701359113274,391.7737253286912,395.77696457758776,399.78060190869263,403.7838143047915,407.78734781162865,411.7904509010571,415.7937625351695,419.79677171702076,423.8000445198067,427.80302681023585
2.812723e-05 2.812723e-05 6.622820e-03 0.00 0.4522075926274493 -0.0397827163256654 0.15804679013016237 0.5622536355357679 335.0064096625497,339.00024051185653,342.99458692949537,346.98861258840094,350.9832804258567,354.9774306626585,358.9722635624012,362.96668964544176,366.9615086940325,370.95610157435067,374.95115727676244,378.9457697291623,382.9408399822363,386.93547639305115,390.9305184228696,394.925326898757,398.9203042847958,402.91503155492046,406.90983296822156,410.9044580530608,414.8993322963617,418.8938276339327,422.88847313884514,426.88280196059156,430.8770011576801
4.260348e-05 4.260348e-05 9.808837e-03 0.00 0.4590415848776557 -0.0397827163256654 0.15804679013016237 0.56176222779348 331.99541821423816,336.0013934649556,340.0068221758137,344.01309259265463,348.01887051668206,352.02519164197844,356.0312681728643,360.037815444131,364.04408428655967,368.0508510703995,372.05719860788196,376.06401562194856,380.0704593843628,384.07729546048466,388.0837718625612,392.0905923519963,396.097198205167,400.10401323005914,404.1106020676722,408.1172160891918,412.12369281317586,416.13027635193396,420.1366085940813,424.1429595060099,428.1491663131506
1.060464e-05 1.060464e-05 1.611103e-02 0.00 0.4533367180631923 -0.0397827163256654 0.15804679013016237 0.5613970479387925 335.1769557601388,339.17267247170497,343.1690669914122,347.16510909460885,351.1616574266182,355.15802413249935,359.15477501981076,363.15128784002934,367.14825192467134,371.1448592125389,375.14185028797783,379.1386295556321,383.13559316678317,387.13239264839,391.12945732646165,395.1262288004876,399.12328841527636,403.1200117096746,407.11693164997956,411.11356684620955,415.110407355845,419.10692904807286,423.10356067308663,427.0999808722894,431.096624512342
2.455616e-07 2.455616e-07 1.607520e-01 0.00 0.4549336457090923 -0.0397827163256654 0.15804679013016237 0.5614660254483583 335.4100911846404,339.4086571287024,343.4077730913953,347.4065555337448,351.4059471754651,355.40502199755804,359.40451318731397,363.40381726227247,367.40351268959853,371.40285366218893,375.4026261804864,379.4020544490509,383.40198583183286,387.40147861648865,391.4012301463982,395.4007866486751,399.4007013640189,403.3999472705088,407.3997969269414,411.3991408187556,415.3988122794384,419.3980203994469,423.39761945766446,427.3965991112408,431.3969466913058
3.949437e-06 3.949437e-06 6.455838e-02 0.00 0.4541060096164127 -0.0397827163256654 0.15804679013016237 0.5622330546411979 335.28578141403875,339.282793100441,343.28040213250677,347.2778381637425,351.27564526602356,355.27324525324764,359.2713746745501,363.2691605429105,367.26732415665975,371.26529955102154,375.263494156338,379.26160871875953,383.25985131740487,387.2579409668355,391.25632832253206,395.2541621377065,399.25259984327147,403.25055601504334,407.24875917321253,411.24672730867394,415.24484285327276,419.24271522442683,423.24046015491103,427.2382436475045,431.23600224047084
1.553676e-05 1.553676e-05 2.715823e-02 0.00 0.45752152441633737 -0.0397827163256654 0.15804679013016237 0.5618754426346179 331.7796243334333,335.78316624267876,339.78604021317136,343.7896475850763,347.79288980637494,351.79661674577,355.80022780526264,359.8040775090285,363.80773441751404,367.8119665696369,371.81571685744984,375.8198811140335,379.8237264587975,383.8281069036448,387.83197905803775,391.83622066186666,395.84021008665906,399.8444381096027,403.8482462276407,407.8524129854343,411.8562719489647,415.8602789975795,419.8639625121677,423.8679607143129,427.87133349476824
1.563475e-06 1.563475e-06 1.839581e-01 0.00 0.4559659564166401 -0.0397827163256654 0.15804679013016237 0.5623849177878859 335.5553831378508,339.5555642395357,343.5564150431726,347.55700408335355,351.5580362809263,355.5588531599227,359.5600972749321,363.56109918806624,367.56252977152167,371.5635534048081,375.5650520882799,379.5662055401641,383.56795562124444,387.56897703233136,391.5705975624952,395.57184278162623,399.5733670827261,403.57450180866795,407.575857910354,411.577070749026,415.5784505644039,419.57943395268717,423.5804900732019,427.5814343400006
1.137523e-06 1.137523e-06 2.013197e-01 0.00 0.4558065171622244 -0.0397827163256654 0.15804679013016237 0.5610112868706636 335.53833634810115,339.53828443190105,343.5390557127874,347.53932236163604,351.5403073206523,355.54092276510295,359.54183522088823,363.5426432808826,367.5438505526444,371.5447714810983,375.54609107694176,379.5470902197099,383.5485022798055,387.54950795310856,391.55091644895987,395.5519153194246,399.55328059529273,403.5542522587722,407.5555196311455,411.5564949122138,415.55758533285547,419.5583704725585,423.5593573884793,427.56004314193785
3.246784e-05 3.246784e-05 1.488223e-02 0.00 0.45192853736155464 -0.0397827163256654 0.15804679013016237 0.5611474096868427 334.9705740977587,338.9639932437451,342.95789290977365,346.95152865260377,350.945690757414,354.93952729070946,358.9338441730926,362.9280581825863,366.92244941691337,370.9166382973354,374.9111247689207,378.90545338316855,382.90010198739054,386.894405797396,390.88906914733644,394.88330570135616,398.8779607131222,402.8722707811733,406.8667505653516,410.86097387839044,414.8553438790922,418.8494146263977,422.8437588277504,426.83764459293354,430.8316679493339
1.970080e-05 1.970080e-05 1.404563e-02 0.00 0.4577657623755483 -0.0397827163256654 0.15804679013016237 0.5606557432195285 331.8198758814954,335.8237347506027,339.8270028965856,343.8312280429815,347.83480369905726,351.8390294708393,355.84309184522186,359.84760995126663,363.85173382195194,367.8563386060588,371.8606393968248,375.8653920649305,379.8696590475631,383.87443480233776,387.87882545614485,391.8836870820339,395.88818221618016,399.89276806208255,403.89723126514485,407.9018907864521,411.90610101367633,415.9106721778007,419.91500387297697,423.9192462920721,427.92335613564427
8.190546e-05 8.190546e-05 2.032400e-01 0.00 0.450093067759942 -0.0397827163256654 0.15804679013016237 0.5628383172664779 334.69092804832644,338.68093292655215,342.67163398292325,346.661886897882,350.6528027771242,354.64327254112555,358.63429144107795,362.624996214526,366.6161216501117,370.60707234654535,374.5983738939196,378.58922204570746,382.58054409506985,386.5714609321295,390.56274947249625,394.55381677408315,398.54492638047986,402.53590684893277,406.526988218685,410.5178310281845,414.508874876135,418.4995436567245,422.49055664117697,426.4810826325491,430.47173709763763
4.813201e-08 4.813201e-08 1.832399e-01 0.00 0.455055618986493 -0.0397827163256654 0.15804679013016237 0.5601832661599225 335.43299453845896,339.4317923964969,343.431218475345,347.4302405768694,351.4299588141494,355.4292777775449,359.42909606538115,363.4287011362419,367.4286290714294,371.4283996841455,375.4282195475626,379.4280118248346,383.4281919048211,387.4279904800057,391.42808049171225,395.4279399317109,399.4280240675304,403.4278680651245,407.4278121111415,411.4275224201823,415.42735817982054,419.42692134481,423.4267809889379,427.42613972221767,431.4266047589129
3.188856e-06 3.188856e-06 7.330152e-02 0.00 0.45413494895865625 -0.0397827163256654 0.15804679013016237 0.5601723323140103 335.2994467913201,339.2966585805931,343.29460061460344,347.29207592786497,351.2901953883936,355.2879081144648,359.28627519815836,363.2841588831565,367.2827680950129,371.28068840520376,375.27925499524594,379.2773420446469,383.275928986964,387.2741668732726,391.27270676322553,395.27094641137097,399.26946284378243,403.26767767040616,407.266036745629,411.2641242626581,415.2625813313328,419.260580355735,423.25866574536667,427.25657121245314,431.2545182246309
2.448603e-07 2.448603e-07 1.600366e-01 0.00 0.4549202078339422 -0.0397827163256654 0.15804679013016237 0.561329128522671 335.4092362767099,339.40777452996645,343.40692625886015,347.4056640102489,351.4050260944238,355.4041327695931,359.40358226474353,363.40295441334246,367.40258056731807,371.4019427379396,375.401844977633,379.40115894117736,383.4011098440155,387.40054337744635,391.4003891318211,395.3998535246892,399.39972753848014,403.39909554064695,407.39895574067384,411.3982896303315,415.39784189853594,419.3971514156219,423.39665534584316,427.39578391517017,431.3960294176771
2.171563e-08 2.171563e-08 1.962803e-01 0.00 0.45521056062211646 -0.0397827163256654 0.15804679013016237 0.5623863060183403 335.44616822697213,339.44506284790884,343.4446580444794,347.4438702549576,351.4435922294234,355.44310518995314,359.44311607809476,363.44275029989615,367.4429690590805,371.4427136592576,375.442887322459,379.4428019743586,383.4430339843015,387.4429833284682,391.4431447371358,395.4431042387705,399.4433471514891,403.4432180768265,407.4432426927524,411.4431503514602,415.4432874763098,419.44286689788413,423.4429475696805,427.44232103283434,431.442659828661
1.190733e-05 1.190733e-05 1.196756e-02 0.00 0.45327479620575967 -0.0397827163256654 0.15804679013016237 0.5626493209795842 335.16176935800144,339.1573730824619,343.1536081426551,347.1494481700013,351.14590061248583,355.1420130581487,359.13866097078454,363.1349274827842,367.13165730902017,371.1280572243338,375.1248699523021,379.1213526882117,383.1183656476709,387.11487600495377,391.1117313653176,395.1083856772835,399.10517409288025,403.1016937439666,407.0984271577978,411.09496084075846,415.09154956322243,419.08786603282175,423.0843639494779,427.08044433156505,431.0769937473047
1.177553e-06 1.177553e-06 1.980508e-01 0.00 0.45588311284207284 -0.0397827163256654 0.15804679013016237 0.5627900226975175 335.54166554898046,339.54176411827007,343.5424364119798,347.54280120010077,351.54369315014253,355.5442810863899,359.545477417573,363.5461913901401,367.5474424596324,371.54830401031,375.54975976919525,379.5507088650206,383.55216047369936,387.5531536414511,391.554576826196,395.5554926356187,399.55700904228115,403.55791877310645,407.55919384528187,411.56023973875716,415.56130990245885,419.5621380746603,423.56310995080423,427.5639524367138
6.079249e-07 6.079249e-07 2.279393e-01 0.00 0.4556507466143364 -0.0397827163256654 0.15804679013016237 0.5617133780167499 335.5137858800723,339.5135189291163,343.5139273729709,347.51390819499494,351.51462980436924,355.51492784445014,359.5156395225382,363.5161342724689,367.5169867125983,371.5176593468728,375.518661226436,379.5193711167401,383.52043225133554,387.5212168942383,391.5223101852934,395.52298428487694,399.52409219405075,403.5247572582991,407.5256611144208,411.5263193777148,415.52729442938005,419.52775765995284,423.5284398075354,427.5288532100129
1.755788e-07 1.755788e-07 1.695348e-01 0.00 0.45508080024761094 -0.0397827163256654 0.15804679013016237 0.5640670439992737 335.41994333530437,339.4185762136317,343.41769979464135,347.41674245919864,351.41621445973965,355.41535548291824,359.41492679095467,363.4141918329108,367.4140622860786,371.41351317618194,375.4133450626653,379.4129221566308,383.41284471401184,387.4123731714308,391.41237855099496,395.4118852999958,399.41175469027087,403.41133749841373,407.411138923182,411.4105189565888,415.41025796114013,419.40960191353486,423.409085397375,427.40831193220976,431.40855242425954
9.209742e-07 9.209742e-07 2.068375e-01 0.00 0.4558884315424496 -0.0397827163256654 0.15804679013016237 0.5650057493792465 335.53354109183414,339.53363464151545,343.5341021573396,347.534389450987,351.5352186373354,355.5357142239353,359.53669078574256,363.53736194745096,367.53853097933523,371.5392864401141,375.5405433025268,379.54145730867793,383.54267575087454,387.54357167240335,391.54484120651756,395.5457732520245,399.5470378082343,403.5479104128122,407.54889550663955,411.54983840381294,415.5508679176567,419.55152326424377,423.5524775379705,427.55297612532127
6.363818e-08 6.363818e-08 2.217198e-01 0.00 0.45542933308624217 -0.0397827163256654 0.15804679013016237 0.5642832019665143 335.47005593837866,339.46931578571895,343.469033868375,347.4685561507403,351.4687557812199,355.4684940489513,359.46864853295375,363.46865290003177,367.4689699259699,371.4689759739908,375.4694740824167,379.46966164553226,383.47019718733173,387.47042493549895,391.4708907091742,395.47111415142365,399.47148066529394,403.4717208028143,407.4721237964417,411.4722436879039,415.4723901030813,419.4723134932468,423.47247168212783,427.4721986851303
1.541182e-05 1.541182e-05 4.396515e-03 0.00 0.45305240181308765 -0.0397827163256654 0.15804679013016237 0.5638418499985938 335.12378556873665,339.1187930699649,343.11465977270586,347.1099649019949,351.1059952063071,355.101680859071,359.097679190218,363.0935798793511,367.0898502164049,371.08583483144594,375.0822946286977,379.07825238987124,383.07470470306623,387.07085031451976,391.0671461537878,395.0632811625584,399.05965631592767,403.05564295427996,407.05190266961586,411.04803021916825,415.04404346255905,419.03993568918935,423.0359747373325,427.031592299212,431.0275436889243
6.905877e-05 6.905877e-05 7.589322e-02 0.00 0.4602369999815574 -0.0397827163256654 0.15804679013016237 0.5657124896923664 332.148255666724,336.1557370974869,340.16309168071984,344.1710521661695,348.1786671475672,352.18680255747825,356.1946553023877,360.20299516103887,364.2110211938705,368.2195552941543,372.22769226550014,376.2362914471176,380.24451106877444,384.253029958781,388.2614096583877,392.2700029003301,396.2783498342324,400.2869880654739,404.29528660070275,408.30374377054954,412.31200231818696,416.32030156541407,420.3285382930049,424.33665036459956,428.3446081535553
5.517559e-06 5.517559e-06 4.983120e-02 0.00 0.4540234988445128 -0.0397827163256654 0.15804679013016237 0.5655737681704619 335.259969198963,339.2566882637695,343.2540518331453,347.25110566482755,351.24870137635145,355.24579395431215,359.2434862075418,363.2410642625829,367.23889358833884,371.2364316108709,375.23432370147026,379.23216638762165,383.23008072169966,387.22767331162527,391.22572817029743,395.22340823607306,399.22139847235604,403.21894959593027,407.21681279562387,411.2144389312488,415.2120097327278,419.2095115997549,423.2070107380897,427.2043688875709,431.20173837019314
3.768120e-06 3.768120e-06 1.283235e-01 0.00 0.4564384806173779 -0.0397827163256654 0.15804679013016237 0.5643994961208189 331.61505008296194,335.61656019925414,339.6176073835477,343.61914622521766,347.62036104962544,351.62222996613286,355.62366137553084,359.6255287595448,363.62717561988194,367.62948362156305,371.6312275298213,375.6334247018851,379.63532668341594,383.63756837457936,387.6395275288381,391.6417344939912,395.6436173952246,399.6458860356841,403.6478036769596,407.64993694686876,411.6517104200588,415.65383888915164,419.6554480631034,423.65728631932194,427.65887870650573
5.896658e-06 5.896658e-06 4.452135e-02 0.00 0.45387258049148826 -0.0397827163256654 0.15804679013016237 0.5629058334050085 335.2491174654917,339.24571649571874,343.2430685603093,347.24002186438645,351.2373719395261,355.2344436961483,359.23210343356055,363.2294859504815,367.22716141795536,371.2245659105964,375.222589141661,379.2200549859582,383.2180657861635,387.2155406469382,391.21347787631873,395.21111065359963,399.2088834044944,403.20655215483015,407.2042701814508,411.2017228413302,415.19939670960537,419.1967937319438,423.19426604626386,427.1914551799871,431.18887675597347
1.020156e-05 1.020156e-05 5.571683e-02 0.00 0.4571445015208126 -0.0397827163256654 0.15804679013016237 0.5635975459586345 331.71838673116844,335.7216254960333,339.7237409673338,343.72661683487723,347.72904820880154,351.7321984370607,355.73482037345235,359.7380366386609,363.74098370277915,367.7444575118866,371.74744784125033,375.75093665505517,379.7540016522365,383.7575075596426,387.7607607120884,391.7643128995979,395.76759318981567,399.7709634904636,403.77415535048954,407.7775516072939,411.7804680843091,415.7837577705089,419.78669138204117,423.7899267800811,427.79263369211714
1.032754e-05 1.032754e-05 5.456159e-02 0.00 0.45716619974504025 -0.0397827163256654 0.15804679013016237 0.563907960104638 331.72056499606117,335.72374915718297,339.7259880591831,343.7287668020283,347.73136423911,351.7343933072914,355.7371632816882,359.74037758895577,363.7433686194241,367.74675912754645,371.74975042874195,375.75338140460013,379.7565615426655,383.75989929878915,387.76312062237315,391.7666773535593,395.769907366731,399.77349507464487,403.776650862524,407.78009383462074,411.7831835698939,415.786452640534,419.78941973155395,423.7925107442385,427.79529876515437
1.753851e-06 1.753851e-06 1.029781e-01 0.00 0.4545351362572097 -0.0397827163256654 0.15804679013016237 0.5636045435544207 335.34251585489534,339.34047178935896,343.33867118359285,347.3366286707537,351.3352734533655,355.3335770026332,359.33236083748164,363.3306182788025,367.32958093838863,371.32815895961,375.32709566603734,379.3256707544982,383.324746771649,387.32344193032856,391.32242964539,395.3211609378607,399.32009095294524,403.318730158543,407.3176715150548,411.3162866867675,415.31496987187916,419.31347790908126,423.3121482117551,427.3103907908692,431.3089522168591
3.695766e-06 3.695766e-06 1.319302e-01 0.00 0.45632460575242795 -0.0397827163256654 0.15804679013016237 0.5614604574751494 335.6113846812664,339.61229583393583,343.61376503013366,347.61509580421455,351.6168082959714,355.6182427277029,359.6202028742915,363.6217365888709,367.62383962092474,371.6255502026823,375.627744367289,379.6296025651653,383.6318115400302,387.6337833854526,391.63598189895544,395.6379467239686,399.6400208044276,403.64194047713534,407.64413941087594,411.64589740747147,415.6479970755575,419.64951961656095,423.65143692408304,427.6528254947497
5.840706e-05 5.840706e-05 9.906746e-02 0.00 0.45081886424969475 -0.0397827163256654 0.15804679013016237 0.5613145207345853 334.8062772972543,338.797480668664,342.78957768654715,346.7813460540834,350.77331610552847,354.7653805834511,358.75766894494717,362.7498391089409,366.742328766656,370.73465041772573,374.72717744330987,378.71945037943226,382.7122099026715,386.7044882499268,390.69717929557777,394.6895878805672,398.6821824213702,402.67449669570686,406.6671400376104,410.6593844500714,414.6517455087421,418.64388137426516,422.63632501345825,426.62816898757575,430.6206476187282
5.893877e-06 5.893877e-06 4.363517e-02 0.00 0.4538045052780958 -0.0397827163256654 0.15804679013016237 0.5609707510796798 335.24712352340987,339.2436851657159,343.24092919328416,347.2379107219953,351.23527288487196,355.23246789855773,359.2300987337222,363.22735405054857,367.22513508688866,371.222612377031,375.22042185632785,379.2180122748703,383.21582293782825,387.21350991802,391.2113835772379,395.2089344722692,399.206810118109,403.2042957922788,407.20215459741144,411.19958514875736,415.19717398068417,419.19460734045856,423.192195111801,427.18935581145143,431.1867922101757
7.913566e-06 7.913566e-06 7.663574e-02 0.00 0.4568143788378686 -0.0397827163256654 0.15804679013016237 0.5607391041493494 331.6830724980314,335.68615455775137,339.6879619975431,343.6903009322969,347.6924550047293,351.6950387168163,355.6974827635575,359.7003336251489,363.7027655271914,367.7057566766876,371.70839267860885,375.7114624622474,379.71427992688814,383.7174009675758,387.7201645037725,391.7232327897536,395.72591187547704,399.72919286895245,403.7319034577665,407.7348743247098,411.73756688698944,415.74053683939957,419.74316568540223,423.7459385932211,427.74834638683615
4.212679e-06 4.212679e-06 5.985374e-02 0.00 0.4539733922624646 -0.0397827163256654 0.15804679013016237 0.5596673270949428 335.27745346015877,339.27430969365565,343.2719642433581,347.26918260951135,351.26698897384534,355.26448356958184,359.26257320807036,363.2601801483292,367.2584567762042,371.2561552292832,375.25439371715225,379.25233410465523,383.25054955209623,387.24857382980116,391.2468707768607,395.2448272552991,399.2430803935427,403.24101898344315,407.2392621217171,411.23692153750886,415.2350133604977,419.2328063953453,423.23058729306575,427.22824677084384,431.22603375185327
1.910553e-06 1.910553e-06 1.740508e-01 0.00 0.4560032661146442 -0.0397827163256654 0.15804679013016237 0.5613600055003283 335.5651974721878,339.5655338716524,343.5666197182456,347.56722131991467,351.5685108163797,355.56924519055974,359.5707533164931,363.57184954741615,367.5733633930442,371.57461130896615,375.5761406412624,379.57750240720605,383.5792079047048,387.5805265145818,391.5822022638366,395.5836206031405,399.58519241208126,403.5866042056742,407.5881359546663,411.5894123987255,415.5907632812925,419.5919965857102,423.59329247571145,427.59426656362587
1.079257e-05 1.079257e-05 5.327812e-02 0.00 0.4570709812325713 -0.0397827163256654 0.15804679013016237 0.5600721985674005 331.72235331373133,335.7256531426622,339.72792963015655,343.7308824202169,347.7334623441538,351.7365961673567,355.73939311168886,359.7426499996443,363.7456792147708,367.7493138603396,371.75232799837056,375.75578886200054,379.7590135065082,383.7626164102052,387.7658623942722,391.76960892619576,395.7727265741392,399.77628980150047,403.77956260592833,407.7830697591757,411.7862226097168,415.7896274735944,419.79267177896594,423.79593769722754,427.79882034620425
2.432962e-05 2.432962e-05 1.995480e-03 0.00 0.4525289260549791 -0.0397827163256654 0.15804679013016237 0.5653028724325868 335.04143969329283,339.0356216653825,343.03035548239626,347.02470854909836,351.01968911779534,355.0144233782561,359.0095120884048,363.00439024083636,366.99969304622397,370.99464643093495,374.99000334292487,378.9850355286061,382.98045374892877,386.9755050195345,390.97092787321105,394.9659503550711,398.961333312101,402.9564431803763,406.9517302672782,410.9467000546066,414.94183705224816,418.93662670324625,422.9316701595668,426.9264390966853,430.9209912017868
5.164113e-06 5.164113e-06 4.999777e-02 0.00 0.4538798275670842 -0.0397827163256654 0.15804679013016237 0.5604862351250585 335.2597152316155,339.25627212740477,343.2536989640303,347.2508212451194,351.24838960436995,355.24556349270244,359.24346253847216,363.2409540201111,367.23876781736675,371.2364428343266,375.234389333763,379.2322287060784,383.230146550957,387.2278725126302,391.22604613177987,395.2236965947146,399.22170536271966,403.2194823331569,407.21731600646103,411.2149841270695,415.21276598840956,419.2102867104631,423.208017541854,427.2053581712716,431.20297727072455
4.936166e-05 4.936166e-05 2.140223e-02 0.00 0.45933703512610297 -0.0397827163256654 0.15804679013016237 0.562022159961865 332.0368465101566,336.0432194142157,340.04932257693,344.0559143516751,348.062251079288,352.06905548798534,356.07575633402575,360.0827523797757,364.08954769580936,368.0967805402996,372.1035514576989,376.1108490353052,380.11777238052997,384.12517691720245,388.132229859809,392.1396238225546,396.1466117300077,400.15389412017754,404.16084682701097,408.1681400109975,412.1750112221107,416.1821067465629,420.1889604796839,424.19592640138336,428.2024666937436
1.950470e-08 1.950470e-08 1.989465e-01 0.00 0.45514185596752976 -0.0397827163256654 0.15804679013016237 0.5597463725681031 335.4483202351611,339.44732767071537,343.44691218202627,347.44621622900786,351.4460267417454,355.44566738843787,359.4455221449092,363.4452691474432,367.4455226885531,371.4454102516798,375.445537670339,379.4453612022342,383.4457954869309,387.44580356213277,391.4460951947847,395.446107620018,399.4463649650142,403.4462840846239,407.4464870042446,411.4464500323369,415.44649114461134,419.4460741096466,423.4463057914314,427.4459175193569,431.4464787523772
3.026826e-08 3.026826e-08 1.881633e-01 0.00 0.4550342076758036 -0.0397827163256654 0.15804679013016237 0.558462801451089 335.43764635551975,339.4365879772676,343.43610627832334,347.4351131615198,351.43491059776215,355.4342992062558,359.43429300896395,363.43389297401626,367.4339625393807,371.433633174159,375.43381822791093,379.43357969845306,383.4338678204892,387.43375414087586,391.43387999063276,395.43378728702805,399.43396029043697,403.4338513671947,407.43383428372164,411.43367671022224,415.4335418194481,419.43334889588255,423.433224984453,427.43268547790314,431.43327340981745
2.890674e-08 2.890674e-08 2.039555e-01 0.00 0.4551252531087473 -0.0397827163256654 0.15804679013016237 0.5580822354867843 335.4528313094822,339.4518509862375,343.4515409682327,347.45086213466215,351.45084348019833,355.450437754503,359.45055349274617,363.45030607424354,367.45049827230616,371.4505575357228,375.4507709394384,379.4507465485276,383.4511064935758,387.45125316448264,391.4516352898874,395.45160641742774,399.45206223728513,403.45207671732516,407.4523563588502,411.452352367862,415.45255464286635,419.4524393726136,423.45244384051546,427.4521038499787,431.4527226548651
3.199921e-08 3.199921e-08 2.056710e-01 0.00 0.4551374325004022 -0.0397827163256654 0.15804679013016237 0.557982008169377 335.4544496827283,339.4533795815136,343.4531117318828,347.4524506940481,351.452367265984,355.45210829041065,359.45229464171877,363.45198701900364,367.45227085372323,371.45225129259484,375.45255259916553,379.45256835010525,383.4529024767558,387.4530179385493,391.4533606893557,395.4535043687937,399.45390934150714,403.4541318162202,407.45426231049294,411.45412609415575,415.4545137205098,419.454269440921,423.45443161985867,427.45402878627726,431.4547515567518
8.905499e-05 8.905499e-05 1.415283e-01 0.00 0.46060804840593034 -0.0397827163256654 0.15804679013016237 0.5579538270095521 332.2324601504729,336.24112477260996,340.2495251143313,344.2584569164764,348.26717088541784,352.27641109547153,356.2854152264413,360.2948882398294,364.3040121740506,368.31367986192384,372.3228133188368,376.33257878417527,380.34185216922486,384.3514419049918,388.3610886512248,392.37077255761216,396.3802318318118,400.3900534293408,404.39947083570917,408.40902439192575,412.4183121683223,416.4279196058088,420.4369681694501,424.44648683113917,428.45567520945747
1.473711e-06 1.473711e-06 1.052510e-01 0.00 0.4543841059251726 -0.0397827163256654 0.15804679013016237 0.5578960987606483 335.34479531422943,339.34260747331143,343.34102884596916,347.3391114667218,351.33772674386455,355.3360291929428,359.3348953262522,363.33343816887725,367.33240016926214,371.3310055227154,375.33008077583264,379.32882365699976,383.32785603006016,387.32665872770167,391.3258015509618,395.32452259051803,399.3236398115119,403.32248917498384,407.32146717069975,411.3201781851597,415.31909924285475,419.3176983657057,423.3163805150253,427.3147751239391,431.31363220491085
1.092577e-05 1.092577e-05 1.382736e-02 0.00 0.45318136637879575 -0.0397827163256654 0.15804679013016237 0.5578912540661091 335.1683251339614,339.1640347245743,343.1603548813397,347.1563553647222,351.1528595109615,355.1490918275062,359.1458215607759,363.14225282949667,367.13915332095246,371.13564362738117,375.13263315615274,379.12931915536626,383.1262749556679,387.12290538469506,391.1199576603919,395.11671751963445,399.11370611123783,403.1103166878438,407.10726158625516,411.1039228345278,415.1006253963664,419.09712982447337,423.09382500098417,427.09015331239544,431.08674100833974
2.602434e-05 2.602434e-05 3.845544e-03 0.00 0.4580400191712098 -0.0397827163256654 0.15804679013016237 0.5578434882293306 331.8710320868119,335.87547989795735,339.87964487155716,343.8843616580412,347.8885839270962,351.8936332224373,355.89824556092594,359.90331539220085,363.9081432747275,367.91329486444636,371.91833615605395,375.9236254730395,379.9287862705546,383.9341414315299,387.939115339093,391.94468473727903,395.94971062084073,399.955114020344,403.9601590514374,407.9654299073828,411.9703736954461,415.9756154532231,419.98057681595566,423.9856190516887,427.99038166286243
3.102137e-05 3.102137e-05 1.274206e-02 0.00 0.45188661294298205 -0.0397827163256654 0.15804679013016237 0.5580156765864125 334.97804820569473,338.97155235764455,342.9656620116628,346.9593819183507,350.953703699267,354.9475524786984,358.9420270563785,362.93621195632556,366.93076434338604,370.92505525689774,374.9197368546936,378.9141501822083,382.908887201992,386.90342954121934,390.8981960612183,394.89253573040315,398.887277498164,402.8816465936178,406.876401565779,410.87069800259735,414.8652245481703,418.85950781727337,422.85386591388396,426.847980023572,430.84209128501334
2.445030e-06 2.445030e-06 1.624090e-01 0.00 0.4559929073557126 -0.0397827163256654 0.15804679013016237 0.558411558740726 335.57694130149423,339.5774478005962,343.5786038033067,347.5794456680615,351.5807975754832,355.58189432204813,359.58342742830854,363.5846544738308,367.5864508943131,371.5877993216129,375.5896243329448,379.5910471298276,383.5928995975372,387.5945365819331,391.59623354821196,395.59782095714064,399.5996859872745,403.6011589186488,407.6030492820824,411.6043913087012,415.60594645557677,419.60750857117677,423.6088145794179,427.6101375677687
2.466639e-07 2.466639e-07 2.416812e-01 0.00 0.4554021315207998 -0.0397827163256654 0.15804679013016237 0.559243445286467 335.48708939762344,339.4866293691174,343.4865893849525,347.4863106253824,351.4866566002257,355.48664175808153,359.4871545043976,363.4873657327686,367.48798593577123,371.48824588400146,375.48898240424825,379.4894053123749,383.49018302999394,387.4906950749434,391.49151793304964,395.49192436670825,399.4926304310979,403.4930095450423,407.4937101208512,411.49408354175984,415.4946607865406,419.49476799826846,423.49532543682284,427.4954046350914
2.460547e-08 2.460547e-08 2.017260e-01 0.00 0.4551180844541789 -0.0397827163256654 0.15804679013016237 0.5582398636911531 335.4508062920642,339.4497042866076,343.44937635703565,347.44876810564415,351.44864223304444,355.4482614042054,359.4482329017841,363.4481051433315,367.44824497049603,371.44810148620905,375.44848599925217,379.4483354787541,383.44883289608515,387.44888230003903,391.4491441463658,395.44921302139977,399.44958616495796,403.44954379349883,407.4497547183297,411.44975108771683,415.44993472019644,419.4496837173611,423.449684974107,427.4493577634853,431.45003631617345
2.044825e-06 2.044825e-06 1.736378e-01 0.00 0.4559040575136587 -0.0397827163256654 0.15804679013016237 0.5580387309475828 335.56521823402426,339.56557213044425,343.5666178630581,347.5672649146996,351.5685572903802,355.5694314259645,359.5707808447578,363.5720270229543,367.5735387725708,371.57482959312676,375.57646634636063,379.5778438244356,383.57954455264314,387.58093655426273,391.58264988106566,395.58406111108866,399.585733520529,403.5871446669266,407.5887896773854,411.59006818625676,415.5916498950845,419.5928093778962,423.5942151569883,427.59516935356606
1.387437e-05 1.387437e-05 6.028500e-03 0.00 0.45294054113483995 -0.0397827163256654 0.15804679013016237 0.5578610384728343 335.1332063817309,339.1285858059151,343.1244865297402,347.1199848652963,351.11616448426753,355.1119737517565,359.10831588739126,363.1042348479149,367.10081413755745,371.09681447355905,375.0934956314021,379.08961957433087,383.0861777067352,387.0824657256514,391.0791035420274,395.075382540095,399.0720134303249,403.0683096231816,407.06469763041144,411.0609909823744,415.05733174786855,419.05331489665446,423.049590172315,427.04549983322494,431.0416351208831
5.476993e-06 5.476993e-06 1.065960e-01 0.00 0.45643503838136296 -0.0397827163256654 0.15804679013016237 0.5579203143726095 331.6409413031445,335.64310674901304,339.6443796452317,343.64619822031034,347.647930359525,351.65004588871267,355.65183774695885,359.65429225280326,363.65637533566877,367.65882503963155,371.660988951589,375.6635516696438,379.6657718553092,383.66850169629157,387.67083314527355,391.67354147801456,395.67569922747333,399.67844884828776,403.68077100768414,407.68322789397536,411.6854894129197,415.6878892694589,419.6900466362818,423.69235101937005,427.6943125764056
1.311229e-06 1.311229e-06 1.106337e-01 0.00 0.45447370428944106 -0.0397827163256654 0.15804679013016237 0.5592947431142863 335.3519804050661,339.3498034939576,343.34841156268845,347.3464690497376,351.3451558006227,355.34358618873887,359.34237931321326,363.341078343535,367.34010934797084,371.33877637897774,375.3379643720912,379.33676280207936,383.3359252113309,387.334811246907,391.33394236126554,395.33280428277476,399.33201548200543,403.3306375828996,407.3298343340882,411.328542182301,415.32769861619977,419.3262062819178,423.32495708733785,427.3235792690568,431.3224112522716
4.867385e-07 4.867385e-07 2.383285e-01 0.00 0.4555106120076907 -0.0397827163256654 0.15804679013016237 0.5590731189863304 335.5042515366887,339.503938522122,343.50419894967365,347.50412889284024,351.50462544810966,355.50488323013394,359.5056508267463,363.5059531211557,367.50677349789635,371.5073068025275,375.508255695763,379.5089174444916,383.50986121353014,387.51055268274956,391.5114923792919,395.5122784219495,399.51317063259773,403.5138983731399,407.5146301388571,411.5152990540237,415.51610678052936,419.5163913076942,423.51707713579435,427.5172401866703
2.808834e-05 2.808834e-05 7.153233e-03 0.00 0.4521007164367331 -0.0397827163256654 0.15804679013016237 0.5593546951037284 335.00312996954676,338.99693064230115,342.991256508275,346.98522856315896,350.97981775165044,354.9740980319578,358.96880496513944,362.9632679301336,366.9581806462437,370.9526828826006,374.947689639698,378.94240251649177,382.9373480869219,386.93211262735554,390.92713754505155,394.92182566205844,398.91672555989544,402.91148515845526,406.9064321225019,410.90105745240925,414.89597715853836,418.89037843549244,422.88504427779645,426.87936893754886,430.87372108373313
4.316373e-05 4.316373e-05 1.001407e-02 0.00 0.45898489615764954 -0.0397827163256654 0.15804679013016237 0.5597007923196702 331.99599853117786,336.00194558713036,340.0075732437779,344.0137833669253,348.01948379380445,352.025880837086,356.03197607828264,360.03857516507554,364.04484684449136,368.0515980284855,372.0579760801142,376.0648553588429,380.07140169705275,384.07824516844465,388.0847939851064,392.09161225980415,396.098204292242,400.1050423511428,404.1116340941214,408.11836532414685,412.1248472719317,416.1315514071639,420.1378940485552,424.1443802720227,428.1506478633619
4.191515e-07 4.191515e-07 2.427550e-01 0.00 0.4555021876995036 -0.0397827163256654 0.15804679013016237 0.5595357821725194 335.5006270506745,339.5001032625754,343.5003799425147,347.5002771317693,351.50079154480375,355.50085028155917,359.5015985003945,363.5018489354323,367.5027056519651,371.5030639248796,375.5040585875067,379.50462418899446,383.5055305608551,387.5060633531017,391.5069529669494,395.50758479967203,399.50860223187544,403.5091322753868,407.50999097016427,411.51050912977644,415.51120149019795,419.51160696407914,423.5122156497666,427.5123953481374
3.176967e-08 3.176967e-08 1.948268e-01 0.00 0.4551174631324948 -0.0397827163256654 0.15804679013016237 0.559741036999352 335.4444335325552,339.44333933084596,343.4429763766588,347.4421969582903,351.4419986463447,355.44144959577943,359.44134096602323,363.4411264186818,367.4412383206272,371.44090260983705,375.44127282415275,379.441111706783,383.44140338501137,387.4412949206925,391.4415802122464,395.44140908986986,399.44186258726484,403.4417014392718,407.44174278772545,411.4416141446241,415.44167993114354,419.4415034023927,423.4412741921825,427.44092791618505,431.4414320736612
1.936071e-05 1.936071e-05 7.286968e-04 0.00 0.452622895142464 -0.0397827163256654 0.15804679013016237 0.5598454900286923 335.07900957508434,339.0736692587129,343.06896543513295,347.06393127282166,351.0593485730776,355.05451891258593,359.05023563451994,363.04555344468514,367.0413132979857,371.0367938405425,375.0327338305912,379.02827645638456,383.02421478724733,387.0197916891434,391.0157695514819,395.011303865468,399.0072366422125,403.00287686255484,406.99864083246314,410.9941851861099,414.9898209436399,418.98504601525855,422.98085791413786,426.97598208014745,430.9713646475015
9.881880e-07 9.881880e-07 2.106005e-01 0.00 0.4556880238800077 -0.0397827163256654 0.15804679013016237 0.5593752792284019 335.52926739604794,339.52922253891813,343.5297788942466,347.5299922581679,351.53087419502515,355.53137390233974,359.53231749875454,363.53306386379677,367.5341312108646,371.53494901284205,375.53617310406025,379.5371270384487,383.5383332874497,387.53938775161777,391.54070988308985,395.5415443076221,399.5429205555207,403.5439070113044,407.545105685512,411.54579741409,415.5469501208206,419.5477265733697,423.548619536703,427.54917295230007
2.022580e-06 2.022580e-06 9.294831e-02 0.00 0.45427852410564845 -0.0397827163256654 0.15804679013016237 0.5581047164651963 335.3282220885358,339.3258658745284,343.32402150622926,347.32201475021304,351.32033464361814,355.31858300063504,359.3172287939378,363.31539005588024,367.3141853553115,371.3126735464493,375.3115186520833,379.31009420817173,383.3089983587776,387.3075476108364,391.3064872549307,395.305069671575,399.3039918689126,403.30257612305536,407.3013660753797,411.2998047277342,415.2984650830333,419.29688971346485,423.29532611826147,427.2936356352225,431.2920264899415
3.058059e-05 3.058059e-05 1.102662e-03 0.00 0.4583768690724103 -0.0397827163256654 0.15804679013016237 0.5597766998094047 331.9095679996002,335.9146295852975,339.91912688912635,343.92414705616767,347.9289963801894,351.934349803449,355.939512290888,359.9449829238758,363.95013012827764,367.9558782250171,371.9613211855654,375.9670866625442,379.97252977413416,383.97841024965527,387.98386774976547,391.98970640852036,395.9952876250181,400.00111108895624,404.00651190743946,408.012316385821,412.0177395181807,416.02335092441814,420.0286401329036,424.03409401666653,428.039365905987
2.626998e-07 2.626998e-07 2.442973e-01 0.00 0.4554361778102218 -0.0397827163256654 0.15804679013016237 0.5599401958644872 335.489442886136,339.4889259420507,343.4890472080602,347.48878112787077,351.48916184780046,355.48912055146036,359.48965193704396,363.4899068966446,367.4905745328648,371.49081553923907,375.4916068843649,379.4920139722762,383.492785439009,387.4932181051775,391.49407067550624,395.49458297242137,399.49521349811613,403.49573960009235,407.4964700603889,411.49679457022836,415.49745878221063,419.4976263322668,423.4980831850794,427.4981715811044
7.563551e-07 7.563551e-07 1.313092e-01 0.00 0.45470075846940755 -0.0397827163256654 0.15804679013016237 0.560967228182516 335.3775250614833,339.37561264059354,343.37448289741377,347.37281468194817,351.3718615528554,355.37053491648766,359.3697324554071,363.3685458078919,367.36794419115387,371.3669227130369,375.36622497214466,379.3654275668268,383.36470680908945,387.3638230447983,391.3633765490371,395.3625930532564,399.36192708023935,403.3611932532648,407.36048962619753,411.3594217391773,415.35872379518077,419.357649692482,423.3566038526361,427.35536651422376,431.35487506504086
4.476098e-04 4.476098e-04 2.520236e-01 0.00 0.4679144570980932 -0.0397827163256654 0.15804679013016237 0.5640441631226587 329.19652115453295,333.2163511745364,337.2367759450186,341.25691248373425,345.27754716861256,349.29807634917387,353.3190644662819,357.33969412320783,361.3608136639569,365.38166668961804,369.4030343297649,373.4240024078214,377.4455508552404,381.46645458527763,385.48809788069536,389.5091387376095,393.5306427305567,397.55162474570113,401.57315044432426,405.594264975979,409.61573595052676,413.63697784447163,417.6580339378118,421.6789126072049,425.7002203163376
6.505559e-07 6.505559e-07 2.252197e-01 0.00 0.45566037031247175 -0.0397827163256654 0.15804679013016237 0.5611612933224441 335.5161586817247,339.51601351888326,343.51638163212243,347.51639550444804,351.51711537641575,355.51740335205994,359.5182803121095,363.5187850401076,367.51966737918224,371.52043614991805,375.52140485717354,379.5222140058229,383.52324188899775,387.52398174627007,391.5251212567044,395.5259277539502,399.5269590118719,403.5277726501265,407.5285104572621,411.5294235263763,415.53023525647217,419.53077704505733,423.5314742221021,427.53193590255376
4.468989e-05 4.468989e-05 4.795591e-02 0.00 0.451351563708815 -0.0397827163256654 0.15804679013016237 0.5606461269663462 334.88748209297535,338.8797631262857,342.87269779955955,346.8654155308549,350.85857671541896,354.8514363789424,358.84488099196994,362.83801339122545,366.83150740716763,370.8246652730788,374.81830877299944,378.81160940439287,382.80520934127196,386.7985325815458,390.7921880903224,394.7854238288692,398.77914111052786,402.77246000352653,406.76598097108536,410.75919098361146,414.7525443275666,418.7455630996927,422.7388727735526,426.7317585114332,430.7249564473873
2.091623e-08 2.091623e-08 1.972821e-01 0.00 0.45514384497330557 -0.0397827163256654 0.15804679013016237 0.5600833941262081 335.44670619492086,339.44565268884514,343.445332595564,347.44453592328665,351.4443622231739,355.4438616913709,359.44389003290894,363.44359966897633,367.443631273469,371.4435723730388,375.4438359899258,379.44369795023255,383.44403959215384,387.44401362020113,391.44424556977486,395.4442168890027,399.4444246039495,403.44455668616524,407.4446094918635,411.44439356305867,415.44457109533545,419.4442299532006,423.44423109078417,427.44377965720327,431.44430145301436
3.456694e-08 3.456694e-08 1.897356e-01 0.00 0.45515790629014535 -0.0397827163256654 0.15804679013016237 0.562132310314248 335.43975642235966,339.43855836025693,343.43814002833494,347.437293930976,351.43695421202995,355.4365380712051,359.43635439288187,363.4359049469073,367.4359469276286,371.4357312116361,375.4358414677003,379.43566434407444,383.4358320584827,387.4355105616053,391.43579636821636,395.43568787344475,399.43578006769184,403.43567884670523,407.4356444691055,411.43559058437614,415.43537044451,419.43493117348277,423.4348709743385,427.43432921452415,431.43482246730514
3.403891e-06 3.403891e-06 1.365032e-01 0.00 0.4563137806479323 -0.0397827163256654 0.15804679013016237 0.5623748215242109 335.6061607026677,339.6070208471404,343.6084394516724,347.60968062312185,351.6112751805923,355.61271126958206,359.6145102799558,363.61604860774725,367.6180939539079,371.61971925896216,375.6219509926649,379.6235639467657,383.6258787909337,387.6277122470622,391.6298221764343,395.6315159705962,399.63376712951987,403.63564710905126,407.63756293718143,411.6392447360664,415.641232318065,419.64277619325424,423.6444552909432,427.6460214752659
9.939159e-08 9.939159e-08 1.776527e-01 0.00 0.4551165090356405 -0.0397827163256654 0.15804679013016237 0.5634341005939907 335.4280950629847,339.4267220827587,343.42628444278847,347.4251927279352,351.42465360708195,355.4239348629146,359.42378695798413,363.4230999306824,367.42301864231774,371.4225742705822,375.42254309662343,379.4222461734625,383.42228199036134,387.4220192710971,391.42190739858296,395.42153040839315,399.4215077871047,403.42121819401535,407.4211604243102,411.42068832249123,415.4205454282522,419.41992481383085,423.41962258664825,427.4189575296393,431.41934247417413
3.471375e-08 3.471375e-08 1.922110e-01 0.00 0.45521128451027126 -0.0397827163256654 0.15804679013016237 0.5632025563678927 335.44242007394354,339.44127463494516,343.4408380125383,347.44005242318707,351.4396679967353,355.4392221639652,359.43917087349956,363.4386579019843,367.43869503128525,371.43844408820166,375.4386262905797,379.4384358582857,383.4386632769069,387.43845920991254,391.43866091527667,395.43857009289746,399.4386548483043,403.4385354495506,407.4385857339867,411.43826529176755,415.4383143174891,419.4378778441122,423.4377380609295,427.43713289373585,431.43757243270903
9.573209e-08 9.573209e-08 1.799807e-01 0.00 0.45514216177064 -0.0397827163256654 0.15804679013016237 0.564019434035216 335.4302649751965,339.4290297572543,343.42833269474306,347.427515364619,351.42708287478354,355.4262312321915,359.42598603651044,363.4255507149174,367.425468369921,371.4250321628275,375.4249661301956,379.4247568244077,383.42477363099067,387.4244302973084,391.42450203434765,395.42423459572956,399.4242967512033,403.42387296106654,407.42379737525926,411.42343712060654,415.42320993365263,419.4226748617547,423.42231895287887,427.4216574499812,431.4220795281114
1.210022e-05 1.210022e-05 1.731724e-02 0.00 0.45331710489865007 -0.0397827163256654 0.15804679013016237 0.5639538147337279 335.1622497614901,339.157831548127,343.1541309626291,347.14971590777185,351.146245618421,355.1424861192723,359.13902570379906,363.1352762447335,367.13194237459004,371.1283487863324,375.12522334582394,379.12170775170955,383.11861274362093,387.1149964866548,391.1120841913994,395.10850712616144,399.1054188595097,403.10189151050986,407.0986881074379,411.09497919462297,415.091729418497,419.0879613005562,423.0845291754813,427.0806888717741,431.07707699222544
4.063036e-06 4.063036e-06 6.460315e-02 0.00 0.45417528753108793 -0.0397827163256654 0.15804679013016237 0.5643816274797332 335.28616968662305,339.2831399879437,343.2807587972357,347.2780795387401,351.27611422777653,355.27358030552045,359.27161277620496,363.26943565344277,367.267591607344,371.26547143443264,375.26387943978455,379.26177440623985,383.2600776334327,387.25802167125147,391.25641955990216,395.2544349857319,399.2526577060671,403.2505555745832,407.24892707546684,411.2466613721852,415.2447439485078,419.2424462127487,423.2405230726512,427.237983830656,431.2358915385195
8.695024e-07 8.695024e-07 2.100328e-01 0.00 0.455844618993156 -0.0397827163256654 0.15804679013016237 0.5641048301358236 335.5305040528123,339.5305159074252,343.531051044367,347.53120768398367,351.5320613318721,355.5324781607489,359.533397976864,363.53410501019545,367.5351349760884,371.5359880569748,375.5371215932871,379.537944324383,383.53920069639014,387.54018606350985,391.54143281930214,395.54227230725553,399.54335531322357,403.54430161452615,407.5454572402226,411.54632644317996,415.54712530239584,419.54783007360516,423.54877332421563,427.5492040789495
1.795155e-05 1.795155e-05 1.768390e-02 0.00 0.45781170864389253 -0.0397827163256654 0.15804679013016237 0.5649327123832982 331.80783712691823,335.81140583094134,339.81456793209526,343.81863378219873,347.82216403106156,351.82619353913816,355.82993437541916,359.8342511016748,363.83818975205065,367.84254213204895,371.84667398891435,375.85122965945516,379.85530292084843,383.8599127877309,387.8641686498733,391.86867902418487,395.87285878439866,399.8774696811525,403.8816348514554,407.88613539438467,411.89012953160403,415.8945110469026,419.89854391210343,423.90270861015244,427.90653062968613
6.068301e-06 6.068301e-06 4.337276e-02 0.00 0.4538797011599623 -0.0397827163256654 0.15804679013016237 0.5637368975480014 335.2469051377278,339.24345676979704,343.24064712971057,347.23746014725873,351.2350209297098,355.23208990440264,359.22971961632857,363.2270617877402,367.22473761834243,371.2221488748478,375.220039962708,379.21745346806824,383.21537916017684,387.2128970088358,391.21081493887385,395.2083902469052,399.2060835581505,403.20367395701993,407.2013894452671,411.1987996663614,415.19645458864085,419.19370753532314,423.19127004177903,427.188447016851,431.1857479567875
4.029071e-06 4.029071e-06 1.236457e-01 0.00 0.45646873429752444 -0.0397827163256654 0.15804679013016237 0.5639075971752752 331.620530734206,335.6223062639693,339.62335959731394,343.6249175448762,347.62622162644595,351.62811493661746,355.6296758293128,359.6317205980181,363.633503182443,367.6356193900428,371.6375615955613,375.63972435813275,379.64172122881473,383.6439720689723,387.64600043041514,391.64834263201936,395.65030194607147,399.6526535201052,403.65459570019414,407.656788196975,411.6586453831179,415.6606776913583,419.66246187672664,423.6644923481551,427.6660493782015
2.196961e-08 2.196961e-08 2.039727e-01 0.00 0.45527765288700306 -0.0397827163256654 0.15804679013016237 0.5628551695703412 335.4536577286261,339.4525973269535,343.4522170498709,347.45148790185215,351.45149466613947,355.4509765578987,359.45099222633553,363.45076141711627,367.4509788790649,371.4508420678717,375.45105032408054,379.4510848360841,383.45144475350344,387.45132291367014,391.45170257985075,395.45168133412386,399.4521116467656,403.45195120874854,407.452178692403,411.4521011741951,415.4522389809054,419.4519550103471,423.4518872897241,427.4515218800092,431.45169568986114
2.370945e-05 2.370945e-05 2.198315e-04 0.00 0.4524823964060188 -0.0397827163256654 0.15804679013016237 0.5630183230584666 335.0437718903715,339.03798723218824,343.03279547633633,347.0272140156721,351.02230638608273,355.01700780302446,359.0121953887204,363.0071217156849,367.00239271551965,370.9974249436892,374.9928124552963,378.98793677760773,382.98345266870837,386.97846746179084,390.9740929863982,394.96908808477747,398.9645473672094,402.95964283700556,406.95499624963355,410.95007558016067,414.94524929023646,418.9402207862942,422.9353647353901,426.9300091265272,430.92484455380355
4.724384e-06 4.724384e-06 5.585767e-02 0.00 0.45402019451509734 -0.0397827163256654 0.15804679013016237 0.5628535479128021 335.27077149556294,339.2676179377758,343.2651250214964,347.26227299998874,351.2600067648351,355.25737336855485,359.25528141707895,363.2528192844369,367.2509544669485,371.2486770925065,375.2467025208287,379.2444589806875,383.24262156574764,387.2404494844296,391.23868931716004,395.236469049791,399.23465516374506,403.2324653763626,407.2304579898865,411.22820293725397,415.22612304790715,419.2236535659596,423.2213747031664,427.21894275664306,431.21658535473244
3.417979e-05 3.417979e-05 1.740954e-03 0.00 0.45865661487358556 -0.0397827163256654 0.15804679013016237 0.5622107513577699 331.93869468745896,335.9441662602396,339.94894464408674,343.95441281309735,347.95949325353735,351.96525920660605,355.9706253756079,359.9765203317244,363.9821065427074,367.9880999852612,371.99372008797474,375.9998679253792,380.00571700572976,384.0117955653674,388.01765914571274,392.02376752567847,396.02970064718806,400.03576034651326,404.04161594970685,408.0476585804654,412.0533733530932,416.0592358763081,420.06488712504006,424.0707185802986,428.0762180892074
7.088923e-07 7.088923e-07 1.351378e-01 0.00 0.4547983225511341 -0.0397827163256654 0.15804679013016237 0.563209660437118 335.38239199053606,339.3804685939771,343.37932215586346,347.3777935255571,351.37679437732453,355.3755837560059,359.3747502759948,363.37353548745057,367.37296544470337,371.3720009187273,375.3714321268419,379.37049546365887,383.37003526981096,387.3690875304803,391.3686822927884,395.36777037391334,399.3672856955293,403.36638343603494,407.3657883773809,411.3647872224313,415.3639401827205,419.36305846718494,423.3620083832944,427.3607847936653,431.36041793024464
2.178841e-05 2.178841e-05 8.890301e-03 0.00 0.457993723421889 -0.0397827163256654 0.15804679013016237 0.5630042011236713 331.8417010675794,335.8457862028139,339.84934997793425,343.85367050850493,347.8576264489135,351.8621517617713,355.86635591530074,359.87110339383975,363.87539411792216,367.8803236755288,371.8848344745977,375.88978136835436,379.8943850326363,383.89935763047043,387.9039123331921,391.9088779369837,395.9136231564484,399.9186437227855,403.9233083646058,407.9281149005777,411.932492003586,415.9372974635531,419.9418293080057,423.94638657844,427.95076212611906
6.525456e-06 6.525456e-06 8.868854e-02 0.00 0.45677304289484344 -0.0397827163256654 0.15804679013016237 0.5634860827294519 331.66556917376863,335.66838130192144,339.6699924939256,343.67226613767866,347.67406881027927,351.6763726315742,355.67854883069435,359.6813636097116,363.683446698283,367.686164256416,371.6885492553592,375.69148027870904,379.69396609139733,383.6967501583482,387.69928534187915,391.7023885511401,395.7047802573445,399.7077100959411,403.71017169422413,407.71294292559094,411.71538732997954,415.71799170977596,419.7203317609323,423.72275343140484,427.72479280813116
2.507092e-05 2.507092e-05 2.842299e-03 0.00 0.4523988822742235 -0.0397827163256654 0.15804679013016237 0.5628444304741019 335.03237061138464,339.0264064604331,343.0211468429687,347.015430478372,351.0103278401578,355.0048701095987,359.0000131803403,362.9946974657239,366.9898610538028,370.98476899199903,374.98008813446035,378.97507916036153,382.97041165901607,386.9653405041313,390.96072054335696,394.95567371881924,398.95100178969136,402.9460138665126,406.9413886224275,410.9360435794719,414.9311341861818,418.92604252896126,422.9208835359347,426.91554160596615,430.91012302990885
7.643365e-07 7.643365e-07 1.316021e-01 0.00 0.4547375828821748 -0.0397827163256654 0.15804679013016237 0.5623065450773096 335.37793816197365,339.3762722773384,343.3748976814452,347.37334145727726,351.3723605046994,355.3710066778166,359.37017050874596,363.368964795313,367.36831157517514,371.36739732104445,375.3667152440927,379.36583060517825,383.3652449013391,387.3643397992162,391.36381456098354,395.3629991372392,399.3623618748369,403.3614582383303,407.36082001623606,411.3599149528304,415.3590468594702,419.35790346010884,423.3569983217527,427.3556521496104,431.3553254095484
6.598022e-06 6.598022e-06 3.822253e-02 0.00 0.45375543193359946 -0.0397827163256654 0.15804679013016237 0.561833724025993 335.2358020439868,339.2322737353759,343.2294406602352,347.22609127377723,351.22340214599825,355.22044006548475,359.2179653684547,363.21525374198893,367.21263260818046,371.209987602931,375.20768114983633,379.20506056019036,383.20287668106505,387.2002699026511,391.19804890151215,395.1954971085306,399.19323265838943,403.1906114238656,407.18809332403697,411.18558052795385,415.1831289508083,419.1802682537309,423.1776778463634,427.1748351754439,431.17205339759965
3.091199e-05 3.091199e-05 4.088421e-03 0.00 0.45213232104889 -0.0397827163256654 0.15804679013016237 0.5645771022230325 334.9866998811253,338.9800948066688,342.97429336472374,346.96807631495193,350.9623969329978,354.9564963441743,358.9509118772517,362.94508497428376,366.9397842010628,370.93404203057236,374.92876613724263,378.9231472514235,382.91800126239724,386.91239621635424,390.9072933341059,394.9016346915718,398.8964624789438,402.8908159557593,406.8855374251824,410.879899021992,414.87436751656884,418.86859211754467,422.86297019329817,426.8569922726443,430.8510501764116
1.151257e-05 1.151257e-05 4.736183e-02 0.00 0.45721085348495055 -0.0397827163256654 0.15804679013016237 0.5621302521301913 331.734111805206,335.7373930989936,339.73977569077005,343.7427640007897,347.74542325619177,351.7487260398387,355.75159862788655,359.755110014143,363.75816904554614,367.7617138113665,371.76503630744327,375.76867121939426,379.77195216985325,383.77570415436077,387.77908796514697,391.78282375392837,395.78612798869887,399.7898823957093,403.79328498945813,407.7968333409172,411.8001633544996,415.8036127984726,419.80663804243545,423.81000915845215,427.81304926298645
1.663030e-06 1.663030e-06 1.041338e-01 0.00 0.45451831162772577 -0.0397827163256654 0.15804679013016237 0.562545131052859 335.3440477189289,339.34181674422666,343.34011460612913,347.33816915302134,351.3367363278534,355.33496514147174,359.33383423294066,363.3322386360051,367.33119628894246,371.3297816314145,375.32868470608815,379.3274335677716,383.3264479367108,387.32514912792385,391.32415253481315,395.32296214428055,399.3219862293146,403.3206323405068,407.31956334904675,411.31818957503657,415.3169148200122,419.3153887405421,423.31406715738535,427.31241696010125,431.3111573221539
3.097222e-07 3.097222e-07 1.594749e-01 0.00 0.45507111816635015 -0.0397827163256654 0.15804679013016237 0.5661747649534205 335.4097002864834,339.4081489994379,343.4072292615635,347.40612792468016,351.40530338338823,355.40435847664764,359.40386729880856,363.4029432589706,367.4027155682177,371.4019829876535,375.401731079363,379.4010875874167,383.4009382413726,387.4004018841487,391.4000696011785,395.3995910791459,399.39928388352047,403.39855488438303,407.3983228319184,411.39759934155734,415.3970954009142,419.3962926589535,423.39567095562,427.3947480163671,431.3949060335144
9.839077e-08 9.839077e-08 2.296177e-01 0.00 0.45550288605935324 -0.0397827163256654 0.15804679013016237 0.5650768197173792 335.47722218346087,339.4765516456692,343.4764261461192,347.4761287140529,351.4762763757202,355.47604050878067,359.47635817638,363.47630122673627,367.4769053869483,371.4770339599514,375.47745099857514,379.47768897630607,383.47829043341744,387.4785372314733,391.47920957368365,395.4794280612608,399.47992209219666,403.4801883152623,407.4807343221786,411.480795468513,415.48108692812355,419.4812103726627,423.4812865640356,427.4811402875409
4.422090e-05 4.422090e-05 1.303756e-02 0.00 0.45925117715136254 -0.0397827163256654 0.15804679013016237 0.5656736449267785 332.00930841657123,336.0155009417074,340.0211053747502,344.02738143278435,348.0332382607972,352.0398773005635,356.04603030138156,360.0528148567836,364.05904165650304,368.06597710762054,372.07252183918064,376.0793126603812,380.0859895581686,384.0930205100912,388.099556349001,392.10662582412255,396.1133404301973,400.1202131988658,404.12675493234894,408.13368465342955,412.1401894692059,416.14693446181377,420.1534437181178,424.15990742011945,428.1660455672817
2.428793e-05 2.428793e-05 4.781967e-03 0.00 0.4581891522526057 -0.0397827163256654 0.15804679013016237 0.564118720591149 331.8648564512388,335.86927908835344,339.8732622644627,343.87773047141707,347.88202848188877,351.886722147117,355.8912008086345,359.89625414388775,363.9009493867826,367.9060442810131,371.9107442174852,375.915952286293,379.9208614597685,383.9261035277128,387.9311006266374,391.93622230049357,395.94119778463045,399.9463400347343,403.95128244469595,407.95643564766976,411.96115678469175,415.96626234460086,419.9709253493315,423.975727813077,427.980362544486
7.830087e-06 7.830087e-06 7.317292e-02 0.00 0.45704001637119657 -0.0397827163256654 0.15804679013016237 0.5667982819997179 331.6893979298003,335.69241990178546,339.694202991512,343.6966956797547,347.6987383233532,351.70143064062154,355.70378766268476,359.7066726137994,363.7092418979253,367.71214154338054,371.71478827469963,375.71794274411974,379.7206932066848,383.7237525036678,387.72648236315285,391.72959613606514,395.7324491064819,399.73549701407507,403.7382304344523,407.74123344205907,411.7440291343066,415.746712869274,419.749331922871,423.75208091547034,427.75446820620635
4.310173e-05 4.310173e-05 4.060479e-02 0.00 0.4515835012748181 -0.0397827163256654 0.15804679013016237 0.5650166537590856 334.9030304090224,338.8956023759184,342.8886669687753,346.88140081662704,350.8747777950208,354.86783179017493,358.8613169259591,362.85455552479107,366.8481898452557,370.84157391967346,374.8353362494641,378.8287545554528,382.8225154051296,386.81603312332635,390.80980596924087,394.80313177461414,398.7968640168381,402.7902945336771,406.783906358959,410.77733461840484,414.77087419106925,418.7639291390642,422.7572274820105,426.75037173736985,430.74353947279803
8.927747e-07 8.927747e-07 1.276100e-01 0.00 0.45476140165371026 -0.0397827163256654 0.15804679013016237 0.564226309627162 335.37354698014207,339.3716834066034,343.37040878462597,347.3687419160387,351.3676665429905,355.36620376900055,359.3652813553044,363.36415411492993,367.3633392003277,371.3621922478346,375.36155522647283,379.36052959474597,383.3599881657901,387.35907199527884,391.35840964150026,395.35738502616834,399.35675200356945,403.3558574842253,407.3550124223171,411.35392517767497,415.353139756326,419.3518845588812,423.35085315350875,427.3496090551105,431.34912049411327
3.941208e-06 3.941208e-06 1.253349e-01 0.00 0.4564537201260545 -0.0397827163256654 0.15804679013016237 0.5638463727784476 331.618537264249,335.62029017721494,339.621188129571,343.62284707985197,347.6241140467654,351.6259493870844,355.6275419461472,359.6295357108368,363.63122493545217,367.63334352059127,371.63518170952153,375.6374142088582,379.6393577514117,383.641597246288,387.64361914588716,391.6459277930842,395.6479440859169,399.65011702529273,403.65213218211755,407.6543437517423,411.6560961669241,415.65829194862795,419.6599067190576,423.6619296312735,427.66343873905976
7.420625e-06 7.420625e-06 7.801753e-02 0.00 0.45694022528911593 -0.0397827163256654 0.15804679013016237 0.5653140766069035 331.6816077615047,335.6845937209643,339.68633666822365,343.68874430337996,347.6906765893535,351.6933716612445,355.6956244942133,359.6984115565634,363.7008366050926,367.70378947860684,371.7062930869355,375.709332375726,379.71204209428856,383.7150466705694,387.7177642401018,391.7208041410137,395.7235094613526,399.7265503464489,403.72922672146433,407.7320925809903,411.7346675936236,415.7375414812441,419.7399983578671,423.7426738205347,427.74491599958446
1.551451e-07 1.551451e-07 2.336663e-01 0.00 0.4554587185097279 -0.0397827163256654 0.15804679013016237 0.5628753558252486 335.48072272673915,339.4799643484854,343.4800730041155,347.47965931301394,351.47984610888255,355.4797829191483,359.48020485574943,363.4802046746791,367.4808208870441,371.48101625863046,375.48149251468726,379.48186759253315,383.48245231170074,387.48283191383575,391.4835675115239,395.48407372249375,399.4844779621214,403.4847948058431,407.485233311784,411.4856017536718,415.48587048885105,419.48603290284643,423.48633991933235,427.48619290815515
4.821830e-07 4.821830e-07 1.484400e-01 0.00 0.45494043451789107 -0.0397827163256654 0.15804679013016237 0.5647013376790192 335.3970914220271,339.39546953678644,343.3945151678954,347.39303034174475,351.3923357124086,355.39110831913,359.3905994969322,363.38968162668164,367.3891632822256,371.3883172464263,375.38795413435463,379.38718929243805,383.3867407180036,387.38605853350225,391.3857454921984,395.38497925599324,399.3845888771188,403.38395058488726,407.383532252567,411.382605161647,415.3820112163389,419.381147752155,423.380329284614,427.3791864078153,431.3792509595484
3.268421e-05 3.268421e-05 1.357675e-02 0.00 0.45212958225206207 -0.0397827163256654 0.15804679013016237 0.5668706246958455 334.9763831176086,338.9697948491396,342.9637670827428,346.95729714226815,350.9514686089165,354.9453746061333,358.93978137477575,362.9337352663232,366.92831201823094,370.92242944043335,374.91695302228004,378.9112753231915,382.90592106131106,386.9001377954209,390.8948315413195,394.889136899914,398.88365739091915,402.87801757079063,406.87242198650983,410.8666507768116,414.8610780525276,418.85492904223366,422.84931029616115,426.8431526140712,430.83718479311807
1.180411e-07 1.180411e-07 1.744559e-01 0.00 0.4550804094797124 -0.0397827163256654 0.15804679013016237 0.5630922973287287 335.42473879114596,339.42337636259424,343.42275288703763,347.4217675454107,351.4213047397305,355.4205177403542,359.42015411758723,363.41946420254476,367.419385487442,371.4188548964299,375.41889570034584,379.4185659886447,383.4184653763375,387.41807969404675,391.4180924629038,395.41786649143,399.41778602837996,403.4174078506939,407.4172667637938,411.4168051187267,415.4165871137806,419.41594114392456,423.4156704839322,427.4148915160333,431.41525142285013
9.102700e-05 9.102700e-05 2.494356e-01 0.00 0.44984188341455944 -0.0397827163256654 0.15804679013016237 0.5637905967767264 334.6497882893238,338.6394063683388,342.6295494246287,346.61934158198784,350.60966933280594,354.59971165000263,358.5903195126075,362.5805622637776,366.5711901248301,370.56155516296747,374.5523041978678,378.5427124190305,382.5334777067299,386.52398350004376,390.51480325684037,394.50521048100813,398.49584161517294,402.4862718524411,406.47699701330953,410.4673055965156,414.45780570400717,418.4481361415356,422.4384647582298,426.4286190700628,430.4189082893509
6.915836e-07 6.915836e-07 2.210291e-01 0.00 0.4557447799551727 -0.0397827163256654 0.15804679013016237 0.5634151131756915 335.5202360194212,339.51999472100886,343.52045101236644,347.52054322683864,351.5212830637803,355.52164733834974,359.52247844650765,363.52300222435116,367.5240040603694,371.52466152214305,375.52575405162924,379.52648261392994,383.52757842228715,387.52841905714706,391.52971482809323,395.530253421453,399.53140412789855,403.5321949976253,407.53323651792306,411.53390611937857,415.53481799549826,419.5353540551213,423.5361620840331,427.536504538346
3.095625e-06 3.095625e-06 7.750403e-02 0.00 0.45429286705639976 -0.0397827163256654 0.15804679013016237 0.5636509888496795 335.3065986461604,339.30385640022257,343.30179201224286,347.29940695125003,351.2974727651713,355.2953358979448,359.29363003468046,363.29158258922484,367.290049761646,371.28818897884827,375.28676297853127,379.2849545019939,383.2834879726014,387.2818683216515,391.2802978907262,395.2786167883448,399.2772148800663,403.27536615812846,407.2738111197149,411.27207905317675,415.27032175506207,419.2683429439857,423.266529299233,427.26439608899716,431.2624121135121
7.282662e-05 7.282662e-05 8.682840e-02 0.00 0.4603004795708355 -0.0397827163256654 0.15804679013016237 0.5639104251261666 332.1643158860293,336.1720515498911,340.1795868302334,344.18766473121275,348.1955082409108,352.20378106846346,356.2118961825042,360.2204957710804,364.2286544406015,368.23742693926357,372.24579169928137,376.2545334579632,380.26312777025004,384.27195205487584,388.28038576861127,392.28935988816755,396.297862483564,400.3065300192134,404.3150755978525,408.32372578515805,412.33226100785294,416.34092097513314,420.3491092235858,424.35770883717487,428.3658880841261
1.560196e-05 1.560196e-05 2.680481e-02 0.00 0.45754512844253664 -0.0397827163256654 0.15804679013016237 0.5623774002867061 331.7807812807588,335.78417310540226,339.7871580488745,343.7907017993566,347.79398524099776,351.797679029426,355.8012570885337,359.80516668246526,363.8088572473957,367.812924080487,371.8167691576826,375.8209803990235,379.82484514731846,383.8291197073186,387.8330378505077,391.837314552136,395.841271940239,399.8455246121881,403.84937338798966,407.8534683633071,411.857321918902,415.86140908193363,419.8651290844863,423.86911023763787,427.87258136300596
8.891154e-07 8.891154e-07 1.272271e-01 0.00 0.4547262892648643 -0.0397827163256654 0.15804679013016237 0.5628771556269617 335.37290968649813,339.371059161854,343.3696552724542,347.368153845665,351.36692846365844,355.3657006806862,359.3647612316976,363.36359476206184,367.36280375966504,371.3617092435847,375.361058155171,379.3600407127833,383.3593498168408,387.3584195570389,391.3577736194696,395.3569234384762,399.35624238932417,403.3551144270839,407.35448650426036,411.3534383446045,415.3526836530503,419.3514846286521,423.3504275667934,427.3490748526252,431.34853301369293
4.733290e-07 4.733290e-07 1.497536e-01 0.00 0.45498260044673866 -0.0397827163256654 0.15804679013016237 0.5656264503933169 335.39875904752216,339.39709481640983,343.39602581923253,347.39476803016754,351.3940544682278,355.3929318295135,359.39221243997554,363.391249732079,367.39065144465326,371.38998874164656,375.3895691849117,379.38883794185324,383.3884459704015,387.3877220476496,391.38740136438616,395.38673922115885,399.3864404043808,403.38565638783103,407.38513968255165,411.38439312884935,415.3837856182283,419.38288591761136,423.38207609061493,427.3809628582641,431.381171525144
1.054311e-05 1.054311e-05 5.335301e-02 0.00 0.4571737696835007 -0.0397827163256654 0.15804679013016237 0.5636605604760001 331.72281793236186,335.72594566450545,339.72818933111745,343.73109743045956,347.7335572732303,351.7366968807285,355.7395240818259,359.7428251079739,363.74576567479517,367.7491604714877,371.7523347984424,375.75572801192345,379.759009870095,383.76249242084253,387.76579144464364,391.7693922834023,395.77260552417135,399.77611865403617,403.77933623562274,407.7827612596148,411.78586407593997,415.78928201063206,419.7922489867583,423.7954262836735,427.7982465757673
2.413048e-05 2.413048e-05 2.084329e-03 0.00 0.4524472433003031 -0.0397827163256654 0.15804679013016237 0.5626567005845352 335.0398338335577,339.0340818371922,343.02886129170383,347.0232639744549,351.0182642631037,355.0130054670809,359.0081182832767,363.00290724753194,366.99825958092964,370.99320801587845,374.9885010680006,378.983633191248,382.9790170250174,386.97407718987216,390.9695673042199,394.9646638740957,398.96002409333164,402.9549817193041,406.9503922158449,410.9453546085535,414.9406226223725,418.9354690246597,422.9305611504411,426.92526218339253,430.9199277121345
1.239040e-04 1.239040e-04 2.130067e-01 0.00 0.4617503465045879 -0.0397827163256654 0.15804679013016237 0.5616084864332886 332.3773938735442,336.3877668681992,340.3979166356558,344.4085776659234,348.4190176466333,352.42989888012215,356.4405323626438,360.45167019824885,364.4624547274492,368.47382412258463,372.48471462930195,376.49610582965977,380.5072266157082,384.5185944453629,388.5296766658874,392.54120072270433,396.552280566692,400.56368311941833,404.5748292894325,408.58612353174397,412.597135342598,416.60833630691593,420.61925273136575,424.630407019875,428.64133638990216
1.694516e-06 1.694516e-06 1.797773e-01 0.00 0.45599653865929374 -0.0397827163256654 0.15804679013016237 0.5625982563562387 335.5594512438125,339.55981792940526,343.5607025946584,347.5612812110682,351.5624751986933,355.56320217936855,359.5646188481857,363.56556492817236,367.56705538942094,371.56821286013724,375.5697870743331,379.5709095951262,383.5725805393243,387.5738540188665,391.57556336761905,395.5767259566139,399.5782863543951,403.5795515863375,407.58104616293167,411.58229428574697,415.58361352113064,419.5845982606693,423.5857616978817,427.5868100963893
2.716742e-06 2.716742e-06 1.512981e-01 0.00 0.45620483810087237 -0.0397827163256654 0.15804679013016237 0.562643452008815 335.58958256469276,339.5901068020092,343.59149773109095,347.5923112597028,351.59387580872124,355.5949905185122,359.5966467546262,363.59795668495576,367.599869731422,371.601453589196,375.6032370337429,379.60486401263165,383.6067867633613,387.6083316213081,391.6103512052485,395.61208267649596,399.6138482493858,403.61540308230184,407.6174014268165,411.61886940932413,415.6206088219633,419.6219336845685,423.6235344362141,427.6247283271247
9.307087e-07 9.307087e-07 1.282562e-01 0.00 0.45480263770560486 -0.0397827163256654 0.15804679013016237 0.5655617703040127 335.37401790357535,339.37202831213017,343.3708812716769,347.3690910006378,351.3680543193781,355.3666098893455,359.36567138851996,363.36455298231215,367.3637212306638,371.36267429590816,375.3620263198639,379.3609932353306,383.36028427961253,387.35933929171733,391.358699689626,395.3577712744384,399.3570608942239,403.35614786022876,407.3552545420716,411.35427131276197,415.35332475975866,419.3522142804705,423.3510528612829,427.34974508504655,431.34936608907276
8.694882e-05 8.694882e-05 2.291024e-01 0.00 0.4499148590135083 -0.0397827163256654 0.15804679013016237 0.5621168032966496 334.6671991036673,338.6570299117538,342.64745319381484,346.63742299032043,350.6280254777179,354.618311083656,358.6090177615375,362.5994659437639,366.5903400347397,370.5809567034345,374.5719312335871,378.5625509094948,382.55354605951175,386.5443229654911,390.53522899092764,394.5259633638449,398.5168743399946,402.5075513339277,406.49832646740134,410.48895792217735,414.47961732645837,418.47018866080936,422.460880866683,426.45108318429135,430.4415411751512
2.126276e-05 2.126276e-05 1.046492e-02 0.00 0.4578780610013517 -0.0397827163256654 0.15804679013016237 0.5609369982227519 331.83425899782293,335.83819206462425,339.84180298908524,343.8459896024434,347.84991740785097,351.8543193966172,355.8584735570422,359.8632334982377,363.86739946931243,367.87219223550477,371.8767353882387,375.8815988363628,379.8861196034119,383.891001755815,387.8955511244403,391.9005153587773,395.9051986742218,399.91016161987875,403.91454230310416,407.91939800818704,411.92388012008234,415.92856863913084,419.93295667307234,423.9376472247601,427.9417693496949
5.595843e-06 5.595843e-06 4.721367e-02 0.00 0.4538940341684411 -0.0397827163256654 0.15804679013016237 0.5623046503481376 335.25440825895663,339.2511539146222,343.2484255044045,347.245460315102,351.2428964699354,355.24006333073373,359.23781124948465,363.2353191203096,367.23307582452605,371.2305450595526,375.22857901061394,379.22609894921703,383.22401700154086,387.22190626771095,391.21974818659834,395.2174121095523,399.2153432568208,403.21296642562515,407.21078773886035,411.20824768669536,415.2059766430789,419.20352389619177,423.2010779864073,427.19820952175974,431.1957694612002
1.622134e-05 1.622134e-05 2.852072e-03 0.00 0.452875092325055 -0.0397827163256654 0.15804679013016237 0.5609854006963931 335.11121884152027,339.10622996294825,343.1018869467468,347.0971431603414,351.09303485251615,355.08856127026837,359.0845721565117,363.08028743434465,367.07651539253163,371.0722821146958,375.0684915982372,379.0645155631598,383.06079982071964,387.0568693378628,391.0531073932391,395.0490162462425,399.0452507006484,403.0413618862742,407.0374592702031,411.0334212380034,415.0294385298942,419.0252206261223,423.0210190681363,427.0167639547604,431.01238979855003
1.826293e-06 1.826293e-06 1.008242e-01 0.00 0.45452256078793557 -0.0397827163256654 0.15804679013016237 0.5638527823396979 335.3398966251336,339.33752996691925,343.3358101503332,347.3337358230584,351.33226904913533,355.3305711630848,359.32921648993846,363.3275798329826,367.32638929318006,371.3249122864304,375.3239292101947,379.3225299401271,383.32145161430054,387.32021557421973,391.31913071651314,395.31774516287,399.3167626886734,403.31531512222534,407.3142345578031,411.31264632774605,415.31141386460723,419.3097914161412,423.30849324000167,427.30669316163073,431.3055055873249
4.274008e-06 4.274008e-06 1.208604e-01 0.00 0.4564388133046539 -0.0397827163256654 0.15804679013016237 0.5621410551070387 331.62365137936996,335.625516330824,339.6265183205912,343.62827816037367,347.62960566031535,351.63160042484157,355.6331355439837,359.6351230499388,363.63707365336455,367.6392670379889,371.6412039042192,375.64352429416004,379.64552227733844,383.6478874515181,387.6499539466318,391.65228019974,395.6543996647243,399.65660175831243,403.6588335055812,407.66089969694167,411.6628680423598,415.66503303260237,419.66700474250194,423.6689627868077,427.6705960372161
1.799247e-05 1.799247e-05 1.882067e-02 0.00 0.45765415957987976 -0.0397827163256654 0.15804679013016237 0.560561135255818 331.803615150148,335.80714241348284,339.810421337663,343.81426162071403,347.81789346444214,351.8218775415947,355.8255652736259,359.82999788759366,363.8338586705966,367.83824419803636,371.8423021338697,375.84681697407126,379.8510707671519,383.85557856084137,387.8599327115763,391.86431472185757,395.868754977791,399.8731834418429,403.87732584492585,407.8818420961068,411.8859485796882,415.8902514986157,419.8943662716955,423.898449207687,427.9023410288784
5.126094e-05 5.126094e-05 7.114578e-02 0.00 0.4510638292159264 -0.0397827163256654 0.15804679013016237 0.5600904825151967 334.8469007656956,338.8387146575492,342.8311341625047,346.8233087756106,350.81607927023583,354.8084817001343,358.80143037292635,362.7938882241523,366.78698012354135,370.77982922129297,374.7728053624183,378.76562187007687,382.75882799370896,386.75157637603394,390.7448165435312,394.73756357227717,398.7306576028475,402.7235412267274,406.7165690942174,410.70934389855586,414.7022578954765,418.694967446559,422.68772313660577,426.6802133632127,430.67280533943887
1.852253e-06 1.852253e-06 9.900577e-02 0.00 0.45443390373919856 -0.0397827163256654 0.15804679013016237 0.5613263291287377 335.3370494123886,339.33463205107756,343.3329391377556,347.3308596071807,351.3295178396411,355.32766661722025,359.32637698988026,363.32466939370977,367.3234804366144,371.32199931946906,375.3210053982333,379.31967606866505,383.3186243514035,387.317198184098,391.3162729927866,395.31498496952645,399.31386675911693,403.3123605699826,407.3113073706758,411.3098417775467,415.308643279501,419.30697060148526,423.3055935889049,427.3038599752875,431.3023622706005
3.547650e-08 3.547650e-08 1.937601e-01 0.00 0.4552642046817362 -0.0397827163256654 0.15804679013016237 0.5646241654587921 335.44406505524995,339.4429328131686,343.4425611897179,347.4416583553628,351.4414667660054,355.44086557304166,359.44069926867803,363.4405113823331,367.4405109621344,371.4401498338083,375.44037256499655,379.44009343637174,383.4403136920507,387.4402476307799,391.44049599029495,395.4403837301488,399.4403930025591,403.44023100508286,407.44043161487133,411.44008104641154,415.44005003075654,419.43975845061493,423.4394936083237,427.43907272531914,431.4390939571389
3.515322e-05 3.515322e-05 2.102106e-03 0.00 0.45861847601571337 -0.0397827163256654 0.15804679013016237 0.5599715725578356 331.94345643117697,335.94890621460587,339.953834312838,343.95936323457954,347.96456660665234,351.97037335916076,355.97576147189807,359.981781841526,363.9873170124461,367.99347122458937,371.99915334947997,376.0053861101394,380.0113276046595,384.0175769199128,388.0234706540109,392.02971722259844,396.03557915594206,400.0418503159853,404.0477839370529,408.0538868601146,412.0596884544993,416.0658492536184,420.07146640883394,424.0772362573983,428.08290606809163
2.807253e-06 2.807253e-06 7.944514e-02 0.00 0.45420466256835174 -0.0397827163256654 0.15804679013016237 0.560294032613462 335.30899624374666,339.30632897937016,343.3042752149784,347.3019343461915,351.3001417335809,355.2980167544741,359.29645362818314,363.2944873079551,367.29300804959473,371.29112159856817,375.28976057610384,379.288048497173,383.2867312572847,387.2850787737379,391.28389433337895,395.28209406104446,399.2807310782611,403.27898158063294,407.2775742704139,411.27561812025857,415.2741159075615,419.27231318235357,423.27061234918085,427.26856041717684,431.266696972441
3.022226e-05 3.022226e-05 9.575430e-03 0.00 0.45216282137398484 -0.0397827163256654 0.15804679013016237 0.5640248830209147 334.9922265927325,338.98578750449514,342.9800912663703,346.97391396157684,350.968319650683,354.9622798889305,358.9569098108664,362.9510400433034,366.9458299070772,370.94020290902085,374.9350508856952,378.92947539895465,382.9242753482205,386.9188291249306,390.9137185199973,394.90812819724675,398.90306888434975,402.8973951222913,406.8923499931059,410.8866124769969,414.88128105060366,418.87554055257124,422.86991729647184,426.86411629733414,430.85821448346843
3.162039e-08 3.162039e-08 1.953307e-01 0.00 0.4552819730036347 -0.0397827163256654 0.15804679013016237 0.5648464832603569 335.44568248608215,339.44446949694975,343.4440846388082,347.44335225759943,351.4431447930872,355.44250960653807,359.4423958443862,363.4420996357907,367.44225078239526,371.4419429870897,375.4421010972433,379.4419319235501,383.442158142425,387.44195998262853,391.442218319933,395.4420429290749,399.442256847532,403.44201766292326,407.4421999231146,411.4418803113648,415.4419809529732,419.4415476384153,423.4414231526364,427.4408147506603,431.4410367521821
4.788772e-06 4.788772e-06 5.710101e-02 0.00 0.4541199048055429 -0.0397827163256654 0.15804679013016237 0.5654907859070913 335.27341179714665,339.27021370554064,343.26773650015815,347.2649512065945,351.26259996007695,355.25994466061,359.25798834474426,363.25545802127397,367.25353613438216,371.25124679412215,375.2493523944189,379.2471763397052,383.24535170221674,387.2432342574882,391.24129918930606,395.2391942594755,399.23726648111784,403.23502461928996,407.23319381605995,411.23083375597383,415.22872183861534,419.2260370102847,423.2240025502293,427.2214913717232,431.2189127957498
6.431873e-07 6.431873e-07 2.213203e-01 0.00 0.4558062120227523 -0.0397827163256654 0.15804679013016237 0.5655196494973396 335.52016771887656,339.51996651389135,343.5204852691619,347.52060334434174,351.5213022396714,355.5215161692493,359.52243197488025,363.52288251938245,367.523867219218,371.5244683132486,375.52554637512156,379.52632188491,383.5273611727269,387.52812380542866,391.52931443558776,395.53007687417914,399.5311387436361,403.53176711800603,407.5328128934751,411.53339751864,415.53440750667556,419.5349025204184,423.5356234982138,427.53587636840643
1.141102e-05 1.141102e-05 4.631698e-02 0.00 0.45733618593484815 -0.0397827163256654 0.15804679013016237 0.5658285693660535 331.73674097708596,335.7399389783367,339.7422962155225,343.7453437795905,347.74791870686545,351.7511962286116,355.7541321636398,359.75763823954816,363.7606426945029,367.76423627843985,371.767544753434,375.77124087128294,379.77443698179803,383.77813423631005,387.7815625837561,391.78527169159986,395.7886325765972,399.7922696007997,403.7956219211518,407.79920594523105,411.8024782729485,415.8058212033729,419.80906674185553,423.8122348495725,427.8153648336227
1.541247e-04 1.541247e-04 5.372359e-02 0.00 0.44828743026293116 -0.0397827163256654 0.15804679013016237 0.5652900344542225 334.41025434420595,338.3970357210221,342.3843206617143,346.3713124478376,350.35878915877566,354.34609004019825,358.33373103571256,362.32120163193014,366.3089564049255,370.2963925774674,374.2842792148437,378.2718358360072,382.2596837076724,386.24732006086805,390.235219497104,394.22287095279,398.2106809408123,402.1983620230615,406.1861742943703,410.1736017714122,414.1613578909064,418.1486674747353,422.13617037123083,426.1233817645095,430.11046726444357
1.701976e-05 1.701976e-05 1.976219e-03 0.00 0.452774046594198 -0.0397827163256654 0.15804679013016237 0.5596476563246673 335.10215617109435,339.097100913176,343.0926521713768,347.0877621402018,351.0835544425477,355.07901290217274,359.07500442736216,363.07053229662927,367.06674344233573,371.06255142378404,375.05856708688304,379.0544910354052,383.0506454624096,387.046475599475,391.0428178809153,395.03863806968315,399.0348511870706,403.03075989621044,407.02666286886404,411.02255510905263,415.018621025729,419.0141997230515,423.0100132992234,427.0055401295664,431.0010209595908
1.459931e-05 1.459931e-05 2.982341e-02 0.00 0.4575689890092886 -0.0397827163256654 0.15804679013016237 0.5650624565301573 331.7732311947403,335.77666375882933,339.77949425625565,343.78292844638185,347.78618021296234,351.7897628769985,355.79311219026096,359.7970398586311,363.80046242982655,367.80453809697303,371.80814291880307,375.8122563276984,379.8161555994393,383.8202222571759,387.8240995091356,391.8282898179066,395.83207658930826,399.83614660648107,403.83984726225725,407.84400145847945,411.8476655428777,415.85164072888784,419.8551403777875,423.85891104505123,427.8621339929515
2.542780e-05 2.542780e-05 7.285119e-03 0.00 0.4581274487575214 -0.0397827163256654 0.15804679013016237 0.5599826328132999 331.87400754600924,335.87848560736455,339.88262313125756,343.88720662922407,347.891704640533,351.896649995433,355.901256681247,359.9063689388956,363.9111483585804,367.91642825489316,371.92134799242746,375.9267558233394,379.9317494856668,383.9373117917916,387.9421634816195,391.9476982475308,395.95271164595704,399.9581159474287,403.9632288202724,407.9685208115628,411.9736652333064,415.9786373636725,419.9835371720793,423.988550303939,427.99348493427203
1.245041e-06 1.245041e-06 1.985404e-01 0.00 0.4557772520292892 -0.0397827163256654 0.15804679013016237 0.5595813570602423 335.5407236020205,339.5408133881082,343.54152838738247,347.54196703521137,351.5429335043441,355.54343735472145,359.54465490647635,363.5453337139111,367.54669633106727,371.54769163998367,375.54898241531816,379.5500368823331,383.55139498298576,387.5524966982911,391.5539347365717,395.55497072086513,399.55649263627805,403.55743236172384,407.55883697207923,411.5598307926349,415.561013914291,419.56185363236693,423.5628628768999,427.56356027903905
4.934877e-05 4.934877e-05 2.192872e-02 0.00 0.4594040389342954 -0.0397827163256654 0.15804679013016237 0.5639055425884045 332.0387454031185,336.04515406517265,340.05114349349583,344.0578048145721,348.06408103106696,352.071033012195,356.07759554710725,360.0846709443535,364.091354228882,368.0986433160307,372.1054435893551,376.1127066346094,380.11973126082756,384.127116698536,388.1340346682237,392.1414372452443,396.14834660295134,400.1556987945035,404.1628156232472,408.1699960407456,412.17688188031207,416.18395147852533,420.1908283157101,424.19778127783616,428.20432584999634
1.198795e-05 1.198795e-05 1.243096e-02 0.00 0.4533586422604011 -0.0397827163256654 0.15804679013016237 0.5650886642256064 335.16412395909236,339.15969568763154,343.1558785366623,347.15170464876854,351.14816768112075,355.14428331379867,359.1408464464978,363.13716938190106,367.13382526520104,371.1303122240948,375.127064367242,379.123534030286,383.12041962386576,387.11701938519,391.11388769343614,395.1105087232233,399.1072076101961,403.10386194279334,407.1005653593186,411.09695758009485,415.093617080323,419.08995478271663,423.0863551939652,427.0825475647707,431.0789395193221
5.101260e-06 5.101260e-06 1.115579e-01 0.00 0.45638497405691136 -0.0397827163256654 0.15804679013016237 0.55780552890399 331.63469303013244,335.6366200212092,339.6378562134412,343.63975080789254,347.64113828093116,351.6433170552368,355.64517875290204,359.6474352659928,363.6493364954921,367.65184643371987,371.65379565432914,375.65635534700465,379.65861268505614,383.6611488576235,387.6633089647817,391.66591622815014,395.6682414575655,399.67064314328644,403.67294579774506,407.67537950156697,411.6776489828873,415.6799241084389,419.68195742901594,423.68418320986814,427.6860097642523
9.475984e-08 9.475984e-08 2.235296e-01 0.00 0.45533741727531013 -0.0397827163256654 0.15804679013016237 0.5607464061094252 335.4713005953582,339.47053256049185,343.47036867986617,347.4699431555201,351.47002408459207,355.4697890121653,359.4700946147245,363.4701225762002,367.47051843597876,371.4705888270321,375.47111608996295,379.47135238668193,383.47196041522136,387.4721288970951,391.47274628414505,395.4730205956515,399.4734021841301,403.473651146996,407.4743706863226,411.47435023429813,415.4746295746371,419.47468378544886,423.474969063734,427.47471777284045
2.982589e-06 2.982589e-06 1.467857e-01 0.00 0.4561932293834966 -0.0397827163256654 0.15804679013016237 0.5613230259178564 335.5943264771849,339.59498472779546,343.5963802988719,347.59716474792657,351.59894878987814,355.6001133884067,359.60186607616555,363.6032487535919,367.605235762456,371.6067459312453,375.60872375803365,379.6104576347235,383.61243719147774,387.6141010006918,391.6161915084092,395.6178823985243,399.6198493889954,403.6216311907952,407.62348240374723,411.62505458910755,415.62680908740913,419.6283187446821,423.6299660809725,427.6312964981541
7.348844e-06 7.348844e-06 4.045052e-02 0.00 0.4536898518040412 -0.0397827163256654 0.15804679013016237 0.5620185378139035 335.2256083296975,339.22196925691173,343.21889322985555,347.21561438536054,351.21285145479357,355.20968528335857,359.2069874603804,363.2040777993527,367.2015194953286,371.19871707890286,375.19630657711645,379.19357650302305,383.1911980972186,387.1884396325726,391.1862090018946,395.18346871920096,399.18106446272,403.17829289582545,407.175924938228,411.1729519015643,415.17040603821215,419.16756803879287,423.1647214404164,427.16184339068604,431.1589633553675
2.373437e-08 2.373437e-08 2.036918e-01 0.00 0.45531905891246033 -0.0397827163256654 0.15804679013016237 0.5645280502843834 335.4536033824366,339.4524894199895,343.45217931899646,347.4513695082882,351.4512565199543,355.4507735768711,359.45090153450775,363.45064488411924,367.45073861502675,371.4507399318388,375.450956375365,379.45086192381416,383.4511504553883,387.451174851878,391.45144959939375,395.45148193464735,399.45165650209753,403.45165467573736,407.45187617671166,411.4517152684196,415.4517839819723,419.4515288535871,423.45141495687506,427.451031124848,431.4509677534313
2.163326e-05 2.163326e-05 7.149579e-04 0.00 0.4527325636629766 -0.0397827163256654 0.15804679013016237 0.5664041364190311 335.0667957133818,339.0612452815706,343.05629267339765,347.0509978978672,351.04624384549095,355.041208348337,359.0367149425511,363.0318368797297,367.0274939750036,371.0226100513772,375.0183069249852,379.01362980457594,383.0094483423398,387.0046653354821,391.0004251840293,394.9957724099352,398.99139501717724,402.98682572782315,406.9823375572301,410.9775248408095,414.9729671483434,418.96815554706643,422.96334142906204,426.9583577281476,430.95326299826854
2.627443e-06 2.627443e-06 1.492691e-01 0.00 0.45635064412139736 -0.0397827163256654 0.15804679013016237 0.5670829699247059 335.59235660744775,339.5929229855959,343.5941885675805,347.595200749124,351.59674276526243,355.5977289100964,359.5994926608285,363.6009050685615,367.6026457805567,371.6041670758016,375.60603710398107,379.60758877959773,383.6095143304381,387.6111330710819,391.6129803269668,395.61459944043145,399.6164342986747,403.61811453098034,407.6197866308273,411.62136139534744,415.6230006318637,419.624373475435,423.6259614416133,427.6270595325236
2.128867e-06 2.128867e-06 1.641852e-01 0.00 0.45616945569880213 -0.0397827163256654 0.15804679013016237 0.5648267240031454 335.5759404710468,339.5763339037412,343.57744341093536,347.57830768292723,351.57953403925166,355.5806000998959,359.5819627895299,363.5831809285387,367.5848674841638,371.58616626498645,375.58794812202217,379.5893083624551,383.5909039751113,387.59245252438586,391.5941711080822,395.595640599387,399.5974029119726,403.598774408688,407.60046119537583,411.601750589753,415.60328322111536,419.6044769457013,423.6058714269759,427.60683167980284
7.306279e-05 7.306279e-05 1.646660e-01 0.00 0.45024142551089585 -0.0397827163256654 0.15804679013016237 0.5592233452182933 334.72866530328486,338.71910798505706,342.7101131036281,346.70096447376216,350.69227902819307,354.6832670578071,358.67475605102175,362.66590498301554,366.6575696491145,370.6489533768731,374.6405412134481,378.6321111610227,382.6238436100013,386.61534267283514,390.6071733428108,394.59865336370893,398.5904428064785,402.5818418654579,406.5735556439413,410.5646424012381,414.55638891885684,418.5475220281588,422.5389297480828,426.5300697317207,430.5212162644806
9.606705e-06 9.606705e-06 1.992935e-02 0.00 0.45341010955904637 -0.0397827163256654 0.15804679013016237 0.5608677317175067 335.18917287919993,339.18511764032087,343.18155099730603,347.1777831517259,351.17457982550934,355.17103773152303,359.16793561728963,363.1645191582544,367.1616651912747,371.15837756962225,375.1555102206967,379.1524010560001,383.14962662361904,387.14653984884944,391.14370356389276,395.14069209083885,399.1378810798722,403.13476600472114,407.1318022027272,411.128580553855,415.1256886929692,419.12223576127957,423.1191585845772,427.1157940321915,431.1125009978898
1.325098e-07 1.325098e-07 1.750721e-01 0.00 0.45515029998901324 -0.0397827163256654 0.15804679013016237 0.5652431419952811 335.4256166253824,339.42432427208877,343.4236310275202,347.42264191455786,351.42213494034297,355.4214018821365,359.4211236258521,363.4204128744145,367.4203425789238,371.41979989731885,375.4197320054593,379.4192756283243,383.41921684196365,387.41891428089184,391.4188190157239,395.41863196641793,399.418490013294,403.4180707685764,407.41803471433207,411.4175707094136,415.4171608589544,419.4166391865175,423.41620726900976,427.4154897795347,431.415668403531
1.579033e-05 1.579033e-05 2.672415e-02 0.00 0.4574842388014452 -0.0397827163256654 0.15804679013016237 0.5603061630202616 331.7806334066769,335.7841378994232,339.78709614514037,343.7906247722407,347.7938840827643,351.79778179701924,355.80122228440894,359.80521411405107,363.80893677046066,367.8130683769506,371.8168870361572,375.8210784984681,379.82509849263295,383.8293743929349,387.83335600457815,391.8375270057408,395.8415559579044,399.8457094361445,403.84968117453616,407.8539537644588,411.8578235209716,415.8617814950955,419.86562044796966,423.8694956050348,427.8730914967742
5.192284e-04 5.192284e-04 4.586670e-02 0.00 0.44258037790972526 -0.0397827163256654 0.15804679013016237 0.5663269112365202 337.5158471595896,341.49267635899037,345.46932117138965,349.44654004162123,353.4234773822996,357.40083961151714,361.3778706847968,365.3552867511937,369.3323692114286,373.30996223622054,377.28721300264414,381.2646689469525,385.2419875258364,389.2196767857794,393.1968601871606,397.1744559306883,401.1516357352289,405.1290472137105,409.106158360078,413.0832996322671,417.06034259291744,421.0375284412365,425.01446413491885,428.9913165500067,432.96811851279807
3.003734e-05 3.003734e-05 1.086453e-03 0.00 0.458491129261655 -0.0397827163256654 0.15804679013016237 0.5635266417678073 331.910082295184,335.9150003025228,339.9195157874482,343.92463069377783,347.92950302575707,351.9347934074471,355.9397659315327,359.94528716313675,363.95042536534044,367.95620832318906,371.9614887007655,375.9672239579173,379.9725575434404,383.97849964247354,387.98391367682456,391.9896415161087,395.99511132074036,400.00092135411404,404.0063276094531,408.01209931266857,412.01740041779493,416.0230021419335,420.02821766135105,424.0336375183269,428.03879457872654
3.890376e-04 3.890376e-04 2.344298e-01 0.00 0.4440746577553764 -0.0397827163256654 0.15804679013016237 0.5612668736548921 337.7703430083701,341.7503130883416,345.7299778834138,349.71013843530636,353.6900951327811,357.6704839003625,361.65051599996264,365.6310990624284,369.6112977923624,373.59165306022106,377.5720374440538,381.5527329731269,385.53298518730566,389.51368986008504,393.49392475231156,397.4745590579917,401.4548356291384,405.4353199275664,409.4155377233344,413.3958766943214,417.3759710829762,421.3561609953503,425.3360282903572,429.31613504785287,433.2959000972939
4.865605e-05 4.865605e-05 5.896240e-02 0.00 0.4513287341770252 -0.0397827163256654 0.15804679013016237 0.5642853040887678 334.8678162393813,338.8598794734787,342.85258257272477,346.8449739053808,350.83787838882233,354.83051424589485,358.82369614938534,362.81644157345926,366.8096196344824,370.8025660680524,374.79593314585395,378.7888631562085,382.7823166018961,386.77528109930364,390.7686297183738,394.76173392053136,398.7550423582892,402.74791852881714,406.7411883557975,410.73410253456166,414.72734113133265,418.7199462274891,422.7130178233752,426.70562124150763,430.6984294544551
1.072320e-05 1.072320e-05 1.527726e-02 0.00 0.4532918451354225 -0.0397827163256654 0.15804679013016237 0.5604854362311493 335.1738611992376,339.1695652999503,343.1659890246719,347.16210520292503,351.15864591936656,355.1549188499308,359.15167406437433,363.14809435761333,367.14502422643113,371.1416630667406,375.1386386324699,379.13532771438616,383.132232163337,387.1290082237188,391.1261023786311,395.12283307109806,399.119808723863,403.11647510665443,407.1135202215721,411.1100068082882,415.1068829257037,419.10340559941,423.10009192677506,427.0964708371337,431.09315043950824
2.460064e-05 2.460064e-05 4.885025e-03 0.00 0.45810819051864654 -0.0397827163256654 0.15804679013016237 0.5618651918631345 331.86390415349115,335.8682012403959,339.87216911728643,343.8768050452344,347.8810492791764,351.8857557809134,355.89033309071584,359.8953091736565,363.8998835110367,367.9051602624905,371.9099393767363,375.91511836187414,379.9199694933505,383.92530312527043,387.9302106994589,391.93546369631804,395.94030788543307,399.9456418776463,403.950605729275,407.9558128516513,411.9605432746346,415.96567593087076,419.97040331848683,423.97533069309407,427.97990686059734
2.895589e-06 2.895589e-06 8.065336e-02 0.00 0.4543171544476081 -0.0397827163256654 0.15804679013016237 0.5634235158111615 335.31125232205915,339.30858196044403,343.3065676457992,347.30424315145666,351.30234328183576,355.300322838605,359.2986959882656,363.29675624958765,367.2953419865449,371.293380372557,375.2920211790401,379.2903125438468,383.2889580447437,387.28722515034667,391.2858318960626,395.2842014030491,399.2828306745482,403.28120935099776,407.2797412810887,411.2779320482344,415.27615999834603,419.2742957971231,423.27261740026273,427.2704152171349,431.2685611255097
3.017097e-06 3.017097e-06 1.459600e-01 0.00 0.4562014444760865 -0.0397827163256654 0.15804679013016237 0.5611466418302341 335.5952342246889,339.5960203159417,343.597294664428,347.5983421782364,351.5999131307565,355.6010909361127,359.60290852264154,363.6043067560372,367.60623267770944,371.6078247660121,375.60988582975295,379.61141580789774,383.6135170577279,387.6151342064901,391.6171613193578,395.6188913017559,399.62104277344946,403.62272322544925,407.6245895099803,411.62608048562413,415.62799010641316,419.62944464256725,423.63113918771603,427.6324944527327
7.120894e-05 7.120894e-05 1.564602e-01 0.00 0.45025731493893306 -0.0397827163256654 0.15804679013016237 0.5579188827198281 334.73709164771344,338.7276848463832,342.7188599278225,346.70972881565547,350.7012636046308,354.69227751511966,358.68394424420603,362.675173081045,366.6670086633968,370.6584591436454,374.6502904608359,378.6418427964255,382.6338130564983,386.62537993598255,390.6172882739608,394.60880958138694,398.60066675997456,402.59215154626486,406.58400226703515,410.5754586745739,414.56719928935405,418.55851557396215,422.55009144999985,426.54111120407845,430.53238741997694
5.775746e-06 5.775746e-06 4.420563e-02 0.00 0.453794345672517 -0.0397827163256654 0.15804679013016237 0.560296178125243 335.24824448283965,339.24475227363206,343.24210051390895,347.2389975194246,351.23640659200595,355.23361423687714,359.23121541873735,363.2285687743808,367.22644436320326,371.2238240850387,375.2216596787657,379.2193400389066,383.21715323398155,387.21472186667654,391.2127112904193,395.2103074092896,399.20809609955955,403.20561438292714,407.20358752876746,411.2010831791614,415.1988161271536,419.19611328258094,423.19368628405454,427.19089523920877,431.18845053234224
4.065758e-07 4.065758e-07 2.383771e-01 0.00 0.4556619321311944 -0.0397827163256654 0.15804679013016237 0.5641136075580441 335.5049711134715,339.5045812853299,343.5047482257949,347.5046511181604,351.5051489996268,355.5053044622049,359.50605535155205,363.50637781403253,367.5071664541937,371.5076753548131,375.50845451135484,379.5090715764122,383.5100319708425,387.51064377220825,391.51157024460184,395.5121336470072,399.51305496535343,403.5136499480015,407.5145450837315,411.5149122012349,415.51560036585806,419.5159664642724,423.51655615269317,427.5166238061474
4.746248e-06 4.746248e-06 1.157696e-01 0.00 0.456410017262779 -0.0397827163256654 0.15804679013016237 0.5597391670389101 331.6297176541778,335.6315122228742,339.63271765054645,343.63425844001904,347.6359083503531,351.6379796002266,355.6397286563278,359.6417749093903,363.6437120926877,367.6460293789261,371.6480825990341,375.65046540789695,379.652599923706,383.6548541776431,387.65721912822136,391.65967014157224,395.6618480843615,399.6643762937349,403.66642432211916,407.6688805803165,411.6708880906007,415.67314656446354,419.6750156934212,423.6772024394234,427.6791740561446
1.147140e-05 1.147140e-05 1.312539e-02 0.00 0.45327870200389797 -0.0397827163256654 0.15804679013016237 0.561807655301016 335.16631789366625,339.161858605984,343.1581277603559,347.15400127819476,351.1505864393524,355.14668250938064,359.14347393558774,363.1397304528196,367.1365136659224,371.132959753751,375.12985190439844,379.1264673695237,383.1234009871549,387.1200609209989,391.11698100293006,395.1135784359711,399.1104898968782,403.1071410933035,407.103961940245,411.100485950025,415.0971010725319,419.0935747737228,423.0901443934335,427.08626190629894,431.08289779973416
6.757267e-06 6.757267e-06 8.549377e-02 0.00 0.45684250287764594 -0.0397827163256654 0.15804679013016237 0.5645889940724909 331.67034510065173,335.673295902822,339.67471804352067,343.6771481224003,347.679027050745,351.68155697118993,355.6835586196953,359.68628942922555,363.6886364574607,367.69135385014727,371.6937961613281,375.6967202019661,379.6992074553629,383.70222253036263,387.704864357707,391.7076517918116,395.71023327842704,399.7130911514701,403.7157673227896,407.71862018003657,411.72100894033855,415.7236600689419,419.72595384233165,423.7285117834007,427.73070781487627
4.383483e-07 4.383483e-07 1.448871e-01 0.00 0.4547553240128092 -0.0397827163256654 0.15804679013016237 0.5595070819328972 335.3925376643832,339.39073271726147,343.3897125870743,347.38831870121163,351.38750211843916,355.3864315747914,359.3858279903184,363.3848164328866,367.3843464528427,371.3836023106002,375.383117148432,379.3824334319476,383.38206030466654,387.381418135245,391.3810246112169,395.380387526495,399.37991568009505,403.3793558866841,407.37890667695393,411.3780708484846,415.37746442336476,419.37657496713217,423.37593156489237,427.3749569736758,431.37488343955664
6.053890e-05 6.053890e-05 1.059818e-01 0.00 0.4507926195457217 -0.0397827163256654 0.15804679013016237 0.5623294026389382 334.79741940587013,338.7884453827312,342.7804258388164,346.7719545944051,350.76402205445544,354.75576285815026,358.7481347381043,362.74010322759864,366.73255560348497,370.7245739416812,374.71705294977266,378.70927682463247,382.701745598146,386.69399930840933,390.68653295808366,394.67879505510837,398.6713025453832,402.66350694747047,406.6559909536575,410.6480373828199,414.64043939176753,418.6324023697484,422.6245586362175,426.6163832851705,430.6083897492081
3.701509e-05 3.701509e-05 5.557952e-04 0.00 0.4587146414334571 -0.0397827163256654 0.15804679013016237 0.5589967570918469 331.96101924443605,335.96672907402444,339.97184711478087,343.9775962126702,347.98309206379633,351.9890287647604,355.99460430130495,360.000782205834,364.0067221571483,368.01304969961194,372.01901159604154,376.0253894240381,380.0315029695294,384.03793158882735,388.04405679005924,392.0507427082655,396.0567141168708,400.06323549204546,404.06929661447975,408.07568912519156,412.0818152694085,416.0879973912636,420.0938984942943,424.1000280937621,428.10599844170997
3.134305e-05 3.134305e-05 1.038998e-03 0.00 0.4585232901230202 -0.0397827163256654 0.15804679013016237 0.5626672782806731 331.9186790789042,335.92370301554564,339.92841042540806,343.9335831428237,347.93843939167436,351.9439428903979,355.9490210786629,359.95458263465093,363.95998684638016,367.96576844953495,371.9711465359395,375.97697754487587,379.9824932721479,383.98843995725974,387.99402662203653,392.0000112146539,396.00550312543504,400.0114543668878,404.0169453867334,408.02284131021247,412.0281717869589,416.0340154089298,420.03926872146127,424.0448924031187,428.0501447621573
1.652684e-05 1.652684e-05 2.885565e-03 0.00 0.4529708344007978 -0.0397827163256654 0.15804679013016237 0.5638289281836667 335.1119438604544,339.1068915243977,343.10243520266823,347.097686108691,351.09364276562735,355.0890788459342,359.0850831473723,363.0807540664639,367.0769605719684,371.0728402787664,375.0690193004986,379.0648788102947,383.0610776134263,387.0570819471208,391.05343222514585,395.04947914592964,399.0455771748785,403.0415690556864,407.0377883402538,411.0335176705978,415.0295180377283,419.02522725549113,423.02108413386094,427.0165850447093,431.01234547129
2.265987e-07 2.265987e-07 2.420363e-01 0.00 0.45547570006497734 -0.0397827163256654 0.15804679013016237 0.5617965668112185 335.48762213631534,339.4871303020578,343.48716375124275,347.487004083433,351.48720478001087,355.48715161750175,359.4876897227931,363.4878324673233,367.48842033210326,371.48875776844983,375.48952115338994,379.48980175083386,383.4905330216775,387.4911174339578,391.4918454920154,395.4922350627924,399.49300693155953,403.4933659678105,407.4940950414874,411.49432807588727,415.49490680331365,419.4951098256615,423.4954435276218,427.4955065662835
1.212006e-05 1.212006e-05 1.041323e-02 0.00 0.4531245220101861 -0.0397827163256654 0.15804679013016237 0.5590812562547218 335.1549900114476,339.15049728760414,343.1467173715809,347.1424481768577,351.1388066474837,355.1349537158551,359.13144534504113,363.1277472007448,367.124375981091,371.1208101793589,375.1176116648195,379.1140432970646,383.11079429363144,387.1074117821334,391.10427261408887,395.10073608884863,399.0976092301581,403.0941080390159,407.0908143471505,411.08716856083043,415.08387177781316,419.08015162367195,423.076581941443,427.07276176915985,431.0692445291004
1.510037e-06 1.510037e-06 1.834720e-01 0.00 0.45603322607316005 -0.0397827163256654 0.15804679013016237 0.5645483021421287 335.55609557183004,339.55642880250133,343.5572491606165,347.5577678389921,351.55881836843304,355.5596912211754,359.56083092367203,363.56180567323764,367.5632614977093,371.5641936404243,375.5657100080572,379.5668759344079,383.5684232079443,387.56970257473426,391.57121924293045,395.5723935809114,399.5738216562232,403.5750355910958,407.57648877132993,411.5774963248432,415.57882406574265,419.5798356729007,423.58097247832245,427.58173938923505
4.164926e-06 4.164926e-06 1.231483e-01 0.00 0.4563955355910471 -0.0397827163256654 0.15804679013016237 0.5613295199332071 331.6208855391142,335.6225254812956,339.6236593374243,343.62524938180155,347.6266568283203,351.62850451017795,355.63009612918523,359.6321380197062,363.633919286875,367.6360924378694,371.6380042975322,375.64032834656456,379.64222949993865,383.6446247856277,387.64666295517935,391.6489658603635,395.6510623016441,399.653388935892,403.65536930367057,407.65764215841193,411.6596101252197,415.66169716110466,419.66351957115086,423.6654476979734,427.6670476176526
1.982584e-06 1.982584e-06 9.357943e-02 0.00 0.45428803520472644 -0.0397827163256654 0.15804679013016237 0.5584643284451136 335.32910437451415,339.32668896539843,343.32492965458226,347.32276207925713,351.32130700836717,355.31943216846753,359.3180962537777,363.3164571465761,367.31513847635705,371.3136246325845,375.31249538378773,379.31105368603744,383.30998928928767,387.30857507546614,391.30749195022605,395.3060574525997,399.30503619964367,403.3036288480097,407.3023734555069,411.30086341923055,415.2995494740933,419.29793799973146,423.2966161476944,427.2948022401678,431.2931733479709
3.349136e-05 3.349136e-05 1.304087e-03 0.00 0.4584751713991168 -0.0397827163256654 0.15804679013016237 0.5583970550502585 331.9292180233561,335.9344803742706,339.9391370488762,343.94462348539145,347.94970672583,351.9552918110926,355.9605206128132,359.9663816709665,363.9718217226176,367.9778139485995,371.9835017289286,375.98938961716334,379.995241286186,384.0012767256308,388.00705074717115,392.0131028748427,396.01888770901604,400.0249228409731,404.03069887737183,408.03682218800026,412.0424035480046,416.0482167588858,420.05379615366115,424.0595596672989,428.0651621496018
9.032132e-06 9.032132e-06 2.396611e-02 0.00 0.453585323135633 -0.0397827163256654 0.15804679013016237 0.5641759544054039 335.20135220909674,339.19738481889135,343.1940509331804,347.1903588817729,351.1871728211205,355.18376119302485,359.1808542565962,363.17762095233195,367.1747776987082,371.17159854762974,375.16890763618454,379.1658164524152,383.16320356022334,387.1601248355764,391.1574201866656,395.15454942682385,399.15162635374537,403.1487028064622,407.14593189247756,411.1427618422743,415.1398357607544,419.13674504433357,423.1335070074891,427.13029000001626,431.12711276427063
6.787016e-07 6.787016e-07 2.220175e-01 0.00 0.455717392420248 -0.0397827163256654 0.15804679013016237 0.5624555005146135 335.51928987250193,339.5190677492318,343.5194840102544,347.51964229872925,351.52030271771486,355.5206965501397,359.5214587688992,363.5220131385613,367.5230006563118,371.5235688600043,375.52468080265277,379.5255198728692,383.5266592826151,387.52733748435975,391.52853750870526,395.52923437778975,399.53034416759755,403.5312008182468,407.53210991357287,411.5328116700794,415.5337449515102,419.53433549186843,423.53500177376964,427.5354095542186
5.585064e-05 5.585064e-05 3.518143e-02 0.00 0.4597226086972296 -0.0397827163256654 0.15804679013016237 0.565449483792675 332.0774342627478,336.0841437832722,340.09059111463273,344.09773067333765,348.10449494633036,352.11176850262814,356.11874440731503,360.126275622212,364.1334648737899,368.14103545505986,372.1484428971862,376.1560707196839,380.16363365661664,384.171334337502,388.1788136932544,392.1865809566776,396.19405924029314,400.2017106138858,404.20926745972037,408.2168282949311,412.22426726236165,416.2317515621675,420.23889974413845,424.2463328682412,428.2532161430229
1.670799e-04 1.670799e-04 3.373691e-02 0.00 0.448123427151142 -0.0397827163256654 0.15804679013016237 0.5685643772397392 334.37173823316067,338.3583693138328,342.3451401794856,346.3316106757439,350.31860622055353,354.3053696778748,358.2924885545491,362.2793669043209,366.2667785731653,370.2536964783085,374.24103186847145,378.2280777614081,382.2155863262429,386.2026312080356,390.1900809417752,394.1772020016213,398.16454677495403,402.15165277626835,406.1390040773533,410.1259657459227,414.1130573464654,418.09994709767244,422.0868864357018,426.07364894592797,430.0603094177279,434.0474802212436
4.669136e-04 4.669136e-04 2.145571e-01 0.00 0.4680854672348685 -0.0397827163256654 0.15804679013016237 0.5613512610932517 329.23057125176456,333.2508517778273,337.27170054601595,341.2922276009425,345.3135132720527,349.3343243971871,353.35570000368637,357.37690335051275,361.39856376153745,365.419762395983,369.4415174001796,373.46295459574435,377.48488131842834,381.5063240594166,385.5281860520624,389.54980526532825,393.5717501140516,397.59339222872956,401.61521170071086,405.6368122861492,409.65876657251465,413.6801300803569,417.7019782787402,421.7233672444669,425.7449800143637
5.175765e-06 5.175765e-06 5.394478e-02 0.00 0.4541140629020062 -0.0397827163256654 0.15804679013016237 0.5668176434588911 335.26784539775747,339.2646457770996,343.26203117234843,347.25911929743035,351.2568207407025,355.25410420521877,359.25191651594946,363.2494332137146,367.24741298431195,371.2450166674292,375.24311781557833,379.2406268546257,383.23881993617897,387.2365237182184,391.2346973542918,395.2325336503991,399.2304880493781,403.2281832408935,407.22613850561453,411.2237633831419,415.221656564754,419.2190920365178,423.2167262813644,427.2140226202493,431.2113960274572
3.421252e-05 3.421252e-05 1.883573e-02 0.00 0.4518199456532008 -0.0397827163256654 0.15804679013016237 0.5605386109025724 334.9573854992999,338.9505753233598,342.94440560673513,346.9377795603813,350.93182354525146,354.9254991569234,358.9197410269802,362.9135714067665,366.9079802044981,370.90191265618574,374.89642720879664,378.89052289477,382.8850131485369,386.8792304535343,390.8736418514827,394.86784336066796,398.8622575136742,402.8564416558295,406.8508479390453,410.8448296294311,414.8390701116415,418.8330570441271,422.8272459756624,426.8209154740616,430.81477418000634
1.952807e-06 1.952807e-06 1.741735e-01 0.00 0.4559501142160264 -0.0397827163256654 0.15804679013016237 0.5596621774164586 335.5648330296654,339.5652370980749,343.5662479573975,347.56692005687654,351.56810479986524,355.56904969838547,359.57040528860995,363.5715759769008,367.57311289905505,371.57442353078454,375.5760327264664,379.57746868559417,383.57894708613804,387.5803307568801,391.5820763689437,395.5834303256762,399.5850499549342,403.58639517011926,407.5880631150869,411.58924194585364,415.5908078113775,419.5919478076127,423.5932377106876,427.59428696037185
6.498958e-05 6.498958e-05 6.087587e-02 0.00 0.4599364772283204 -0.0397827163256654 0.15804679013016237 0.5615962615877808 332.1231469419022,336.13042555536737,340.13745431341886,344.14517735689856,348.15249824154074,352.16047403481457,356.1679665544565,360.17607364379,364.1838356425062,368.1920254072588,372.19993272948165,376.20824614042584,380.2163485327779,384.22475146073,388.23264360750505,392.2411170163345,396.249170300399,400.25750799576906,404.2655107127265,408.2738126997299,412.28180102856317,416.2899608449781,420.2978323045724,424.3057588542714,428.3134463887848
9.121057e-06 9.121057e-06 2.260014e-02 0.00 0.45349387649724593 -0.0397827163256654 0.15804679013016237 0.5618644678684499 335.19707609098407,339.19318002870085,343.18985672782316,347.18613179483145,351.18295526501606,355.179319998306,359.17640283346924,363.1731979655728,367.1702663476768,371.1672369175413,375.16445585704025,379.16128283462587,383.1587345049281,387.15564094434194,391.1529676887793,395.1498886927994,399.1471946534092,403.1441999698238,407.14134157346666,411.1382382064909,415.1353302190617,419.13208362403105,423.128928213473,427.12562554664123,431.1225426752156
2.275295e-08 2.275295e-08 2.034988e-01 0.00 0.4551759377373264 -0.0397827163256654 0.15804679013016237 0.5598228111790303 335.452590324189,339.45170695467783,343.4513630772267,347.4507286350451,351.45061201438705,355.45012114581067,359.45024546988697,363.45006275484457,367.4502710193223,371.4501293634862,375.4505134381114,379.4504261986005,383.45068562356516,387.4507420210893,391.4511258729256,395.4512216543825,399.4514679765578,403.45142269489526,407.45175217450674,411.45167978368494,415.45175129799344,419.45162910770216,423.45153887063435,427.45123545115473,431.4517485152011
8.960607e-08 8.960607e-08 1.817491e-01 0.00 0.45516209346737685 -0.0397827163256654 0.15804679013016237 0.5641427524406901 335.43217316282966,339.43088753879084,343.43022873812816,347.42932871270165,351.42887431895883,355.4282012717566,359.4279927189585,363.42749076384166,367.4273752089811,371.42691006045396,375.42706454338537,379.4267042526491,383.4267826407847,387.426551293359,391.4265280773038,395.4263346509696,399.426285238822,403.4259484450662,407.4260223144894,411.42570941013275,415.4254210071218,419.4248832322667,423.42449550444366,427.4238867777038,431.42423492029474
5.372565e-04 5.372565e-04 3.623536e-02 0.00 0.4425023694703883 -0.0397827163256654 0.15804679013016237 0.5699391233672652 337.4881294417206,341.46476159951277,345.44105511781424,349.41792479886635,353.3943808930666,357.37146789349833,361.34817589868896,365.325236540195,369.3018561968835,373.27909590171237,377.2559706882157,381.23303235336596,385.209999935097,389.1872360132326,393.16422489531357,397.14140187144125,401.11809883709384,405.095119411996,409.0717989204658,413.04869519773393,417.02535319989033,421.0020995751948,424.9784211112583,428.95501230672164,432.931275373693
2.617897e-07 2.617897e-07 2.497378e-01 0.00 0.45563804468033153 -0.0397827163256654 0.15804679013016237 0.5656485447613239 335.4951839470608,339.49479786868255,343.4949243990763,347.4947387951676,351.49509118300625,355.49508770544816,359.4956564909054,363.4958511097377,367.4965244915517,371.49687043825054,375.4976569005004,379.4980502256173,383.4988071993164,387.4993171802363,391.5000783949522,395.5005836268218,399.5013603070952,403.5018119812336,407.50248872064384,411.5028679629951,415.5034208442353,419.50357348867885,423.5040153480645,427.50420424000635
1.761378e-04 1.761378e-04 6.807353e-02 0.00 0.46318279995564005 -0.0397827163256654 0.15804679013016237 0.5656385768127788 332.5597957814443,336.5723424456361,340.58444204470743,344.5974508149263,348.6099808818603,352.623020532369,356.63581362050974,360.6490558028124,364.66204997556656,368.6753944149436,372.6885591725097,376.7020688526534,380.7152838053521,384.7289180453505,388.74216389798687,392.7557213479986,396.76885933660617,400.7825985527311,404.79570510759373,408.8091707937296,412.82239723349574,416.8356483956229,420.84868534522786,424.8619450375909
8.402660e-06 8.402660e-06 2.565530e-02 0.00 0.45348738804036487 -0.0397827163256654 0.15804679013016237 0.5598214881972213 335.2053319669938,339.2014292876943,343.19813487058894,347.1945796604267,351.19156586951976,355.18821747732744,359.1852779508704,363.18211684357004,367.17947115822636,371.17640654331257,375.1736938932386,379.1708487722806,383.1682241609785,387.16538559549434,391.16268655532724,395.1599032344646,399.1572483766855,403.15435472891625,407.1516824539547,411.1486779278867,415.1458557845463,419.1428308785724,423.13981191659724,427.1365119229624,431.1336134254471
3.258357e-05 3.258357e-05 1.380578e-02 0.00 0.45208268001860735 -0.0397827163256654 0.15804679013016237 0.5652441421988724 334.9752911952786,338.9686307762467,342.9626298256776,346.9562866157686,350.9504054881481,354.9442870229172,358.93868078856764,362.9327149406698,366.9271968054521,370.92135242598073,374.915979964726,378.9101904578098,382.90480558199806,386.8991152453154,390.89379436564275,394.8880977177715,398.88268729589487,402.8769104110304,406.8715106247138,410.8655219835183,414.86000128418493,418.85406960644525,422.8482742232391,426.84219556204084,430.8362706653276
3.080040e-06 3.080040e-06 1.462556e-01 0.00 0.45614902401909424 -0.0397827163256654 0.15804679013016237 0.5594876605189658 335.59466777426684,339.5954414245373,343.5967400886183,347.5978738236216,351.5993321712486,355.6006743599482,359.6023912148634,363.6038051093119,367.60572016790843,371.607321133071,375.60939638157436,379.61097320121036,383.61298357381344,387.6147055725155,391.6167443196408,395.6186202122829,399.62062144640396,403.6222483354292,407.6242184286211,411.625871743392,415.6277188361702,419.62920273762444,423.6309349530475,427.63226265572524
1.348850e-06 1.348850e-06 1.902950e-01 0.00 0.4559599292058745 -0.0397827163256654 0.15804679013016237 0.5639233142591219 335.54931865697,339.5494730813048,343.5501554227591,347.55073360977053,351.5516689760844,355.5522782851247,359.55357056862624,363.55449506781144,367.5557267062087,371.5566947981353,375.55811865716544,379.55919369316206,383.5607005924624,387.5618010974822,391.56330206750187,395.5644237939181,399.5658894746775,403.567012355809,407.56834645816963,411.56941031714314,415.5705985758475,419.5714730919412,423.57252523371125,427.57327819442935
8.494538e-08 8.494538e-08 1.791655e-01 0.00 0.45506321565246866 -0.0397827163256654 0.15804679013016237 0.5612822386034632 335.429254805611,339.42784020136065,343.4273590989055,347.42624762198415,351.4259157191787,355.42518594322524,359.4249575577334,363.4244525705163,367.4244724073616,371.42397374899156,375.4240277807656,379.4236286645409,383.4237296689942,387.42346690483834,391.4233722563721,395.42326473426726,399.42327324475457,403.42293643522936,407.42298432463116,411.422525060527,415.4222457215593,419.42194061633893,423.4215407130379,427.42090029992573,431.4216060267082
1.124633e-06 1.124633e-06 2.029636e-01 0.00 0.4557794128427014 -0.0397827163256654 0.15804679013016237 0.5606873474363011 335.5366174306665,339.5366008852969,343.53733523697645,347.53762510254114,351.5385078267804,355.53908395428107,359.5401679280206,363.54090823501235,367.5421566866868,371.54303532045594,375.5443029418082,379.5453362680234,383.546632807409,387.54775977620517,391.5489406204399,395.5500922468094,399.55139870058565,403.5523401921398,407.5536983904286,411.55458556935736,415.5557379756291,419.55647178206414,423.55751591077507,427.55819957049965
3.059035e-06 3.059035e-06 1.451949e-01 0.00 0.4562212196328536 -0.0397827163256654 0.15804679013016237 0.5617954691062054 335.59609624156735,339.59683657686736,343.59818721917156,347.5991444573995,351.6008597867664,355.6021195695986,359.60381688496904,363.60523939719064,367.60710385655364,371.6086934551883,375.61070806276234,379.6124268430293,383.6144503421387,387.6161554959571,391.6182682665403,395.6199115413365,399.62197849744075,403.62369055728135,407.62564626952144,411.62719828745975,415.62912930867907,419.630470041723,423.6322504159535,427.63359892000295
1.270485e-05 1.270485e-05 4.262958e-02 0.00 0.4571460208800508 -0.0397827163256654 0.15804679013016237 0.5577945562108684 331.7430079355762,335.7464534298841,339.7489870804177,343.75213543430425,347.75493818745525,351.7583006921874,355.76143109480364,359.76508834982343,363.76827052576135,367.77206434416996,371.7753975504044,375.7792569184876,379.7827493931001,383.78659659902223,387.7902023277571,391.7940398260228,395.79757919024837,399.80139958298577,403.80492907988037,407.80870445888877,411.81218958646747,415.8159275576908,419.81924402480485,423.8226802416749,427.8259607138751
4.017069e-05 4.017069e-05 3.251994e-02 0.00 0.45156256611459866 -0.0397827163256654 0.15804679013016237 0.561699302381596 334.9134257155297,338.90609205829315,342.8992634224528,346.8921831503978,350.88574132567317,354.8787297379025,358.87251293213376,362.86594703444797,366.8597588803105,370.8532712441968,374.8472083145147,378.8407529373579,382.8346239213251,386.8282108940056,390.8222316397041,394.8157942914816,398.8097814728558,402.80348524804447,406.7972096243541,410.7906144537522,414.7844104694715,418.77784500063444,422.77148122442424,426.7644468878675,430.7579414986414
1.016757e-05 1.016757e-05 1.781985e-02 0.00 0.4533690466742323 -0.0397827163256654 0.15804679013016237 0.5611249453073901 335.182604055785,339.178317979635,343.1748947265691,347.1709861647574,351.1676215519639,355.16401723965095,359.1608645613771,363.1574064125816,367.15444081050725,371.1510493016173,375.1481741915154,379.1448678918098,383.1420342116628,387.1389448459841,391.13601321986334,395.13281884469603,399.12987118235594,403.1268036770595,407.12379000037555,411.12056645377976,415.1175614225426,419.1141733911982,423.1108145117187,427.10723134375394,431.1038733011139
4.719877e-06 4.719877e-06 1.147935e-01 0.00 0.4564618235629406 -0.0397827163256654 0.15804679013016237 0.5612896134398582 331.63083955377243,335.63291085724495,339.6340867913463,343.63581093498306,347.6372961231957,351.63929548299234,355.64098502824834,359.64330576482575,363.645106646879,367.64745112952727,371.64958630421654,375.651895300535,379.65393327311017,383.6565771330534,387.6587100395416,391.6610766674445,395.6632603793718,399.66577753380005,403.6678302748867,407.6703095599952,411.67237234959657,415.674534584729,419.67659090916845,423.6786334506753,427.6803869535215
3.232062e-05 3.232062e-05 1.542844e-02 0.00 0.45183254023376823 -0.0397827163256654 0.15804679013016237 0.5582429962594144 334.96827897883975,338.9616767759872,342.9555466208583,346.94913655842294,350.94330769836773,354.9371409176886,358.93153078682485,362.9255639816534,366.92008280964166,370.91421831036456,374.9088406221941,378.9030568857817,382.8977320194274,386.89182623812627,390.88664619744645,394.881013520575,398.8755488497671,402.8699203490596,406.8645126872488,410.8586762222212,414.8531422657066,418.84726808894163,422.841523750169,426.8354744381086,430.8294878556383
9.573987e-05 9.573987e-05 1.707264e-01 0.00 0.4608932698000146 -0.0397827163256654 0.15804679013016237 0.5601659309710149 332.26408925226804,336.2731056719168,340.28186047573274,344.29129084049913,348.3004485631615,352.3099574333779,356.319276018917,360.3290305435766,364.3384855191461,368.34853124534965,372.35806829326225,376.3681380601932,380.3777884275968,384.3880215742747,388.3977534452054,392.4078550184796,396.4176536224187,400.4277327858457,404.4375096966408,408.4474045570955,412.4571011893391,416.4669643863717,420.4765329680092,424.48621656669394,428.4958414985994
1.020078e-05 1.020078e-05 1.689968e-02 0.00 0.45330842223611323 -0.0397827163256654 0.15804679013016237 0.5596743972991982 335.1793071539857,339.1751321207019,343.1716141207175,347.16762558013335,351.16433464565426,355.1605743984607,359.1575090956866,363.1539889737661,367.15099002290196,371.1475964808092,375.1446847892746,379.1414816619842,383.13854877678995,387.1354096329193,391.13259140070994,395.1293772185314,399.1264245702428,403.1231785440459,407.12013625945076,411.11689757418776,415.1137676110527,419.1104301489793,423.1071518025604,427.10369287369093,431.1003792607748
8.432788e-06 8.432788e-06 7.180947e-02 0.00 0.45686636121624563 -0.0397827163256654 0.15804679013016237 0.5608013882318214 331.69049675294605,335.6937028194937,339.6955511324446,343.69810767947615,347.70032855472556,351.7030811596009,355.70550233659145,359.7082743309263,363.7111068643797,367.7141190262003,371.71674912890524,375.71996988040365,379.7228581104401,383.7260482133159,387.7289325673376,391.7321053636702,395.73506164738416,399.73812625293067,403.74109211467487,407.74426228930224,411.7470197387874,415.75002056009953,419.7527280266522,423.75552069290916,427.7580224382625
2.726073e-06 2.726073e-06 8.871504e-02 0.00 0.45428777448655194 -0.0397827163256654 0.15804679013016237 0.5618327521798938 335.31376594992213,339.31110519813865,343.30917467280534,347.3068757233893,351.3051270904461,355.30303769682115,359.30141812400166,363.29958539385683,367.2980950126522,371.2963532074465,375.2948980843284,379.29328401590965,383.29196542652153,387.2904014919583,391.2891361100098,395.28738982264395,399.2859985306142,403.28437320782285,407.28291379968914,411.2812674214409,415.2796667426114,419.2779101704249,423.27615142728223,427.274137724336,431.27230561026346
5.165082e-07 5.165082e-07 2.356313e-01 0.00 0.4555408017234783 -0.0397827163256654 0.15804679013016237 0.5594135984935399 335.50670797143096,339.50639458603615,343.5067229357988,347.5066424659597,351.50732115142154,355.5074140711834,359.5082428077832,363.5085733237813,367.5094474227225,371.5099723382999,375.51094165323286,379.5116649972391,383.5125758300241,387.51332278930374,391.5142664359699,395.51498441855944,399.515990937558,403.51662784065974,407.5175216043959,411.51814950236763,415.51891478515876,419.5192870762628,423.51999153820293,427.5203306147523
2.203431e-05 2.203431e-05 8.681748e-03 0.00 0.45797635705668877 -0.0397827163256654 0.15804679013016237 0.5622806621532599 331.8425913913742,335.8466163017917,339.8502512058528,343.8546143299316,347.8586382849504,351.86306786882153,355.8672569510853,359.872097713464,363.8765299409035,367.8813681530263,371.8857705383846,375.89083701255413,379.89537852062904,383.90049027404905,387.90510902238907,391.9101561992105,395.91494386282847,399.9198651536301,403.92447060669735,407.9294897634182,411.93391623979335,415.9387321960678,419.9431253773374,423.9478702524191,427.95213960918176
1.887117e-05 1.887117e-05 8.153347e-04 0.00 0.45259078059195346 -0.0397827163256654 0.15804679013016237 0.5578900820471511 335.08229869919774,339.0769692866153,343.0723051193366,347.06721519282144,351.0628755358012,355.05811920421104,359.0537292974669,363.0491917898774,367.04497046186844,371.0405555257467,375.03650436692783,379.0321262026416,383.0281217695844,387.02374210674293,391.01972984772226,395.0154643928865,399.01133315437573,403.00696070884294,407.00287312283405,410.99844833142276,414.9941321368243,418.98970923214046,422.98521184802115,426.9805380308007,430.9758936196033
1.079237e-05 1.079237e-05 1.530926e-02 0.00 0.4533220744028924 -0.0397827163256654 0.15804679013016237 0.5614662931343881 335.17417005712616,339.16994504382205,343.1662825954802,347.16220022920305,351.15880529691407,355.15507893765937,359.1518248572866,363.14830368140855,367.14518152134747,371.1418009938954,375.138783092942,379.13542360823266,383.1324072374791,387.1292591063545,391.1262427577336,395.12297421408056,399.11988665021045,403.1166102854364,407.11362835119706,411.11020146818305,415.10702550115195,419.1034654603109,423.10013129886386,427.09647101192104,431.0931861046937
