6.297776e-08 6.297776e-08 1.877905e-01 0.00 0.45531269806747615 -0.0397827163256654 0.15804679013016237 0.5679515803506034 335.4384783851805,339.4372808763796,343.43673992264974,347.4356988598161,351.43552148662997,355.4347997156609,359.43458692589684,363.4341373523541,367.4340460180375,371.43380281177866,375.4337261747379,379.4335941383019,383.4336106367771,387.43337406821934,391.43342532958866,395.43315111925557,399.4333478135435,403.43303683935466,407.4328308783957,411.43259397658,415.43252917954203,419.4318927109481,423.431664045339,427.4309820333097,431.4308524900377
1.504711e-03 1.504711e-03 1.170861e-01 0.00 0.45531269806747615 -0.03901910954987164 0.15804679013016237 0.5647692899377309 338.70658458904745,342.7442227765111,346.782726435513,350.8207872221885,354.85947289196696,358.897788525464,362.9366491489102,366.9751355483182,371.01408174019576,375.0527354500692,379.0918144317216,383.1305881559598,387.16961500267087,391.2083745579629,395.2475547662003,399.28625834791626,403.3253586944926,407.36408405723495,411.40305075557137,415.44173939467277,419.4806030737447,423.5191718862846,427.5578482629022,431.5962119551197
1.945114e-04 1.945114e-04 1.045682e-02 0.00 0.4474060387028429 -0.0397827163256654 0.15804679013016237 0.5647692899377309 334.28050127978,338.26665628541326,342.2522765998714,346.2378500141548,350.22371729657334,354.2094200915928,358.19559578223436,362.1814764552396,366.16772457627724,370.15366713563634,374.1401382750407,378.12618493044954,382.1124953504435,386.0986438082518,390.0849925822731,394.0710707049903,398.0574650585118,402.0434419270338,406.02970278283567,410.01562000667025,414.001857807506,417.987632231039,421.9736627745635,425.9593206735399,429.94520473089096,433.9309839008506
1.758627e-08 1.758627e-08 2.005690e-01 0.00 0.45531269806747615 -0.0397827163256654 0.1545960967133817 0.5647692899377309 335.45051302493744,339.4494228119359,343.44902848128874,347.4483054159856,351.4481508023404,355.44766210338196,359.4477695452561,363.4473810019448,367.44747887043417,371.4472826290642,375.4475192937897,379.447522218003,383.44771802333383,387.4476624062868,391.44804458143733,395.44788270411004,399.4480901901186,403.4481338049865,407.4481471379168,411.44798926413495,415.4480858732523,419.44777303348746,423.44776875037434,427.4471652501102,431.44731493837975
1.773736e-03 1.773736e-03 2.167575e-01 0.00 0.45531269806747615 -0.03895454952147981 0.15804679013016237 0.5647692899377309 338.9856646763339,343.0268308984567,347.068573211942,351.10998144439566,355.15190585437585,359.1935207296627,363.23575431330255,367.2776200656837,371.31996213475054,375.3619174204748,379.40424337464816,383.4462797179807,387.4886678738334,391.53080982692484,395.57328276687474,399.6153212503273,403.65776698194463,407.6997707389773,411.7420979970698,415.78402455014725,419.8263147397282,423.86828784984164,427.9102118237154,431.9518551492127
7.612936e-08 7.612936e-08 1.880989e-01 0.00 0.45531269806747615 -0.0397827163256654 0.15804679013016237 0.5678588249528951 335.43901729035105,339.43775407561725,343.4372725717646,347.4362680305663,351.43605608650944,355.4354166354362,359.4351807540683,363.4347153877614,367.4347552995584,371.4344071438208,375.4343692381658,379.4341002666279,383.43416773080764,387.4340264345443,391.4341733265493,395.4338637727459,399.43394949779946,403.43366325706796,407.43363295330954,411.43336524245694,415.4330894251705,419.43257184960487,423.432394614847,427.4315643757064,431.431663103247
2.850097e-05 2.850097e-05 1.455301e-03 0.00 0.4584424657602263 -0.0397827163256654 0.15804679013016237 0.5647692899377309 331.8991412564018,335.90400776640877,339.9082987916077,343.913241306461,347.91791560575956,351.92309976554037,355.927923214655,359.9333854339782,363.9383536535559,367.9439700993688,371.9491859015083,375.9546689377035,379.96009900735737,383.96568072123443,387.9710463366641,391.9767383582629,395.9820853334454,399.9876273770336,403.9930103585023,407.99852290061557,412.00367881736844,416.0092047552557,420.01421154795617,424.0194322209832,428.02447351064126
1.662854e-08 1.662854e-08 2.018050e-01 0.00 0.45531269806747615 -0.0397827163256654 0.1578564045963284 0.5647692899377309 335.4516855561664,339.45062593281375,343.4502413187375,347.44952604002214,351.4494166616566,355.4489308793768,359.44905942563815,363.44866707111896,367.44878391329223,371.4485959635984,375.44885255290194,379.44886299487234,383.44908334054196,387.44904254539347,391.4494222189201,395.44928765292696,399.449498439153,403.4495326737928,407.4495816767628,411.44941671592335,415.44952369051015,419.4492418398009,423.4492529731933,427.4486677172254,431.4487794295529
3.125276e-06 3.125276e-06 7.773564e-02 0.00 0.45531269806747615 -0.03981704120313682 0.15804679013016237 0.5647692899377309 335.30732740074325,339.30458823488084,343.30242609734347,347.29998452177495,351.2981255178993,355.2959115613863,359.2942781703782,363.292202051803,367.2905773219958,371.2886896945197,375.28722484570164,379.2854328025103,383.28398349120323,387.2822258124338,391.28085422561793,395.2789623061298,399.2775569105635,403.27571901314997,407.2740960253702,411.2724289104469,415.2706648227461,419.2687018471518,423.2667915177591,427.26464765763,431.2629386469361
1.050728e-07 1.050728e-07 1.847447e-01 0.00 0.45531269806747615 -0.0397827163256654 0.15804679013016237 0.568441866335287 335.435803841516,339.4345641056734,343.4340361031428,347.4330736160188,351.432696761466,355.43198668754366,359.4318424077768,363.4312183587352,367.4312116493728,371.430763961144,375.4307201074989,379.4304883786899,383.4305288943473,387.43026321448457,391.4303439294937,395.42995916000933,399.4299983561828,403.4297264778539,407.4296393358532,411.4292315152902,415.4291119385424,419.4283817443985,423.42802784383946,427.42728086071963,431.42727440248996
7.988948e-06 7.988948e-06 3.037504e-02 0.00 0.4537165988769728 -0.0397827163256654 0.15804679013016237 0.5647692899377309 335.21819508917355,339.21428434646856,343.2112832619277,347.2077144272696,351.2047802399478,355.20145289833823,359.1988442325977,363.1956575403005,367.19312144206606,371.19009963966215,375.1876444944665,379.18472685178136,383.1821735383573,387.1794615651565,391.1770311543349,395.174086978231,399.1716465371425,403.16875649164786,407.16616793865256,411.16323689380414,415.16049375296365,419.1573409816893,423.15455376558276,427.15130895731374,431.14832999520536
1.710059e-08 1.710059e-08 2.027072e-01 0.00 0.45531269806747615 -0.0397827163256654 0.1620831089105045 0.5647692899377309 335.45262635445437,339.4515725153831,343.45119511987895,347.4504922921676,351.4503691363944,355.44989967170534,359.4500307781779,363.44965248681024,367.4497826688681,371.44958974142133,375.4498495907667,379.4498648603569,383.4500895996755,387.4500352887728,391.45043716136905,395.45029374547045,399.45052443349414,403.45056280447744,407.45059711326184,411.4504350381474,415.45053456683144,419.4502447554516,423.4502425756495,427.44967542770866,431.44978417313416
1.434943e-03 1.434943e-03 7.512691e-02 0.00 0.45531269806747615 -0.03903653650498215 0.15804679013016237 0.5647692899377309 338.6305381461491,342.6674855213027,346.7050029530574,350.74209654467194,354.77994544627126,358.8173138615253,362.8552081564944,366.89274013276685,370.93091870012444,374.96863776075764,379.00676907977754,383.0444852627326,387.08277883070906,391.12064692993437,395.15882132221543,399.1966989211294,403.23490929818695,407.2727378588265,411.3108684950822,415.34850379084406,419.38635650438243,423.42404558554904,427.4619360996261,431.499307894768
1.577379e-07 1.577379e-07 2.310101e-01 0.00 0.45531269806747615 -0.0397827163256654 0.15804679013016237 0.5585518187746383 335.4775386943559,339.4769571907208,343.4769187670146,347.4766655601662,351.4768306416352,355.4766364831049,359.4771922304915,363.477224233764,367.47768426709786,371.47786849186576,375.47852172103285,379.47878204022334,383.4794367435443,387.4798487668951,391.48047872534556,395.4808610971266,399.481496006076,403.48188331743245,407.48241190175764,411.482629362333,415.4830345871191,419.48312086832055,423.4836356429562,427.4835255823338
1.536993e-04 1.536993e-04 1.181430e-01 0.00 0.46262671874388567 -0.0397827163256654 0.15804679013016237 0.5647692899377309 332.4861311816512,336.4977210477542,340.509118874048,344.5211959031136,348.5327642020436,352.54500201824237,356.556962874314,360.56935186161223,364.5813726669684,368.593986125278,372.60615897038167,376.61881874916156,380.6311776709794,384.64385430028375,388.6561968129854,392.66884178759057,396.6812013300033,400.6939541312435,404.7062191987225,408.7189919703627,412.7311023757332,416.7436546159569,420.7557723914535,424.76821774416976
1.710059e-08 1.710059e-08 2.027072e-01 0.00 0.45531269806747615 -0.0397827163256654 0.16406995601798763 0.5647692899377309 335.45262635445437,339.4515725153831,343.45119511987895,347.4504922921676,351.4503691363944,355.44989967170534,359.4500307781779,363.44965248681024,367.4497826688681,371.44958974142133,375.4498495907667,379.4498648603569,383.4500895996755,387.4500352887728,391.45043716136905,395.45029374547045,399.45052443349414,403.45056280447744,407.45059711326184,411.4504350381474,415.45053456683144,419.4502447554516,423.4502425756495,427.44967542770866,431.44978417313416
1.377428e-07 1.377428e-07 2.284644e-01 0.00 0.45531269806747615 -0.0397827163256654 0.15804679013016237 0.5590117067540942 335.475463651114,339.47485404804206,343.47478986800957,347.47426555518206,351.474548849128,355.47435644560585,359.4746653687266,363.4747595867497,367.4751900409442,371.47542450237717,375.4759610967866,379.4762674301679,383.4768848159807,387.4771800647102,391.4777871620772,395.4781672717438,399.4788558637158,403.4791191710602,407.47955833797334,411.47991658808576,415.48036313636413,419.4803961588325,423.4806380381002,427.48052584385334
4.452007e-04 4.452007e-04 2.359488e-01 0.00 0.45531269806747615 -0.039364069427453165 0.15804679013016237 0.5647692899377309 337.22373011839204,341.24370963228085,345.26438643847064,349.28496430171066,353.30585494749505,357.32650847848515,361.34768812927666,365.36857027828603,369.3898626763068,373.4106856455564,377.432135525621,381.4531873117184,385.47461936032437,389.4956627017943,393.51703500538605,397.5381106419688,401.5595778566843,405.5806115767028,409.60193549570965,413.62293937798466,417.6440598621534,421.6648611025588,425.68585414143763,429.70652337146197
1.482367e-04 1.482367e-04 1.282545e-01 0.00 0.4624887529203745 -0.0397827163256654 0.15804679013016237 0.5647692899377309 332.4673052108494,336.4788567824031,340.4898280969639,344.5018081291758,348.51315396998046,352.52526939055423,356.5368445632447,360.54917896158986,364.56091634999433,368.5732082235089,372.58523628120895,376.5976649924253,380.6098247934979,384.62229648620865,388.6343219158209,392.6468093347197,396.658980920027,400.6713833734389,404.68351528944186,408.69582863476313,412.7079521051668,416.720218851662,420.73208626556885,424.7443226513127,428.7565660488249
1.758627e-08 1.758627e-08 2.005690e-01 0.00 0.45531269806747615 -0.0397827163256654 0.15400764110576995 0.5647692899377309 335.45051302493744,339.4494228119359,343.44902848128874,347.4483054159856,351.4481508023404,355.44766210338196,359.4477695452561,363.4473810019448,367.44747887043417,371.4472826290642,375.4475192937897,379.447522218003,383.44771802333383,387.4476624062868,391.44804458143733,395.44788270411004,399.4480901901186,403.4481338049865,407.4481471379168,411.44798926413495,415.4480858732523,419.44777303348746,423.44776875037434,427.4471652501102,431.44731493837975
9.692606e-08 9.692606e-08 2.249067e-01 0.00 0.45531269806747615 -0.0397827163256654 0.15804679013016237 0.559771896773708 335.4721246307679,339.47143489129826,343.47140214115655,347.4709573925953,351.47112084883827,355.47087187297916,359.4713160712044,363.47124200649904,367.47161982570947,371.47180743926066,375.4724120099034,379.47249896784746,383.4732177061332,387.4733946973098,391.47404605956564,395.47421672800635,399.4747821769124,403.47509177474143,407.4754958611823,411.4757370404988,415.4761002076718,419.4762643999988,423.47632469241483,427.476206442139,431.47639843479675
8.375682e-04 8.375682e-04 1.147364e-01 0.00 0.45531269806747615 -0.03921058675287621 0.15804679013016237 0.5647692899377309 337.88080740672655,341.9086960642279,345.93729692873035,349.9655279740967,353.99432524807315,358.02279118415555,362.0518424775931,366.080495961494,370.1095448225284,374.13840162197477,378.1676335398579,382.19648048419134,386.22576852308845,390.2546653474085,394.2838899666531,398.31289248292256,402.3419713737802,406.37084551166294,410.4001218474305,414.4289357618773,418.45786470704644,422.4866628658239,426.51544614362433,430.5439427914784
1.048450e-04 1.048450e-04 1.933462e-01 0.00 0.44948402326370884 -0.0397827163256654 0.15804679013016237 0.5647692899377309 334.5924259484889,338.5814461801226,342.5709963750603,346.56002146284874,350.54983517596514,354.5390834372271,358.52897932132913,362.5184030885359,366.50840183508615,370.498080640624,374.4881885120642,378.47787205939517,382.4679316712877,386.4576557278006,390.4478088193151,394.4375436838833,398.42765276967026,402.4174301893226,406.40735942700275,410.39710036839585,414.3868704372296,418.37641632414324,422.3661996412325,426.3554706586563,430.3449267623609
1.675703e-08 1.675703e-08 2.014642e-01 0.00 0.45531269806747615 -0.0397827163256654 0.159217631224624 0.5647692899377309 335.4514288767121,339.45036151696735,343.44996935564734,347.4492461396615,351.44912903482015,355.4486350315307,359.4487555816879,363.4483547217402,367.4484630940201,371.4482662881858,375.44851398849465,379.44851527532376,383.44872627332194,387.448675772801,391.4490456758377,395.44890070680043,399.44910104919603,403.4491245217913,407.4491624352231,411.44898584881713,415.4490811042894,419.44878693644165,423.4487856035064,427.4481869892108,431.44828994063795
3.828643e-08 3.828643e-08 2.127889e-01 0.00 0.45531269806747615 -0.0397827163256654 0.15804679013016237 0.5623536279342093 335.4615014775086,339.46069846488103,343.4604528948163,347.4599087990295,351.45982021177355,355.45950942403823,359.4597273464404,363.45957288017394,367.459783454283,371.45982571447547,375.46026191873756,379.4602559650512,383.46086142911065,387.46073971308306,391.46120165437026,395.4614314513101,399.4618160495857,403.4617806983936,407.4621428653398,411.4621736537674,415.4623930071997,419.4622952070776,423.462342251798,427.46192953112484,431.4621242196357
4.661161e-04 4.661161e-04 1.212340e-01 0.00 0.45531269806747615 -0.040216501346258544 0.15804679013016237 0.5647692899377309 333.64346659403327,337.6209296623777,341.59897794439394,345.5765294528154,349.5550134811491,353.532976153084,357.51135712531936,361.48951133861175,365.4680399174695,369.44636287234687,373.42505211501117,377.4034393543982,381.3821599622536,385.36056698773643,389.3393363966627,393.31762324757284,397.2963831652436,401.2747119713393,405.2533275722836,409.23153070918147,413.21011290066343,417.1882104037407,421.1665902371462,425.1444616404863,429.12372315564056
1.797845e-08 1.797845e-08 2.002295e-01 0.00 0.45531269806747615 -0.0397827163256654 0.15612732716415748 0.5647692899377309 335.45025643522115,339.44915865233975,343.4487566604544,347.44802576778136,351.4478632667309,355.44736648988044,359.4474659296501,363.44706889470723,367.4471582395427,371.4469531210545,375.447180903502,379.44717470047334,383.44736118862517,387.44729585793135,391.4476682634066,395.44749599834626,399.4476930837938,403.44772594726066,407.44772819590185,411.44755870270063,415.4476436253473,419.4473184690171,423.44730174231864,427.4466848737614,431.44682556398243
1.013567e-04 1.013567e-04 2.082974e-01 0.00 0.4495832574509642 -0.0397827163256654 0.15804679013016237 0.5647692899377309 334.60685596397263,338.59608563821115,342.5857383274861,346.57501005018,350.5648256375605,354.5543780407845,358.5443652477353,362.53409835519955,366.5241726599681,370.51395849069286,374.50417777502304,378.4941533918303,382.4843704275431,386.4743465466021,390.4645122279121,394.45449028864766,398.44469144305265,402.4346195116836,406.4247581801897,410.41462353807543,414.40462543509915,418.39444589383464,422.3842637798883,426.373741373599,430.3634850190648
1.271664e-04 1.271664e-04 1.160773e-01 0.00 0.45531269806747615 -0.0400082510188685 0.15804679013016237 0.5647692899377309 334.50771505633804,338.4954693156339,342.4838890968113,346.47180926299654,350.46042131934126,354.4487300775401,358.4374929112154,362.4258037731379,366.41474193061777,370.40323091210246,374.3923261718616,378.3809628996433,382.3699645185011,386.35878678243273,390.3478666077397,394.33640194009547,398.3255555575976,402.314246664742,406.3030350274661,410.2915713888406,414.28051743442063,418.26890851410786,422.2574684240763,426.2458328050362,430.23513142869245
6.097998e-08 6.097998e-08 2.161864e-01 0.00 0.45531269806747615 -0.0397827163256654 0.15804679013016237 0.5611126871658094 335.46599492616855,339.4650792894226,343.4650062599215,347.4644686700171,351.464425055418,355.4642390766219,359.46440008601024,363.464318860745,367.4647463834891,371.464744803976,375.46517803984716,379.4654387692558,383.46591327517274,387.4659623485609,391.4665359268072,395.4666846611351,399.4672351852528,403.4673064700276,407.46751471520906,411.46785547135164,415.4680403462486,419.4680485154805,423.46810363789035,427.4680353060817,431.4679931033816
1.758627e-08 1.758627e-08 2.005690e-01 0.00 0.45531269806747615 -0.0397827163256654 0.1546538452527157 0.5647692899377309 335.45051302493744,339.4494228119359,343.44902848128874,347.4483054159856,351.4481508023404,355.44766210338196,359.4477695452561,363.4473810019448,367.44747887043417,371.4472826290642,375.4475192937897,379.447522218003,383.44771802333383,387.4476624062868,391.44804458143733,395.44788270411004,399.4480901901186,403.4481338049865,407.4481471379168,411.44798926413495,415.4480858732523,419.44777303348746,423.44776875037434,427.4471652501102,431.44731493837975
1.719505e-04 1.719505e-04 7.650872e-02 0.00 0.46304997836719386 -0.0397827163256654 0.15804679013016237 0.5647692899377309 332.5455529344172,336.5580335811124,340.5700387496383,344.58270944095415,348.59514638317773,352.6080428358009,356.62059512487076,360.633741415902,364.64653730319674,368.65975984578034,372.6727671211655,376.6861656167587,380.6991038860278,384.71255542061243,388.7255930233651,392.7391123730336,396.75211571583145,400.76550815562973,404.77861208912503,408.7920113926339,412.80492333492253,416.8181859170564,420.8310903856248,424.8439624760514
1.164938e-04 1.164938e-04 1.558775e-01 0.00 0.45531269806747615 -0.03999812806219814 0.15804679013016237 0.5647692899377309 334.54936681858,338.53753920489436,342.5264627075806,346.51490886714305,350.50402972270257,354.4928116143663,358.48201738558197,362.4709302700669,366.46034281743067,370.4493934139775,374.43876531753494,378.4280819918892,382.41753295919045,386.40686980529813,390.3963782580552,394.38549546624245,398.37492721039644,402.36412724431864,406.353541807194,410.3426578437708,414.3318552066605,418.32087385839736,422.30994450312954,426.2987160890903,430.2886549234962
2.606746e-08 2.606746e-08 2.048128e-01 0.00 0.45531269806747615 -0.0397827163256654 0.15804679013016237 0.5641546689241311 335.4543758691956,339.4534924474537,343.45312066231554,347.45241614179815,351.4524138598348,355.45182940179154,359.45197093890675,363.4516111958583,367.4518570773525,371.451689455719,375.45203606776005,379.4520613344198,383.4524067641483,387.45237285801073,391.4527025170315,395.45267494470113,399.45298287849465,403.45282189820097,407.4531667506714,411.4530500313204,415.4530379585141,419.45287961038446,423.45297505379295,427.45239191543715,431.45239864370325
3.877899e-04 3.877899e-04 1.512742e-01 0.00 0.467055259520895 -0.0397827163256654 0.15804679013016237 0.5647692899377309 329.0778683366004,333.0963265643146,337.1152960799905,341.13388364020915,345.15328322024743,349.1722445196091,353.19182586858847,357.21103500358413,361.2307455604878,365.2500695400852,369.26992296797073,373.2894951663562,377.3094039854196,381.32902975498615,385.34912005779114,389.3687390521959,393.38874221585587,397.40850829627,401.42858253555426,405.4483157845097,409.4679294124079,413.4877732153389,417.50749501118145,421.5269067958198,425.5464840586718
1.797845e-08 1.797845e-08 2.002295e-01 0.00 0.45531269806747615 -0.0397827163256654 0.15670088488769515 0.5647692899377309 335.45025643522115,339.44915865233975,343.4487566604544,347.44802576778136,351.4478632667309,355.44736648988044,359.4474659296501,363.44706889470723,367.4471582395427,371.4469531210545,375.447180903502,379.44717470047334,383.44736118862517,387.44729585793135,391.4476682634066,395.44749599834626,399.4476930837938,403.44772594726066,407.44772819590185,411.44755870270063,415.4476436253473,419.4473184690171,423.44730174231864,427.4466848737614,431.44682556398243
1.669322e-04 1.669322e-04 8.178739e-02 0.00 0.45531269806747615 -0.039525434597119324 0.15804679013016237 0.5647692899377309 336.5372714583789,340.5492184351326,344.5616979019296,348.5740995384071,352.5868097760383,356.5991837218398,360.612188086186,364.62484998990743,368.6379390178839,372.6507372069617,376.66387969792515,380.6768451030619,384.6900924998417,388.7029874665813,392.716213606159,396.729115993734,400.7422383458556,404.75501728682,408.76827648496453,412.7810823584654,416.79409054481664,420.80667968039705,424.81954715656934,428.8319711191102
2.647629e-04 2.647629e-04 9.731372e-03 0.00 0.4649482206007628 -0.0397827163256654 0.15804679013016237 0.5647692899377309 332.80875984064426,336.82431447638095,340.8395532422378,344.8552395767598,348.87083226097616,352.8869396096718,356.90294426485735,360.91895190739075,364.93493515215994,368.9515283101371,372.96757436457466,376.9841503858599,381.0001628158709,385.01674651452225,389.03307992308106,393.0496161928322,397.06594829029336,401.0824926709496,405.0986781932297,409.1151648573028,413.1313052436081,417.1476372638743,421.1636769476997,425.17987325747356
1.974635e-07 1.974635e-07 2.345653e-01 0.00 0.45531269806747615 -0.0397827163256654 0.15804679013016237 0.5580182340721309 335.4806578809457,339.4800992173809,343.48005654797385,347.479706371018,351.4800460737971,355.47988080566097,359.48039053242945,363.4804395379167,367.4810023752391,371.4812894676006,375.4820052436077,379.4823155968677,383.48301612129893,387.48345700557707,391.48409571760465,395.48458798835713,399.4852605115387,403.48564519862407,407.4862903711214,411.4864743377033,415.4870587203472,419.48718991259983,423.4876060630282,427.4877039927926
1.797845e-08 1.797845e-08 2.002295e-01 0.00 0.45531269806747615 -0.0397827163256654 0.15712412109775367 0.5647692899377309 335.45025643522115,339.44915865233975,343.4487566604544,347.44802576778136,351.4478632667309,355.44736648988044,359.4474659296501,363.44706889470723,367.4471582395427,371.4469531210545,375.447180903502,379.44717470047334,383.44736118862517,387.44729585793135,391.4476682634066,395.44749599834626,399.4476930837938,403.44772594726066,407.44772819590185,411.44755870270063,415.4476436253473,419.4473184690171,423.44730174231864,427.4466848737614,431.44682556398243
3.220940e-04 3.220940e-04 5.677453e-02 0.00 0.45531269806747615 -0.03942635544495999 0.15804679013016237 0.5647692899377309 336.9584526752889,340.9754083186417,344.99289908901426,349.01012229958434,353.02796413683814,357.04547846302336,361.0634206098307,365.0810487678267,369.0992639731066,373.1169791273998,377.1351704935847,381.15313356982705,385.17133455157057,389.18933333240693,393.20749718293564,397.22547080800865,401.2436427306309,405.26150991727616,409.2796010006232,413.29745638001816,417.3154580298201,421.3330978078541,425.35113846969307,429.3686593981683
4.107197e-05 4.107197e-05 3.470052e-02 0.00 0.4516684150961266 -0.0397827163256654 0.15804679013016237 0.5647692899377309 334.91610946374897,338.90874776736456,342.90204762243206,346.8949229380553,350.8884174034467,354.8815951460788,358.87530110977,362.86859427608215,366.86245436147067,370.8559297300438,374.849822468464,378.8434251699539,382.83734753204385,386.83083817038727,390.82482651057524,394.81848899013335,398.81241316880573,402.8058313461454,406.7997704914901,410.79323201423597,414.7868747028543,418.7802781598962,422.77370530820406,426.76694604091495,430.7602794494687
8.359093e-08 8.359093e-08 1.840558e-01 0.00 0.45531269806747615 -0.0397827163256654 0.15804679013016237 0.5687373896170259 335.43475518841126,339.43367637973427,343.4329419697903,347.43214148252446,351.43163605692087,355.4309478466367,359.43064896652635,363.43015263374826,367.4300336869621,371.4296307083245,375.42962678221414,379.4294309714415,383.4293297699466,387.4290385233917,391.4291394640139,395.4288615556453,399.4288211471173,403.42855212985194,407.4284058266086,411.42796859767543,415.42774044943627,419.4273030961015,423.4268718342135,427.4259540105078,431.4260461400371
5.426886e-04 5.426886e-04 8.205344e-02 0.00 0.45531269806747615 -0.03932130541041007 0.15804679013016237 0.5647692899377309 337.4071833361247,341.4294724610609,345.4524426683897,349.4749507046665,353.49814747009884,357.52099511543526,361.54426391379735,365.56724792285974,369.5908784172739,373.6140023427595,377.6376098491916,381.66078522236586,385.6844487114414,389.70771476147513,393.7313436077849,397.75457875902765,401.7780588937607,405.80135223212227,409.82490470758756,413.84803602335114,417.8714119923167,421.8943672591256,425.9176481280927,429.9405085310966
1.797845e-08 1.797845e-08 2.002295e-01 0.00 0.45531269806747615 -0.0397827163256654 0.15657004543395808 0.5647692899377309 335.45025643522115,339.44915865233975,343.4487566604544,347.44802576778136,351.4478632667309,355.44736648988044,359.4474659296501,363.44706889470723,367.4471582395427,371.4469531210545,375.447180903502,379.44717470047334,383.44736118862517,387.44729585793135,391.4476682634066,395.44749599834626,399.4476930837938,403.44772594726066,407.44772819590185,411.44755870270063,415.4476436253473,419.4473184690171,423.44730174231864,427.4466848737614,431.44682556398243
2.509886e-08 2.509886e-08 2.059220e-01 0.00 0.4553382041116942 -0.0397827163256654 0.15804679013016237 0.5647692899377309 335.4555745017026,339.45456954177365,343.45418637883796,347.4535951758318,351.4534537833397,355.4530557074997,359.45311303698617,363.45287185678154,367.45312262116147,371.4530129939963,375.4531689353942,379.4532258749699,383.4535082904721,387.45362804487786,391.45387291142384,395.45386121062484,399.4541991101136,403.4541031677282,407.4544895749329,411.4543665281208,415.4544099836154,419.45408923337925,423.4540340228093,427.4536600207227,431.4536740308139
1.503895e-05 1.503895e-05 5.438271e-03 0.00 0.45531269806747615 -0.03985992167295561 0.15804679013016237 0.5647692899377309 335.127237935341,339.12236042838214,343.1180806618828,347.1134207520645,351.1095759782735,355.1052140790089,359.10134268975185,363.09715577614446,367.09337082302187,371.0893133854038,375.0856612979844,379.08181406521874,383.0782295339825,387.07438043444444,391.07066206908723,395.0667810136015,399.06327401427023,403.05921322042786,407.0555182293942,411.0514793668328,415.04769848855796,419.0435233161993,423.0395808852529,427.0351534730471,431.031585991869
1.752571e-08 1.752571e-08 2.043002e-01 0.00 0.45531269806747615 -0.0397827163256654 0.16480479757874344 0.5647692899377309 335.4540609446782,339.4530234079351,343.4526777378125,347.45201066515443,351.4518960165757,355.45146876399934,359.451612562913,363.45127186607203,367.45140913395875,371.451241260374,375.45153673436687,379.4515737921773,383.45180940365964,387.4517875040975,391.4522049500217,395.4520692536355,399.45233533030756,403.45239123177237,407.45245682757735,411.45231907582206,415.45244873821997,419.4521704785918,423.4521856497883,427.45161758177363,431.4517515214255
1.531856e-07 1.531856e-07 1.785812e-01 0.00 0.45531269806747615 -0.0397827163256654 0.15804679013016237 0.56977231334447 335.4300058713139,339.42859242535286,343.42786410002867,347.42684135468073,351.42639122866314,355.42562074728255,359.42523947204637,363.4246704027339,367.4246144826984,371.4240195200997,375.42400611132365,379.4236325740286,383.42355577448296,387.423173646754,391.4232639128583,395.42280251316805,399.4226784617707,403.4223054767985,407.4222388323888,411.42163144938735,415.42132401542847,419.4206496819981,423.420217454007,427.4194681322515,431.4193481594061
6.387100e-05 6.387100e-05 5.946592e-02 0.00 0.4600150332267708 -0.0397827163256654 0.15804679013016237 0.5647692899377309 332.12117850441405,336.1284469703474,340.13539475404065,344.1430895307129,348.15029234125814,352.1581896161403,356.16572145934055,360.17374304269805,364.18136663844075,368.18960241867075,372.19743392506587,376.20573903467545,380.21364677215104,384.22194858126863,388.2300092727968,392.23837788127463,396.24633496847366,400.2545895818411,404.26254226413545,408.2707225141775,412.27859875426105,416.28673467162815,420.294423940639,424.3023089378494,428.3099344730246
1.406596e-03 1.406596e-03 6.227804e-02 0.00 0.45531269806747615 -0.03904419762525907 0.15804679013016237 0.5647692899377309 338.5985335714732,342.6350706171464,346.6721932200827,350.70904681757395,354.74638610687765,358.78345056093076,362.8209403530831,366.8582173953216,370.89581227399555,374.93327272180505,378.9710420970965,383.0084437282511,387.04625523004705,391.08375328070343,395.1215984145905,399.1590869078922,403.19682303325214,407.2343474879662,411.2719591522777,415.3094870387406,419.3469811454175,423.38421435422214,427.4216105005036,431.45872265214877
1.710059e-08 1.710059e-08 2.027072e-01 0.00 0.45531269806747615 -0.0397827163256654 0.16243439040249566 0.5647692899377309 335.45262635445437,339.4515725153831,343.45119511987895,347.4504922921676,351.4503691363944,355.44989967170534,359.4500307781779,363.44965248681024,367.4497826688681,371.44958974142133,375.4498495907667,379.4498648603569,383.4500895996755,387.4500352887728,391.45043716136905,395.45029374547045,399.45052443349414,403.45056280447744,407.45059711326184,411.4504350381474,415.45053456683144,419.4502447554516,423.4502425756495,427.44967542770866,431.44978417313416
8.590481e-05 8.590481e-05 1.353947e-01 0.00 0.46076445985792436 -0.0397827163256654 0.15804679013016237 0.5647692899377309 332.2264716786566,336.23492831218147,340.24332939043603,344.25207592458725,348.26071238253024,352.2698327783928,356.2786593638068,360.28787964440295,364.2969517931225,368.3064787391355,372.3155222515864,376.3250007108535,380.33429098465115,384.34387037257693,388.3530814440648,392.3626369932193,396.3720932663129,400.38153774499466,404.3907391442172,408.4001329282303,412.4094081882766,416.4186736022495,420.4277621901242,424.43688786110863,428.4459134323706
1.518841e-07 1.518841e-07 1.792429e-01 0.00 0.45531269806747615 -0.0397827163256654 0.15804679013016237 0.569700436239809 335.43051976094193,339.42916350568817,343.4286081120218,347.42759019293254,351.4270567156703,355.42639762586515,359.42604307813644,363.4254574823604,367.425291692086,371.4248733720672,375.4247461492468,379.4243501439324,383.4242575058637,387.4239859815957,391.4239452791693,395.42359985503174,399.4236110215941,403.42311142690147,407.42287668634594,411.4224322294856,415.42219707064913,419.42150091518573,423.4210279005447,427.4202815247503,431.4201021136738
1.529618e-03 1.529618e-03 1.355861e-01 0.00 0.45531269806747615 -0.03901295556732293 0.15804679013016237 0.5647692899377309 338.7331859387897,342.7712631287671,346.8100349886105,350.84850430560516,354.88733062081246,358.926005650636,362.9651864541977,367.0040506752683,371.04325623550244,375.08228421024035,379.12170362756626,383.1606583397437,387.20007591372547,391.2392923542526,395.27856134317705,399.31772019661497,403.35702925430314,407.39618708659685,411.4355611023767,415.47436021247137,419.5136354956806,423.5524796164343,427.59153731603436,431.6302098681078
3.395052e-05 3.395052e-05 1.688916e-02 0.00 0.4519870975200489 -0.0397827163256654 0.15804679013016237 0.5647692899377309 334.96426199282826,338.9575517015539,342.95150052027947,346.9449098481773,350.93896089349045,354.9328323614701,358.92697152944726,362.9208820113003,366.9152701442731,370.9093170093862,374.9038628219515,378.8979721131868,382.89245044755046,386.88660775091404,390.8811897661538,394.8753841176436,398.8697806358828,402.8639360661002,406.8583727801009,410.8524608746577,414.84664236793907,418.8406415759351,422.83483801338775,426.8285654627758,430.8224304143883
1.835768e-08 1.835768e-08 1.989915e-01 0.00 0.45531269806747615 -0.0397827163256654 0.1539235840936028 0.5647692899377309 335.44905885957985,339.4479633742563,343.4475363726183,347.4467894492617,351.44661821969953,355.44612432873623,359.44619731280386,363.44577449350834,367.4458504075684,371.44562598371965,375.44585106990405,379.44582239498584,383.44600599668837,387.4459123503526,391.44627343236033,395.4460870772387,399.44628402951236,403.44628242022685,407.4462866751726,411.44610378832306,415.44618032472795,419.44584975763513,423.4458259580582,427.44520363286625,431.44533810147504
6.463276e-08 6.463276e-08 2.195992e-01 0.00 0.45531269806747615 -0.0397827163256654 0.15804679013016237 0.560738971047559 335.467688530913,339.46685059955246,343.46660884208546,347.46614404841114,351.4662313217814,355.46598693942633,359.46617833328224,363.4661785714542,367.4664744190373,371.4666124844584,375.4670576222683,379.4671895810003,383.4677666433696,387.4679416050936,391.4684457480065,395.4686571601904,399.4691997119264,403.46929494697963,407.4698548026514,411.46978209946803,415.4701955142782,419.4700347919311,423.4703005758181,427.47005443540144,431.47012771073287
5.277232e-04 5.277232e-04 5.240579e-02 0.00 0.45531269806747615 -0.04024455067432384 0.15804679013016237 0.5647692899377309 333.5274588415658,337.5034188540353,341.4802127529838,345.4565194079369,349.4333566626695,353.4099330533936,357.3871225190403,361.3637923422747,365.3410581345585,369.3178851230984,373.2952172583996,377.27209438183263,381.2495450533769,385.2265024094607,389.2037929647985,393.18089821359786,397.1580895394739,401.135145814638,405.11233117213857,409.0892314955696,413.0663140255064,417.04309776114223,421.02007260144677,424.99668517255895,428.9744794094764
7.113763e-06 7.113763e-06 8.179274e-02 0.00 0.4568812164010629 -0.0397827163256654 0.15804679013016237 0.5647692899377309 331.67571957756724,335.67876044184857,339.68038533925414,343.68265954723046,347.6846848061743,351.6871931805115,355.68938614599216,359.6921663087919,363.694635362174,367.69736941430494,371.69994393503237,375.7027780216382,379.7054210401896,383.7084538150834,387.71118530176585,391.7141237546656,395.71678180250063,399.7197189733819,403.7223078166158,407.7252918638366,411.72767662503355,415.73052902281614,419.7328964872167,423.73546413193765,427.73774521689313
1.835768e-08 1.835768e-08 1.989915e-01 0.00 0.45531269806747615 -0.0397827163256654 0.15389198877276955 0.5647692899377309 335.44905885957985,339.4479633742563,343.4475363726183,347.4467894492617,351.44661821969953,355.44612432873623,359.44619731280386,363.44577449350834,367.4458504075684,371.44562598371965,375.44585106990405,379.44582239498584,383.44600599668837,387.4459123503526,391.44627343236033,395.4460870772387,399.44628402951236,403.44628242022685,407.4462866751726,411.44610378832306,415.44618032472795,419.44584975763513,423.4458259580582,427.44520363286625,431.44533810147504
1.315012e-07 1.315012e-07 1.789938e-01 0.00 0.45531269806747615 -0.0397827163256654 0.15804679013016237 0.5697830095145892 335.4299663918943,339.4286261445881,343.4278777711699,347.42690601792447,351.42642364967594,355.42574608910184,359.42536985416797,363.4248129418947,367.4246110887024,371.4240663396582,375.4240353618602,379.4236395310312,383.4236174924756,387.42330086427756,391.4231426469146,395.42287837751115,399.4227239119748,403.4223740852116,407.4221452911287,411.42161585076866,415.42128859310503,419.4206412100999,423.4203144301243,427.4193428758779,431.41929676476826
2.484128e-05 2.484128e-05 2.478453e-03 0.00 0.45531269806747615 -0.03988145795136095 0.15804679013016237 0.5647692899377309 335.03658823398007,339.0306911211611,343.02529112939897,347.01965036063933,351.01449540658695,355.0091505681637,359.0041391414149,362.9988987524916,366.99402585013684,370.98903877701304,374.9843652251271,378.9791966226691,382.97457935147366,386.9696350295899,390.96494743196024,394.95989050920747,398.9552301652893,402.95020444075664,406.94540082446866,410.9402323380626,414.9353839984047,418.9300946143386,422.9251728084848,426.91960338668434,430.9151232179249
3.274398e-08 3.274398e-08 2.139622e-01 0.00 0.45539172262148336 -0.0397827163256654 0.15804679013016237 0.5647692899377309 335.4631477856747,339.462245998143,343.46190088016516,347.461291173427,351.4613279520526,355.4610658105847,359.46124487047024,363.4609985763153,367.46131212179137,371.4612708216882,375.46171693258015,379.4616310874407,383.4621052848786,387.4621924655159,391.4626035157983,395.4626608878887,399.4630510308729,403.4632062610898,407.46350014248486,411.46338935867163,415.4635456628399,419.4634261603798,423.463586411416,427.46313968183824
1.835768e-08 1.835768e-08 1.989915e-01 0.00 0.45531269806747615 -0.0397827163256654 0.15382371659592875 0.5647692899377309 335.44905885957985,339.4479633742563,343.4475363726183,347.4467894492617,351.44661821969953,355.44612432873623,359.44619731280386,363.44577449350834,367.4458504075684,371.44562598371965,375.44585106990405,379.44582239498584,383.44600599668837,387.4459123503526,391.44627343236033,395.4460870772387,399.44628402951236,403.44628242022685,407.4462866751726,411.44610378832306,415.44618032472795,419.44584975763513,423.4458259580582,427.44520363286625,431.44533810147504
8.285900e-08 8.285900e-08 2.229929e-01 0.00 0.45531269806747615 -0.0397827163256654 0.15804679013016237 0.5601591073869223 335.4705063012281,339.469765846678,343.4697510524509,347.4691750291137,351.4694063363059,355.46918044424183,359.46942744901133,363.4694248832121,367.46981751926523,371.4699146760449,375.47048868792467,379.47070578213214,383.4711895988085,387.4714187220301,391.4721068968608,395.4722300987672,399.4728281066945,403.47305735005284,407.47348144112993,411.4735292704776,415.47390620611685,419.4739675060873,423.4742062369786,427.4739488252583,431.4741311922642
7.299703e-04 7.299703e-04 6.464966e-02 0.00 0.45531269806747615 -0.04032705533243455 0.15804679013016237 0.5647692899377309 333.18777187874946,337.1598722045591,341.1324083796634,345.10480831202597,349.07760250715484,353.0500729497482,357.02309831481796,360.9958725351437,364.96898808677383,368.94186670541757,372.9151203390493,376.8880962945155,380.86115479071003,384.8343863559018,388.80758582022986,392.78049699781945,396.7538717899282,400.7267082859466,404.6998454989484,408.6726895243454,412.64580422423313,416.61850203239385,420.591372609694,424.56406793109136,428.53765414585524
4.907298e-04 4.907298e-04 7.375662e-02 0.00 0.442850106030001 -0.0397827163256654 0.15804679013016237 0.5647692899377309 337.5656612356765,341.54322156310985,345.5204311513875,349.49819919870833,353.4756976388995,357.4536571749273,361.4312669403102,365.409383343927,369.3871196838511,373.3653082621395,377.3431137708206,381.32131934414656,385.299089820217,389.27732795938647,393.25511644492667,397.23331208852284,401.21112184127384,405.18915899382984,409.16691173798614,413.14481477887983,417.12245416656117,421.1000039811456,425.0775615911442,429.05515982231276,433.03228249416287
1.675703e-08 1.675703e-08 2.014642e-01 0.00 0.45531269806747615 -0.0397827163256654 0.15941478473715076 0.5647692899377309 335.4514288767121,339.45036151696735,343.44996935564734,347.4492461396615,351.44912903482015,355.4486350315307,359.4487555816879,363.4483547217402,367.4484630940201,371.4482662881858,375.44851398849465,379.44851527532376,383.44872627332194,387.448675772801,391.4490456758377,395.44890070680043,399.44910104919603,403.4491245217913,407.4491624352231,411.44898584881713,415.4490811042894,419.44878693644165,423.4487856035064,427.4481869892108,431.44828994063795
1.200382e-07 1.200382e-07 2.265136e-01 0.00 0.45531269806747615 -0.0397827163256654 0.15804679013016237 0.559603057191961 335.4736103012182,339.47312585704617,343.4730154866356,347.4726414035031,351.47264624599126,355.4724690669654,359.47285659743113,363.47280664530933,367.473342542991,371.4734890762993,375.4741054918557,379.4743063534732,383.47492804435655,387.4751892103646,391.47588815277203,395.4761168186292,399.4767548996595,403.47698396169244,407.47769794629227,411.477703533744,415.47812626053553,419.47803585456467,423.47841116576876,427.4781336185298
1.408883e-04 1.408883e-04 1.549532e-01 0.00 0.46230551225087363 -0.0397827163256654 0.15804679013016237 0.5647692899377309 332.4422136468025,336.45348392253146,340.464264190641,344.4758961926052,348.4869389823118,352.4987077744859,356.5100105393036,360.52193404100694,364.53353028467876,368.54566779146967,372.5572569509272,376.56939173633106,380.5811703037401,384.5934217947449,388.6052336699533,392.61742375283166,396.62925188987407,400.64147782162763,404.65312444161407,408.66513467519206,412.6770321996152,416.6888938835022,420.7005762819691,424.7123253797668,428.7248411974103
7.081788e-04 7.081788e-04 2.617961e-02 0.00 0.45531269806747615 -0.0392561394498108 0.15804679013016237 0.5647692899377309 337.6852571308887,341.7108739561109,345.73715712645736,349.7630510989497,353.7896616271247,357.8157127630918,361.8423860088995,365.868695230225,369.8954374642991,373.9219663179485,377.9488606414037,381.975394037765,386.0023446948809,390.02894181930805,394.05585481776006,398.0824227279631,402.1094233071973,406.1357320910538,410.1626537998989,414.18911531447975,418.2158872202258,422.24221926430334,426.2686430268133,430.2950099055612
1.675703e-08 1.675703e-08 2.014642e-01 0.00 0.45531269806747615 -0.0397827163256654 0.16041003985666266 0.5647692899377309 335.4514288767121,339.45036151696735,343.44996935564734,347.4492461396615,351.44912903482015,355.4486350315307,359.4487555816879,363.4483547217402,367.4484630940201,371.4482662881858,375.44851398849465,379.44851527532376,383.44872627332194,387.448675772801,391.4490456758377,395.44890070680043,399.44910104919603,403.4491245217913,407.4491624352231,411.44898584881713,415.4490811042894,419.44878693644165,423.4487856035064,427.4481869892108,431.44828994063795
6.354771e-08 6.354771e-08 2.190661e-01 0.00 0.45531269806747615 -0.0397827163256654 0.15804679013016237 0.5611082522784819 335.467076803827,339.4663413291281,343.4661501326784,347.4657128263043,351.46575082724206,355.46545397697383,359.465586040977,363.46555784584706,367.4660283655673,371.4660966003343,375.4665532320902,379.46667281073275,383.4671953428001,387.46732243679713,391.46793407634027,395.46809917357103,399.4685331365122,403.46883547195597,407.4691908009203,411.469277409941,415.4695387988618,419.46952826258206,423.46961929628503,427.46939707658834,431.4695521043081
2.687162e-04 2.687162e-04 4.168813e-03 0.00 0.4651201674750399 -0.0397827163256654 0.15804679013016237 0.5647692899377309 332.83097607039224,336.8468270248916,340.86226375798947,344.8783936976163,348.89422862715736,352.9104877453145,356.9265906197948,360.9431156520882,364.95944947248273,368.9759848257467,372.9923735875225,377.009231016919,381.02567691238465,385.0425568644326,389.0589667322976,393.075804013691,397.092351318707,401.10914801328676,405.1255571468336,409.1423970004781,413.15873540375304,417.17534082016743,421.1916254549169,425.2081483528349
6.878911e-04 6.878911e-04 2.170136e-02 0.00 0.45531269806747615 -0.039263933014372934 0.15804679013016237 0.5647692899377309 337.6528809425931,341.67807410292914,345.7039464998947,349.7295432631647,353.7555310576088,357.7813791363454,361.80758206250937,365.8335739344951,369.85988783619433,373.88601539253165,377.91253877324027,381.9386867683256,385.9652817415085,389.9915159845958,394.0180977731481,398.0442567329545,402.0706973577736,406.09696479296576,410.12336144688527,414.1493817546496,418.1757507328037,422.2016716624765,426.2277908543882,430.25367831325156
1.797845e-08 1.797845e-08 2.002295e-01 0.00 0.45531269806747615 -0.0397827163256654 0.15706392912215997 0.5647692899377309 335.45025643522115,339.44915865233975,343.4487566604544,347.44802576778136,351.4478632667309,355.44736648988044,359.4474659296501,363.44706889470723,367.4471582395427,371.4469531210545,375.447180903502,379.44717470047334,383.44736118862517,387.44729585793135,391.4476682634066,395.44749599834626,399.4476930837938,403.44772594726066,407.44772819590185,411.44755870270063,415.4476436253473,419.4473184690171,423.44730174231864,427.4466848737614,431.44682556398243
3.702832e-05 3.702832e-05 2.393216e-02 0.00 0.45184959317482876 -0.0397827163256654 0.15804679013016237 0.5647692899377309 334.94312245060104,338.93606545067644,342.9296824085744,346.92295290227617,350.91672079075306,354.91022126747316,358.90418438294927,362.89780767111944,366.8918945303933,370.88574687821006,374.8799971983679,378.8739090516099,382.8681665407184,386.8621660594683,390.85635248640244,394.85028960005974,398.84455023956747,402.83840279485247,406.83257477401656,410.8263606750244,414.82034627768695,418.81404049864875,422.8079181526753,426.8013724659891,430.79502503456257
2.292880e-07 2.292880e-07 1.723093e-01 0.00 0.45531269806747615 -0.0397827163256654 0.15804679013016237 0.5713326385862793 335.4238127735139,339.4223568471278,343.4216144251707,347.42048076291576,351.4200615112293,355.41903760934724,359.4187656143115,363.41802364584674,367.41770085486024,371.4171314077439,375.4170706119079,379.41655652628504,383.4164209729626,387.41593565839776,391.41578812606934,395.4153054026741,399.4151566854691,403.4146084679724,407.41453767342085,411.4136998736882,415.4133194079847,419.4125867576115,423.41208663672404,427.4111798302842,431.411099729718
1.392134e-04 1.392134e-04 1.542060e-01 0.00 0.45531269806747615 -0.03954755154708171 0.15804679013016237 0.5647692899377309 336.4432495989649,340.4540793451529,344.46558106955797,348.4766646053294,352.4884277791984,356.4996368834158,360.5115535104803,364.5230972752722,368.53511267196205,372.5466527208477,376.5588063917641,380.5705546740655,384.5826314609006,388.5943611580678,392.606544966707,396.61821022823443,400.6303571165444,404.6421483719403,408.6540360540629,412.66573406500913,416.67762372399426,420.6891828181533,424.7009097315722,428.71225119018436
1.797845e-08 1.797845e-08 2.002295e-01 0.00 0.45531269806747615 -0.0397827163256654 0.1548617082424016 0.5647692899377309 335.45025643522115,339.44915865233975,343.4487566604544,347.44802576778136,351.4478632667309,355.44736648988044,359.4474659296501,363.44706889470723,367.4471582395427,371.4469531210545,375.447180903502,379.44717470047334,383.44736118862517,387.44729585793135,391.4476682634066,395.44749599834626,399.4476930837938,403.44772594726066,407.44772819590185,411.44755870270063,415.4476436253473,419.4473184690171,423.44730174231864,427.4466848737614,431.44682556398243
2.530182e-05 2.530182e-05 3.605696e-03 0.00 0.45827041542104907 -0.0397827163256654 0.15804679013016237 0.5647692899377309 331.87381052656553,335.8784095791021,339.88237006719186,343.88703468429884,347.8913140472351,351.8962841192651,355.9007469483188,359.90585378323885,363.91065767961874,367.91582329684513,371.92059406092505,375.9260017868641,379.93092603533603,383.9364965176529,387.94133923146717,391.9467424524348,395.9517444290584,399.95702237030247,403.9620155032093,407.96729443271073,411.9721776881832,415.9772266439764,419.9820609940331,423.98705630171014,427.9916728963065
1.298423e-07 1.298423e-07 2.279190e-01 0.00 0.45531269806747615 -0.0397827163256654 0.15804679013016237 0.5592391951878967 335.47506630435964,339.47435681605776,343.47421536335474,347.4737386479339,351.4740259813892,355.47390130856473,359.47417276407083,363.4742208988199,367.47466869726054,371.4749313391726,375.47541809980737,379.4756833506327,383.4764167075435,387.4767346720482,391.47731391554663,395.4776255358772,399.4782481848604,403.47845557582497,407.4789896538233,411.47923300008324,415.47971841180174,419.4797526489111,423.4799928843595,427.4798656973447
4.480488e-04 4.480488e-04 2.301257e-01 0.00 0.45531269806747615 -0.039362888724415165 0.15804679013016237 0.5647692899377309 337.2290008052337,341.24919507367747,345.2698952210362,349.2904168749949,353.3115689942882,357.332247160943,361.35346495628914,365.37437076114765,369.395761203929,373.41671045288314,377.438075418811,381.4592365543415,385.4806486574175,389.50189540533904,393.52335209190807,397.5445974581088,401.56590703232155,405.5869340152719,409.60839085632466,413.62938615035466,417.6507509823043,421.6717271091239,425.69266294946027,429.7134375581038
1.710059e-08 1.710059e-08 2.027072e-01 0.00 0.45531269806747615 -0.0397827163256654 0.1627578794731167 0.5647692899377309 335.45262635445437,339.4515725153831,343.45119511987895,347.4504922921676,351.4503691363944,355.44989967170534,359.4500307781779,363.44965248681024,367.4497826688681,371.44958974142133,375.4498495907667,379.4498648603569,383.4500895996755,387.4500352887728,391.45043716136905,395.45029374547045,399.45052443349414,403.45056280447744,407.45059711326184,411.4504350381474,415.45053456683144,419.4502447554516,423.4502425756495,427.44967542770866,431.44978417313416
3.725508e-04 3.725508e-04 2.343383e-01 0.00 0.4444293023840655 -0.0397827163256654 0.15804679013016237 0.5647692899377309 337.80880223804894,341.78910453790695,345.7692989291003,349.7497803111219,353.7301009440922,357.7108168173156,361.69130238984906,365.6722530555147,369.6528939017635,373.63385040990244,377.61450636782683,381.5955251426099,385.5763049236788,389.5573021302856,393.5379103329107,397.5189728540298,401.49955027958083,405.48054681615514,409.46117489080103,413.4417900496645,417.4223720008173,421.40302313626506,425.38325737510064,429.36366884709645,433.3436287865945
1.356535e-07 1.356535e-07 1.777022e-01 0.00 0.45531269806747615 -0.0397827163256654 0.15804679013016237 0.5703478263808309 335.42858059270327,339.4272325382407,343.4266432038357,347.42553896319976,351.4251122991751,355.4242486877621,359.4239552166508,363.4233128479508,367.4232340812734,371.4226141642105,375.42261699461005,379.422094417562,383.4221903670294,387.421688983355,391.4216558031295,395.42127625126534,399.4211413677681,403.42068940989066,407.42048084736166,411.42001105301097,415.4197599483683,419.41913104839875,423.41871406076785,427.4176476790176,431.4176440538152
1.329053e-03 1.329053e-03 4.138700e-02 0.00 0.45531269806747615 -0.039064394479590266 0.15804679013016237 0.5647692899377309 338.51068041112205,342.5461511467986,346.5822545347506,350.61801658395655,354.6543286431067,358.69028493924986,362.72673989318156,366.76302039782837,370.7996318282508,374.83598791473725,378.87264470712853,382.9090540190478,386.9458643087059,390.982263569604,395.01908184572164,399.055481027198,403.0921720128047,407.12860554698335,411.1653305137685,415.20148988610777,419.2380704260445,423.2741910283968,427.31064793133504,431.3467680336768
1.662854e-08 1.662854e-08 2.018050e-01 0.00 0.45531269806747615 -0.0397827163256654 0.15766784001594888 0.5647692899377309 335.4516855561664,339.45062593281375,343.4502413187375,347.44952604002214,351.4494166616566,355.4489308793768,359.44905942563815,363.44866707111896,367.44878391329223,371.4485959635984,375.44885255290194,379.44886299487234,383.44908334054196,387.44904254539347,391.4494222189201,395.44928765292696,399.449498439153,403.4495326737928,407.4495816767628,411.44941671592335,415.44952369051015,419.4492418398009,423.4492529731933,427.4486677172254,431.4487794295529
3.488830e-05 3.488830e-05 1.873468e-02 0.00 0.45195052854776585 -0.0397827163256654 0.15804679013016237 0.5647692899377309 334.95838364559523,338.9517364318349,342.9453549948834,346.93875084137125,350.9328641619902,354.92637918381797,358.9205998097056,362.9144619066157,366.9088182277173,370.90274495354436,374.8971632859844,378.89129019617985,382.88559809558643,386.87987048350925,390.87421130913566,394.86831779505735,398.8628302707343,402.85679917455724,406.85116357931304,410.84507876330923,414.8393253556888,418.83327768091675,422.82720100806637,426.82081303497205,430.8147177263905
5.012526e-08 5.012526e-08 2.164520e-01 0.00 0.45531269806747615 -0.0397827163256654 0.15804679013016237 0.5614295071986287 335.4649900788866,339.46393978796726,343.46382003836754,347.4633373253103,351.4632996243348,355.46300949739873,359.4632563668746,363.46295981486855,367.4635372423443,371.46347094228696,375.4638260652153,379.46404761398173,383.464492868104,387.4646560655149,391.4651610625267,395.46538313698176,399.465754234825,403.46591641131806,407.4662862885734,411.46631425292605,415.4665666169363,419.4664852443547,423.46651050875676,427.46644634212,431.46636406811547
7.414824e-04 7.414824e-04 7.396017e-02 0.00 0.45531269806747615 -0.04033113478821345 0.15804679013016237 0.5647692899377309 333.1703062701329,337.1421467000332,341.1145218222277,345.0866284024066,349.05915768841373,353.0315878421095,357.0043519022246,360.976778617635,364.94973975673986,368.92246826780286,372.8953958144812,376.8681448630224,380.84121867838826,384.81398131382264,388.78710790275477,392.7598624935942,396.7328247892538,400.70555200891164,404.67848958915044,408.65111570660304,412.62407214525194,416.59640824073256,420.5692056229882,424.5416268959429,428.5150128228701
3.477500e-04 3.477500e-04 8.423504e-02 0.00 0.466414504154585 -0.0397827163256654 0.15804679013016237 0.5647692899377309 328.99072940261334,333.00873364959114,337.02672825518783,341.04428462334994,345.06250080381477,349.0804739258301,353.0990129880214,357.1170587812946,361.13577777643155,365.15417597868714,369.17315653671284,373.1914985342381,377.2104566818491,381.22903886380715,385.24802928401795,389.26651618886586,393.2855638260961,397.30420097525723,401.3231855643411,405.34173389237503,409.3606397804236,413.379168819069,417.39795689316543,421.4164273076714,425.4348383161047
1.675703e-08 1.675703e-08 2.014642e-01 0.00 0.45531269806747615 -0.0397827163256654 0.15937504794368543 0.5647692899377309 335.4514288767121,339.45036151696735,343.44996935564734,347.4492461396615,351.44912903482015,355.4486350315307,359.4487555816879,363.4483547217402,367.4484630940201,371.4482662881858,375.44851398849465,379.44851527532376,383.44872627332194,387.448675772801,391.4490456758377,395.44890070680043,399.44910104919603,403.4491245217913,407.4491624352231,411.44898584881713,415.4490811042894,419.44878693644165,423.4487856035064,427.4481869892108,431.44828994063795
7.534627e-08 7.534627e-08 2.210948e-01 0.00 0.45531269806747615 -0.0397827163256654 0.15804679013016237 0.5605624961089355 335.46894634202204,339.46817068385485,343.467966383025,347.46753779394294,351.46757079568005,355.4673446979489,359.46757090090705,363.46755134345767,367.4679957072543,371.46806146763987,375.46850943143875,379.46876381305583,383.4692169580085,387.46953015467193,391.47005487082845,395.4702382844412,399.47077403580937,403.4711208771385,407.4713641718437,411.47142495828905,415.47171169391,419.47188770232253,423.4720254984048,427.4718583812262,431.47186468501616
7.360812e-04 7.360812e-04 3.685881e-02 0.00 0.45531269806747615 -0.03924589160167883 0.15804679013016237 0.5647692899377309 337.72918490779136,341.75528346969907,345.7819826849905,349.80851764356373,353.8355212655255,357.8620914577702,361.88936754471035,365.91627408689914,369.9434685493798,373.97046465113067,377.99784342472304,382.0249811660062,386.05240486183266,390.07950157772154,394.10693638146427,398.13408815582164,402.1615327794478,406.1886800256259,410.21583884233223,414.24294923986116,418.27020630910107,422.29690913110926,426.3239953294701,430.3507206581629
4.417603e-05 4.417603e-05 1.111539e-02 0.00 0.4591926685071467 -0.0397827163256654 0.15804679013016237 0.5647692899377309 332.0053376475968,336.011357788515,340.0170119843784,344.0233999857124,348.0291300015075,352.03566315550546,356.04175173300905,360.048535869049,364.054898300013,368.0616048064654,372.06815847856484,376.07499597277297,380.0814908458184,384.088488734469,388.0951719076263,392.102034360775,396.1086738828361,400.1156162050219,404.12218439459343,408.1289531309834,412.1354330800782,416.14224119404247,420.14866836981196,424.1553350955045,428.16121030145797
1.797845e-08 1.797845e-08 2.002295e-01 0.00 0.45531269806747615 -0.0397827163256654 0.1566504936269557 0.5647692899377309 335.45025643522115,339.44915865233975,343.4487566604544,347.44802576778136,351.4478632667309,355.44736648988044,359.4474659296501,363.44706889470723,367.4471582395427,371.4469531210545,375.447180903502,379.44717470047334,383.44736118862517,387.44729585793135,391.4476682634066,395.44749599834626,399.4476930837938,403.44772594726066,407.44772819590185,411.44755870270063,415.4476436253473,419.4473184690171,423.44730174231864,427.4466848737614,431.44682556398243
7.539204e-08 7.539204e-08 1.893461e-01 0.00 0.45531269806747615 -0.0397827163256654 0.15804679013016237 0.5672416027294856 335.44016857824715,339.43904615578083,343.4384783281143,347.43764200584747,351.4373628353737,355.4366079114339,359.4365442097975,363.4360459160063,367.43603233563704,371.43562305171594,375.43573098295724,379.4354650390289,383.43559652854634,387.43542575507985,391.43555318542434,395.4352713434882,399.4353884510258,403.4350228251809,407.4352063129198,411.43480614832526,415.43468629993896,419.43434193667747,423.43375585044583,427.43318514576214,431.4331124222664
5.544982e-04 5.544982e-04 3.487023e-02 0.00 0.45531269806747615 -0.04025604170421397 0.15804679013016237 0.5647692899377309 333.4797350165946,337.45522008769177,341.4312744761847,345.4070675460956,349.38333514975795,353.3592465414716,357.3359027128247,361.31197917614514,365.2886885339388,369.2649530804298,373.2416391275368,377.21805031784857,381.1948175358638,385.1713936902001,389.1479170424883,393.12453551258307,397.10127960359284,401.07772932238805,405.05422533834655,409.0305799685995,413.007139671374,416.9833273226694,420.95965855346356,424.9357104128638,428.9132872754783
2.155980e-05 2.155980e-05 7.286210e-04 0.00 0.4526778992042092 -0.0397827163256654 0.15804679013016237 0.5647692899377309 335.0654675597095,339.05991311399407,343.05493121910604,347.0497285357175,351.04501928556084,355.03981190090104,359.0353990177941,363.0305683993949,367.02602517373595,371.0212527518017,375.0169097679454,379.01227797344893,383.0080057995799,387.0033667161698,390.99905101653087,394.9945049909566,398.990059517366,402.98556418177526,406.9810647064191,410.97622420650345,414.9717607955099,418.9667651156056,422.9620872057402,426.95700651373676,430.9521823238379
1.835768e-08 1.835768e-08 1.989915e-01 0.00 0.45531269806747615 -0.0397827163256654 0.15379486420502342 0.5647692899377309 335.44905885957985,339.4479633742563,343.4475363726183,347.4467894492617,351.44661821969953,355.44612432873623,359.44619731280386,363.44577449350834,367.4458504075684,371.44562598371965,375.44585106990405,379.44582239498584,383.44600599668837,387.4459123503526,391.44627343236033,395.4460870772387,399.44628402951236,403.44628242022685,407.4462866751726,411.44610378832306,415.44618032472795,419.44584975763513,423.4458259580582,427.44520363286625,431.44533810147504
1.572429e-04 1.572429e-04 1.087126e-01 0.00 0.46271313511719714 -0.0397827163256654 0.15804679013016237 0.5647692899377309 332.49835843971886,336.510225094964,340.5217081206384,344.53384182630015,348.54579333294424,352.55816744498145,356.5701168984552,360.5827670798789,364.59490835709016,368.6076255128988,372.61999145398323,376.6326982134885,380.64523728107486,384.658069391569,388.67065835628813,392.6833840122063,396.6958991012182,400.7088186805748,404.7212728469936,408.7339228863753,412.7464418954256,416.75911832838995,420.7712999813331,424.7838300303496
1.558411e-03 1.558411e-03 1.597720e-01 0.00 0.45531269806747615 -0.03900566853151649 0.15804679013016237 0.5647692899377309 338.76441284468916,342.80287200331253,346.84203750888,350.8808606188511,354.92022262459125,358.959134251562,362.998784612937,367.0379155849634,371.07760715498983,375.11686518317777,379.15671367263604,383.1960236689051,387.2359247580472,391.27532903518136,395.31511229660646,399.3545921735574,403.3944154716191,407.4337567477636,411.4734190785405,415.5127179326969,419.5523988855922,423.5915644982592,427.6308688701564,431.6700474901539
1.308949e-07 1.308949e-07 2.278904e-01 0.00 0.45531269806747615 -0.0397827163256654 0.15804679013016237 0.5590913167351057 335.47490216584384,339.4742112735452,343.47410426498254,347.47381779547214,351.4739769833688,355.4738605298175,359.47412847524123,363.4742880921057,367.4747254207777,371.47479240406284,375.47538314153974,379.475752349352,383.47628236775057,387.4766413834342,391.4773720153227,395.47760429161144,399.4780953805132,403.4784523176861,407.4789582809926,411.4791665997069,415.479572906152,419.4797636351456,423.48000057065946,427.4800749369979
1.719082e-08 1.719082e-08 2.030493e-01 0.00 0.45531269806747615 -0.0397827163256654 0.1607724198191604 0.5647692899377309 335.4528830952535,339.45183707014576,343.4514672024001,347.4507722525744,351.45065696580207,355.4501955936651,359.4503347483429,363.4499649964351,367.4501036727159,371.4499196779845,375.45018836254263,379.45021281540215,383.4504469099612,387.4504023166134,391.4508139623623,395.45068094225905,399.4509220729248,403.4509712199735,407.4510166397729,411.45086620451633,415.45097747761343,419.4507000030012,423.45071032159416,427.45015653408956,431.4502739515983
6.796217e-05 6.796217e-05 1.358448e-01 0.00 0.4506180280414573 -0.0397827163256654 0.15804679013016237 0.5647692899377309 334.7612593698384,338.7519454652929,342.74334315857436,346.73439899059616,350.72609141364666,354.71742689243496,358.7091504195537,362.7007117869266,366.6927024646667,370.6843509668311,374.6764196930156,378.6681513013474,382.66016977017074,386.6519329420292,390.64415807034214,394.63587858500097,398.62784161171817,402.6196549851081,406.6116522257963,410.60328817298307,414.59518650346007,418.58657951591573,422.57833168469256,426.56976167749076,430.5610995868064
7.734628e-04 7.734628e-04 1.040768e-01 0.00 0.45531269806747615 -0.040342918542391144 0.15804679013016237 0.5647692899377309 333.12181156228706,337.0929936431621,341.06476158903456,345.03621802697853,349.0084561621356,352.9801205227213,356.9524123107074,360.92425156196407,364.896636753604,368.8686077078113,372.84111998475043,376.813158081794,380.7857311784096,384.7578676563081,388.7304510424058,392.7026292705997,396.67506444234965,400.6471931849241,404.6195506532329,408.5916096399644,412.5638488800618,416.53591037149397,420.5079592802231,424.47967689318943,428.45255837838545
1.467131e-07 1.467131e-07 1.789636e-01 0.00 0.45531269806747615 -0.0397827163256654 0.15804679013016237 0.5698603945942811 335.4302603741873,339.4288947319389,343.4282753360597,347.42728874047305,351.4268826282827,355.42601074839774,359.4257209148973,363.4250599238722,367.4250070725804,371.424502584341,375.42448815272513,379.4240278689224,383.4240467126676,387.42365004853525,391.4236709202038,395.42314553755176,399.42317153016154,403.422819466907,407.4225414217305,411.42200014975936,415.42188579067033,419.421151793639,423.4206844392511,427.4199798338076,431.41992036464967
1.675703e-08 1.675703e-08 2.014642e-01 0.00 0.45531269806747615 -0.0397827163256654 0.16064961834466956 0.5647692899377309 335.4514288767121,339.45036151696735,343.44996935564734,347.4492461396615,351.44912903482015,355.4486350315307,359.4487555816879,363.4483547217402,367.4484630940201,371.4482662881858,375.44851398849465,379.44851527532376,383.44872627332194,387.448675772801,391.4490456758377,395.44890070680043,399.44910104919603,403.4491245217913,407.4491624352231,411.44898584881713,415.4490811042894,419.44878693644165,423.4487856035064,427.4481869892108,431.44828994063795
8.786950e-06 8.786950e-06 6.583119e-02 0.00 0.4570581333961092 -0.0397827163256654 0.15804679013016237 0.5647692899377309 331.70097582591933,335.70412071268134,339.70613927029194,343.7086476831289,347.7109505385851,351.71384974457817,355.7162996623625,359.7192867783086,363.721925093233,367.72513485501287,371.72799326279943,375.73123129053397,379.73408037434524,383.73742999103075,387.7403088749927,391.7436633998568,395.7466648513257,399.74972824975725,403.7527911546921,407.755967558583,411.75872269898304,415.761835651712,419.764408489449,423.76739432077306,427.7699721020209
2.661858e-04 2.661858e-04 1.130630e-02 0.00 0.45531269806747615 -0.039458264866375756 0.15804679013016237 0.5647692899377309 336.8222982815534,340.8375919628708,344.8536010171434,348.86923268834937,352.88542751417316,356.90121175578844,360.91758744493256,364.9336141305669,368.95010426433,372.9663230160827,376.9828578810789,380.99912143015047,385.0160104508615,389.0320713154146,393.0487437765679,397.0651464568072,401.08161369222347,405.0978215935475,409.11431510778334,413.1306197502923,417.1469314510774,421.16298642126156,425.1793050332883,429.19504435237167
7.596647e-08 7.596647e-08 2.201344e-01 0.00 0.45531269806747615 -0.0397827163256654 0.15804679013016237 0.560276571264407 335.4698333943722,339.46906627449476,343.4688695562653,347.4683882581629,351.4684892159461,355.46829687706867,359.4685701928194,363.4685180164251,367.46894516029755,371.4689550741967,375.46954956975566,379.4697574054402,383.47031337151924,387.47038143123194,391.471290130028,395.47134173635044,399.47170115747895,403.4721157955917,407.4725211168298,411.4726156365982,415.47286702076065,419.4730084339227,423.4732424412954,427.47299348134504,431.4730149566184
1.758627e-08 1.758627e-08 2.005690e-01 0.00 0.45531269806747615 -0.0397827163256654 0.154567856162608 0.5647692899377309 335.45051302493744,339.4494228119359,343.44902848128874,347.4483054159856,351.4481508023404,355.44766210338196,359.4477695452561,363.4473810019448,367.44747887043417,371.4472826290642,375.4475192937897,379.447522218003,383.44771802333383,387.4476624062868,391.44804458143733,395.44788270411004,399.4480901901186,403.4481338049865,407.4481471379168,411.44798926413495,415.4480858732523,419.44777303348746,423.44776875037434,427.4471652501102,431.44731493837975
2.545880e-04 2.545880e-04 7.818968e-03 0.00 0.4647737954851306 -0.0397827163256654 0.15804679013016237 0.5647692899377309 332.7834939515582,336.7988299199532,340.8136668622379,344.8292663093266,348.84439359047957,352.86028296184554,356.87569352873373,360.89160132065456,364.90732593718633,368.92350360797263,372.9391745587584,376.9555538396962,380.97140976978704,384.98763204759774,389.0037089903951,393.0198747240422,397.03578241269906,401.0521176292742,405.06799899825774,409.08421075020567,413.0999085133237,417.11593055699046,421.1316584246654,425.1474306951462
1.043730e-03 1.043730e-03 9.772805e-02 0.00 0.45531269806747615 -0.040434758912208144 0.15804679013016237 0.5647692899377309 332.74422711080524,336.71100715017127,340.6783616104109,344.6453208890849,348.6128650206645,352.58004388046794,356.5478203432385,360.51522186643695,364.4830536699881,368.45072505273026,372.41858855145966,376.38624293560616,380.354240518616,384.32188354631626,388.2899347619599,392.257581027576,396.2254935011724,400.1931177181326,404.1610254293071,408.1286553606257,412.09639979316216,416.06372798537086,420.0314284964932,423.99867485265236,427.96697326063344
2.647841e-08 2.647841e-08 2.049964e-01 0.00 0.45531269806747615 -0.0397827163256654 0.15804679013016237 0.5638344962825893 335.45454741669926,339.45364894478655,343.453282705542,347.4526206079524,351.45239373515636,355.4520839367216,359.45213289874545,363.4518435088616,367.4520490803737,371.4519175107725,375.4521852377067,379.4523193998776,383.452516596643,387.4524658476082,391.4529168379116,395.4528910618968,399.453119038658,403.4531745403203,407.45342148093937,411.45329877897467,415.45323378690466,419.45313914122346,423.4530994098795,427.45259237052693,431.45267527005853
1.797845e-08 1.797845e-08 2.002295e-01 0.00 0.45531269806747615 -0.0397827163256654 0.15643158527343662 0.5647692899377309 335.45025643522115,339.44915865233975,343.4487566604544,347.44802576778136,351.4478632667309,355.44736648988044,359.4474659296501,363.44706889470723,367.4471582395427,371.4469531210545,375.447180903502,379.44717470047334,383.44736118862517,387.44729585793135,391.4476682634066,395.44749599834626,399.4476930837938,403.44772594726066,407.44772819590185,411.44755870270063,415.4476436253473,419.4473184690171,423.44730174231864,427.4466848737614,431.44682556398243
8.406804e-06 8.406804e-06 2.779669e-02 0.00 0.4536767602545815 -0.0397827163256654 0.15804679013016237 0.5647692899377309 335.21165584474863,339.2078137216565,343.20467797019774,347.20106050905906,351.1979442460703,355.19469647618206,359.1918993383543,363.18863471740826,367.18598757175204,371.18293759985875,375.1804172612589,379.17733917159825,383.17488741984863,387.1719406356794,391.1693843765058,395.1665033455216,399.16384989013585,403.16094493746,407.1582804085995,411.1552428057089,415.15252573648775,419.14949477552074,423.1463200466624,427.143103584252,431.14010015917995
1.190818e-04 1.190818e-04 1.411569e-01 0.00 0.45531269806747615 -0.040001031209272224 0.15804679013016237 0.5647692899377309 334.53813881449486,338.52620308739466,342.5149813761686,346.5033353193087,350.49231478450014,354.480957575787,358.4700726415337,362.4588307408177,366.44815525678337,370.4370353776347,374.4265183974429,378.41537197719924,382.4048516610463,386.3939053674002,390.38326235603427,394.3723387728771,398.36175211996476,402.35069941956976,406.3399688669391,410.32896575744957,414.3181746416012,418.3069120408674,422.29597292946477,426.2846398064462,430.27429274074314
1.724643e-04 1.724643e-04 7.565922e-02 0.00 0.4630570387939473 -0.0397827163256654 0.15804679013016237 0.5647692899377309 332.54696804368524,336.5592982285257,340.5713955287524,344.5841516654296,348.5964290899751,352.60948851590183,356.6220481874623,360.6352358142812,364.64800531827717,368.66132929900175,372.6743048153819,376.6876094331211,380.7007482894302,384.71405892423553,388.72734671225095,392.7406873204345,396.7538347276424,400.7672949985554,404.78027569341725,408.79374178871075,412.8067302655152,416.8197799415904,420.8327895334205,424.8458057909062
1.016182e-07 1.016182e-07 1.836856e-01 0.00 0.45531269806747615 -0.0397827163256654 0.15804679013016237 0.5685854510178205 335.43487803203055,339.4335763501186,343.4328974061203,347.4319427681924,351.4316641921891,355.43084300461453,359.43061197355723,363.43016594789157,367.43000335460016,371.42966408801124,375.4295454274143,379.42922889627226,383.4294453680555,387.4291088732199,391.42911572228655,395.4287647757656,399.4288540856322,403.42834303933967,407.42830033340897,411.42785303980645,415.4276940166834,419.4271180158887,423.4266785459745,427.42608710007414,431.4260928842493
1.835768e-08 1.835768e-08 1.989915e-01 0.00 0.45531269806747615 -0.0397827163256654 0.15170735795907725 0.5647692899377309 335.44905885957985,339.4479633742563,343.4475363726183,347.4467894492617,351.44661821969953,355.44612432873623,359.44619731280386,363.44577449350834,367.4458504075684,371.44562598371965,375.44585106990405,379.44582239498584,383.44600599668837,387.4459123503526,391.44627343236033,395.4460870772387,399.44628402951236,403.44628242022685,407.4462866751726,411.44610378832306,415.44618032472795,419.44584975763513,423.4458259580582,427.44520363286625,431.44533810147504
5.367311e-07 5.367311e-07 2.282248e-01 0.00 0.4557469703676656 -0.0397827163256654 0.15804679013016237 0.5647692899377309 335.5140489866982,339.5137304378678,343.5141194046527,347.5140842850832,351.51471481636463,355.5149454144177,359.5157715807715,363.5161428545564,367.5170347304438,371.5177087399186,375.5186993547275,379.51925781870204,383.5202288383132,387.52091964540426,391.52197326075543,395.52275447794705,399.5235860895438,403.5244144056132,407.52528320246495,411.52580603120634,415.5266759120575,419.5272519916048,423.5277611142925,427.52803784399447
4.399655e-04 4.399655e-04 1.639135e-01 0.00 0.45531269806747615 -0.04020396763576145 0.15804679013016237 0.5647692899377309 333.695284148998,337.6733117021112,341.65190513492746,345.6303481950539,349.6091687414166,353.58784728049767,357.56688653420423,361.5456782161044,365.52476370835996,369.5037231018842,373.48296075135033,377.4619065053314,381.4412916549657,385.4202299855358,389.3996558538726,393.3786393793133,397.35797828899103,401.3368971068311,405.3161668883371,409.29502696587343,413.27419241950474,417.2529302293176,421.23177945794674,425.2104933970583,429.19019349926856
1.710059e-08 1.710059e-08 2.027072e-01 0.00 0.45531269806747615 -0.0397827163256654 0.16270540009482176 0.5647692899377309 335.45262635445437,339.4515725153831,343.45119511987895,347.4504922921676,351.4503691363944,355.44989967170534,359.4500307781779,363.44965248681024,367.4497826688681,371.44958974142133,375.4498495907667,379.4498648603569,383.4500895996755,387.4500352887728,391.45043716136905,395.45029374547045,399.45052443349414,403.45056280447744,407.45059711326184,411.4504350381474,415.45053456683144,419.4502447554516,423.4502425756495,427.44967542770866,431.44978417313416
7.915223e-08 7.915223e-08 1.873462e-01 0.00 0.45531269806747615 -0.0397827163256654 0.15804679013016237 0.5676668195908428 335.43827501650816,339.4371376612854,343.4366239858948,347.4357008630047,351.43532373584816,355.43458848563415,359.4344753914835,363.4339783643568,367.43388842795144,371.43367815026943,375.43364467191356,379.43338017390056,383.43339474282726,387.4331659754895,391.43320859519037,395.43294494641185,399.4331059233979,403.4328465321944,407.4326845182839,411.43231300125973,415.43220453931383,419.4316547156307,423.43127478095107,427.43065471231927,431.43081139270146
4.796075e-07 4.796075e-07 2.324685e-01 0.00 0.45572129266594075 -0.0397827163256654 0.15804679013016237 0.5647692899377309 335.51019305157223,339.5098879102104,343.5102901416113,347.5102057138936,351.5106637461092,355.51092971245487,359.5116806144221,363.5120325414575,367.51296027932136,371.51338976624464,375.5143989183474,379.5149865899689,383.5159732900099,387.5165988882107,391.5175664423809,395.51818696630664,399.51922846659954,403.51980697192215,407.52074294923744,411.5213047874512,415.5219883805718,419.5224923712223,423.5230507540843,427.523311829341
1.751891e-06 1.751891e-06 1.739139e-01 0.00 0.45531269806747615 -0.03975576627147342 0.15804679013016237 0.5647692899377309 335.5649953576012,339.56541669506504,343.5663174569187,347.5669903825949,351.56816823844594,355.56899922196,359.5704456291642,363.5715014787369,367.57305168116613,371.57416276238035,375.57573186128656,379.5770428340139,383.57871380404293,387.5799562032045,391.58168165793717,395.5828704337523,399.58453512364633,403.58582372492293,407.5873155097838,411.588593439802,415.58999890043975,419.59097731235914,423.59228602798606,427.59318453734977,431.594497951867
1.835768e-08 1.835768e-08 1.989915e-01 0.00 0.45531269806747615 -0.0397827163256654 0.15193617017319785 0.5647692899377309 335.44905885957985,339.4479633742563,343.4475363726183,347.4467894492617,351.44661821969953,355.44612432873623,359.44619731280386,363.44577449350834,367.4458504075684,371.44562598371965,375.44585106990405,379.44582239498584,383.44600599668837,387.4459123503526,391.44627343236033,395.4460870772387,399.44628402951236,403.44628242022685,407.4462866751726,411.44610378832306,415.44618032472795,419.44584975763513,423.4458259580582,427.44520363286625,431.44533810147504
1.969161e-07 1.969161e-07 2.343777e-01 0.00 0.45531269806747615 -0.0397827163256654 0.15804679013016237 0.5580445329473369 335.48043465030617,339.4799043141565,343.4798867948993,347.479556230439,351.4798687009388,355.4797664522127,359.4801617022733,363.48028357845106,367.4808306613091,371.48110668944275,375.48177112941676,379.48209152632313,383.4828741701225,387.4832324303971,391.48390092451973,395.4845017778091,399.48502137572615,403.4853919897951,407.4860397587519,411.48628815742416,415.48680704616805,419.48709390201583,423.48738957783996,427.48751074457334
1.911638e-06 1.911638e-06 1.707279e-01 0.00 0.4561236896892483 -0.0397827163256654 0.15804679013016237 0.5647692899377309 335.56908016326526,339.5694205190294,343.5704654598197,347.5711292593276,351.5723520418188,355.5732938578853,359.57466867915014,363.575757485396,367.5773438943818,371.5785712113047,375.5802334755826,379.581566845628,383.5832629442665,387.5845121700185,391.5862046183592,395.5876710913467,399.58932674732574,403.59058312395064,407.5922061715714,411.5933052116377,415.59482144312483,419.5959494629239,423.59729271928956,427.5981994770725
8.198438e-06 8.198438e-06 6.983626e-02 0.00 0.45531269806747615 -0.03972493946619406 0.15804679013016237 0.5647692899377309 335.6947994812324,339.69665463200295,343.69924707612927,347.7013726875914,351.7040969006945,355.70654608107026,359.7095603067482,363.7120403238205,367.71504676155655,371.7178153296723,375.721016897039,379.7238188261664,383.72708851541336,387.7298842477831,391.73298515319954,395.7359669700269,399.7390643104768,403.74191831731815,407.7450418563058,411.7477379346828,415.7506036394474,419.7533236928681,423.75593171006426,427.758578783934,431.76125333690266
1.662854e-08 1.662854e-08 2.018050e-01 0.00 0.45531269806747615 -0.0397827163256654 0.15778953511616392 0.5647692899377309 335.4516855561664,339.45062593281375,343.4502413187375,347.44952604002214,351.4494166616566,355.4489308793768,359.44905942563815,363.44866707111896,367.44878391329223,371.4485959635984,375.44885255290194,379.44886299487234,383.44908334054196,387.44904254539347,391.4494222189201,395.44928765292696,399.449498439153,403.4495326737928,407.4495816767628,411.44941671592335,415.44952369051015,419.4492418398009,423.4492529731933,427.4486677172254,431.4487794295529
4.382022e-08 4.382022e-08 2.151881e-01 0.00 0.45531269806747615 -0.0397827163256654 0.15804679013016237 0.561943076770476 335.4638095604233,339.4628302169673,343.46264483359994,347.46207731224695,351.462056542843,355.46170073815574,359.46199989211965,363.46191494622013,367.4621834069929,371.46221603287046,375.462634209741,379.46271228482715,383.4631960046384,387.4633649072132,391.4637741824611,395.4640129939392,399.4643391407115,403.4645397232167,407.46490079712777,411.46490507969287,415.46510144901356,419.4649369346508,423.46513333526207,427.46492258548386,431.46507535927276
8.975009e-07 8.975009e-07 1.287901e-01 0.00 0.45478986691263856 -0.0397827163256654 0.15804679013016237 0.5647692899377309 335.37510977739214,339.3731154291993,343.3719303040988,347.3702841560626,351.3692223489714,355.36787001389087,359.36698817496824,363.3656446690624,367.36488462265294,371.3638459591927,375.3631430945865,379.3622253672927,383.3616538929885,387.36069997241066,391.36006249355404,395.3590537951071,399.3585009623423,403.3574050291274,407.35674750474755,411.3555853350566,415.3547144862737,419.35367913328747,423.3526238012561,427.35116223996175,431.35071407357094
2.264457e-05 2.264457e-05 7.139710e-03 0.00 0.45531269806747615 -0.03968718150018352 0.15804679013016237 0.5647692899377309 335.8527401219308,339.8564694780904,343.8608851414895,347.86490201703174,351.8696168991307,355.8738571239,359.87866819096297,363.8830902591951,367.8880393435293,371.89258848088645,375.8977117029291,379.902405476712,383.9074844460441,387.91225168427866,391.91728611617816,395.9220595751011,399.9270242716485,403.93167493625145,407.93664880029957,411.94131172508065,415.9461704280786,419.9505470761284,423.9553069573499,427.95968943615003
1.675703e-08 1.675703e-08 2.014642e-01 0.00 0.45531269806747615 -0.0397827163256654 0.15849759344455244 0.5647692899377309 335.4514288767121,339.45036151696735,343.44996935564734,347.4492461396615,351.44912903482015,355.4486350315307,359.4487555816879,363.4483547217402,367.4484630940201,371.4482662881858,375.44851398849465,379.44851527532376,383.44872627332194,387.448675772801,391.4490456758377,395.44890070680043,399.44910104919603,403.4491245217913,407.4491624352231,411.44898584881713,415.4490811042894,419.44878693644165,423.4487856035064,427.4481869892108,431.44828994063795
7.200322e-07 7.200322e-07 1.362111e-01 0.00 0.4548518612788686 -0.0397827163256654 0.15804679013016237 0.5647692899377309 335.38337873300856,339.38140829436156,343.3803131361543,347.37872396005554,351.377881297848,355.3764969629196,359.37577140664774,363.3746437324108,367.37402149215063,371.3729401744392,375.37246401120325,379.37153336405305,383.37095875416054,387.3701809425416,391.3696161006069,395.3687234259469,399.3681997227093,403.36719359443475,407.3666764889413,411.3656831775791,415.36486548794454,419.36383404644323,423.362904115538,427.36167558060737,431.3615613475638
7.403334e-08 7.403334e-08 1.876836e-01 0.00 0.45531269806747615 -0.0397827163256654 0.15804679013016237 0.5679142055692968 335.4386681239634,339.43738307206064,343.4368679377656,347.4360487667446,351.435676138068,355.43498182062876,359.4348476256269,363.43423178336417,367.4341955171181,371.43393317775764,375.4340345275914,379.43372422111827,383.4338047481765,387.4335099673361,391.4336228582334,395.43342985786643,399.43346696860374,403.4331603492629,407.43310312598356,411.4327270309366,415.4325202162926,419.432163303659,423.431753901683,427.4311510639486,431.43119329991686
4.260047e-06 4.260047e-06 1.180989e-01 0.00 0.45531269806747615 -0.03974098927085258 0.15804679013016237 0.5647692899377309 335.62727377258796,339.6283370754278,343.6298984372181,347.63141788827517,351.63333952044064,355.6350126085899,359.63716419781764,363.6389310293373,367.6411480395832,371.6430467741164,375.6454525647174,379.6473577755432,383.6497608622586,387.65196921094105,391.65426082072935,395.65643614794715,399.65872698235006,403.6607207123027,407.6629018860233,411.6648991288291,415.66708237411723,419.6689437337717,423.67094759185557,427.6725344759673,431.6745034870037
1.660293e-04 1.660293e-04 3.338883e-02 0.00 0.44800918551282415 -0.0397827163256654 0.15804679013016237 0.5647692899377309 334.37024086205935,338.3569496374683,342.3438439614804,346.3302969845966,350.31737098547336,354.3040781703057,358.2912706266369,362.27815045601056,366.2654968766879,370.25242478638285,374.23982871909993,378.2270465528439,382.21443258374336,386.20150297429853,390.1891379945406,394.17620981320846,398.1636640269207,402.15066994183854,406.13805617523224,410.12509543229544,414.112221273019,418.0991748590299,422.0862467518985,426.0728562329373,430.05972433894834,434.047007307078
1.675703e-08 1.675703e-08 2.014642e-01 0.00 0.45531269806747615 -0.0397827163256654 0.15843397618824157 0.5647692899377309 335.4514288767121,339.45036151696735,343.44996935564734,347.4492461396615,351.44912903482015,355.4486350315307,359.4487555816879,363.4483547217402,367.4484630940201,371.4482662881858,375.44851398849465,379.44851527532376,383.44872627332194,387.448675772801,391.4490456758377,395.44890070680043,399.44910104919603,403.4491245217913,407.4491624352231,411.44898584881713,415.4490811042894,419.44878693644165,423.4487856035064,427.4481869892108,431.44828994063795
2.700019e-08 2.700019e-08 2.095308e-01 0.00 0.45531269806747615 -0.0397827163256654 0.15804679013016237 0.5629320346452729 335.4586741920619,339.45787456868936,343.4574321099111,347.45676815395444,351.45685790216737,355.4565442484021,359.4564889351451,363.4563434380544,367.45666177930826,371.45661797958485,375.4569303518133,379.45692609411236,383.45736482484654,387.4574168770346,391.45781635961816,395.45786349633136,399.45821120519054,403.4580982136217,407.4584624803357,411.4584631492902,415.4586167299896,419.4584198339307,423.4584386067788,427.4580429439292,431.4582671543355
1.905510e-05 1.905510e-05 1.466481e-02 0.00 0.4578743101659329 -0.0397827163256654 0.15804679013016237 0.5647692899377309 331.8180972349224,335.8218516462988,339.825200417066,343.82919803702845,347.8329168393161,351.83712676996186,355.84101860401097,359.8454231120724,363.84951768337396,367.8541066576245,371.8582379838717,375.8628879633791,379.8671383442403,383.8719736448738,387.87627954565403,391.8809421990892,395.88540799239485,399.8899669580632,403.8942546797788,407.898769592801,411.90314481434416,415.9074856428243,419.9116550096791,423.9159291679468,427.9199536263603
3.488392e-05 3.488392e-05 2.133632e-03 0.00 0.45531269806747615 -0.03966460589169046 0.15804679013016237 0.5647692899377309 335.94900978148803,339.9539097218361,343.9594283775841,347.96469288966296,351.97049617193153,355.97593707536254,359.9818028894752,363.9875565699691,367.99363577067703,371.9994024343252,376.00557631568114,380.0113338901647,384.0175582868588,388.02353693111877,392.0297445765031,396.0357009602135,400.0418527468308,404.0476145935061,408.05377716825257,412.05944474185327,416.06547432724045,420.0711467013385,424.07689526153166,428.0824582381095
1.662854e-08 1.662854e-08 2.018050e-01 0.00 0.45531269806747615 -0.0397827163256654 0.15759751944607153 0.5647692899377309 335.4516855561664,339.45062593281375,343.4502413187375,347.44952604002214,351.4494166616566,355.4489308793768,359.44905942563815,363.44866707111896,367.44878391329223,371.4485959635984,375.44885255290194,379.44886299487234,383.44908334054196,387.44904254539347,391.4494222189201,395.44928765292696,399.449498439153,403.4495326737928,407.4495816767628,411.44941671592335,415.44952369051015,419.4492418398009,423.4492529731933,427.4486677172254,431.4487794295529
2.299730e-08 2.299730e-08 2.065268e-01 0.00 0.45531269806747615 -0.0397827163256654 0.15804679013016237 0.5634650790565847 335.4559418857247,339.4550771777859,343.4547867989471,347.4541359133602,351.4539003076516,355.45351311338607,359.45354219115615,363.45331467716926,367.45349944737603,371.4535101021,375.45380946431203,379.4538389527104,383.4541075993428,387.4542484430716,391.4544689435012,395.45454999888733,399.45490561671636,403.45480777890833,407.4550614052157,411.45500490401747,415.4550582488244,419.45492946346553,423.45493330781636,427.45469596211956,431.45455099759465
7.994169e-06 7.994169e-06 3.045515e-02 0.00 0.4537175229944025 -0.0397827163256654 0.15804679013016237 0.5647692899377309 335.21835812044463,339.2146380120818,343.21138117276075,347.2078962720396,351.20496372607965,355.2016601157279,359.1990430620577,363.19601146197243,367.1933018457323,371.19029536237764,375.1878373182023,379.18497812432474,383.1825453914428,387.1795709688381,391.177221223497,395.17439928516643,399.17186430837893,403.16887504138566,407.16643377726547,411.16343838889804,415.16076412525655,419.1576710047234,423.1548202726608,427.1515044167639,431.1485502014759
2.690747e-06 2.690747e-06 1.487388e-01 0.00 0.45531269806747615 -0.039749443289835394 0.15804679013016237 0.5647692899377309 335.5915951763073,339.5922848801806,343.59351936471154,347.59457501336243,351.59591141704476,355.59729182003343,359.59892162730006,363.6002258861882,367.60218821215653,371.60356186307735,375.6055273617449,379.60712582394314,383.6090296024076,387.6107076012754,391.6126782638469,395.6142944488305,399.6163528718798,403.6177967060233,407.61969707548803,411.6211760832552,415.6229167641241,419.6243306406193,423.62579125761715,427.6270916054748,431.62869771961
1.662854e-08 1.662854e-08 2.018050e-01 0.00 0.45531269806747615 -0.0397827163256654 0.1576476762199866 0.5647692899377309 335.4516855561664,339.45062593281375,343.4502413187375,347.44952604002214,351.4494166616566,355.4489308793768,359.44905942563815,363.44866707111896,367.44878391329223,371.4485959635984,375.44885255290194,379.44886299487234,383.44908334054196,387.44904254539347,391.4494222189201,395.44928765292696,399.449498439153,403.4495326737928,407.4495816767628,411.44941671592335,415.44952369051015,419.4492418398009,423.4492529731933,427.4486677172254,431.4487794295529
2.622916e-08 2.622916e-08 2.051925e-01 0.00 0.45531269806747615 -0.0397827163256654 0.15804679013016237 0.5638009323630184 335.4547983825476,339.4538380241217,343.4534866231745,347.4528333451005,351.4527839411881,355.45217427938894,359.4523340084491,363.45208136896264,367.4522348263287,371.45219240777453,375.45241168015843,379.45243906175546,383.4528572727732,387.4528669746875,391.4530958077033,395.4529821577787,399.4533438235845,403.4533023650854,407.4535287197915,411.4534777752908,415.4536096563998,419.45340414643204,423.4532709999624,427.452763089683,431.45297101518514
1.519653e-07 1.519653e-07 2.372849e-01 0.00 0.4555408751850051 -0.0397827163256654 0.15804679013016237 0.5647692899377309 335.4840174586865,339.48337676795836,343.48332406912067,347.4830442303696,351.4833459855072,355.4831377872872,359.4836266377256,363.4836824458213,367.4842031213496,371.4843834436179,375.4850697077218,379.4853528096109,383.48597928316553,387.4862612669107,391.48709197124856,395.48743641097695,399.4880331317202,403.48843820165763,407.488829190542,411.48916640830925,415.4894591726023,419.4895465066004,423.48993208983137,427.4898788230662
1.797845e-08 1.797845e-08 2.002295e-01 0.00 0.45531269806747615 -0.0397827163256654 0.1554749690439962 0.5647692899377309 335.45025643522115,339.44915865233975,343.4487566604544,347.44802576778136,351.4478632667309,355.44736648988044,359.4474659296501,363.44706889470723,367.4471582395427,371.4469531210545,375.447180903502,379.44717470047334,383.44736118862517,387.44729585793135,391.4476682634066,395.44749599834626,399.4476930837938,403.44772594726066,407.44772819590185,411.44755870270063,415.4476436253473,419.4473184690171,423.44730174231864,427.4466848737614,431.44682556398243
6.970887e-06 6.970887e-06 3.711243e-02 0.00 0.45531269806747615 -0.039834322379300104 0.15804679013016237 0.5647692899377309 335.2339795856381,339.23038546712974,343.2274461522744,347.224036577478,351.22131610984036,355.2183608509606,359.21567252204585,363.21272217506316,367.21040130770507,371.2075744733876,375.2052507827801,379.202486155958,383.2001319817785,387.19748017447046,391.1952171481961,395.1926992567845,399.19027810668024,403.1876194287394,407.1851447697951,411.1824147414747,415.1798277966699,419.17691870621985,423.1742037710263,427.1711469885752,431.1687517883732
7.917950e-07 7.917950e-07 2.133006e-01 0.00 0.45583754461712295 -0.0397827163256654 0.15804679013016237 0.5647692899377309 335.5275590593523,339.5274751223241,343.52796341212377,347.5281603247824,351.52886942353695,355.52928077480016,359.53019648023275,363.53080892666486,367.5319158353862,371.5325827345935,375.5336998620866,379.5345172606327,383.53575942893724,387.53668600142674,391.53784649323006,395.53872925695254,399.5398911232119,403.5407101329966,407.54170546604024,411.54249784803477,415.54353195513875,419.5440307428866,423.54481543052117,427.54526480891616
2.551410e-08 2.551410e-08 2.029341e-01 0.00 0.45531269806747615 -0.0397827163256654 0.15804679013016237 0.5644176831375571 335.45279441993864,339.4518207827278,343.45136380668674,347.45064159715025,351.450569151697,355.4501759097433,359.4500692425506,363.4498305621808,367.45009041383116,371.4497860026319,375.4500761181035,379.44991764030067,383.45031458246154,387.45026279462087,391.45060364409227,395.4506690802227,399.4509022388721,403.45081528538714,407.4509389134769,411.4508567704277,415.4510323949463,419.45063434914863,423.45053629363633,427.4500824216738,431.45025712621356
1.662854e-08 1.662854e-08 2.018050e-01 0.00 0.45531269806747615 -0.0397827163256654 0.15779581709975046 0.5647692899377309 335.4516855561664,339.45062593281375,343.4502413187375,347.44952604002214,351.4494166616566,355.4489308793768,359.44905942563815,363.44866707111896,367.44878391329223,371.4485959635984,375.44885255290194,379.44886299487234,383.44908334054196,387.44904254539347,391.4494222189201,395.44928765292696,399.449498439153,403.4495326737928,407.4495816767628,411.44941671592335,415.44952369051015,419.4492418398009,423.4492529731933,427.4486677172254,431.4487794295529
2.580351e-04 2.580351e-04 2.429919e-02 0.00 0.45531269806747615 -0.04010466760154673 0.15804679013016237 0.5647692899377309 334.10677415722347,338.08971892643336,342.07322108007435,346.056463092607,350.0403311498215,354.02374501437293,358.0077830893459,361.9914775968846,365.97552733782504,369.9594574597528,373.9435817251553,377.927413584134,381.9115304104693,385.8954284485002,389.8797863995549,393.86372078002904,397.8480093290452,401.83191814865177,405.81598284616973,409.79970649476553,413.7837991052513,417.76745269475094,421.75137081759783,425.73481087673247,429.71953504955405
9.084044e-06 9.084044e-06 2.410678e-02 0.00 0.4536017468703876 -0.0397827163256654 0.15804679013016237 0.5647692899377309 335.2018445035834,339.1978588621802,343.19445532496024,347.1908076549241,351.1875864416618,355.18430497914835,359.18128722414866,363.17805597176766,367.17520608131133,371.1720626356883,375.1693872364337,379.16623479557524,383.1636787890799,387.1605893476545,391.1578721870296,395.1549066024103,399.1521710866892,403.14911603840676,407.1464375879184,411.14331773394713,415.14037476345965,419.13709122999103,423.1341040271492,427.1305947018493,431.1274756944783
4.138357e-08 4.138357e-08 1.979015e-01 0.00 0.45531269806747615 -0.0397827163256654 0.15804679013016237 0.5655829940931546 335.44808186982067,339.4469792928358,343.4465004468332,347.44579915613406,351.4455092575229,355.44499388104157,359.44488614955475,363.44466735990295,367.4446479876831,371.44447581202394,375.44477145885395,379.44447692982556,383.44480501645893,387.4446325281434,391.4449796630914,395.4448446759092,399.4448190306201,403.44480772427954,407.444993973287,411.4447667814544,415.4447432000815,419.44442041708095,423.4441558762735,427.44361010145815,431.44368993130547
1.675703e-08 1.675703e-08 2.014642e-01 0.00 0.45531269806747615 -0.0397827163256654 0.15899977429893933 0.5647692899377309 335.4514288767121,339.45036151696735,343.44996935564734,347.4492461396615,351.44912903482015,355.4486350315307,359.4487555816879,363.4483547217402,367.4484630940201,371.4482662881858,375.44851398849465,379.44851527532376,383.44872627332194,387.448675772801,391.4490456758377,395.44890070680043,399.44910104919603,403.4491245217913,407.4491624352231,411.44898584881713,415.4490811042894,419.44878693644165,423.4487856035064,427.4481869892108,431.44828994063795
7.880523e-05 7.880523e-05 1.077180e-01 0.00 0.45531269806747615 -0.03960553173024193 0.15804679013016237 0.5647692899377309 336.1977429323093,340.20554449701825,344.21410880901516,348.2222832338145,352.23109492993115,356.2393841025451,360.24838018679475,364.2569760699083,368.26598246994627,372.27474811917244,376.2838350339021,380.2926832483901,384.3020123726499,388.31074058638035,392.31984715683984,396.3288029043816,400.3378954113743,404.3467539966284,408.35583030636985,412.3645873013454,416.3735427978463,420.3820318355602,424.3909391041804,428.3994189814042
1.882676e-07 1.882676e-07 1.693077e-01 0.00 0.4550908040607622 -0.0397827163256654 0.15804679013016237 0.5647692899377309 335.41947113631016,339.41805184413363,343.4173962942967,347.4161649253937,351.4157285496153,355.41477797825206,359.4144594731539,363.4138004092935,367.41353477543413,371.4130450239993,375.41286580595386,379.4123682528922,383.4122783777167,387.4118794970682,391.41175117418913,395.4113870872026,399.4112848797723,403.4108017848074,407.4105468126001,411.40999844064316,415.4097802610238,419.4090675248404,423.4085796630791,427.40768700738874,431.40818500306085
3.814799e-08 3.814799e-08 1.964005e-01 0.00 0.45531269806747615 -0.0397827163256654 0.15804679013016237 0.565749597152996 335.4467713388562,339.4456939154974,343.4452843240756,347.44448150299377,351.44425828070933,355.44366517003124,359.4436572270997,363.4432205374428,367.44334373257317,371.44301805013555,375.4432702193622,379.44307516885686,383.4433528453824,387.4432353365778,391.44337763319976,395.44328246315416,399.4436117664215,403.44324925517793,407.4434392520586,411.44315111758857,415.44322750888546,419.44281812908474,423.44265981694264,427.4419793940028,431.4421378770557
1.675703e-08 1.675703e-08 2.014642e-01 0.00 0.45531269806747615 -0.0397827163256654 0.1602529283607297 0.5647692899377309 335.4514288767121,339.45036151696735,343.44996935564734,347.4492461396615,351.44912903482015,355.4486350315307,359.4487555816879,363.4483547217402,367.4484630940201,371.4482662881858,375.44851398849465,379.44851527532376,383.44872627332194,387.448675772801,391.4490456758377,395.44890070680043,399.44910104919603,403.4491245217913,407.4491624352231,411.44898584881713,415.4490811042894,419.44878693644165,423.4487856035064,427.4481869892108,431.44828994063795
1.033688e-05 1.033688e-05 5.383856e-02 0.00 0.45720771314564745 -0.0397827163256654 0.15804679013016237 0.5647692899377309 331.7221257921999,335.7252623501135,339.72747899175647,343.7303479132693,347.7327810363188,351.73597051001997,355.7386954205259,359.7419702101853,363.74489966573395,367.74825615591965,371.7514071883574,375.75496301448703,379.758076913639,383.7615639678708,387.76472323433796,391.7683055108179,395.7715090233543,399.77505307026246,403.7781898944048,407.7815814990726,411.7846949636733,415.78797015399687,419.79091360085545,423.7940937639796,427.7968790478948
1.682046e-06 1.682046e-06 1.060329e-01 0.00 0.45531269806747615 -0.03980744322328011 0.15804679013016237 0.5647692899377309 335.3470771448011,339.34480786355704,343.3432453012009,347.3411108020352,351.33977334026565,355.33803689134106,359.3368440648312,363.3352307254851,367.3341001821326,371.3326798153408,375.33169923575383,379.33035983661466,383.3295050189513,387.32820306103696,391.3271823054583,395.3257944634975,399.32484646275526,403.3235108739639,407.3224665547923,411.320945518899,415.3198688942974,419.3183080572705,423.3170260155909,427.31517064505596,431.3141559007836
1.662854e-08 1.662854e-08 2.018050e-01 0.00 0.45531269806747615 -0.0397827163256654 0.15791176822462671 0.5647692899377309 335.4516855561664,339.45062593281375,343.4502413187375,347.44952604002214,351.4494166616566,355.4489308793768,359.44905942563815,363.44866707111896,367.44878391329223,371.4485959635984,375.44885255290194,379.44886299487234,383.44908334054196,387.44904254539347,391.4494222189201,395.44928765292696,399.449498439153,403.4495326737928,407.4495816767628,411.44941671592335,415.44952369051015,419.4492418398009,423.4492529731933,427.4486677172254,431.4487794295529
2.368441e-08 2.368441e-08 2.041042e-01 0.00 0.45531269806747615 -0.0397827163256654 0.15804679013016237 0.5640260092735979 335.4537845890502,339.45289442692524,343.45250654079547,347.45169812621685,351.45173368837663,355.45127855970964,359.4513547010296,363.45104534551024,367.4511924183378,371.45104667907043,375.45135216193813,379.4512587301001,383.45157701750924,387.45155945349484,391.45189977265284,395.45186053882406,399.45229539760066,403.4521029918798,407.45234475899804,411.45215116126263,415.4522933114807,419.45202518691383,423.4519407663145,427.4515066142078,431.4515284559868
4.495483e-05 4.495483e-05 1.399355e-02 0.00 0.4592489166913677 -0.0397827163256654 0.15804679013016237 0.5647692899377309 332.01285892660127,336.0190165516834,340.0246678326224,344.0309850750721,348.03705983624866,352.043621249432,356.0498014271689,360.0566256593635,364.06298869428497,368.06979897804666,372.0765148164163,376.08347838555665,380.09009101214014,384.09719503232475,388.1038858012555,392.110791863265,396.1175380493859,400.12447793570885,404.131146068611,408.1381835165295,412.14471646292725,416.15150512484564,420.15792880327206,424.1646248073743,428.17083018983493
4.366404e-05 4.366404e-05 4.231220e-02 0.00 0.45531269806747615 -0.039914213084326515 0.15804679013016237 0.5647692899377309 334.90003913588066,338.89249365116166,342.88540736523566,346.8781069875711,350.8713659481384,354.8644339728006,358.8578618391489,362.85086343921006,366.8445562331544,370.83784847045325,374.8313042852459,378.82482941620293,382.8184384205376,386.81179557663785,390.80558334368027,394.7988435102943,398.7927218779832,402.7858922724892,406.77943201169614,410.7728070822514,414.7662739858331,418.75937064256965,422.75265892627175,426.7456445798858,430.7395025071458
1.662854e-08 1.662854e-08 2.018050e-01 0.00 0.45531269806747615 -0.0397827163256654 0.157452159429764 0.5647692899377309 335.4516855561664,339.45062593281375,343.4502413187375,347.44952604002214,351.4494166616566,355.4489308793768,359.44905942563815,363.44866707111896,367.44878391329223,371.4485959635984,375.44885255290194,379.44886299487234,383.44908334054196,387.44904254539347,391.4494222189201,395.44928765292696,399.449498439153,403.4495326737928,407.4495816767628,411.44941671592335,415.44952369051015,419.4492418398009,423.4492529731933,427.4486677172254,431.4487794295529
1.429107e-06 1.429107e-06 1.114882e-01 0.00 0.4546487492943461 -0.0397827163256654 0.15804679013016237 0.5647692899377309 335.3538276368257,339.3517806815483,343.3502347342556,347.34828742228063,351.3469884058493,355.3453606839495,359.34427704985427,363.34276268077235,367.34179422753243,371.3403767457121,375.33948159502893,379.3382792408891,383.3373499516108,387.33624565738893,391.33521819736586,395.33410764833667,399.33325049324515,403.3319660382507,407.331059433513,411.32966174448285,415.32853101106264,419.32713508652347,423.3258703197003,427.32438318945196,431.3232762883979
2.425875e-08 2.425875e-08 2.009490e-01 0.00 0.45531269806747615 -0.0397827163256654 0.15804679013016237 0.564772596232934 335.45100064531294,339.44988701858114,343.4495160315595,347.44868621689545,351.4487218620508,355.44822785203667,359.4481422767755,363.447867661145,367.4479636225032,371.4477952761714,375.44796779488655,379.4480364993367,383.44827794494233,387.448186575236,391.4484102327693,395.4484214655923,399.44860206609053,403.448614695139,407.44871963197573,411.4485228681983,415.4485097303612,419.44821787014035,423.44814691700714,427.44774082051714,431.4476581986368
2.680706e-07 2.680706e-07 1.632855e-01 0.00 0.45531269806747615 -0.039791733516807905 0.15804679013016237 0.5647692899377309 335.4135309300867,339.41202445978047,343.411306484199,347.41002954236217,351.4093784045204,355.40847551912935,359.4081108555475,363.4073082833964,367.4069794752316,371.4064734617843,375.4062100682688,379.405627452094,383.4055192153804,387.40492808264116,391.4046300383392,395.40425644490125,399.40407707938414,403.40355985205053,407.4032311345941,411.40257600140757,415.40224027683996,419.4014105617777,423.4008717997213,427.4000194241609,431.3995638877456
1.797845e-08 1.797845e-08 2.002295e-01 0.00 0.45531269806747615 -0.0397827163256654 0.15570791350968188 0.5647692899377309 335.45025643522115,339.44915865233975,343.4487566604544,347.44802576778136,351.4478632667309,355.44736648988044,359.4474659296501,363.44706889470723,367.4471582395427,371.4469531210545,375.447180903502,379.44717470047334,383.44736118862517,387.44729585793135,391.4476682634066,395.44749599834626,399.4476930837938,403.44772594726066,407.44772819590185,411.44755870270063,415.4476436253473,419.4473184690171,423.44730174231864,427.4466848737614,431.44682556398243
7.247092e-05 7.247092e-05 1.511971e-01 0.00 0.45043687116763603 -0.0397827163256654 0.15804679013016237 0.5647692899377309 334.7345707061319,338.7249329524229,342.7159890709453,346.70681097133854,350.6980664106679,354.6892284924307,358.68060493961156,362.67191394874,366.66350762846616,370.65485255275274,374.6465533764871,378.63798058287153,382.62984881517724,386.62131926625335,390.61306984942485,394.604559991458,398.59632285217634,402.58769104216407,406.579171406306,410.5707172140612,414.5621320190277,418.55342799014767,422.5447276330812,426.53560633646464,430.5268242872778
2.857325e-08 2.857325e-08 2.004949e-01 0.00 0.45531269806747615 -0.0397827163256654 0.15804679013016237 0.5648423679280443 335.45053399333347,339.4494121944858,343.4490824440731,347.4484138799122,351.44819870929604,355.44770207613396,359.44777060141615,363.44732286634235,367.44742530114024,371.4472700436846,375.4475590022241,379.44751693195525,383.4477251729275,387.44775837725706,391.44798586897434,395.44787300438713,399.4480954571592,403.448053677351,407.4482685728489,411.4480125507699,415.448004329211,419.4477528699903,423.4475890943882,427.4470098153676,431.44727211520046
3.176135e-06 3.176135e-06 7.682726e-02 0.00 0.45531269806747615 -0.03981735650019397 0.15804679013016237 0.5647692899377309 335.30591338286905,339.30316215881703,343.30113728879405,347.298585152488,351.29669520183967,355.29444242344414,359.2926591408166,363.29065986063785,367.28910629604735,371.2872308649516,375.2856788387044,379.28389628064974,383.28242662559035,387.2806344894318,391.2792117498546,395.27732597728897,399.2758979739029,403.2741430569863,407.272636719778,411.27055649164754,415.2688797692272,419.2668683466557,423.2649952308222,427.2627917769498,431.2613375404869
1.502471e-05 1.502471e-05 5.140969e-03 0.00 0.45311112204560533 -0.0397827163256654 0.15804679013016237 0.5647692899377309 335.1288496073917,339.1239714685668,343.11967486004187,347.1152221889557,351.11126057320786,355.1068998109807,359.1031844940788,363.0990659008999,367.09527967766695,371.09134233414886,375.08766073303207,379.08386756709376,383.08032434504145,387.0763207273926,391.07281649896106,395.0690891443807,399.0655483904345,403.06158099831055,407.05791366427707,411.05385829896494,415.05005049014335,419.0460811439653,423.04218036165514,427.0377803181414,431.03377426814455
1.675703e-08 1.675703e-08 2.014642e-01 0.00 0.45531269806747615 -0.0397827163256654 0.15867456424355084 0.5647692899377309 335.4514288767121,339.45036151696735,343.44996935564734,347.4492461396615,351.44912903482015,355.4486350315307,359.4487555816879,363.4483547217402,367.4484630940201,371.4482662881858,375.44851398849465,379.44851527532376,383.44872627332194,387.448675772801,391.4490456758377,395.44890070680043,399.44910104919603,403.4491245217913,407.4491624352231,411.44898584881713,415.4490811042894,419.44878693644165,423.4487856035064,427.4481869892108,431.44828994063795
2.453683e-08 2.453683e-08 2.069844e-01 0.00 0.45531269806747615 -0.0397827163256654 0.15804679013016237 0.5635636477522507 335.45637537836365,339.4554693654638,343.4551123761432,347.45444770940907,351.45434907683676,355.45399410542586,359.4540917608282,363.4538335388746,367.45415569608986,371.4539916306775,375.45431373921076,379.454243735563,383.45462399853136,387.4546403236956,391.45501164682037,395.45496232584384,399.4553950144467,403.4554084314661,407.45559422018147,411.4555119460691,415.45574661341846,419.4554714662116,423.45540211902573,427.4549969982625,431.4552376907059
3.131219e-06 3.131219e-06 1.402045e-01 0.00 0.4563534124270202 -0.0397827163256654 0.15804679013016237 0.5647692899377309 335.6022154147823,339.60291758149765,343.6043623895868,347.6054357052802,351.607099661699,355.60837423804855,359.6102102572309,363.6116147397167,367.6136297713033,371.6152544730109,375.61730329395556,379.6189444787754,383.62105555682496,387.62277557067506,391.6248948134544,395.62664068784477,399.6287539719657,403.63037220592474,407.63228207076287,411.63387366211634,415.63575918803804,419.6372057207885,423.639001715767,427.64031430362076
7.559802e-05 7.559802e-05 1.697770e-01 0.00 0.45531269806747615 -0.0399560847546 0.15804679013016237 0.5647692899377309 334.72495115882674,338.7152067890546,342.7062154123689,346.69663103419737,350.6879316666203,354.6787892536937,358.6701313802913,362.6611747040029,366.6527118634825,370.6437641276285,374.6353504090981,378.62665531538886,382.6181881932831,386.60955802137227,390.60116241712166,394.5924335052686,398.58397545792786,402.57533950784625,406.5666937956815,410.5579603739663,414.549279144586,418.54032538321917,422.531634297038,426.52244856199115,430.51427413052795
1.675703e-08 1.675703e-08 2.014642e-01 0.00 0.45531269806747615 -0.0397827163256654 0.15975368271638207 0.5647692899377309 335.4514288767121,339.45036151696735,343.44996935564734,347.4492461396615,351.44912903482015,355.4486350315307,359.4487555816879,363.4483547217402,367.4484630940201,371.4482662881858,375.44851398849465,379.44851527532376,383.44872627332194,387.448675772801,391.4490456758377,395.44890070680043,399.44910104919603,403.4491245217913,407.4491624352231,411.44898584881713,415.4490811042894,419.44878693644165,423.4487856035064,427.4481869892108,431.44828994063795
5.150605e-08 5.150605e-08 1.923044e-01 0.00 0.45531269806747615 -0.0397827163256654 0.15804679013016237 0.5666168096213067 335.442899734102,339.4417677534472,343.44131650288034,347.4405083462988,351.4401881816653,355.4395453738065,359.4394640489025,363.4390967019648,367.43906700089116,371.4389026255871,375.4388882451241,379.43861719372075,383.43877691019674,387.4387610811434,391.4388211427853,395.43860119041824,399.43874818680655,403.43857709576423,407.4386655761442,411.4383475850654,415.4382382009058,419.43788000436734,423.4376381351168,427.4369644167807,431.436996753919
2.741446e-08 2.741446e-08 2.004954e-01 0.00 0.4553071115102001 -0.0397827163256654 0.15804679013016237 0.5647692899377309 335.4504479997327,339.44947229410104,343.44911592349035,347.4483508321666,351.44822422931475,355.4478625354245,359.44766467249025,363.4473120559958,367.4475724301878,371.4474411580428,375.4475406418833,379.44750114818976,383.4476980491371,387.44765985174814,391.448011925817,395.44783835532985,399.44808640271776,403.4481177435661,407.448253026395,411.4479743404971,415.4479658031771,419.4477044898478,423.4475998607007,427.4470698204402,431.4471956957166
1.719082e-08 1.719082e-08 2.030493e-01 0.00 0.45531269806747615 -0.0397827163256654 0.16147554775772407 0.5647692899377309 335.4528830952535,339.45183707014576,343.4514672024001,347.4507722525744,351.45065696580207,355.4501955936651,359.4503347483429,363.4499649964351,367.4501036727159,371.4499196779845,375.45018836254263,379.45021281540215,383.4504469099612,387.4504023166134,391.4508139623623,395.45068094225905,399.4509220729248,403.4509712199735,407.4510166397729,411.45086620451633,415.45097747761343,419.4507000030012,423.45071032159416,427.45015653408956,431.4502739515983
2.256208e-04 2.256208e-04 7.431350e-03 0.00 0.45531269806747615 -0.04008376339412686 0.15804679013016237 0.5647692899377309 334.1937930636289,338.17787112847765,342.1625296474768,346.1467493497525,350.13151043103727,354.1161206817864,358.10122775489566,362.0858639192554,366.07101910066945,370.0558376245069,374.04102590172454,378.02598755837914,382.0113233488562,385.99625132545884,389.9816147851142,393.96656571991633,397.95176031484925,401.93674080386893,405.92180435995095,409.90660461095257,413.8917489228672,417.8763967710221,421.86139492981084,425.845976111748,429.8316198665105
2.828290e-08 2.828290e-08 2.084378e-01 0.00 0.45531269806747615 -0.0397827163256654 0.15804679013016237 0.5630846108295907 335.4577518601386,339.45688318969286,343.4564547720545,347.4558229683033,351.4557318158396,355.4554162130801,359.4554683414939,363.4551462611495,367.4555664983181,371.4554268133649,375.45575898746375,379.4557765759469,383.45618309837755,387.4563716493305,391.4565928595329,395.45659352376344,399.4570255864127,403.4569888892141,407.457347090193,411.45720770397736,415.4572889738108,419.45712064535724,423.457218184195,427.4567440163569,431.45688012903827
8.810218e-05 8.810218e-05 1.440562e-01 0.00 0.4608319809126606 -0.0397827163256654 0.15804679013016237 0.5647692899377309 332.2362508294825,336.2449948768695,340.253286082838,344.2623207430208,348.27103785451334,352.28030236577695,356.2892006251775,360.2985597959011,364.3077716512945,368.3172608051276,372.32646410230063,376.33619146959154,380.34548063603614,384.35522463099835,388.3646133781568,392.37432275228883,396.38371579143137,400.3933195338976,404.40270938109546,408.4123531403316,412.42145455265455,416.43096540201185,420.4401596653394,424.4493927035558,428.4586154733214
1.662854e-08 1.662854e-08 2.018050e-01 0.00 0.45531269806747615 -0.0397827163256654 0.15761219397755222 0.5647692899377309 335.4516855561664,339.45062593281375,343.4502413187375,347.44952604002214,351.4494166616566,355.4489308793768,359.44905942563815,363.44866707111896,367.44878391329223,371.4485959635984,375.44885255290194,379.44886299487234,383.44908334054196,387.44904254539347,391.4494222189201,395.44928765292696,399.449498439153,403.4495326737928,407.4495816767628,411.44941671592335,415.44952369051015,419.4492418398009,423.4492529731933,427.4486677172254,431.4487794295529
5.331287e-08 5.331287e-08 1.910410e-01 0.00 0.45531269806747615 -0.039785044720616426 0.15804679013016237 0.5647692899377309 335.44154542900833,339.44024326796983,343.43982414838035,347.4389743189693,351.4387650833412,355.4380973589136,359.43806791220453,363.43758820393583,367.43760920634577,371.4372963495111,375.43752070172036,379.4371581159205,383.4374664920551,387.4372569830357,391.43745615863355,395.43727114420835,399.4372611952952,403.4371429516418,407.43726026792035,411.4368330326155,415.43688283538773,419.4364148158336,423.436151131128,427.43548859002925,431.43549718972804
2.695526e-08 2.695526e-08 1.995173e-01 0.00 0.45531269806747615 -0.0397827163256654 0.15804679013016237 0.5651784434127922 335.44963825864244,339.4486705463718,343.4481160995039,347.44742709724534,351.4473585137143,355.44672691093,359.446801201398,363.44635449921964,367.4465642044866,371.44641665371165,375.44646385123326,379.4464023495702,383.4467401011065,387.4466397015446,391.44693070667734,395.4467669749759,399.4471108329393,403.4469030424835,407.4469990238415,411.44690101544984,415.44683258420577,419.44647202478353,423.44639997846076,427.44588022733836,431.4460222819354
1.968530e-06 1.968530e-06 9.869642e-02 0.00 0.4545334118996607 -0.0397827163256654 0.15804679013016237 0.5647692899377309 335.3372034973273,339.3347260401624,343.3330800661837,347.3309428072669,351.3294184994205,355.32756534746136,359.3262699327104,363.32460843972314,367.32342175624353,371.32189926120793,375.320840832577,379.31935552774155,383.3183441695002,387.3168883165087,391.3157977015417,395.314429856666,399.31332328477026,403.3118784123463,407.31064153323877,411.30916466652724,415.30782266427235,419.3060946238378,423.3047073090375,427.30297375680425,431.30155468884124
1.797845e-08 1.797845e-08 2.002295e-01 0.00 0.45531269806747615 -0.0397827163256654 0.15576259749039684 0.5647692899377309 335.45025643522115,339.44915865233975,343.4487566604544,347.44802576778136,351.4478632667309,355.44736648988044,359.4474659296501,363.44706889470723,367.4471582395427,371.4469531210545,375.447180903502,379.44717470047334,383.44736118862517,387.44729585793135,391.4476682634066,395.44749599834626,399.4476930837938,403.44772594726066,407.44772819590185,411.44755870270063,415.4476436253473,419.4473184690171,423.44730174231864,427.4466848737614,431.44682556398243
9.705468e-05 9.705468e-05 1.802419e-01 0.00 0.45531269806747615 -0.039586085503551756 0.15804679013016237 0.5647692899377309 336.28004660830726,340.28886175609597,344.29837235738887,348.3074862259878,352.3172432247584,356.3266051794953,360.33651459643767,364.3461231946376,368.35615059813296,372.36583460638735,376.3758906117456,380.3858483212449,384.39599588449494,388.40576551960896,392.4159502394407,396.42580644899436,400.43592140239406,404.44566639368134,408.45568877165323,412.46553146258736,416.47537631733013,420.4848916775954,424.49475239762904,428.5041232628255
1.868185e-05 1.868185e-05 1.559859e-02 0.00 0.4578514822802308 -0.0397827163256654 0.15804679013016237 0.5647692899377309 331.81488787579985,335.8185737926843,339.82185202527796,343.825834625213,347.8294870926301,351.8337146491901,355.83745955137636,359.84190352970325,363.8459024062849,367.85032156158223,371.85459534269665,375.859152504504,379.86348507848777,383.86805722909907,387.8724344086397,391.87695694966976,395.88129736404136,399.88594969204667,403.8901795437549,407.89471711611804,411.8990023161987,415.9033654763997,419.90736159480787,423.9117743882665,427.9155583351149
1.989494e-08 1.989494e-08 2.041954e-01 0.00 0.45531269806747615 -0.0397827163256654 0.15804679013016237 0.5642202636019178 335.45389411663285,339.45286604913133,343.45245926417016,347.45185368061976,351.4517236656611,355.451250005167,359.4513636141993,363.45114506756283,367.45122763618554,371.4511654139546,375.45136156000444,379.4513404675781,383.45164924033014,387.45165625068904,391.45194956639267,395.45196497479685,399.45229505924465,403.4522176543061,407.4523777101035,411.45242233165965,415.4524255131152,419.45211278782,423.45212971822707,427.451606606386,431.45173584858674
1.675703e-08 1.675703e-08 2.014642e-01 0.00 0.45531269806747615 -0.0397827163256654 0.15814672873565966 0.5647692899377309 335.4514288767121,339.45036151696735,343.44996935564734,347.4492461396615,351.44912903482015,355.4486350315307,359.4487555816879,363.4483547217402,367.4484630940201,371.4482662881858,375.44851398849465,379.44851527532376,383.44872627332194,387.448675772801,391.4490456758377,395.44890070680043,399.44910104919603,403.4491245217913,407.4491624352231,411.44898584881713,415.4490811042894,419.44878693644165,423.4487856035064,427.4481869892108,431.44828994063795
4.674515e-08 4.674515e-08 2.185855e-01 0.00 0.45531269806747615 -0.03977904297368068 0.15804679013016237 0.5647692899377309 335.4671479609037,339.46639793063235,343.46611407811525,347.46558495810086,351.4656835399896,355.4653370015595,359.46557411886414,363.4654641392189,367.4658277807344,371.46579408842314,375.4661925283645,379.46640257330466,383.4667997413866,387.4669797640896,391.4674539084868,395.46763895965904,399.46812361546324,403.4680824953802,407.46859308606304,411.4685876127657,415.46872533815105,419.46874273743157,423.46880678582943,427.46854571034373,431.46877971891286
2.608570e-08 2.608570e-08 2.078960e-01 0.00 0.4553506471736809 -0.0397827163256654 0.15804679013016237 0.5647692899377309 335.4573170502234,339.456423503849,343.4561222292415,347.4555214623162,351.4554405097789,355.4549609123967,359.45510964105364,363.45490719730276,367.45498526091177,371.4550577651682,375.45535105828503,379.4553349661284,383.45561804153175,387.4556133330117,391.4561088176531,395.45603370341007,399.4563743902565,403.4563722504974,407.4565892817054,411.4565921363363,415.45664900307634,419.45642046297223,423.45637458193687,427.4561320714275,431.4558518463664
2.695387e-08 2.695387e-08 2.084150e-01 0.00 0.45531269806747615 -0.0397827163256654 0.15804679013016237 0.5632412036773385 335.4578192146595,339.4567770457903,343.4565258521932,347.4558330753149,351.4557685998034,355.45528209734937,359.4555133681046,363.45520954903424,367.45555273487446,371.4554285688715,375.455709367915,379.4557845840793,383.45615457194333,387.45625636678835,391.4566599536024,395.45660887457615,399.45700239463537,403.45693541922674,407.4572216180764,411.4571220007783,415.45741467766743,419.4570879706293,423.4571120383028,427.4567187761689,431.4568291934078
1.797845e-08 1.797845e-08 2.002295e-01 0.00 0.45531269806747615 -0.0397827163256654 0.15717430420146963 0.5647692899377309 335.45025643522115,339.44915865233975,343.4487566604544,347.44802576778136,351.4478632667309,355.44736648988044,359.4474659296501,363.44706889470723,367.4471582395427,371.4469531210545,375.447180903502,379.44717470047334,383.44736118862517,387.44729585793135,391.4476682634066,395.44749599834626,399.4476930837938,403.44772594726066,407.44772819590185,411.44755870270063,415.4476436253473,419.4473184690171,423.44730174231864,427.4466848737614,431.44682556398243
5.690863e-05 5.690863e-05 8.949557e-02 0.00 0.4510122993563172 -0.0397827163256654 0.15804679013016237 0.5647692899377309 334.82009339054946,338.81146418995877,342.80358193340936,346.79546659346664,350.78782005376826,354.7798448266624,358.77238434280986,362.7645149564606,366.75720403685034,370.7495413002162,374.742377491285,378.7347663910531,382.7276889273649,386.7199289097338,390.7128307603781,394.7051813590516,398.6978843566969,402.6904213520425,406.6831769980357,410.67549374384146,414.6680015647291,418.6601687397844,422.6526403783513,426.64462617696483,430.6369680267524
5.614170e-05 5.614170e-05 3.731982e-02 0.00 0.45531269806747615 -0.03963289660676389 0.15804679013016237 0.5647692899377309 336.08196697651675,340.0884566779731,344.09555164573555,348.10240436279383,352.1097684857994,356.11683758564305,360.1244306789598,364.1315705303376,368.139164845932,372.14649292323696,376.154328521321,380.16175925885705,384.1695590245276,388.1770885585217,392.18482913269276,396.1923374828442,400.2000919324458,404.2075368580345,408.2152149862011,412.22252544681146,416.23005433924646,420.23739756542534,424.24478189894353,428.25183740182456
1.675703e-08 1.675703e-08 2.014642e-01 0.00 0.45531269806747615 -0.0397827163256654 0.15805409404032 0.5647692899377309 335.4514288767121,339.45036151696735,343.44996935564734,347.4492461396615,351.44912903482015,355.4486350315307,359.4487555816879,363.4483547217402,367.4484630940201,371.4482662881858,375.44851398849465,379.44851527532376,383.44872627332194,387.448675772801,391.4490456758377,395.44890070680043,399.44910104919603,403.4491245217913,407.4491624352231,411.44898584881713,415.4490811042894,419.44878693644165,423.4487856035064,427.4481869892108,431.44828994063795
3.511765e-08 3.511765e-08 2.126214e-01 0.00 0.45531269806747615 -0.0397827163256654 0.15804679013016237 0.562390111479105 335.461346655172,339.46057758020913,343.46034698529576,347.4596541940379,351.459678743073,355.45952151510846,359.45963665225923,363.45935619966576,367.4596104950454,371.4597189008809,375.460067621079,379.4601301833985,383.4605913094125,387.460626630678,391.46101759301416,395.4612080593663,399.4615557795194,403.4616783620385,407.4619682461823,411.46203390227714,415.4622093964952,419.4619628851513,423.46201456166216,427.46190628118285,431.4618653523873
3.863869e-05 3.863869e-05 5.306543e-03 0.00 0.458958740720106 -0.0397827163256654 0.15804679013016237 0.5647692899377309 331.97184109422886,335.9776168078853,339.98278986332974,343.9886261609376,347.99416017681494,352.0002071862933,356.00597513797516,360.0122452070986,364.0181655525799,368.0246354983664,372.0306473940333,376.0371102906176,380.04330121216657,384.0499047669022,388.05598521241865,392.0625344625712,396.0686509718392,400.07533324094857,404.08143595032277,408.0878438799894,412.09401657783985,416.1001477394381,420.10620662909736,424.11244151336007,428.11817598214947
9.405220e-07 9.405220e-07 2.045358e-01 0.00 0.45531269806747615 -0.039762780650633975 0.15804679013016237 0.5647692899377309 335.5351592795185,339.53509996611075,343.5359391363886,347.5360627500985,351.5368357692869,355.53734949559254,359.5384536003588,363.53908281776245,367.5403587800611,371.541047995085,375.54244600001743,379.5432948559493,383.54453434264036,387.54544120400277,391.5467289870226,395.5477955345527,399.54895991863225,403.54990995826506,407.5510770137685,411.5519401564654,415.55301780868785,419.55366509977375,423.55451950928455,427.55509776138297,431.5560879970492
1.662854e-08 1.662854e-08 2.018050e-01 0.00 0.45531269806747615 -0.0397827163256654 0.1575665249136948 0.5647692899377309 335.4516855561664,339.45062593281375,343.4502413187375,347.44952604002214,351.4494166616566,355.4489308793768,359.44905942563815,363.44866707111896,367.44878391329223,371.4485959635984,375.44885255290194,379.44886299487234,383.44908334054196,387.44904254539347,391.4494222189201,395.44928765292696,399.449498439153,403.4495326737928,407.4495816767628,411.44941671592335,415.44952369051015,419.4492418398009,423.4492529731933,427.4486677172254,431.4487794295529
1.360725e-04 1.360725e-04 9.120033e-02 0.00 0.44868451549184984 -0.0397827163256654 0.15804679013016237 0.5647692899377309 334.47296145070135,338.46039605539727,342.44839405463847,346.43609247500694,350.4243118121837,354.41227007806935,358.4006640045854,362.388825716349,366.3774321662398,370.36570410513235,374.3542419816433,378.3425962505884,382.3312588368399,386.31963033760803,390.3082167093865,394.2966790342017,398.2852294631002,402.27360507900926,406.2620980063615,410.25035957838514,414.23869371664085,418.2268108476093,422.2151767179526,426.20310585232096,430.1909888790589
4.661520e-08 4.661520e-08 1.934901e-01 0.00 0.45531269806747615 -0.0397827163256654 0.15804679013016237 0.5665904669440428 335.44401243752367,339.44297999987566,343.4424522750854,347.4416095996238,351.4413282203428,355.4407452627246,359.4407146506984,363.4402535534878,367.4403435421655,371.4400627226024,375.44013910584164,379.4400226998926,383.44021529832963,387.439992634717,391.4402440963272,395.4399658139148,399.4401807988678,403.4399276776457,407.44004039799233,411.4398691070293,415.43960115854276,419.4392764941165,423.4389504765602,427.43842555046626,431.43848956201447
6.047493e-07 6.047493e-07 1.423744e-01 0.00 0.45531269806747615 -0.039796995394754196 0.15804679013016237 0.5647692899377309 335.3908422549113,339.38913035880864,343.3880271220423,347.3865381259508,351.385697299115,355.384481476324,359.38385376581556,363.3827166317552,367.3822080234718,371.3811692704077,375.3807648256182,379.3800094891873,383.37952583875585,387.37880406864133,391.37840515484817,395.37752871281856,399.3769847203177,403.37631029076226,407.37562790476596,411.37474389747484,415.3740637251382,419.37308822560294,423.37227151056936,427.37113561770275,431.37044825422197
1.797845e-08 1.797845e-08 2.002295e-01 0.00 0.45531269806747615 -0.0397827163256654 0.15621977298536346 0.5647692899377309 335.45025643522115,339.44915865233975,343.4487566604544,347.44802576778136,351.4478632667309,355.44736648988044,359.4474659296501,363.44706889470723,367.4471582395427,371.4469531210545,375.447180903502,379.44717470047334,383.44736118862517,387.44729585793135,391.4476682634066,395.44749599834626,399.4476930837938,403.44772594726066,407.44772819590185,411.44755870270063,415.4476436253473,419.4473184690171,423.44730174231864,427.4466848737614,431.44682556398243
2.182723e-05 2.182723e-05 7.732349e-04 0.00 0.4526635399302006 -0.0397827163256654 0.15804679013016237 0.5647692899377309 335.06330257653,339.05771198683385,343.052814751971,347.0474970268098,351.0427064108149,355.03764931613046,359.03313765626405,363.0281645774783,367.0238021995854,371.0189706626123,375.01474462882817,379.00996051194346,383.00559153180575,387.00104860083394,390.9966038100068,394.99200711751143,398.987599867215,402.9829013278815,406.9785023621702,410.9737344817456,414.96918946056064,418.9643132125621,422.95948172043916,426.95441796575756,430.9493069077825
3.691201e-08 3.691201e-08 1.950151e-01 0.00 0.45531269806747615 -0.0397827163256654 0.15804679013016237 0.5660245173981788 335.4454851069535,339.44436878811007,343.4438839038947,347.4430393045305,351.4429194720775,355.4422780841566,359.44222561422566,363.44186958187686,367.4419730354328,371.4417451042401,375.44181074202044,379.44155728510145,383.4418768688347,387.44167747921443,391.44187461269956,395.44169924245136,399.44190747055376,403.4417660327262,407.4417365116737,411.441574532753,415.4414764442037,419.4410555141988,423.44095141139377,427.4403633044266,431.4403975771956
6.145568e-05 6.145568e-05 1.070486e-01 0.00 0.45531269806747615 -0.03993885331520592 0.15804679013016237 0.5647692899377309 334.79681901225143,338.7880154270254,342.779807977992,346.7712550938515,350.7632761006649,354.755017460232,358.74719832018945,362.73913513891637,366.73144481396656,370.7234306487094,374.71588937159976,378.7079288004536,382.7004084364066,386.6926033986049,390.6851287784309,394.67715344801553,398.669703059892,402.66169555836325,406.65415747661655,410.64616700783716,414.63833926708975,418.6303480862576,422.62242650837374,426.61412605629414,430.60669953342193
1.675703e-08 1.675703e-08 2.014642e-01 0.00 0.45531269806747615 -0.0397827163256654 0.158980320910793 0.5647692899377309 335.4514288767121,339.45036151696735,343.44996935564734,347.4492461396615,351.44912903482015,355.4486350315307,359.4487555816879,363.4483547217402,367.4484630940201,371.4482662881858,375.44851398849465,379.44851527532376,383.44872627332194,387.448675772801,391.4490456758377,395.44890070680043,399.44910104919603,403.4491245217913,407.4491624352231,411.44898584881713,415.4490811042894,419.44878693644165,423.4487856035064,427.4481869892108,431.44828994063795
4.847052e-06 4.847052e-06 1.101454e-01 0.00 0.456610354455885 -0.0397827163256654 0.15804679013016237 0.5647692899377309 331.63691621693704,335.63922993252777,339.64054593084734,343.64236906293775,347.64384459455266,351.6459627040291,355.6476890229078,359.64980637009137,363.6518218909384,367.65423524604364,371.6562945545494,375.6587030638705,379.66083692045436,383.66348991767995,387.66570949921027,391.66816785410833,395.67029620652903,399.6729083078218,403.67490050445684,407.6772647465044,411.6794432192113,415.68160468756224,419.6835959762815,423.6857515660443,427.6876049606415
2.071127e-08 2.071127e-08 2.042260e-01 0.00 0.45531269806747615 -0.0397827163256654 0.15804679013016237 0.5642839506498966 335.4538673671721,339.4528144186791,343.4525382469678,347.45195039603897,351.4518094552436,355.4512343035323,359.45142004822645,363.4511200404932,367.4513114106266,371.45120661534924,375.4514478518816,379.4514161273493,383.45173558110923,387.4517227207323,391.45194689281084,395.45200665287217,399.4523783968436,403.4522147989007,407.452480737351,411.45229523466014,415.45245046680475,419.4521282324054,423.45215897647597,427.45172579973274,431.4517838254568
2.939001e-08 2.939001e-08 2.094094e-01 0.00 0.4553648956494976 -0.0397827163256654 0.15804679013016237 0.5647692899377309 335.4595223261681,339.4585169278052,343.4582716964795,347.45764166731954,351.4576166604839,355.45730466618426,359.45734682615057,363.4571628540582,367.4575168847707,371.4573143010342,375.4576694526013,379.4576788834853,383.4581211058294,387.45805054252736,391.45868806646445,395.4586422452196,399.4589962321925,403.4590099975426,407.45917523540237,411.45913576689065,415.45940742161036,419.4592158054428,423.45921793811766,427.45886936641136,431.45853368739137
1.959549e-06 1.959549e-06 9.935172e-02 0.00 0.45531269806747615 -0.03980965058776456 0.15804679013016237 0.5647692899377309 335.3381730498217,339.33585076350766,343.33407285551107,347.33198863626154,351.3305217147351,355.3286594298802,359.3272334241224,363.3256920338948,367.32446037838884,371.3228852194654,375.3217974095247,379.3203449239162,383.3193017067264,387.3178725710607,391.31677952020345,395.3155072561416,399.31437712485695,403.31294582212837,407.3117235029123,411.31014494216714,415.3089345522546,419.3072703919134,423.3057383842607,427.3039837150373,431.3027317290014
1.797845e-08 1.797845e-08 2.002295e-01 0.00 0.45531269806747615 -0.0397827163256654 0.15693431140525674 0.5647692899377309 335.45025643522115,339.44915865233975,343.4487566604544,347.44802576778136,351.4478632667309,355.44736648988044,359.4474659296501,363.44706889470723,367.4471582395427,371.4469531210545,375.447180903502,379.44717470047334,383.44736118862517,387.44729585793135,391.4476682634066,395.44749599834626,399.4476930837938,403.44772594726066,407.44772819590185,411.44755870270063,415.4476436253473,419.4473184690171,423.44730174231864,427.4466848737614,431.44682556398243
2.730173e-08 2.730173e-08 2.023878e-01 0.00 0.45531269806747615 -0.0397827163256654 0.15804679013016237 0.564485745119577 335.4522927633203,339.4512260429476,343.4508929788894,347.4502241327831,351.4500484050875,355.4495604190441,359.4497086112934,363.4492387901648,367.44944861706693,371.4492942409546,375.4496075482031,379.4494854759426,383.44971814556465,387.4496987865737,391.4500570929456,395.4499342828475,399.4503021744069,403.4502561235066,407.4504238455323,411.45016183615735,415.45033498824193,419.44997277109087,423.4498160523447,427.44934209667207,431.449463526343
3.536203e-08 3.536203e-08 2.137944e-01 0.00 0.4553903045557667 -0.0397827163256654 0.15804679013016237 0.5647692899377309 335.46288687892906,339.46200531023237,343.46167890063805,347.461152663628,351.461212159902,355.46082265421825,359.4609309563343,363.4607106840453,367.46105582096,371.4610883888587,375.4614749382177,379.46152670438005,383.46191545107166,387.46205858533085,391.4623946242068,395.46243192010274,399.462997565402,403.4629591972369,407.46320245154305,411.46332977994365,415.46340375159076,419.46333686162177,423.46335410348274,427.4630238583613
1.675703e-08 1.675703e-08 2.014642e-01 0.00 0.45531269806747615 -0.0397827163256654 0.16004204902330854 0.5647692899377309 335.4514288767121,339.45036151696735,343.44996935564734,347.4492461396615,351.44912903482015,355.4486350315307,359.4487555816879,363.4483547217402,367.4484630940201,371.4482662881858,375.44851398849465,379.44851527532376,383.44872627332194,387.448675772801,391.4490456758377,395.44890070680043,399.44910104919603,403.4491245217913,407.4491624352231,411.44898584881713,415.4490811042894,419.44878693644165,423.4487856035064,427.4481869892108,431.44828994063795
2.254187e-04 2.254187e-04 7.350963e-03 0.00 0.45531269806747615 -0.040083218962492326 0.15804679013016237 0.5647692899377309 334.19507959383503,338.17905070244933,342.1636389859067,346.1479492459147,350.132750606284,354.117396436611,358.10238856198544,362.08711327064344,366.0722972958987,370.0571122231159,374.04236981773437,378.02740068825943,382.0125705631287,385.9976210044881,389.98282602695934,393.9679063443819,397.9531863994358,401.93800520200506,405.92327499260705,409.90805158415316,413.89315414066147,417.87790109817786,421.86277986879276,425.84731179049146,429.83305454169596
2.618310e-08 2.618310e-08 2.058887e-01 0.00 0.45531269806747615 -0.0397827163256654 0.15804679013016237 0.5637240764715205 335.45550651259,339.4545105589779,343.45414553150937,347.453535010086,351.4533763431005,355.4528891242486,359.45304718609873,363.45278506454696,367.45298509122637,371.4528419214477,375.4532096129091,379.45310529325553,383.4535779287878,387.45348583869526,391.453832845633,395.4538088713196,399.45421191120573,403.45417014885624,407.4543871432555,411.4543196404746,415.45437469975514,419.45413484853384,423.45409481822907,427.4536032488779,431.45370984478063
3.597276e-06 3.597276e-06 7.095400e-02 0.00 0.4542513835590844 -0.0397827163256654 0.15804679013016237 0.5647692899377309 335.29646764322166,339.29365885875717,343.291485502389,347.2889697013765,351.28681319661797,355.2845826794235,359.28275127322866,363.28059518819686,367.2789562988845,371.27698886494517,375.27536341918676,379.27347267269937,383.27198952988334,387.2700412033473,391.2685004374798,395.26663810124256,399.26502547717826,403.26306717606957,407.26132475091157,411.25944478707646,415.2576279857768,419.25559484682634,423.2535110278458,427.25119024772033,431.2491474172007
1.797845e-08 1.797845e-08 2.002295e-01 0.00 0.45531269806747615 -0.0397827163256654 0.15524650794122596 0.5647692899377309 335.45025643522115,339.44915865233975,343.4487566604544,347.44802576778136,351.4478632667309,355.44736648988044,359.4474659296501,363.44706889470723,367.4471582395427,371.4469531210545,375.447180903502,379.44717470047334,383.44736118862517,387.44729585793135,391.4476682634066,395.44749599834626,399.4476930837938,403.44772594726066,407.44772819590185,411.44755870270063,415.4476436253473,419.4473184690171,423.44730174231864,427.4466848737614,431.44682556398243
1.963628e-05 1.963628e-05 1.221903e-02 0.00 0.45531269806747615 -0.03969323556876671 0.15804679013016237 0.5647692899377309 335.82714873436146,339.8305962947011,343.8347737061983,347.83847014052407,351.84269301465116,355.84675014773217,359.8512905705122,363.8554156963302,367.8600579297558,371.8643597511584,375.869084735857,379.87354216938644,383.8782160160384,387.8826989894517,391.88743161397775,395.8918842474028,399.8966406611465,403.90098765052994,407.9055831100762,411.91000243474116,415.9145869295459,419.9187379493568,423.9230939267965,427.92704970842726,431.9313125052821
1.164694e-05 1.164694e-05 4.524547e-02 0.00 0.4573236680721302 -0.0397827163256654 0.15804679013016237 0.5647692899377309 331.7387502602106,335.7420052362211,339.74438932124707,343.74738364053303,347.7501259338459,351.75340465320323,355.75643804052606,359.75987976936,363.7629730871772,367.76654802868006,371.76982706072647,375.77358165136275,379.77684865526754,383.78067172658757,387.7840348862617,391.7877359870077,395.79108059341206,399.7949451659281,403.7982714783371,407.80190095654694,411.80513488012895,415.80864018209485,419.8117495091872,423.81514812080184,427.8181081616029
1.662854e-08 1.662854e-08 2.018050e-01 0.00 0.45531269806747615 -0.0397827163256654 0.1577077099416319 0.5647692899377309 335.4516855561664,339.45062593281375,343.4502413187375,347.44952604002214,351.4494166616566,355.4489308793768,359.44905942563815,363.44866707111896,367.44878391329223,371.4485959635984,375.44885255290194,379.44886299487234,383.44908334054196,387.44904254539347,391.4494222189201,395.44928765292696,399.449498439153,403.4495326737928,407.4495816767628,411.44941671592335,415.44952369051015,419.4492418398009,423.4492529731933,427.4486677172254,431.4487794295529
3.612766e-08 3.612766e-08 1.992110e-01 0.00 0.45531269806747615 -0.0397827163256654 0.15804679013016237 0.5650617541216122 335.4493082557788,339.448161856868,343.44784080897165,347.4470697917378,351.4469492940424,355.4463420531935,359.446393005836,363.44612504730327,367.4461836031465,371.44592140436487,375.4461412149893,379.4460130334587,383.4464136986841,387.4462110016923,391.4465399205525,395.44648856566243,399.4466750233864,403.44654388045217,407.44667137373614,411.44646834314483,415.4462900553044,419.4461305887364,423.445936875616,427.44563974569746,431.4454197036081
2.605704e-05 2.605704e-05 3.608293e-03 0.00 0.45531269806747615 -0.03988390806964054 0.15804679013016237 0.5647692899377309 335.02672319808744,339.0206792291421,343.0152000238362,347.0093804667058,351.00416039386766,354.9985954241654,358.9935837918438,362.98816399289,366.9832769194165,370.9780067794238,374.9732729781419,378.9680619051445,382.9632724238358,386.9581640395502,390.95332415033556,394.94831796839355,398.94352500411867,402.93829900149194,406.9335167564339,410.92825461016434,414.9231696330649,418.9177006417288,422.9126590817664,426.9070277383465,430.9023160322599
1.711290e-05 1.711290e-05 2.399133e-03 0.00 0.45296481156283547 -0.0397827163256654 0.15804679013016237 0.5647692899377309 335.1073550114022,339.10234410682676,343.0978761782716,347.0930588819193,351.0888080591311,355.0842674990837,359.0802690084177,363.07583465449335,367.0719110698222,371.0676759077477,375.06386253622037,379.0597301462006,383.05594821553984,387.0518507700508,391.04798954761907,395.04391540209804,399.04012024122306,403.03589147406564,407.0319709585697,411.027568550817,415.0237078059664,419.01927689659266,423.0150868590489,427.0104623573951,431.0062314133026
1.675703e-08 1.675703e-08 2.014642e-01 0.00 0.45531269806747615 -0.0397827163256654 0.15947282354361988 0.5647692899377309 335.4514288767121,339.45036151696735,343.44996935564734,347.4492461396615,351.44912903482015,355.4486350315307,359.4487555816879,363.4483547217402,367.4484630940201,371.4482662881858,375.44851398849465,379.44851527532376,383.44872627332194,387.448675772801,391.4490456758377,395.44890070680043,399.44910104919603,403.4491245217913,407.4491624352231,411.44898584881713,415.4490811042894,419.44878693644165,423.4487856035064,427.4481869892108,431.44828994063795
4.185882e-08 4.185882e-08 2.103469e-01 0.00 0.45531269806747615 -0.0397827163256654 0.15804679013016237 0.562550333237258 335.46031268840375,339.45947925147414,343.4591526465406,347.45859568297567,351.4585451836189,355.4581393689022,359.45828545998893,363.45815323779254,367.45842771164695,371.4582565765151,375.458786005703,379.4588449171808,383.4593083849995,387.4592495440101,391.45973717232914,395.4598189328192,399.46019352053264,403.4602383739149,407.46059039994634,411.46055691486697,415.46060998969216,419.46061637012457,423.46059537720583,427.4602556344737,431.4602645290523
7.406096e-05 7.406096e-05 9.149017e-02 0.00 0.4603661726264334 -0.0397827163256654 0.15804679013016237 0.5647692899377309 332.17100916600947,336.1787564092752,340.1863471693854,344.194587298721,348.20250500812153,352.2108566649154,356.21907509899194,360.2276984515629,364.2360779126845,368.24460322978405,372.2533217112023,376.26216381054695,380.27065175525735,384.27961952498197,388.2881593932393,392.2970873486267,396.30575397999087,400.31458940222893,404.32319269536305,408.3320021691189,412.3404402286585,416.3491463716515,420.3575001891189,424.3660685545521,428.3743502119071
1.692186e-04 1.692186e-04 1.148374e-01 0.00 0.45531269806747615 -0.03952402648409521 0.15804679013016237 0.5647692899377309 336.542805089946,340.55485683926787,344.56749207589235,348.5797222837716,352.592593502983,356.6051317405782,360.61805339578825,364.63087423265574,368.64398366983045,372.6567823332873,376.6700818355339,380.6830631918633,384.6963361422512,388.70937189804164,392.7226279210346,396.73556141051847,400.7488755132834,404.7617586794642,408.77499735224654,412.78790486378836,416.80072825393466,420.813641912101,424.8264923489794,428.83908868891154
1.797845e-08 1.797845e-08 2.002295e-01 0.00 0.45531269806747615 -0.0397827163256654 0.15617820124800763 0.5647692899377309 335.45025643522115,339.44915865233975,343.4487566604544,347.44802576778136,351.4478632667309,355.44736648988044,359.4474659296501,363.44706889470723,367.4471582395427,371.4469531210545,375.447180903502,379.44717470047334,383.44736118862517,387.44729585793135,391.4476682634066,395.44749599834626,399.4476930837938,403.44772594726066,407.44772819590185,411.44755870270063,415.4476436253473,419.4473184690171,423.44730174231864,427.4466848737614,431.44682556398243
2.435845e-08 2.435845e-08 2.066708e-01 0.00 0.45531269806747615 -0.0397827163256654 0.15804679013016237 0.56345596429 335.45615047254313,339.4552077322359,343.4549539007514,347.45418414369533,351.45421134665514,355.4536117142956,359.4537948395951,363.45362180543873,367.4537801497938,371.45369358406174,375.4539643471074,379.4539465353739,383.4543004887586,387.4543226088234,391.45467849052363,395.45474649571526,399.4550231212907,403.454978223202,407.4552439033907,411.4551625157682,415.45528540064487,419.4551329960533,423.45499949645364,427.4546671662363,431.45467443403754
4.979523e-08 4.979523e-08 1.898105e-01 0.00 0.4552378785341251 -0.0397827163256654 0.15804679013016237 0.5647692899377309 335.44024861727985,339.43911949297194,343.43865700172614,347.43770072224737,351.43749545840893,355.43670466930473,359.4367534825118,363.43624258252163,367.43623655244403,371.4359126142225,375.43617677217935,379.43579655902005,383.43598844957154,387.4357726818726,391.43602866510406,395.4357876323013,399.43596741916343,403.4357550091511,407.43580116924954,411.435447042369,415.4353255044743,419.4349234171198,423.43456338472265,427.43411728468544,431.43438371226773
2.233830e-04 2.233830e-04 1.275382e-02 0.00 0.45531269806747615 -0.03948541529869049 0.15804679013016237 0.5647692899377309 336.70730785419727,340.7211817699869,344.73575572574845,348.75014112045557,352.7648203218257,356.77940639347605,360.79437775309106,364.80903784585354,368.8242063726365,372.83900464469275,376.8541048081349,380.869120631896,384.88431426228476,388.89926844497757,392.9146542230331,396.9294803298397,400.9447130045693,404.9596479429791,408.9747340698887,412.98953045973724,417.0044827395164,421.0193026278536,425.03407491622477,429.04861126116555
1.662854e-08 1.662854e-08 2.018050e-01 0.00 0.45531269806747615 -0.0397827163256654 0.1579480873666261 0.5647692899377309 335.4516855561664,339.45062593281375,343.4502413187375,347.44952604002214,351.4494166616566,355.4489308793768,359.44905942563815,363.44866707111896,367.44878391329223,371.4485959635984,375.44885255290194,379.44886299487234,383.44908334054196,387.44904254539347,391.4494222189201,395.44928765292696,399.449498439153,403.4495326737928,407.4495816767628,411.44941671592335,415.44952369051015,419.4492418398009,423.4492529731933,427.4486677172254,431.4487794295529
2.951692e-04 2.951692e-04 7.733435e-02 0.00 0.4455885195479828 -0.0397827163256654 0.15804679013016237 0.5647692899377309 337.98858398643523,341.97108840142613,345.9532491068042,349.93591124216897,353.91841150505576,357.90132712022864,361.8839616835469,365.8669888059008,369.84976256164185,373.83289838159817,377.81565618571614,381.7987129600526,385.781696618734,389.7646905257247,393.7474657145985,397.7305835808755,401.7134026962089,405.6963752034788,409.67914502722374,413.6619947417971,417.6445536498819,421.62730638567444,425.6097748009578,429.59230988487343,433.5741508102008
2.284668e-08 2.284668e-08 2.039453e-01 0.00 0.45531269806747615 -0.0397827163256654 0.15804679013016237 0.5642651470333424 335.45355975983983,339.4525752644937,343.45219386370906,347.4516767753693,351.45143239124576,355.45098754314694,359.451020434048,363.45086534447006,367.45104152331345,371.4508767573095,375.451208594758,379.4511382494543,383.45137776934007,387.4513607381307,391.4516989974735,395.4517268776257,399.4520775629439,403.4519799766342,407.4521650120778,411.45207232371445,415.4521049020732,419.4518507553367,423.45166189549695,427.4513674464171,431.45145813453644
1.651165e-03 1.651165e-03 2.362348e-01 0.00 0.45531269806747615 -0.04060591601688867 0.15804679013016237 0.5647692899377309 332.04516630987166,336.003591371435,339.962582750722,343.92118793331804,347.8805489000875,351.8393461258995,355.7988165055735,359.7578067388712,363.7173037947651,367.67667225797993,371.63626319964425,375.59547174667796,379.55521967022855,383.51450953955117,387.474209647853,391.4335523773546,395.39324597303977,399.3524937517465,403.31213613881454,407.2713130276731,411.23088621510635,415.1898284984058,419.14914158815293,423.1081054374222,427.0679625920334
1.675703e-08 1.675703e-08 2.014642e-01 0.00 0.45531269806747615 -0.0397827163256654 0.15857180009443797 0.5647692899377309 335.4514288767121,339.45036151696735,343.44996935564734,347.4492461396615,351.44912903482015,355.4486350315307,359.4487555816879,363.4483547217402,367.4484630940201,371.4482662881858,375.44851398849465,379.44851527532376,383.44872627332194,387.448675772801,391.4490456758377,395.44890070680043,399.44910104919603,403.4491245217913,407.4491624352231,411.44898584881713,415.4490811042894,419.44878693644165,423.4487856035064,427.4481869892108,431.44828994063795
6.475883e-06 6.475883e-06 4.067635e-02 0.00 0.4538789727830339 -0.0397827163256654 0.15804679013016237 0.5647692899377309 335.241528333405,339.2379606846633,343.2351563661743,347.23204730533035,351.2293117817422,355.2262425864345,359.22385723699443,363.2209993210611,367.21861967784173,371.2160087303762,375.2137573479336,379.2112458155838,383.20891831998495,387.20652476510037,391.20424309066914,395.2017117798021,399.19945835180664,403.19682669721556,407.19446431561806,411.19189300762844,415.1895219390819,419.18671145347327,423.1841317456874,427.1811241199725,431.1784867736856
2.285963e-08 2.285963e-08 2.029751e-01 0.00 0.45531269806747615 -0.0397827163256654 0.15804679013016237 0.5642473502449654 335.45283891753775,339.4518128145698,343.45149242194157,347.4507201383769,351.45059655099556,355.4500992570504,359.4501153297245,363.44997308231166,367.4500377542409,371.4499589341199,375.45014114516505,379.45007902158665,383.45028474314137,387.4504210043381,391.45066715755723,395.45075371173357,399.45082868299,403.4508330936599,407.4510098804843,411.45080714418515,415.4510387867332,419.4506599827186,423.4505961046087,427.4502062342182,431.45020940258775
1.353357e-07 1.353357e-07 2.357628e-01 0.00 0.45531269806747615 -0.03977538412356361 0.15804679013016237 0.5647692899377309 335.4824156518318,339.4817686780514,343.4818047880209,347.48153576077823,351.48164131409794,355.4815602725485,359.4819620110115,363.48203398801,367.48252590580694,371.48277710756327,375.4833010338648,379.48358093669435,383.48408429762634,387.48472817947334,391.48535705161436,395.4856582491725,399.4861634336759,403.48662681627394,407.4870959418154,411.48730272185867,415.48762973430473,419.48781475149036,423.4879866110902,427.48795640377756,431.4883038301001
3.112285e-05 3.112285e-05 1.034512e-03 0.00 0.4585908119899347 -0.0397827163256654 0.15804679013016237 0.5647692899377309 331.9195150712888,335.9245318860694,339.929136555755,343.93435626950213,347.9391769923223,351.9446209793605,355.9497840242328,359.9554630536361,363.96071153979034,367.96651008607716,371.9718721576371,375.97777382647166,379.98324164459774,383.98918389888894,387.9947086706284,392.00058869969155,396.00623769836625,400.0120268201434,404.0176432888215,408.02336522444375,412.02895545340215,416.034490278714,420.0397894232127,424.0452991858579,428.050606114348
1.797845e-08 1.797845e-08 2.002295e-01 0.00 0.45531269806747615 -0.0397827163256654 0.1569063076857708 0.5647692899377309 335.45025643522115,339.44915865233975,343.4487566604544,347.44802576778136,351.4478632667309,355.44736648988044,359.4474659296501,363.44706889470723,367.4471582395427,371.4469531210545,375.447180903502,379.44717470047334,383.44736118862517,387.44729585793135,391.4476682634066,395.44749599834626,399.4476930837938,403.44772594726066,407.44772819590185,411.44755870270063,415.4476436253473,419.4473184690171,423.44730174231864,427.4466848737614,431.44682556398243
4.266178e-08 4.266178e-08 2.145710e-01 0.00 0.45531269806747615 -0.0397827163256654 0.15804679013016237 0.561939440419506 335.4630859673582,339.46223965371325,343.4620539837292,347.4614760968573,351.46153001791555,355.46119516198627,359.4614198303833,363.4611980884496,367.46165236809236,371.4615360146916,375.4620172341309,379.462175948771,383.46257482067995,387.46269920952625,391.46319031673715,395.46327263204415,399.463724587623,403.46385237292066,407.4641789830345,411.4640734739607,415.4644098859489,419.46437820217096,423.46438700866815,427.46424745263084,431.4640947820664
5.427952e-08 5.427952e-08 1.876202e-01 0.00 0.4552246169106656 -0.0397827163256654 0.15804679013016237 0.5647692899377309 335.4381783989354,339.4369288680673,343.43641189279174,347.435569555708,351.43514093546884,355.4344906825267,359.434489747075,363.4339051415148,367.4339104407126,371.4335819412077,375.43375158908043,379.43344337635017,383.4335670264853,387.4333692380413,391.43358264756034,395.4332610248668,399.43325864758197,403.43314236057853,407.43311656832464,411.432777647,415.4327334716403,419.4322494063054,423.4319433014983,427.431456720168,431.4316559139525
2.733946e-07 2.733946e-07 1.632201e-01 0.00 0.45531269806747615 -0.03979176366054966 0.15804679013016237 0.5647692899377309 335.41337748650704,339.411986071721,343.4111267861031,347.41007038740327,351.4093426004584,355.4083518800342,359.4080314623571,363.40727484432887,367.40702689291277,371.4062768294438,375.4061433172393,379.405543923107,383.4054015152938,387.40489760824795,391.4047533898498,395.404225674176,399.40408664989945,403.40336403872845,407.40314547065003,411.402446447687,415.40214070552537,419.40129738243024,423.40079379945286,427.3997712379203,431.39952316920255
1.662854e-08 1.662854e-08 2.018050e-01 0.00 0.45531269806747615 -0.0397827163256654 0.15738266345465377 0.5647692899377309 335.4516855561664,339.45062593281375,343.4502413187375,347.44952604002214,351.4494166616566,355.4489308793768,359.44905942563815,363.44866707111896,367.44878391329223,371.4485959635984,375.44885255290194,379.44886299487234,383.44908334054196,387.44904254539347,391.4494222189201,395.44928765292696,399.449498439153,403.4495326737928,407.4495816767628,411.44941671592335,415.44952369051015,419.4492418398009,423.4492529731933,427.4486677172254,431.4487794295529
1.020848e-07 1.020848e-07 2.302060e-01 0.00 0.4555007881743709 -0.0397827163256654 0.15804679013016237 0.5647692899377309 335.4778165003606,339.4771308159548,343.47700151454353,347.4765926767865,351.4767074632968,355.47658414305704,359.4769494061886,363.476921984297,367.47740265848915,371.4775825523343,375.4781468592107,379.4783298166928,383.4789205488215,387.479128991928,391.4797272801514,395.48008182416476,399.4806911205349,403.4808612437533,407.48108853435946,411.4814055745149,415.48170312170146,419.4818704126053,423.482030380594,427.4819090241799
2.123000e-08 2.123000e-08 2.041084e-01 0.00 0.45531269806747615 -0.0397827163256654 0.15804679013016237 0.5641065640971575 335.4537330591034,339.4528011638589,343.45245488141916,347.4517745604646,351.45173464150855,355.4511504716424,359.45133347122766,363.4510089987753,367.45111521410644,371.4510931787876,375.4512079478512,379.45129510046024,383.4515319774411,387.4515907346179,391.4518461621047,395.45199233180955,399.45222045593044,403.4521147496848,407.45229707326484,411.4521845256913,415.4523264839546,419.4520163174291,423.4519435742559,427.45163837550126,431.4516753319788
3.061760e-05 3.061760e-05 1.020741e-02 0.00 0.45531269806747615 -0.03989279620658789 0.15804679013016237 0.5647692899377309 334.99001021845027,338.9834246075477,342.97753282990493,346.9713246878733,350.96571514833516,354.9597148654144,358.9542695408444,362.94842587303185,366.9431403403668,370.93733642248856,374.93207303152246,378.9265116564088,382.92132452544973,386.9156833640938,390.9105722533915,394.90502376567576,398.89966917665487,402.8940838205319,406.8887666604476,410.8831023217386,414.8776799056748,418.8717749551763,422.866258571912,426.8603529802058,430.8552037517405
1.675703e-08 1.675703e-08 2.014642e-01 0.00 0.45531269806747615 -0.0397827163256654 0.1580384424994834 0.5647692899377309 335.4514288767121,339.45036151696735,343.44996935564734,347.4492461396615,351.44912903482015,355.4486350315307,359.4487555816879,363.4483547217402,367.4484630940201,371.4482662881858,375.44851398849465,379.44851527532376,383.44872627332194,387.448675772801,391.4490456758377,395.44890070680043,399.44910104919603,403.4491245217913,407.4491624352231,411.44898584881713,415.4490811042894,419.44878693644165,423.4487856035064,427.4481869892108,431.44828994063795
4.729290e-06 4.729290e-06 1.114148e-01 0.00 0.456597161409839 -0.0397827163256654 0.15804679013016237 0.5647692899377309 331.6353240233476,335.6377392192468,339.6389319231114,343.64077712557884,347.6422190779587,351.64431930193274,355.646029856788,359.64824532240095,363.6501021156551,367.6524165238685,371.65445558055904,375.65686674127073,379.6590750779568,383.66152991585295,387.6637476094508,391.6662352090481,395.66834393575067,399.67084302374485,403.6730312505696,407.6753007177019,411.67731396049885,415.67969812289414,419.68154704978303,423.68362793849144,427.6854245856635
2.342208e-08 2.342208e-08 2.031941e-01 0.00 0.45531269806747615 -0.0397827163256654 0.15804679013016237 0.5642314255231998 335.4529724673539,339.45198529549447,343.4516577955135,347.4509953287223,351.4507757984899,355.45032986046186,359.4503616050602,363.45008718510473,367.45027071137685,371.45008812847516,375.4503948985966,379.45039324557274,383.45062710243695,387.4505419390429,391.4508921235497,395.4509194545037,399.45118472354847,403.4511005642454,407.45134180438936,411.4511074933165,415.45115722742906,419.45093404655194,423.4508916280249,427.45043774475823,431.45044691809255
1.797845e-08 1.797845e-08 2.002295e-01 0.00 0.45531269806747615 -0.0397827163256654 0.15665580465243853 0.5647692899377309 335.45025643522115,339.44915865233975,343.4487566604544,347.44802576778136,351.4478632667309,355.44736648988044,359.4474659296501,363.44706889470723,367.4471582395427,371.4469531210545,375.447180903502,379.44717470047334,383.44736118862517,387.44729585793135,391.4476682634066,395.44749599834626,399.4476930837938,403.44772594726066,407.44772819590185,411.44755870270063,415.4476436253473,419.4473184690171,423.44730174231864,427.4466848737614,431.44682556398243
8.826712e-08 8.826712e-08 2.280388e-01 0.00 0.45531269806747615 -0.03977701036232268 0.15804679013016237 0.5647692899377309 335.4756459440083,339.4749245940583,343.47479913335644,347.474453694181,351.47458599453006,355.4743820674133,359.4746622913889,363.47468603515233,367.47513115840223,371.4751494212473,375.4757434250288,379.47592396030814,383.4765241958999,387.47676341495537,391.47732684929593,395.47761288078453,399.4781892520386,403.47821252121855,407.478791693501,411.4789388634515,415.47934760598775,419.4794065018225,423.47937352557517,427.47938143565466,431.47962634281873
2.498033e-05 2.498033e-05 2.534766e-03 0.00 0.4524726329250011 -0.0397827163256654 0.15804679013016237 0.5647692899377309 335.0354921934308,339.0296348275691,343.0244588154739,347.0187891077981,351.0136348308389,355.008244130104,359.0033448141302,362.9982545582857,366.99338198975596,370.9883617561011,374.9835831356629,378.97849700576717,382.9739326310836,386.968917233864,390.96424870145586,394.95926650755877,398.9546379056501,402.94951054915424,406.94477374671123,410.93963272950907,414.9347249225181,418.9294432901219,422.9245227102836,426.9190097024867,430.91380000522634
2.390546e-08 2.390546e-08 2.035974e-01 0.00 0.45531269806747615 -0.0397827163256654 0.15804679013016237 0.5642935211104773 335.45330959463945,339.4523232789546,343.4520325900095,347.4512907053918,351.45110372671576,355.45069014075114,359.4508752338012,363.450469730326,367.4506697496908,371.4503969855989,375.45099645301815,379.45068265767077,383.4509977239241,387.45103898743344,391.4512774601215,395.4513631464291,399.45167692342466,403.4514553264781,407.45173191882463,411.4516445153583,415.45163976112025,419.45149380020894,423.4513711027042,427.4509524898245,431.4510318673351
1.675703e-08 1.675703e-08 2.014642e-01 0.00 0.45531269806747615 -0.0397827163256654 0.15890847964681595 0.5647692899377309 335.4514288767121,339.45036151696735,343.44996935564734,347.4492461396615,351.44912903482015,355.4486350315307,359.4487555816879,363.4483547217402,367.4484630940201,371.4482662881858,375.44851398849465,379.44851527532376,383.44872627332194,387.448675772801,391.4490456758377,395.44890070680043,399.44910104919603,403.4491245217913,407.4491624352231,411.44898584881713,415.4490811042894,419.44878693644165,423.4487856035064,427.4481869892108,431.44828994063795
7.609140e-05 7.609140e-05 1.722332e-01 0.00 0.45531269806747615 -0.039956697970532085 0.15804679013016237 0.5647692899377309 334.7223904516036,338.7126292856255,342.7035377191917,346.6941311065805,350.68529212807493,354.67612418395584,358.66748184734814,362.6584298139043,366.6499508700116,370.6410010862796,374.63254210723187,378.62378248894436,382.61535538185257,386.60663145602217,390.59819954985704,394.58946493236954,398.58107888214295,402.5723495720531,406.56366515010603,410.55480102885286,414.5461669152108,418.5371867435694,422.5283628833267,426.51921753521884,430.51112381414265
1.354506e-05 1.354506e-05 3.488379e-02 0.00 0.45748043217560863 -0.0397827163256654 0.15804679013016237 0.5647692899377309 331.76119781681814,335.7645145798465,339.7670898989485,343.7704573207369,347.77339993822443,351.77699057081514,355.7801171051672,359.78396710028164,363.78726362590305,367.7911496330311,371.7946763690211,375.79870023701835,379.80223573196696,383.80629281553325,387.80992083119907,391.8139870629325,395.81764285226046,399.8216071359048,403.82520703249725,407.8292046588179,411.8326134410269,415.83642696558786,419.8398350499145,423.84350711142855,427.8467121073355
3.977004e-06 3.977004e-06 7.292243e-02 0.00 0.4542029080893948 -0.0397827163256654 0.15804679013016237 0.5647692899377309 335.28870074247544,339.28571545360995,343.283389646051,347.28081592887503,351.27867088271836,355.2762785141587,359.27440429032407,363.2721961915392,367.2703503101973,371.2683173490962,375.2665635454848,379.2645656591004,383.26284923895014,387.26083109161976,391.25940668875035,395.25727228789196,399.25567290658927,403.25365779115987,407.25191001664894,411.24965621339646,415.24779797228564,419.2456493249128,423.24347211940716,427.2411539027804,431.23889372159266
1.675703e-08 1.675703e-08 2.014642e-01 0.00 0.45531269806747615 -0.0397827163256654 0.15832329687691857 0.5647692899377309 335.4514288767121,339.45036151696735,343.44996935564734,347.4492461396615,351.44912903482015,355.4486350315307,359.4487555816879,363.4483547217402,367.4484630940201,371.4482662881858,375.44851398849465,379.44851527532376,383.44872627332194,387.448675772801,391.4490456758377,395.44890070680043,399.44910104919603,403.4491245217913,407.4491624352231,411.44898584881713,415.4490811042894,419.44878693644165,423.4487856035064,427.4481869892108,431.44828994063795
2.948440e-08 2.948440e-08 1.988498e-01 0.00 0.45531269806747615 -0.0397827163256654 0.15804679013016237 0.565378743698878 335.448939425136,339.4479620634785,343.4474677274781,347.4466882291067,351.4465480290223,355.44614913357833,359.4459559411443,363.44573139638044,367.44588625329226,371.445654373749,375.4458489894449,379.44574182821356,383.446009508883,387.4458925549505,391.4462063939607,395.4459810339402,399.4462736734251,403.4462357881868,407.4463440910982,411.44599886134426,415.44612426378,419.445749062035,423.44547780516365,427.44508891719465,431.44520259715915
3.816117e-05 3.816117e-05 4.696154e-03 0.00 0.45531269806747615 -0.0396589432963812 0.15804679013016237 0.5647692899377309 335.9717511019215,339.9769891839422,343.98287315044126,347.9883280229215,351.9944093752731,356.0001641554163,360.0063419225306,364.012230421012,368.01856591703466,372.024625314981,376.03102664977786,380.03721626574077,384.043728754912,388.0499248414521,392.0562411283479,396.0624664495475,400.06891381675695,404.07504338925276,408.0813348450635,412.0873329315122,416.09370110271504,420.0995557726515,424.1056878819699,428.1115184425141
4.774607e-05 4.774607e-05 5.563808e-02 0.00 0.45137898761788364 -0.0397827163256654 0.15804679013016237 0.5647692899377309 334.87384901546176,338.86587242596374,342.858670593807,346.8511055943738,350.8440843371371,354.836837638286,358.82997239178286,362.8228543158692,366.816101421277,370.80921519153793,374.8024123484076,378.79562277129475,382.78904654893887,386.78217689510626,390.7756134287302,394.76871016187687,398.76208293432387,402.7550943124454,406.74844498797415,410.7413961092013,414.7344040628187,418.7273579688925,422.7204298608117,426.71309953226904,430.7059683356349
1.675703e-08 1.675703e-08 2.014642e-01 0.00 0.45531269806747615 -0.0397827163256654 0.15957462561807306 0.5647692899377309 335.4514288767121,339.45036151696735,343.44996935564734,347.4492461396615,351.44912903482015,355.4486350315307,359.4487555816879,363.4483547217402,367.4484630940201,371.4482662881858,375.44851398849465,379.44851527532376,383.44872627332194,387.448675772801,391.4490456758377,395.44890070680043,399.44910104919603,403.4491245217913,407.4491624352231,411.44898584881713,415.4490811042894,419.44878693644165,423.4487856035064,427.4481869892108,431.44828994063795
3.000025e-08 3.000025e-08 2.101557e-01 0.00 0.45531269806747615 -0.0397827163256654 0.15804679013016237 0.5626992356556288 335.4592732762212,339.4582928947238,343.4580657376973,347.45746631848596,351.4574069459708,355.456966523408,359.45724176441564,363.4569331236571,367.45724470822364,371.4572128358276,375.45743988599423,379.45757024826685,383.45786892743126,387.45803931999507,391.458552937232,395.4584875874654,399.45894579776206,403.45896335139827,407.45916684932126,411.45918703076495,415.45932828823186,419.45919933516143,423.45915421883734,427.45886862347464,431.45896708690543
1.690061e-04 1.690061e-04 3.495795e-02 0.00 0.45531269806747615 -0.04004260223350892 0.15804679013016237 0.5647692899377309 334.3640171748429,338.3501062538912,342.33671452075714,346.32295994356144,350.30987842247555,354.2964577762196,358.2835205499991,362.27027393911715,366.2573706080349,370.2443387969285,374.23153656162316,378.21838168456935,382.20575933497236,386.19263560331297,390.180038487975,394.1671429318213,398.15425892805786,402.1412394102642,406.1284401968668,410.1153008947158,414.1024330272515,418.08920790586774,422.07610842728093,426.0626134469632,430.0503836604007
8.045839e-08 8.045839e-08 2.247168e-01 0.00 0.45547476616817867 -0.0397827163256654 0.15804679013016237 0.5647692899377309 335.4744580426879,339.47371577571806,343.4736936567156,347.47322824493665,351.47328528156476,355.473093078718,359.4734364453922,363.4734037717449,367.4737461391823,371.47396004928555,375.4743909760579,379.4745516389921,383.4751815673519,387.47535287109685,391.4760487242786,395.4762162664543,399.476630740784,403.47693371034154,407.4772585347151,411.47742559571026,415.4777269645828,419.477744385577,423.47798100233723,427.4777329646674
1.710059e-08 1.710059e-08 2.027072e-01 0.00 0.45531269806747615 -0.0397827163256654 0.16357344245082034 0.5647692899377309 335.45262635445437,339.4515725153831,343.45119511987895,347.4504922921676,351.4503691363944,355.44989967170534,359.4500307781779,363.44965248681024,367.4497826688681,371.44958974142133,375.4498495907667,379.4498648603569,383.4500895996755,387.4500352887728,391.45043716136905,395.45029374547045,399.45052443349414,403.45056280447744,407.45059711326184,411.4504350381474,415.45053456683144,419.4502447554516,423.4502425756495,427.44967542770866,431.44978417313416
3.109961e-08 3.109961e-08 2.023694e-01 0.00 0.45531269806747615 -0.0397827163256654 0.15804679013016237 0.5644911563728066 335.45222459893796,339.45131822425844,343.45091813591944,347.45012433811866,351.45001332724394,355.44958617666845,359.44960258192805,363.4492420579216,367.44953461978315,371.4492908092829,375.4494190390393,379.4494600066558,383.44974746913664,387.4496791940901,391.4499685990833,395.4500447240637,399.4502888547799,403.4501964854033,407.4503829342721,411.4501986390592,415.4502813478863,419.450033247592,423.4497871574582,427.4492120990755,431.4495074012044
1.131531e-05 1.131531e-05 1.472113e-02 0.00 0.45531269806747615 -0.039848960460446614 0.15804679013016237 0.5647692899377309 335.17273644410346,339.16844358898686,343.164748276528,347.1607437343854,351.157291318496,355.15344917111497,359.1500894441337,363.1465753412074,367.14329704455264,371.13978193467415,375.1367596030892,379.13325108767066,383.13021948651595,387.1269522891357,391.12380514481185,395.1205276344944,399.11746380626005,403.11394360293195,407.11076939566544,411.10723850078676,415.10410936058685,419.1005243558434,423.09693187853827,427.09326249440517,431.0901318798519
3.033170e-06 3.033170e-06 1.418234e-01 0.00 0.4563422569442003 -0.0397827163256654 0.15804679013016237 0.5647692899377309 335.6004516999075,339.6011975494619,343.602483228222,347.60365720346647,351.60522455601193,355.606468288245,359.6081958340544,363.6097038555721,367.6115544773588,371.613248407441,375.61515109291827,379.6168683563737,383.6189850942383,387.6206655946876,391.62271862933454,395.6245276174384,399.6264732886836,403.6280834113775,407.6301158701822,411.63168121972154,415.63344226098593,419.63501909783986,423.6365686130359,427.6379090538569
1.662854e-08 1.662854e-08 2.018050e-01 0.00 0.45531269806747615 -0.0397827163256654 0.15729300713204883 0.5647692899377309 335.4516855561664,339.45062593281375,343.4502413187375,347.44952604002214,351.4494166616566,355.4489308793768,359.44905942563815,363.44866707111896,367.44878391329223,371.4485959635984,375.44885255290194,379.44886299487234,383.44908334054196,387.44904254539347,391.4494222189201,395.44928765292696,399.449498439153,403.4495326737928,407.4495816767628,411.44941671592335,415.44952369051015,419.4492418398009,423.4492529731933,427.4486677172254,431.4487794295529
2.685808e-07 2.685808e-07 1.626921e-01 0.00 0.4550462573407032 -0.0397827163256654 0.15804679013016237 0.5647692899377309 335.4126255546288,339.4111546662197,343.4103339980102,347.4091236247452,351.40852194306115,355.4075494777235,359.4070702708251,363.40630921526287,367.40601038489893,371.4053667761447,375.4051828563687,379.40456790705525,383.40439452394565,387.40384583707163,391.4037371460139,395.40315507186375,399.40299685741803,403.40252828949866,407.40215219587486,411.40153110325764,415.4010890174289,419.4004278818943,423.39971087236637,427.39889075331405,431.39921081181876
4.130519e-08 4.130519e-08 1.948240e-01 0.00 0.45531269806747615 -0.0397827163256654 0.15804679013016237 0.5661102816783485 335.44537253739117,339.44427523274317,343.44369346132873,347.4428937521519,351.44264057797665,355.4421236953977,359.4420357708293,363.44166341256647,367.44172790541245,371.44135373517196,375.44153061129254,379.44142692257,383.4416996747424,387.4415721769071,391.4416879619658,395.44146834441017,399.4417337891316,403.4414812913098,407.4416395762118,411.44136859858077,415.44125318888723,419.4408437345923,423.4406150140758,427.4401636332029,431.4400532056086
9.734362e-05 9.734362e-05 1.818254e-01 0.00 0.45531269806747615 -0.03958571404871685 0.15804679013016237 0.5647692899377309 336.2816271909751,340.29052032311085,344.30000306303083,348.3091715574793,352.31883320772744,356.32824129151345,360.338265486632,364.34781762790885,368.35788813586584,372.3677046031006,376.37769734593485,380.38758920226985,384.3977585370743,388.4076334115527,392.41784566910036,396.4276366895137,400.4377423119275,404.44758460539174,408.4577553224752,412.4673426276115,416.47741464525956,420.48693897461743,424.49669757472765,428.5060839513384
1.529080e-07 1.529080e-07 1.718090e-01 0.00 0.45511214249711424 -0.0397827163256654 0.15804679013016237 0.5647692899377309 335.42225073311175,339.42093275077093,343.4201773092332,347.4190657237297,351.41863390027896,355.4177687861413,359.4175185727491,363.4167439382562,367.4166165435364,371.4160376837857,375.4159594973896,379.4155595188671,383.415471358392,387.4151418157487,391.4150542754913,395.4147017793,399.414574466237,403.414068039079,407.41393798827687,411.4133532469928,415.41316077512016,419.412496314487,423.41207839843855,427.4112592944786,431.4116098928574
1.662854e-08 1.662854e-08 2.018050e-01 0.00 0.45531269806747615 -0.0397827163256654 0.15771983058761974 0.5647692899377309 335.4516855561664,339.45062593281375,343.4502413187375,347.44952604002214,351.4494166616566,355.4489308793768,359.44905942563815,363.44866707111896,367.44878391329223,371.4485959635984,375.44885255290194,379.44886299487234,383.44908334054196,387.44904254539347,391.4494222189201,395.44928765292696,399.449498439153,403.4495326737928,407.4495816767628,411.44941671592335,415.44952369051015,419.4492418398009,423.4492529731933,427.4486677172254,431.4487794295529
4.562331e-08 4.562331e-08 2.146458e-01 0.00 0.45531269806747615 -0.0397827163256654 0.15804679013016237 0.5619914933425341 335.4632238462886,339.4624308307002,343.46217132311756,347.46171821534654,351.4616084503256,355.46126904482907,359.46154553860066,363.46130674145326,367.46168371941354,371.46167368601783,375.4620596798265,379.46206016101445,383.46265745726305,387.46275437392785,391.4632846367819,395.46340309729294,399.463780477842,403.46393511128133,407.4642199790016,411.46423059652034,415.4645444706328,419.4644639763395,423.4645682039563,427.4641687903621,431.4642461211436
9.791821e-06 9.791821e-06 5.663579e-02 0.00 0.45531269806747615 -0.03971961695757806 0.15804679013016237 0.5647692899377309 335.7171818005885,339.71930753442876,343.72211511483727,347.7246273664449,351.7275801385109,355.73033955550983,359.73345709178494,363.7364040434513,367.7396053570176,371.74262488295176,375.74606475092696,379.7491121291675,383.75251893151574,387.7558199393003,391.7589526615017,395.7622879052305,399.76577561474465,403.76892794869866,407.7721988534808,411.77531154902266,415.7784212212205,419.7813084683818,423.7844537525925,427.78708828965,431.79002880866324
1.117141e-05 1.117141e-05 2.086175e-02 0.00 0.4534209804251332 -0.0397827163256654 0.15804679013016237 0.5647692899377309 335.17421302259123,339.1698414302958,343.1661174392793,347.1621114974894,351.1586795765873,355.1548795706591,359.1515683390566,363.14799188223816,367.14481106106325,371.1413771675644,375.1383243246851,379.13493241886545,383.13202700364394,387.12860676190286,391.1256153630352,395.1222558875733,399.1192935110622,403.11599590243907,407.1126431477585,411.10931034804474,415.1059980651205,419.1025619386583,423.0990577883118,427.0953386076207,431.09187253082104
1.797845e-08 1.797845e-08 2.002295e-01 0.00 0.45531269806747615 -0.0397827163256654 0.15643715872774044 0.5647692899377309 335.45025643522115,339.44915865233975,343.4487566604544,347.44802576778136,351.4478632667309,355.44736648988044,359.4474659296501,363.44706889470723,367.4471582395427,371.4469531210545,375.447180903502,379.44717470047334,383.44736118862517,387.44729585793135,391.4476682634066,395.44749599834626,399.4476930837938,403.44772594726066,407.44772819590185,411.44755870270063,415.4476436253473,419.4473184690171,423.44730174231864,427.4466848737614,431.44682556398243
2.758503e-08 2.758503e-08 2.041428e-01 0.00 0.45531269806747615 -0.0397827163256654 0.15804679013016237 0.5640598034156868 335.45416969888714,339.45319592906276,343.4526627679827,347.4520999184135,351.4521131012587,355.4516732461818,359.4515844608199,363.45142693631266,367.4515231955646,371.45130763704435,375.45173055051487,379.45167413958086,383.45196578817416,387.45193884130884,391.45225692129986,395.4522732393464,399.4526266065433,403.45257669914633,407.45263822952353,411.45264496663737,415.4526937559742,419.4525059501329,423.4523836454993,427.4519621986836,431.452007471917
1.697496e-06 1.697496e-06 1.057594e-01 0.00 0.45531269806747615 -0.039807657250898104 0.15804679013016237 0.5647692899377309 335.34676436599483,339.3444362831576,343.3427861583242,347.3408416988684,351.3393067346927,355.337650314228,359.3364665580159,363.334838793593,367.33376389710736,371.3323672508945,375.3312818428519,379.33000879177035,383.3290151707877,387.3277430436888,391.32669298748885,395.3254390007197,399.32449408584677,403.32316845768804,407.3220901873748,411.32047044502644,415.31936153621723,419.31774089548026,423.3166283887165,427.31476357787466,431.3135885824567
3.547946e-07 3.547946e-07 2.417402e-01 0.00 0.4556601105745697 -0.0397827163256654 0.15804679013016237 0.5647692899377309 335.50209481420904,339.50161799204085,343.5019112881704,347.5017672080889,351.50224925028624,355.50235443409764,359.50290646709215,363.503279058805,367.5040311034984,371.5043900355662,375.50526116196176,379.50577897891196,383.5066697537404,387.5073126133398,391.50816188460084,395.5087337133281,399.5095588026183,403.51010485136703,407.5108128939805,411.51129450893916,415.51196153897155,419.5122901014052,423.51279166637505,427.5128681501973
1.797845e-08 1.797845e-08 2.002295e-01 0.00 0.45531269806747615 -0.0397827163256654 0.15720504771056718 0.5647692899377309 335.45025643522115,339.44915865233975,343.4487566604544,347.44802576778136,351.4478632667309,355.44736648988044,359.4474659296501,363.44706889470723,367.4471582395427,371.4469531210545,375.447180903502,379.44717470047334,383.44736118862517,387.44729585793135,391.4476682634066,395.44749599834626,399.4476930837938,403.44772594726066,407.44772819590185,411.44755870270063,415.4476436253473,419.4473184690171,423.44730174231864,427.4466848737614,431.44682556398243
2.432893e-08 2.432893e-08 2.048295e-01 0.00 0.45531269806747615 -0.03978195210737182 0.15804679013016237 0.5647692899377309 335.45454954015787,339.45363452491915,343.45327661874956,347.4526731189149,351.4524673420318,355.45191359731683,359.45213030877363,363.45183490318385,367.45205884546397,371.451894817581,375.4521870966812,379.4520664346941,383.45243042098645,387.452266146357,391.4526445218828,395.4527690759729,399.4530181169944,403.45289600154524,407.4530681040696,411.45309384294217,415.453131950688,419.4527548033138,423.452697233802,427.4523518511858,431.45238133698695
2.749729e-08 2.749729e-08 2.089090e-01 0.00 0.45531269806747615 -0.0397827163256654 0.15804679013016237 0.5630141215192837 335.4582259985342,339.45720924037107,343.45690968520495,347.45630047056954,351.4562265284622,355.4558880358702,359.45595538683295,363.45580158271866,367.4559277553286,371.45591051433894,375.45619385711007,379.4562179810634,383.4566354480402,387.4566900846753,391.45712462290845,395.4572578401379,399.4576044119234,403.4574767882924,407.45779153260906,411.4577021755199,415.4579210957464,419.45772302763123,423.45770753895187,427.45737078954073,431.4574615268988
2.225604e-05 2.225604e-05 7.700471e-03 0.00 0.4580838814758459 -0.0397827163256654 0.15804679013016237 0.5647692899377309 331.8477478911395,335.8518528560937,339.8555445002387,343.8599446845118,347.86390248642175,351.8685693164288,355.87280416772313,359.8775172610439,363.88198179130706,367.8869412945201,371.8915826789637,375.8965000253323,379.90120475678196,383.90603394182205,387.9108624356564,391.9158980853942,395.9206488023382,399.9257149233523,403.93026713792693,407.9351132769742,411.93987600978784,415.9446547613188,419.9490758262324,423.95375167596836,427.9580321634727
1.675703e-08 1.675703e-08 2.014642e-01 0.00 0.45531269806747615 -0.0397827163256654 0.15913099484590976 0.5647692899377309 335.4514288767121,339.45036151696735,343.44996935564734,347.4492461396615,351.44912903482015,355.4486350315307,359.4487555816879,363.4483547217402,367.4484630940201,371.4482662881858,375.44851398849465,379.44851527532376,383.44872627332194,387.448675772801,391.4490456758377,395.44890070680043,399.44910104919603,403.4491245217913,407.4491624352231,411.44898584881713,415.4490811042894,419.44878693644165,423.4487856035064,427.4481869892108,431.44828994063795
6.975959e-06 6.975959e-06 8.346681e-02 0.00 0.4568617199749426 -0.0397827163256654 0.15804679013016237 0.5647692899377309 331.6733282406218,335.6762549707053,339.67786972722894,343.68011168625253,347.6821646031186,351.6845310038077,355.6866673446341,359.6894447321582,363.6918703990733,367.6945646119443,371.6971277469685,375.70015060531955,379.70267685071025,383.70562899949607,387.70815101740527,391.71119045261554,395.7137455207317,399.71672616945847,403.7193159568053,407.72206902279584,411.7247581210118,415.7274067001341,419.72984349652313,423.73241885693585,427.7345408623528
1.699574e-05 1.699574e-05 2.533534e-03 0.00 0.45531269806747615 -0.03986424907616036 0.15804679013016237 0.5647692899377309 335.1090377691871,339.10397798550815,343.0996049212474,347.09467032763763,351.0904852583176,355.08593078858405,359.0818114590319,363.0774504130447,367.07347756554225,371.06920893475194,375.0654951878343,379.06123841319675,383.0573468786212,387.05328422350243,391.04937745887554,395.045421123588,399.0415343015204,403.0373828823171,407.0334554290977,411.02928504208734,415.02511468596765,419.02079530641254,423.01659637436353,427.0120734456429,431.00817321433414
2.559585e-08 2.559585e-08 1.999971e-01 0.00 0.45531269806747615 -0.0397827163256654 0.15804679013016237 0.5649459073754154 335.4500803145862,339.4489985219188,343.4487183713629,347.44794226452456,351.447700936127,355.4470980396794,359.4471651181059,363.4467854591296,367.44710315180487,371.44675782762664,375.4471053097562,379.4468733548094,383.4472041343042,387.44714021843237,391.4474689412177,395.4472981664115,399.44761047791195,403.4474406803313,407.44756645742984,411.447449107372,415.4474550047306,419.4470819945398,423.44702095552304,427.4465810773701,431.4465836237201
1.675703e-08 1.675703e-08 2.014642e-01 0.00 0.45531269806747615 -0.0397827163256654 0.15872980156033295 0.5647692899377309 335.4514288767121,339.45036151696735,343.44996935564734,347.4492461396615,351.44912903482015,355.4486350315307,359.4487555816879,363.4483547217402,367.4484630940201,371.4482662881858,375.44851398849465,379.44851527532376,383.44872627332194,387.448675772801,391.4490456758377,395.44890070680043,399.44910104919603,403.4491245217913,407.4491624352231,411.44898584881713,415.4490811042894,419.44878693644165,423.4487856035064,427.4481869892108,431.44828994063795
3.228676e-05 3.228676e-05 1.314446e-02 0.00 0.4520850805980546 -0.0397827163256654 0.15804679013016237 0.5647692899377309 334.97758505236607,338.9711197444763,342.9650968842755,346.95880742926084,350.9529749303315,354.94690119927344,358.94121891672364,362.93533471155644,366.9298793185947,370.92403692570707,374.91859784139007,378.91291537238084,382.90770843360775,386.9019565252774,390.8966412380813,394.8909803653024,398.88564371474234,402.8798855206687,406.8744156590639,410.8686752217057,414.8632330849777,418.8571253093168,422.8514720314342,426.8453088304415,430.8393318574276
6.080209e-08 6.080209e-08 2.228385e-01 0.00 0.45531269806747615 -0.03977800181379776 0.15804679013016237 0.5647692899377309 335.4710405266917,339.4702458351533,343.4701723722973,347.4696405651964,351.4696911150232,355.4694603226642,359.4696848337089,363.46962157050837,367.47008155169,371.4700500683157,375.4705625282284,379.4707609198311,383.4712786509973,387.47148722984684,391.47196796334265,395.4720457879686,399.4726225808013,403.4727870624295,407.47325854236703,411.47323947435956,415.4734808080162,419.4734917173298,423.4735442812429,427.4733879753564,431.4736122688224
2.495133e-08 2.495133e-08 2.057258e-01 0.00 0.45531269806747615 -0.0397827163256654 0.15804679013016237 0.5639453452585172 335.4552676548103,339.45436133420196,343.4540637694778,347.4531501379336,351.4531651001374,355.45274626270367,359.45282549029923,363.4526115604154,367.4528002204268,371.4526402121337,375.4529367844257,379.45292353422394,383.4533271741318,387.4533312510009,391.4537301732235,395.4537326067796,399.4540371933663,403.4539979091872,407.4541310187249,411.45399303348665,415.45421922594244,419.4540184214998,423.4538920679727,427.45353917983,431.4535757663694
1.662854e-08 1.662854e-08 2.018050e-01 0.00 0.45531269806747615 -0.0397827163256654 0.15774673182264273 0.5647692899377309 335.4516855561664,339.45062593281375,343.4502413187375,347.44952604002214,351.4494166616566,355.4489308793768,359.44905942563815,363.44866707111896,367.44878391329223,371.4485959635984,375.44885255290194,379.44886299487234,383.44908334054196,387.44904254539347,391.4494222189201,395.44928765292696,399.449498439153,403.4495326737928,407.4495816767628,411.44941671592335,415.44952369051015,419.4492418398009,423.4492529731933,427.4486677172254,431.4487794295529
1.814005e-06 1.814005e-06 1.736534e-01 0.00 0.4561060544326573 -0.0397827163256654 0.15804679013016237 0.5647692899377309 335.56608809634594,339.56643283353577,343.5674120098136,347.5679969951152,351.56925381382655,355.5701582767653,359.5714481735939,363.572545653642,367.57404290108263,371.5752890808288,375.5768605784834,379.5780878385111,383.57981901478547,387.5810617990366,391.582758849828,395.58398405768224,399.585688262181,403.5869410187886,407.58851506351806,411.58970458689527,415.5911296702413,419.59219751497966,423.59348071414286,427.59441108539755
2.086214e-05 2.086214e-05 1.045021e-02 0.00 0.45531269806747615 -0.03969096160889985 0.15804679013016237 0.5647692899377309 335.83675041332356,339.8402369788083,343.8445392145352,347.8484322187638,351.85271172972534,355.8568941831571,359.86152294129903,363.86584637969185,367.8705678150854,371.8749729605129,375.87985769650186,379.8842726592918,383.88921968569764,387.8937837445552,391.8986357969282,395.9030241281783,399.90792595602994,403.91257139189844,407.9172207673928,411.9217861963834,415.9263603263231,419.93057551257755,423.9351328435909,427.93929064048797
2.403444e-08 2.403444e-08 2.072473e-01 0.00 0.45531269806747615 -0.0397827163256654 0.15804679013016237 0.563500961012477 335.4566672159375,339.45571882726335,343.4554045758919,347.45471762041535,351.4546560088281,355.4542931466691,359.45426489212826,363.45401376385854,367.45440289398715,371.45422073270703,375.4546185863309,379.4545510194402,383.4549710075033,387.45494782715343,391.45534166482156,395.4554180450163,399.45570175151903,403.4557668818268,407.4559755132776,411.4557748603562,415.45586804032826,419.45567130219615,423.45567820208544,427.45535960496295,431.45541643400446
5.423067e-05 5.423067e-05 3.350202e-02 0.00 0.45964739170666274 -0.0397827163256654 0.15804679013016237 0.5647692899377309 332.0691181732273,336.07595945108085,340.0821796004629,344.08915361263576,348.09589220098655,352.1031387635439,356.11003573240953,360.11740061814226,364.124568963444,368.1320781435203,372.1393306929388,376.14691919420824,380.1542512847567,384.16193380719625,388.1694000761202,392.1769696669935,396.18438576546924,400.19199231250855,404.1993383651991,408.20691505471575,412.2141170522835,416.22154726142196,420.22869331353746,424.236009955607,428.2429162596424
1.797845e-08 1.797845e-08 2.002295e-01 0.00 0.45531269806747615 -0.0397827163256654 0.156031607710846 0.5647692899377309 335.45025643522115,339.44915865233975,343.4487566604544,347.44802576778136,351.4478632667309,355.44736648988044,359.4474659296501,363.44706889470723,367.4471582395427,371.4469531210545,375.447180903502,379.44717470047334,383.44736118862517,387.44729585793135,391.4476682634066,395.44749599834626,399.4476930837938,403.44772594726066,407.44772819590185,411.44755870270063,415.4476436253473,419.4473184690171,423.44730174231864,427.4466848737614,431.44682556398243
5.969648e-05 5.969648e-05 4.668431e-02 0.00 0.45531269806747615 -0.03962820923547138 0.15804679013016237 0.5647692899377309 336.101653663363,340.1085546919615,344.1158291409724,348.1229162982575,352.13043015274343,356.13768305616975,360.1454845131721,364.1529558103271,368.1608850218809,372.1683283081274,376.17636862462916,380.18399764329945,384.1920713142577,388.1998352761106,392.2077974433851,396.21549486463766,400.22352542367713,404.23114341798515,408.239181756653,412.2467438700214,416.25444805586534,420.2620173167891,424.2696036560046,428.2770034619207
2.973598e-06 2.973598e-06 8.018581e-02 0.00 0.4543545026862632 -0.0397827163256654 0.15804679013016237 0.5647692899377309 335.31075981064555,339.30806798058273,343.306127220735,347.303712877263,351.3018112821462,355.2996671790011,359.2980483887484,363.29606203511406,367.294580084773,371.29280315568394,375.29128897378365,379.2896678030845,383.28820305605115,387.2864373837113,391.28511090226624,395.2834340456572,399.28202665212183,403.280214271792,407.2788160357366,411.27695849042055,415.27525295385095,419.2733209575577,423.27158729282996,427.2694705701059,431.26746910310703
2.609266e-08 2.609266e-08 2.039413e-01 0.00 0.45531269806747615 -0.0397827163256654 0.15804679013016237 0.5643258995524746 335.45365526778045,339.4526310874282,343.452276252265,347.45160640253476,351.4514199448692,355.4510430665856,359.45112779960164,363.45075796360885,367.45105305750144,371.45097141472337,375.4511569890675,379.4510610069181,383.4513793993792,387.4512770369107,391.4518386123203,395.4516987531272,399.4520197996754,403.4520332181922,407.4521526561571,411.4519897481332,415.45209219961805,419.45185677232007,423.45184238746367,427.4512053096861,431.45146457600475
1.675703e-08 1.675703e-08 2.014642e-01 0.00 0.45531269806747615 -0.0397827163256654 0.1582737988441805 0.5647692899377309 335.4514288767121,339.45036151696735,343.44996935564734,347.4492461396615,351.44912903482015,355.4486350315307,359.4487555816879,363.4483547217402,367.4484630940201,371.4482662881858,375.44851398849465,379.44851527532376,383.44872627332194,387.448675772801,391.4490456758377,395.44890070680043,399.44910104919603,403.4491245217913,407.4491624352231,411.44898584881713,415.4490811042894,419.44878693644165,423.4487856035064,427.4481869892108,431.44828994063795
1.534604e-07 1.534604e-07 1.735963e-01 0.00 0.4551301436810272 -0.0397827163256654 0.15804679013016237 0.5647692899377309 335.4238670779248,339.42262122572504,343.4218847706634,347.42085444822703,351.42028803227385,355.41952962221126,359.4193067671224,363.41860645364164,367.4184413600147,371.41788966558147,375.4178084143934,379.41747358057154,383.41740230061794,387.4170638660475,391.41696515307723,395.4165625336252,399.41649438366863,403.41613582908144,407.4158369523064,411.4154194810419,415.41515686148614,419.4145459598244,423.4140431378906,427.4132659015042,431.4137653346618
4.136271e-07 4.136271e-07 2.356524e-01 0.00 0.45531269806747615 -0.03976945412683711 0.15804679013016237 0.5647692899377309 335.50708342291534,339.50666628440695,343.5069509843598,347.5068945560812,351.5074459364311,355.50757930828263,359.5083325437162,363.5086376856584,367.50952479282046,371.5099112995414,375.5108992481084,379.51135179002586,383.51238407308955,387.51306674613915,391.5140675770763,395.51459129386245,399.5154969498076,403.51604779304967,407.5168821814598,411.5173945530188,415.51812406282085,419.5184739886863,423.51910518750435,427.5192967392032,431.52000627732076
2.664531e-08 2.664531e-08 2.023222e-01 0.00 0.45531269806747615 -0.0397827163256654 0.15804679013016237 0.5647016947315521 335.4521158143436,339.4511856009903,343.45075078793633,347.4499678263382,351.4499696217832,355.4494511828612,359.4495293354907,363.4491045676957,367.44939476295815,371.4491953357373,375.4495071839814,379.4493746434025,383.4496695452201,387.4494615159096,391.4499947370939,395.44981437428646,399.45021004246945,403.45006853085124,407.4502602771548,411.4501485777185,415.45019458854216,419.45020511028633,423.44975912614984,427.4494593265213,431.44946340334207
1.797845e-08 1.797845e-08 2.002295e-01 0.00 0.45531269806747615 -0.0397827163256654 0.1568629488333058 0.5647692899377309 335.45025643522115,339.44915865233975,343.4487566604544,347.44802576778136,351.4478632667309,355.44736648988044,359.4474659296501,363.44706889470723,367.4471582395427,371.4469531210545,375.447180903502,379.44717470047334,383.44736118862517,387.44729585793135,391.4476682634066,395.44749599834626,399.4476930837938,403.44772594726066,407.44772819590185,411.44755870270063,415.4476436253473,419.4473184690171,423.44730174231864,427.4466848737614,431.44682556398243
1.711274e-07 1.711274e-07 2.384994e-01 0.00 0.4555463218067486 -0.0397827163256654 0.15804679013016237 0.5647692899377309 335.48528450782777,339.4846870528061,343.4846932237314,347.48432794340135,351.4846596999308,355.4845272690972,359.4848727475825,363.48506320606356,367.48553922250926,371.48585905021287,375.48652554244705,379.4867115559694,383.4874508171218,387.48783572952675,391.4885282904206,395.4889146562326,399.4896082864224,403.4898677507131,407.4903489058318,411.4906833077257,415.4910280235998,419.49107057256674,423.4915108254414,427.49138616673355
1.491442e-04 1.491442e-04 6.350712e-02 0.00 0.45531269806747615 -0.04002688860020516 0.15804679013016237 0.5647692899377309 334.4296242212467,338.41632892227227,342.40365605780164,346.3908503513907,350.3784884635378,354.36577101608606,358.3536208515239,362.34116855418137,366.3290468703598,370.31669113093636,374.30483461888065,378.2925096216023,382.28058664192156,386.2683867670865,390.25650082225656,394.24419810992003,398.23226551898586,402.2200516943154,406.20802312156184,410.1956041558187,414.183539541485,418.171007404201,422.15878728211686,426.1461511794877,430.1344072099248
1.662854e-08 1.662854e-08 2.018050e-01 0.00 0.45531269806747615 -0.0397827163256654 0.15750716465618358 0.5647692899377309 335.4516855561664,339.45062593281375,343.4502413187375,347.44952604002214,351.4494166616566,355.4489308793768,359.44905942563815,363.44866707111896,367.44878391329223,371.4485959635984,375.44885255290194,379.44886299487234,383.44908334054196,387.44904254539347,391.4494222189201,395.44928765292696,399.449498439153,403.4495326737928,407.4495816767628,411.44941671592335,415.44952369051015,419.4492418398009,423.4492529731933,427.4486677172254,431.4487794295529
3.418465e-08 3.418465e-08 1.976813e-01 0.00 0.45531269806747615 -0.0397827163256654 0.15804679013016237 0.5654205908587255 335.4479287976699,339.44690128547785,343.44646838494504,347.4457102291084,351.44540944986903,355.44489247446404,359.44497292166704,363.4444613073569,367.44455683945466,371.4444824514415,375.44452255692715,379.4444636560454,383.44461988251203,387.44461257642996,391.44483788263364,395.44480904481037,399.4449543746564,403.44475361229723,407.4448824783306,411.4448035782766,415.44472841568904,419.4444346427683,423.44414136161623,427.44371166385577,431.4436650562224
8.040652e-07 8.040652e-07 2.132376e-01 0.00 0.45583543823480044 -0.0397827163256654 0.15804679013016237 0.5647692899377309 335.52752167652636,339.5273998412433,343.5279628290271,347.5281376613842,351.5289249271179,355.52930425317527,359.53024997921295,363.5308414189461,367.5319286020786,371.5325477244169,375.5337741473287,379.53467199311456,383.5358866028392,387.5366705140319,391.5378727420963,395.5387879328184,399.53989878745915,403.5407920861956,407.541896706413,411.54248606597224,415.5435920964259,419.5441598108011,423.5449788066847,427.5454002526726
1.662854e-08 1.662854e-08 2.018050e-01 0.00 0.45531269806747615 -0.0397827163256654 0.1578985647167422 0.5647692899377309 335.4516855561664,339.45062593281375,343.4502413187375,347.44952604002214,351.4494166616566,355.4489308793768,359.44905942563815,363.44866707111896,367.44878391329223,371.4485959635984,375.44885255290194,379.44886299487234,383.44908334054196,387.44904254539347,391.4494222189201,395.44928765292696,399.449498439153,403.4495326737928,407.4495816767628,411.44941671592335,415.44952369051015,419.4492418398009,423.4492529731933,427.4486677172254,431.4487794295529
5.149518e-05 5.149518e-05 6.580277e-02 0.00 0.45531269806747615 -0.039925445024078327 0.15804679013016237 0.5647692899377309 334.85287309405095,338.84461548808935,342.83714000842633,346.8293223407433,350.82195159610205,354.8142795936525,358.8071713527404,362.79964404204003,366.79281756053695,370.78548450148605,374.7785793797232,378.7712462364657,382.76445513525886,386.7572298882739,390.7504659748151,394.7432755448385,398.73633693962205,402.7290921086633,406.72207714614717,410.7148848889725,414.70774373349485,418.7003137254758,422.6930493009263,426.6853491215148,430.6788080903399
2.574016e-08 2.574016e-08 2.046922e-01 0.00 0.45531269806747615 -0.0397827163256654 0.15804679013016237 0.5640259618391061 335.4543788893092,339.4533514560987,343.45300073810637,347.4523814186959,351.4523231757749,355.4518797704385,359.45186778203583,363.45145758450013,367.4517658106537,371.45169369379715,375.4520017571503,379.451972288525,383.45214992107736,387.4521326530564,391.45268018800874,395.4526104829204,399.45280107470427,403.4526713040121,407.45298878764436,411.45284720651114,415.4529779236396,419.452778069035,423.4526555649381,427.4522133797435,431.45230503057456
4.799480e-06 4.799480e-06 5.605501e-02 0.00 0.4540749835044379 -0.0397827163256654 0.15804679013016237 0.5647692899377309 335.2713215386311,339.26815715286574,343.2656376620193,347.26278202589475,351.26050518154517,355.2578248503621,359.25579772891405,363.25340219765417,367.2514434640609,371.24914951696036,375.2471809378071,379.245029835094,383.24314844537315,387.2410552938191,391.2390912773992,395.2369499722494,399.2350443031378,403.2328290643594,407.2308122326994,411.22845196432166,415.22651980072874,419.2239365548802,423.2217953013018,427.21912259338757,431.21686657545126
1.662854e-08 1.662854e-08 2.018050e-01 0.00 0.45531269806747615 -0.0397827163256654 0.1573945723358143 0.5647692899377309 335.4516855561664,339.45062593281375,343.4502413187375,347.44952604002214,351.4494166616566,355.4489308793768,359.44905942563815,363.44866707111896,367.44878391329223,371.4485959635984,375.44885255290194,379.44886299487234,383.44908334054196,387.44904254539347,391.4494222189201,395.44928765292696,399.449498439153,403.4495326737928,407.4495816767628,411.44941671592335,415.44952369051015,419.4492418398009,423.4492529731933,427.4486677172254,431.4487794295529
7.938520e-06 7.938520e-06 7.363441e-02 0.00 0.45697251852912596 -0.0397827163256654 0.15804679013016237 0.5647692899377309 331.6883400503283,335.69138621148323,339.6931974313841,343.69561808438834,347.6977734525176,351.7005475299758,355.70274553209543,359.7056774665623,363.7081849297346,367.71121189742456,371.7139377379121,375.71682866749575,379.71971450850214,383.72288108340786,387.7255117258032,391.72880142317194,395.7316490778023,399.7347159145449,403.7374848604501,407.74046524997925,411.74320568827744,415.74611386282936,419.7484998958034,423.7513773840909,427.75383546297047
8.800695e-06 8.800695e-06 6.433215e-02 0.00 0.45531269806747615 -0.03972280118582474 0.15804679013016237 0.5647692899377309 335.7038187427383,339.7058989815074,343.7083610330712,347.71073487210975,351.7136144045656,355.71604322734964,359.7191938986171,363.7217977397089,367.7250520460986,371.7278571439442,375.73114910896203,379.73415741135926,383.7374140412176,387.7402300529692,391.7436123983473,395.74659697027323,399.7498181161835,403.75277986239035,407.75601811519573,411.7589043810043,415.7619146175982,419.7646411498311,423.76751570282204,427.77000629654145,431.77281313104527
2.827627e-08 2.827627e-08 2.080337e-01 0.00 0.45531269806747615 -0.0397827163256654 0.15804679013016237 0.5632716628081653 335.4573363601506,339.4564006846364,343.4561996478972,347.45556437846477,351.4554795301952,355.45501866048943,359.45510882306155,363.4549113367355,367.45514917351824,371.4550310241976,375.45541213634135,379.4553040113831,383.4557409108952,387.4557539214098,391.45609896272197,395.4563652215342,399.4565913450929,403.45657952550164,407.456830408964,411.4567362330786,415.45686939886207,419.45655587321943,423.4567312143397,427.4562335491766,431.45626847048055
1.675703e-08 1.675703e-08 2.014642e-01 0.00 0.45531269806747615 -0.0397827163256654 0.15847465897674526 0.5647692899377309 335.4514288767121,339.45036151696735,343.44996935564734,347.4492461396615,351.44912903482015,355.4486350315307,359.4487555816879,363.4483547217402,367.4484630940201,371.4482662881858,375.44851398849465,379.44851527532376,383.44872627332194,387.448675772801,391.4490456758377,395.44890070680043,399.44910104919603,403.4491245217913,407.4491624352231,411.44898584881713,415.4490811042894,419.44878693644165,423.4487856035064,427.4481869892108,431.44828994063795
1.312598e-05 1.312598e-05 9.115909e-03 0.00 0.4532532663174259 -0.0397827163256654 0.15804679013016237 0.5647692899377309 335.15004293643847,339.1454113270189,343.14144668870176,347.13711041242846,351.133479960555,355.12938118240567,359.1258653992867,363.121935121129,367.1185678935654,371.11468176434204,375.1114790447632,379.10772762333926,383.1044956262895,387.10085137646706,391.0976923875283,395.09398282590405,399.0906609532811,403.086980370754,407.08356214349436,411.0797246765454,415.0762957439969,419.07239936339005,423.06878698460537,427.0648093132493,431.0609715659785
4.694490e-08 4.694490e-08 2.180750e-01 0.00 0.45531269806747615 -0.03977914214693374 0.15804679013016237 0.5647692899377309 335.4667480600342,339.46591859479224,343.4657573729708,347.4650836843087,351.46515276460934,355.46477775907044,359.46505267855656,363.464976436304,367.4652339745359,371.465267520494,375.4657144791294,379.46590819009896,383.4662782141432,387.4664022779394,391.4669393909453,395.4671554028042,399.4675646573327,403.4676043225326,407.4680483363639,411.46800896641565,415.4681819109844,419.46811077207315,423.4682501401948,427.4679382746377,431.46806722379216
3.909957e-08 3.909957e-08 1.953768e-01 0.00 0.45531269806747615 -0.0397827163256654 0.15804679013016237 0.5660478364397636 335.4458857817444,339.44469704918134,343.444254678017,347.443568154191,351.44325788848676,355.44256675142293,359.44256658777556,363.4421599949395,367.4423445904843,371.44205326931626,375.442191615643,379.4420148647181,383.4422662570095,387.44202704888,391.4423059282578,395.44213818723495,399.442280997575,403.44217672420325,407.4422569686911,411.44188978737986,415.4419362999436,419.44159187879836,423.4413928183485,427.4408192021354,431.44076815208416
1.797845e-08 1.797845e-08 2.002295e-01 0.00 0.45531269806747615 -0.0397827163256654 0.15680022284041692 0.5647692899377309 335.45025643522115,339.44915865233975,343.4487566604544,347.44802576778136,351.4478632667309,355.44736648988044,359.4474659296501,363.44706889470723,367.4471582395427,371.4469531210545,375.447180903502,379.44717470047334,383.44736118862517,387.44729585793135,391.4476682634066,395.44749599834626,399.4476930837938,403.44772594726066,407.44772819590185,411.44755870270063,415.4476436253473,419.4473184690171,423.44730174231864,427.4466848737614,431.44682556398243
1.915576e-06 1.915576e-06 9.866464e-02 0.00 0.4545197585418842 -0.0397827163256654 0.15804679013016237 0.5647692899377309 335.3356188648978,339.3332003479024,343.3314409815001,347.3293371115718,351.3279149744202,355.3260040999344,359.32461391493183,363.32298540500267,367.32173341039123,371.3202502961573,375.3190445067462,379.3176214860607,383.31646721304963,387.3151635939185,391.3139846863634,395.3125616885664,399.3114375809018,403.3100892982859,407.30877871645527,411.3072433873209,415.30596191541963,419.3043429183105,423.30286028590024,427.3009654894791,431.2996678408971
1.046299e-05 1.046299e-05 1.798457e-02 0.00 0.45531269806747615 -0.03984635642746773 0.15804679013016237 0.5647692899377309 335.1838673840647,339.1796563376798,343.1760641698778,347.1722204948373,351.1687940062446,355.16509204831766,359.16189770234314,363.15841773461256,367.15535479393105,371.1520889229017,375.14907426245946,379.1457600830202,383.14283087555265,387.13965280286567,391.136707749327,395.1334940095176,399.1305527894296,403.12726301164173,407.12434284294443,411.1209205618871,415.11767399331785,419.1142485045435,423.1108356829109,427.10726969705405,431.1043042759058
3.360828e-08 3.360828e-08 2.115980e-01 0.00 0.45531269806747615 -0.0397827163256654 0.15804679013016237 0.5627084375247952 335.4605791792554,339.45954466392095,343.4593421519089,347.4586870578416,351.45875634542404,355.4584003540916,359.45856916163757,363.45833134471343,367.4585770253484,371.4586277846019,375.4590513689622,379.4590474548555,383.4594803715697,387.4595650231357,391.4599775982952,395.4601144892922,399.460456740343,403.4605516559617,407.4608901217933,411.46077664738766,415.4610212294218,419.4609258956268,423.4608573948321,427.4606133679549,431.4606340609595
1.675703e-08 1.675703e-08 2.014642e-01 0.00 0.45531269806747615 -0.0397827163256654 0.1598732733208887 0.5647692899377309 335.4514288767121,339.45036151696735,343.44996935564734,347.4492461396615,351.44912903482015,355.4486350315307,359.4487555816879,363.4483547217402,367.4484630940201,371.4482662881858,375.44851398849465,379.44851527532376,383.44872627332194,387.448675772801,391.4490456758377,395.44890070680043,399.44910104919603,403.4491245217913,407.4491624352231,411.44898584881713,415.4490811042894,419.44878693644165,423.4487856035064,427.4481869892108,431.44828994063795
2.871548e-08 2.871548e-08 2.042281e-01 0.00 0.45532798030559524 -0.0397827163256654 0.15804679013016237 0.5647692899377309 335.45396595223576,339.45297054028083,343.45266460897284,347.4520685127947,351.45184681909575,355.45133232993805,359.45143598122684,363.4512183902109,367.4513996261002,371.4511671588609,375.45148833101683,379.45133088886865,383.4516980985739,387.45189721234726,391.4519937155429,395.4521377977797,399.4522312250247,403.45218006950387,407.4526355368085,411.4524179548129,415.4523319652514,419.4521126790455,423.45203687444905,427.4515466392653,431.4517226314813
9.518380e-05 9.518380e-05 2.389954e-01 0.00 0.45531269806747615 -0.03997761997053842 0.15804679013016237 0.5647692899377309 334.63570708418257,338.62501494549383,342.6149177209386,346.6044051633339,350.5945393478203,354.58429368273744,358.574693764733,362.5646486415173,366.5550230060554,370.54513985156046,374.53564658212065,378.5257998090953,382.51629423683306,386.5066128597494,390.49712502186617,394.48734310370213,398.4778593677406,402.46798070295296,406.45859572604166,410.4485918112885,414.4389157800121,418.4288419964397,422.41906007220285,426.40882086336075,430.3997394590723
5.289383e-08 5.289383e-08 2.168811e-01 0.00 0.45531269806747615 -0.0397827163256654 0.15804679013016237 0.5615318087862952 335.46526535709773,339.4644108465274,343.46416155816667,347.4636618838253,351.46368265941,355.4633313019794,359.4636148319752,363.4635588253062,367.4639045810133,371.46392025400286,375.46432465259386,379.464505746323,383.4648790031577,387.46501621140567,391.4655199187729,395.4657280730098,399.46626249341966,403.4663832300242,407.46673251571104,411.46674848392433,415.4670553439384,419.4670967643424,423.46713546038654,427.46689452284625,431.4670432196271
3.329141e-06 3.329141e-06 1.358547e-01 0.00 0.4563901843224576 -0.0397827163256654 0.15804679013016237 0.5647692899377309 331.6065406325115,335.60785585369734,339.6086643037067,343.6100967688729,347.6112012600634,351.61290248728795,355.6142990358467,359.6161097677688,363.6177729596091,367.6197419233603,371.6213903080192,375.62349681835997,379.6251785494307,383.627434629099,387.6292574331069,391.63137050582793,395.6331650915516,399.635359715729,403.63709159110886,407.639171881535,411.64079255171987,415.6428504899663,419.6442772337979,423.6459644562094,427.6473788519037
1.797845e-08 1.797845e-08 2.002295e-01 0.00 0.45531269806747615 -0.0397827163256654 0.1559324205202629 0.5647692899377309 335.45025643522115,339.44915865233975,343.4487566604544,347.44802576778136,351.4478632667309,355.44736648988044,359.4474659296501,363.44706889470723,367.4471582395427,371.4469531210545,375.447180903502,379.44717470047334,383.44736118862517,387.44729585793135,391.4476682634066,395.44749599834626,399.4476930837938,403.44772594726066,407.44772819590185,411.44755870270063,415.4476436253473,419.4473184690171,423.44730174231864,427.4466848737614,431.44682556398243
1.471067e-05 1.471067e-05 2.943451e-02 0.00 0.45756831756871813 -0.0397827163256654 0.15804679013016237 0.5647692899377309 331.774225248767,335.77764741202174,339.78050096391854,343.7839981314772,347.78713613797754,351.79074021096375,355.7940972431796,359.79805676131036,363.80155636415424,367.80559980627675,371.8093354512681,375.8135034354535,379.8171575925515,383.8213448850026,387.82523198081924,391.82939113064396,395.8331591825562,399.8373408101151,403.8410925130855,407.8451126136344,411.8489598426538,415.8528165959351,419.8563766132467,423.8600830070018,427.8635444525199
2.990966e-07 2.990966e-07 2.454889e-01 0.00 0.45531269806747615 -0.03977157085062474 0.15804679013016237 0.5647692899377309 335.498491503847,339.49818250426165,343.4983022872321,347.49804486014114,351.49862900391497,355.4985822657755,359.4991267812619,363.4994406291545,367.50008749387604,371.5005021207921,375.50145280327934,379.501816770262,383.50274563554626,387.503216132428,391.5041025326093,395.5044373773351,399.5053814690182,403.5057649063705,407.5065451678742,411.5070594509428,415.50758634140436,419.5078950397274,423.50843088658735,427.50852416340877,431.50903485087224
1.835768e-08 1.835768e-08 1.989915e-01 0.00 0.45531269806747615 -0.0397827163256654 0.15316920359902284 0.5647692899377309 335.44905885957985,339.4479633742563,343.4475363726183,347.4467894492617,351.44661821969953,355.44612432873623,359.44619731280386,363.44577449350834,367.4458504075684,371.44562598371965,375.44585106990405,379.44582239498584,383.44600599668837,387.4459123503526,391.44627343236033,395.4460870772387,399.44628402951236,403.44628242022685,407.4462866751726,411.44610378832306,415.44618032472795,419.44584975763513,423.4458259580582,427.44520363286625,431.44533810147504
2.669335e-08 2.669335e-08 2.034356e-01 0.00 0.45531269806747615 -0.0397827163256654 0.15804679013016237 0.5642056420576322 335.4532143285564,339.4522295638676,343.45181476353935,347.45114121133474,351.45100018058014,355.4504780880732,359.45061186041727,363.4502975457922,367.4505487454929,371.4503030812652,375.45069155413694,379.45060536692864,383.4508278783907,387.4508797665192,391.45111642636317,395.45115737620586,399.45144409238134,403.4514167014795,407.45154963720023,411.4513961311007,415.45154487571284,419.45128544020406,423.45122425979906,427.45070986603605,431.45064005682775
1.675703e-08 1.675703e-08 2.014642e-01 0.00 0.45531269806747615 -0.0397827163256654 0.1592473362982277 0.5647692899377309 335.4514288767121,339.45036151696735,343.44996935564734,347.4492461396615,351.44912903482015,355.4486350315307,359.4487555816879,363.4483547217402,367.4484630940201,371.4482662881858,375.44851398849465,379.44851527532376,383.44872627332194,387.448675772801,391.4490456758377,395.44890070680043,399.44910104919603,403.4491245217913,407.4491624352231,411.44898584881713,415.4490811042894,419.44878693644165,423.4487856035064,427.4481869892108,431.44828994063795
4.575151e-05 4.575151e-05 1.512110e-02 0.00 0.45531269806747615 -0.039647482300954155 0.15804679013016237 0.5647692899377309 336.0210168866689,340.0268153489908,344.03314561523626,348.03934485909843,352.0459040075712,356.05216419846073,360.0589988613732,364.06555747677106,368.0722270388311,372.0789997734528,376.0861662239608,380.09280965628824,384.0998739740424,388.1066589943902,392.11371558070476,396.1204221005118,400.1275121589475,404.1341620449737,408.141160549375,412.1476589511849,416.15471212352134,420.16109190596825,424.1677534928221,428.17414763880987
2.268296e-08 2.268296e-08 2.022620e-01 0.00 0.45531269806747615 -0.0397827163256654 0.15804679013016237 0.5645027612331056 335.4522076245523,339.4511586180382,343.4507976929082,347.4500128901043,351.44997766872916,355.4494480436403,359.4493587723039,363.4492052330846,367.44928392430836,371.44915359408986,375.4493978856695,379.44932819272134,383.449537675403,387.44959011719845,391.44991154068066,395.4499076019245,399.4501451236484,403.45001078437343,407.4502306389697,411.449949519834,415.4501896502481,419.4498320984746,423.44969800707355,427.4493917853339,431.449376450013
1.797845e-08 1.797845e-08 2.002295e-01 0.00 0.45531269806747615 -0.0397827163256654 0.15643217529979903 0.5647692899377309 335.45025643522115,339.44915865233975,343.4487566604544,347.44802576778136,351.4478632667309,355.44736648988044,359.4474659296501,363.44706889470723,367.4471582395427,371.4469531210545,375.447180903502,379.44717470047334,383.44736118862517,387.44729585793135,391.4476682634066,395.44749599834626,399.4476930837938,403.44772594726066,407.44772819590185,411.44755870270063,415.4476436253473,419.4473184690171,423.44730174231864,427.4466848737614,431.44682556398243
1.370372e-04 1.370372e-04 1.613221e-01 0.00 0.45531269806747615 -0.03954941136940907 0.15804679013016237 0.5647692899377309 336.43547202823163,340.4462248546128,344.45751726128736,348.4684711049242,352.4802178497884,356.4914038469623,360.5031549650697,364.5145273984744,368.52652024534024,372.53800985572025,376.54996906608096,380.56168174546144,384.5736869686191,388.585359151058,392.59742551926837,396.6090637589819,400.6210703975146,404.63270145585676,408.64469921017115,412.6561439524205,416.6680557933814,420.67947127007085,424.6910390516611,428.7022702021574
2.777835e-08 2.777835e-08 2.064278e-01 0.00 0.45531269806747615 -0.0397827163256654 0.15804679013016237 0.563653521789856 335.45595603609286,339.4550090824629,343.4546308019694,347.4539697267539,351.4539019435616,355.4534280254693,359.45353490899777,363.45336592398667,367.4534592370953,371.45342008382795,375.45374006890734,379.45370100484786,383.45398724325696,387.45413654691896,391.45440115961804,395.45448409277446,399.4547849376623,403.45477860096696,407.4550302446153,411.45491723708386,415.4550710009327,419.4547816851196,423.454725560722,427.4542200092025,431.45438089170625
1.662854e-08 1.662854e-08 2.018050e-01 0.00 0.45531269806747615 -0.0397827163256654 0.1575308371304774 0.5647692899377309 335.4516855561664,339.45062593281375,343.4502413187375,347.44952604002214,351.4494166616566,355.4489308793768,359.44905942563815,363.44866707111896,367.44878391329223,371.4485959635984,375.44885255290194,379.44886299487234,383.44908334054196,387.44904254539347,391.4494222189201,395.44928765292696,399.449498439153,403.4495326737928,407.4495816767628,411.44941671592335,415.44952369051015,419.4492418398009,423.4492529731933,427.4486677172254,431.4487794295529
8.879572e-06 8.879572e-06 6.369204e-02 0.00 0.45531269806747615 -0.03972257976806414 0.15804679013016237 0.5647692899377309 335.7048172657735,339.7069541575372,343.7095322276097,347.7119079140218,351.7147328949012,355.7173164054758,359.72031934365833,363.72307504564753,367.7261800600578,371.7291283599655,375.73231619079974,379.7353587535544,383.7386374189976,387.7416327786503,391.74494443119534,395.74782691820934,399.75114951867175,403.75402890440887,407.7573425949712,411.76010782980416,415.76319747920695,419.7658219506528,423.7688890579828,427.771391447634,431.7742819935421
2.527914e-08 2.527914e-08 2.022247e-01 0.00 0.45531269806747615 -0.0397827163256654 0.15804679013016237 0.5647095768348432 335.45213392451706,339.4510613977348,343.4506379678492,347.44992038950306,351.44983844112227,355.4494311063095,359.4493474810977,363.4491272303914,367.44923126094284,371.4490822568477,375.44947225036395,379.44930893470627,383.44956313126306,387.4494920642884,391.44986564846596,395.44976448550585,399.4501280777886,403.44999082956883,407.45013717960614,411.4499702279984,415.4501725563429,419.44983717055936,423.44974913956287,427.4492315382871,431.4492811678697
1.797845e-08 1.797845e-08 2.002295e-01 0.00 0.45531269806747615 -0.0397827163256654 0.157094667052995 0.5647692899377309 335.45025643522115,339.44915865233975,343.4487566604544,347.44802576778136,351.4478632667309,355.44736648988044,359.4474659296501,363.44706889470723,367.4471582395427,371.4469531210545,375.447180903502,379.44717470047334,383.44736118862517,387.44729585793135,391.4476682634066,395.44749599834626,399.4476930837938,403.44772594726066,407.44772819590185,411.44755870270063,415.4476436253473,419.4473184690171,423.44730174231864,427.4466848737614,431.44682556398243
4.612022e-05 4.612022e-05 5.017217e-02 0.00 0.45531269806747615 -0.039917794580540185 0.15804679013016237 0.5647692899377309 334.88444092673694,338.8767506450103,342.8695504663314,346.8620320068494,350.855145698456,354.84796382681793,358.84122077616803,362.8340031603539,366.82741104778586,370.82057434245695,374.81394670046654,378.80715691373047,382.80065185674584,386.79376590871357,390.78735130647397,394.78049722821163,398.7740440214489,402.767160318991,406.760543589658,410.7536610810233,414.7469102549883,418.7399374941723,422.73301041970484,426.7258681154318,430.71949592980326
2.974388e-08 2.974388e-08 1.985200e-01 0.00 0.45531269806747615 -0.0397827163256654 0.15804679013016237 0.5652566601047093 335.44872109348245,339.4476789963489,343.44729458177045,347.44645192068555,351.4463157700264,355.4457841661018,359.4457797749372,363.44541982174036,367.4454870431223,371.4452516118839,375.44553183646354,379.4453288045059,383.4456554922124,387.44555594824016,391.4457787189408,395.44569824338055,399.44594449906714,403.4458027996536,407.4459115051788,411.44558691144874,415.44568002761423,419.44538394466974,423.44513284154914,427.44467323141504,431.4447713368369
1.675703e-08 1.675703e-08 2.014642e-01 0.00 0.45531269806747615 -0.0397827163256654 0.15813986390128618 0.5647692899377309 335.4514288767121,339.45036151696735,343.44996935564734,347.4492461396615,351.44912903482015,355.4486350315307,359.4487555816879,363.4483547217402,367.4484630940201,371.4482662881858,375.44851398849465,379.44851527532376,383.44872627332194,387.448675772801,391.4490456758377,395.44890070680043,399.44910104919603,403.4491245217913,407.4491624352231,411.44898584881713,415.4490811042894,419.44878693644165,423.4487856035064,427.4481869892108,431.44828994063795
9.224925e-06 9.224925e-06 2.348498e-02 0.00 0.45531269806747615 -0.03984250746305871 0.15804679013016237 0.5647692899377309 335.20029390850453,339.19624568837054,343.19290464420646,347.18929783284284,351.18596895153564,355.1824988438557,359.17961056432466,363.1761924902118,367.17337520126085,371.17020343363623,375.16751763579236,379.16441330199825,383.1616861308212,387.15864974847767,391.15592436325096,395.15291788523905,399.15015114419896,403.14702210888845,407.1443871493229,411.14101053506016,415.13806582004236,419.13478528196504,423.13163438606995,427.1282753767428,431.125455613052
2.846413e-08 2.846413e-08 2.081613e-01 0.00 0.45531269806747615 -0.0397827163256654 0.15804679013016237 0.5632688346281207 335.4574841870263,339.4564983625266,343.4562113993411,347.4556282933761,351.4554856869161,355.45521181674354,359.4552389089475,363.4550359566146,367.4553237999174,371.455263152829,375.4554716233278,379.455375642095,383.4558300313505,387.45592360810366,391.4563146129828,395.456335771037,399.4566083969738,403.45655640439975,407.4569539336368,411.45702121935824,415.45701869143693,419.45683932507274,423.4569227012134,427.45643008581175,431.4565375569393
1.662854e-08 1.662854e-08 2.018050e-01 0.00 0.45531269806747615 -0.0397827163256654 0.15763230222035035 0.5647692899377309 335.4516855561664,339.45062593281375,343.4502413187375,347.44952604002214,351.4494166616566,355.4489308793768,359.44905942563815,363.44866707111896,367.44878391329223,371.4485959635984,375.44885255290194,379.44886299487234,383.44908334054196,387.44904254539347,391.4494222189201,395.44928765292696,399.449498439153,403.4495326737928,407.4495816767628,411.44941671592335,415.44952369051015,419.4492418398009,423.4492529731933,427.4486677172254,431.4487794295529
5.238227e-08 5.238227e-08 2.207411e-01 0.00 0.45531269806747615 -0.03977841678210332 0.15804679013016237 0.5647692899377309 335.4691520051925,339.46842853890485,343.46816448997924,347.46771896973695,351.4679108591398,355.46747283560853,359.46770230546525,363.46763827227255,367.4679864567648,371.4679458280959,375.46840850260065,379.46853737851933,383.46917921996953,387.46927443530825,391.46971798113645,395.46990723866276,399.47031816155373,403.47044381355425,407.4709083314755,411.4709831499099,415.4711528919927,419.47108738168873,423.47128142674745,427.47098254467653,431.47122394847315
4.711590e-08 4.711590e-08 1.926953e-01 0.00 0.45531269806747615 -0.0397827163256654 0.15804679013016237 0.5665595742613184 335.44338219938464,339.4421578913038,343.4417514676205,347.4408668679751,351.44061872207106,355.43998251536215,359.43995692194534,363.4394765198168,367.4394777024137,371.4392982882632,375.43937874350064,379.4391551887756,383.43934685464893,387.43916711649786,391.43930071655404,395.43909493549654,399.4393199302984,403.43909516075166,407.4390765236572,411.4386854193315,415.43860482747857,419.43825499903653,423.4379790589112,427.43747897925914,431.43744273240765
1.675703e-08 1.675703e-08 2.014642e-01 0.00 0.45531269806747615 -0.0397827163256654 0.15882247277726785 0.5647692899377309 335.4514288767121,339.45036151696735,343.44996935564734,347.4492461396615,351.44912903482015,355.4486350315307,359.4487555816879,363.4483547217402,367.4484630940201,371.4482662881858,375.44851398849465,379.44851527532376,383.44872627332194,387.448675772801,391.4490456758377,395.44890070680043,399.44910104919603,403.4491245217913,407.4491624352231,411.44898584881713,415.4490811042894,419.44878693644165,423.4487856035064,427.4481869892108,431.44828994063795
3.916030e-08 3.916030e-08 1.938176e-01 0.00 0.45531269806747615 -0.03978444721994895 0.15804679013016237 0.5647692899377309 335.4442264947557,339.44313027367895,343.4426471230231,347.44184256592587,351.4414977742168,355.44092209213954,359.44081219396065,363.44051346020467,367.4406057276586,371.44017420062124,375.4404054085229,379.4403012942751,383.440479303471,387.440282744865,391.4405250420952,395.4403231577485,399.44057352376717,403.4404163627367,407.4403738643943,411.4402161018784,415.4400868220134,419.4398399189105,423.43952835601203,427.4391103492671,431.4389870650266
3.295816e-08 3.295816e-08 1.965419e-01 0.00 0.45531269806747615 -0.0397827163256654 0.15804679013016237 0.5658507534097891 335.44679150522296,339.44578869582847,343.44527238462723,347.4444747794512,351.4443382436419,355.4437222087042,359.44380012789776,363.4434185850126,367.4434881968418,371.4432322285712,375.44348808524285,379.4432828763034,383.443432386139,387.4433587601349,391.44353569250336,395.4435499469929,399.44363616621814,403.44356214155925,407.443605702679,411.4432460229826,415.443341248883,419.4429665886679,423.44278749012454,427.44229949685933,431.4422321808546
1.662854e-08 1.662854e-08 2.018050e-01 0.00 0.45531269806747615 -0.0397827163256654 0.15788454454181333 0.5647692899377309 335.4516855561664,339.45062593281375,343.4502413187375,347.44952604002214,351.4494166616566,355.4489308793768,359.44905942563815,363.44866707111896,367.44878391329223,371.4485959635984,375.44885255290194,379.44886299487234,383.44908334054196,387.44904254539347,391.4494222189201,395.44928765292696,399.449498439153,403.4495326737928,407.4495816767628,411.44941671592335,415.44952369051015,419.4492418398009,423.4492529731933,427.4486677172254,431.4487794295529
1.936316e-05 1.936316e-05 1.396583e-02 0.00 0.45531269806747615 -0.03969465449542541 0.15804679013016237 0.5647692899377309 335.8225013197981,339.82584273775655,343.8299983950034,347.8336525547184,351.83792168704326,355.8418577533506,359.8463230564125,363.85043554251894,367.855056177636,371.8592196599283,375.86397873504774,379.86832058978894,383.8731183614611,387.87742765249993,391.8820973980889,395.88642137015756,399.8912142812301,403.8954298303367,407.90016117244437,411.9045323383524,415.9089486201025,419.91296270095904,423.9172661546603,427.9212485660195
2.695257e-08 2.695257e-08 2.012713e-01 0.00 0.45531269806747615 -0.0397827163256654 0.15804679013016237 0.5646104287579429 335.4511932287347,339.4501964282974,343.4497996657885,347.4491467223908,351.44899311628103,355.44842277132625,359.44846345061126,363.4481265886124,367.4483811661708,371.4482265680489,375.4483456979234,379.44830620039727,383.4485813269048,387.4485698832627,391.44878536062504,395.4488449499435,399.4489341420796,403.4489580785091,407.44913843005685,411.4489076749664,415.44903732861314,419.4485682816207,423.4483643955646,427.4480445085275,431.4481544087924
1.675703e-08 1.675703e-08 2.014642e-01 0.00 0.45531269806747615 -0.0397827163256654 0.1582703947762082 0.5647692899377309 335.4514288767121,339.45036151696735,343.44996935564734,347.4492461396615,351.44912903482015,355.4486350315307,359.4487555816879,363.4483547217402,367.4484630940201,371.4482662881858,375.44851398849465,379.44851527532376,383.44872627332194,387.448675772801,391.4490456758377,395.44890070680043,399.44910104919603,403.4491245217913,407.4491624352231,411.44898584881713,415.4490811042894,419.44878693644165,423.4487856035064,427.4481869892108,431.44828994063795
2.760588e-05 2.760588e-05 5.436869e-03 0.00 0.45531269806747615 -0.0398867416805181 0.15804679013016237 0.5647692899377309 335.0142766956255,339.0080345787967,343.0023958370231,346.9965000999249,350.991101146832,354.98535446916617,358.98020385815374,362.974573216314,366.9696165316061,370.9642093251075,374.95918934297384,378.9540220526303,382.94893448045735,386.94368177024944,390.93873808545436,394.93354193492274,398.9285348612403,402.92320583605726,406.91821692319763,410.9127604869025,414.90764984850205,418.9021774164557,422.8967251113626,426.89098817464173,430.8863300233794
2.360881e-08 2.360881e-08 2.048586e-01 0.00 0.45531269806747615 -0.0397827163256654 0.15804679013016237 0.5640092869882984 335.45453873502134,339.45358955683383,343.4531588729751,347.45250486285016,351.4523410648715,355.451950138425,359.45200188672226,363.45170389476954,367.4520103323646,371.4519022676467,375.45213939756485,379.45210337464283,383.4524355775588,387.45236473115403,391.45277615338136,395.4526968728742,399.4530228895984,403.45295326469346,407.4531196948684,411.45309573165315,415.4531858192088,419.45294510123125,423.45284734698095,427.4524212206146,431.4524443625145
1.797845e-08 1.797845e-08 2.002295e-01 0.00 0.45531269806747615 -0.0397827163256654 0.15713404744728451 0.5647692899377309 335.45025643522115,339.44915865233975,343.4487566604544,347.44802576778136,351.4478632667309,355.44736648988044,359.4474659296501,363.44706889470723,367.4471582395427,371.4469531210545,375.447180903502,379.44717470047334,383.44736118862517,387.44729585793135,391.4476682634066,395.44749599834626,399.4476930837938,403.44772594726066,407.44772819590185,411.44755870270063,415.4476436253473,419.4473184690171,423.44730174231864,427.4466848737614,431.44682556398243
2.279001e-06 2.279001e-06 1.582446e-01 0.00 0.45531269806747615 -0.03975179611894543 0.15804679013016237 0.5647692899377309 335.58137991345154,339.58184385087355,343.5830518606444,347.58381490973204,351.58531745092057,355.5862820455985,359.58807018555666,363.5891827441306,367.5908419737888,371.5922697706963,375.5940395596743,379.59552103688446,383.5973082673654,387.59884591896775,391.6006594798843,395.6023015220317,399.60401672473347,403.60539193038704,407.607156763979,411.60854037177387,415.6101547094333,419.6114606970193,423.61276509255094,427.6138080462049,431.6154055509271
2.458956e-08 2.458956e-08 2.049868e-01 0.00 0.45531269806747615 -0.0397827163256654 0.15804679013016237 0.5638341794333137 335.4546452692774,339.45361911476124,343.4534038141427,347.4526134689275,351.452435441459,355.4521516750388,359.45208610831304,363.4519803111917,367.45206134848155,371.4518895024743,375.4522166465008,379.4521221855052,383.4524515829444,387.4526269185258,391.4529537691949,395.4528047331089,399.4531479075066,403.45313209390724,407.4533553234719,411.4532638222095,415.45330969486116,419.4530795155531,423.45298706237253,427.4526248154529,431.4526848890673
1.797845e-08 1.797845e-08 2.002295e-01 0.00 0.45531269806747615 -0.0397827163256654 0.15551905884762604 0.5647692899377309 335.45025643522115,339.44915865233975,343.4487566604544,347.44802576778136,351.4478632667309,355.44736648988044,359.4474659296501,363.44706889470723,367.4471582395427,371.4469531210545,375.447180903502,379.44717470047334,383.44736118862517,387.44729585793135,391.4476682634066,395.44749599834626,399.4476930837938,403.44772594726066,407.44772819590185,411.44755870270063,415.4476436253473,419.4473184690171,423.44730174231864,427.4466848737614,431.44682556398243
2.553733e-08 2.553733e-08 2.001523e-01 0.00 0.45531269806747615 -0.039782985334371246 0.15804679013016237 0.5647692899377309 335.4503094109181,339.44918160644744,343.4487426770494,347.44785111446686,351.447832289404,355.4472858546842,359.447442747578,363.44693917813646,367.44708469350445,371.44694851134966,375.4471488000536,379.4470759881554,383.4474191230419,387.4473528157721,391.44761995677425,395.4475344730423,399.4477476948097,403.4476483510455,407.4478174595638,411.44760238864853,415.4476101469866,419.4473889608517,423.4470612498896,427.44679476722763,431.4468243394598
2.765537e-08 2.765537e-08 1.992757e-01 0.00 0.45531269806747615 -0.0397827163256654 0.15804679013016237 0.5650502859016335 335.44939407478364,339.44830942641926,343.4479101775437,347.4471958490253,351.4470998691784,355.44652711835244,359.44647383205927,363.44599746629564,367.44623686377133,371.4460524058507,375.44618578013615,379.44614835856845,383.44638655068474,387.4463325753581,391.44654187895696,395.4464586079048,399.44672507485916,403.4467499545838,407.4467975514393,411.44662944466154,415.44662681538654,419.4462817850413,423.44614160401943,427.4457084391596,431.44576420600316
3.031616e-05 3.031616e-05 9.739535e-04 0.00 0.45531269806747615 -0.039672743236565784 0.15804679013016237 0.5647692899377309 335.91488444087736,339.91941037072286,343.9245166729811,347.9294691576672,351.9348992496738,355.93972340090244,359.945423969477,363.95068845290433,367.95623211495825,371.9616957679794,375.9674191171889,379.9728467685789,383.9786689105396,387.98412174705595,391.9898975584605,395.99545518598217,400.00137604038883,404.0066934791078,408.01247169814536,412.01773037184364,416.02336176926275,420.0285716872028,424.03404502967885,428.03908023988885
3.090619e-08 3.090619e-08 2.093772e-01 0.00 0.45531269806747615 -0.0397827163256654 0.15804679013016237 0.5628858889115772 335.45861006438395,339.45776311415796,343.4574292771116,347.4567320613501,351.45676201660206,355.4562649104714,359.45649016448857,363.4561581357085,367.4564706122746,371.4564452383607,375.4568266729097,379.45681271615217,383.45711329826946,387.457203123165,391.4575972989844,395.4576195757188,399.45787829726225,403.4581383918308,407.45846446165416,411.45835533820576,415.45842111705707,419.4582238063656,423.4581651286333,427.45787623148647,431.45799053275044
8.179772e-05 8.179772e-05 1.193286e-01 0.00 0.45531269806747615 -0.039602188745636056 0.15804679013016237 0.5647692899377309 336.212473386447,340.22059489414465,344.22926065513593,348.23765649459347,352.24649711098994,356.25513581054776,360.264211609887,364.2728994351548,368.28217270235825,372.2910577639559,376.3003528320097,380.30933251048174,384.3187625837742,388.3278189945365,392.3371382603523,396.34614645038204,400.3554421707225,404.3644722343104,408.3737074680928,412.38257796643774,416.39169456582863,420.4005967489695,424.40944506918316,428.4180980423616
2.361854e-08 2.361854e-08 2.034912e-01 0.00 0.45531269806747615 -0.0397827163256654 0.15804679013016237 0.564123585694693 335.45326562682226,339.4522721199435,343.4519214820392,347.4512357879669,351.4510811747665,355.45057752657004,359.4506756262259,363.45041300382627,367.4504783429177,371.4504486752027,375.45070237606217,379.4506508442989,383.4509039173462,387.4508984404609,391.4513075406811,395.4512951315911,399.45151957774544,403.4514007188219,407.45166842050656,411.4514362025657,415.4515181885915,419.45127621119593,423.4512754340917,427.45073913847233,431.4508698031543
2.960856e-06 2.960856e-06 8.055445e-02 0.00 0.45531269806747615 -0.03981583466420154 0.15804679013016237 0.5647692899377309 335.3109055823622,339.30892388084703,343.30689479333887,347.30444356586776,351.3026237552449,355.30045215178006,359.2988478632948,363.29685811814414,367.29536207259173,371.293448455927,375.2919235389508,379.29025739064684,383.28887399089143,387.28712485991815,391.2858120802038,395.28407463306485,399.2826573865326,403.2809070633948,407.27937525913757,411.2775408741457,415.2757916961658,419.273943226321,423.2720778715956,427.2700023646969,431.26843544315636
2.087918e-08 2.087918e-08 2.045822e-01 0.00 0.45531269806747615 -0.0397827163256654 0.15804679013016237 0.5641381559509222 335.4542697064308,339.4532218887141,343.45289501225574,347.4523018488488,351.452095472871,355.451691011842,359.4517331702027,363.45147141705183,367.45164856501873,371.451509712774,375.4517728464104,379.4518292074808,383.45210588984514,387.45212044185865,391.45248725296995,395.45247288900003,399.4527169638597,403.45258870125747,407.4527370473214,411.45269927520263,415.45284277212687,419.4525723862291,423.45263804886906,427.45219169246093,431.4521913982438
2.149690e-05 2.149690e-05 7.337767e-04 0.00 0.45531269806747615 -0.03987460092501968 0.15804679013016237 0.5647692899377309 335.0657757933248,339.06013286557226,343.05517051624054,347.0498058197844,351.0450185539157,355.0399687326922,359.03527896427454,363.03043938186215,367.0260721467905,371.0213009463704,375.0168953194641,379.01222737377896,383.00791557455807,387.0032366236151,390.99886684056105,394.99426589240386,398.98985049097655,402.98525955326204,406.98079614025113,410.9760692241628,414.97144502912073,418.96659094931533,422.9618826996883,426.95677572473755,430.952551464545
3.494082e-08 3.494082e-08 2.124297e-01 0.00 0.45531269806747615 -0.0397827163256654 0.15804679013016237 0.5622490279069943 335.4612912739602,339.46028538030527,343.4602545723776,347.4595056090502,351.459626059883,355.4591921168116,359.4593295316164,363.45918984001224,367.4594985284225,371.45943698057937,375.4597836200238,379.45994339652685,383.46030766041565,387.4604814671461,391.4608831116971,395.4609432414507,399.46137750304854,403.4614040304546,407.46177878780776,411.46174764685776,415.461932284311,419.4619048883513,423.4618970243458,427.461591464121,431.4617554283441
2.958344e-08 2.958344e-08 1.974355e-01 0.00 0.45531269806747615 -0.0397827163256654 0.15804679013016237 0.5656055216543704 335.44764476316396,339.4466147450637,343.4462683051272,347.4454528708462,351.4452087370135,355.4447155628219,359.44462113705356,363.4443762807949,367.4444688401443,371.4442149419421,375.44441311543983,379.444229468527,383.444356157421,387.44440072866655,391.4445987829849,395.44449530351835,399.444644980183,403.4444798883754,407.4446814870843,411.44436811599417,415.444417633407,419.4439113056617,423.44385232620004,427.4433848400329,431.4434114990702
2.482715e-08 2.482715e-08 2.068606e-01 0.00 0.45531269806747615 -0.0397827163256654 0.15804679013016237 0.5634255362241899 335.45629242536677,339.45537889330575,343.4550128149662,347.4544683373589,351.45425045240046,355.4537960780874,359.45397948495355,363.45367288430407,367.4539816122211,371.45380820432024,375.45417400543624,379.4542421928102,383.4545195314037,387.4545508213249,391.45487372708124,395.4548311261601,399.45522855370035,403.4552444587716,407.45551062934,411.4554401440003,415.45551016420256,419.4552952655909,423.45521854321214,427.4549800923567,431.45485226706785
3.150924e-08 3.150924e-08 1.996784e-01 0.00 0.45531269806747615 -0.0397827163256654 0.15804679013016237 0.5649181994905128 335.44978957664614,339.4487442599831,343.44838839519224,347.44768361780393,351.4474563714122,355.44687752852326,359.44679781792894,363.4464954822137,367.44669070742026,371.44655706095693,375.4466937241727,379.4466254708544,383.4468929227802,387.4467511981576,391.44706439269663,395.4469749523499,399.44728678598193,403.44715528994436,407.44718877149427,411.44703737847414,415.44703171431746,419.44687290341307,423.4465159227211,427.44608412038025,431.4461312090462
