2.260101e-01 1.038279e-04 2.254909e-01 2779.76 0.4341601994226364 -0.03923124172586958 0.15940744702230703 0.5654052480875508 342.5892996542252,346.5789342265575,350.5690591679091,354.55877445055995,358.54905656983817,362.5389045850166,366.52918019957565,370.519150329898,374.5096562666636,378.49960390514667,382.4899415451304,386.4799453881811,390.47031284522865,394.4602841407485,398.45044861435775,402.44026176361695,406.43036807491046,410.42011227874553,414.4101067340676,418.39966638902274,422.3894041701385,426.37873828898176,430.3680900436119,434.35712868063615,438.3465144850139
1.451623e-01 5.462092e-04 1.424312e-01 2782.49 0.46376273802468243 -0.03962654157183974 0.15308004254364907 0.5565531463287191 333.3924449846867,337.4152865249528,341.4376627761662,345.46090024409125,349.4835322057241,353.5068182253716,357.5297915490502,361.55321736017055,365.5763206378648,369.59987957118426,373.6231000877847,377.6467356441342,381.6699335789412,385.69369746545897,389.71697185798564,393.7406546137369,397.7639745214288,401.78751597103155,405.8108289865318,409.8342860194862,413.8573681125963,417.8808358474445,421.9038474241699,425.9269691090491
2.140855e-02 2.463280e-04 2.017691e-02 2777.96 0.42624541585209863 -0.03904866554326357 0.16725324767857086 0.5577536663478533 346.08535692205686,350.06994670387843,354.0541073024485,358.0387881217684,362.0231266005096,366.0080220294471,369.9923716869019,373.97716522160096,377.9617261421765,381.94659769395156,385.9310785450321,389.9158228258991,393.9002777331032,397.88503061878515,401.8694660373398,405.85389725909334,409.8381779363686,413.82267448126646,417.80679432041114,421.7910082152051,425.774760601505,429.75878262656016,433.74244979902426,437.7263782266287,441.70857589457654,445.6978617720225
5.594507e-02 1.979562e-04 5.495529e-02 2778.11 0.4604694494698753 -0.039696815547353 0.16400960636504439 0.5581866845806953 332.6218707266861,336.6353327272579,340.64859321951184,344.6622625147845,348.67586093696303,352.68978061131907,356.70342245895654,360.71766015413397,364.7315096481428,368.7457988596092,372.7597051622182,376.7740689586505,380.78802448234944,384.802431286707,388.81651179305544,392.8309604488829,396.8448681246975,400.85928549281994,404.8731727239307,408.88743041755464,412.901245227921,416.915439477643,420.9291327989086,424.942892268436,428.956668700056
4.895686e-02 6.456147e-04 4.572878e-02 2777.78 0.45195046405200345 -0.039182481751989455 0.16563161082815578 0.5586528050415692 337.5859614663455,341.61071532927195,345.6358899040016,349.6608499644638,353.6862231840819,357.7114012103188,361.7369396811842,365.762190737852,369.78795038724866,373.81323364653645,377.8391048827978,381.86446963267093,385.89023642904993,389.91565671940793,393.941380072549,397.96685012402037,401.99244170770237,406.01789144774926,410.0434249578947,414.06872053291977,418.0941337641681,422.11917296230587,426.1445186973894,430.16932900479577,434.19428022707507
2.177177e-03 2.575653e-05 2.048395e-03 2774.59 0.4340118907747356 -0.03912323181104557 0.15935171160407974 0.5668951782271536 343.03036930479124,347.0251772993805,351.0203749858645,355.01524741351574,359.01061313241485,363.0055703242705,367.0009778744448,370.99619491480144,374.9916352692003,378.9867682844776,382.9822358572509,386.9772913076681,390.97279314434934,394.9679825162135,398.9632630370511,402.95822732954986,406.95334879327385,410.9482996043145,414.94332404881095,418.93807596046395,422.9328319613657,426.9272719655012,430.92177239045543,434.9159979240019,438.9103455040301
1.888442e-01 1.137705e-06 1.888385e-01 2778.20 0.4398017781503355 -0.039224271960865816 0.15825082497194315 0.5619173134921519 339.5504445558743,343.5517537693527,347.55252456749275,351.5537457649427,355.55466663993406,359.55610657982396,363.5571666505368,367.5586733327662,371.5598865276533,375.5615067051252,379.56270874621646,383.56424507720254,387.56541266214543,391.56689753829005,395.56810590807237,399.56960280152816,403.5707089535779,407.5721019545858,411.5731102078724,415.5741369226537,419.5749984808134,423.5758021772587,427.57647900157184,431.5771610211887,435.5775824470693,439.5784401649375
8.546031e+00 1.868183e-01 7.611939e+00 2783.84 0.45573351496575454 -0.03927938490289916 0.16190900802831915 0.5591917696356982 338.2572087462988,342.9869495894459,347.6808519744838,352.1465926470118,356.2505759167946,360.3278055586691,364.7622091701758,369.44280588522327,374.176840404013,378.78980649157626,383.08348560186374,387.10260388740863,391.336748618968,395.9134587094071,400.6409555516742,405.3417279695433,409.82904329603565,413.9518596991846,418.01521954496263,422.4264250515769,427.09831054827055,431.83366105955713
2.215681e-01 4.314550e-07 2.215659e-01 2774.43 0.4451972807846721 -0.03942285661290431 0.15754146270547606 0.5653979237105775 339.52035311149996,343.52088660007735,347.5212024380595,351.5220411762521,355.5224737992039,359.5234663862796,363.52418799342644,367.52525519462733,371.52606378483796,375.52706051186084,379.5278477463489,383.5289952206226,387.5297020182247,391.53077371145685,395.5315512725583,399.53256616041216,403.53321769517964,407.5341511391404,411.5346611989807,415.5353723018819,419.53576107514914,423.53625303126506,427.53637514941875,431.53659119148244,435.5363153214365
1.638122e-01 1.031423e-03 1.586550e-01 2780.42 0.43101897296216624 -0.039542898435753364 0.15808435928532494 0.5672687527709899 340.71624148398143,344.68419942541436,348.65251199777975,352.6204798709246,356.5887920261804,360.5569721047374,364.5255018275435,368.4936519877035,372.4621150434312,376.43040429836367,380.3989333956178,384.3672123384057,388.3356586592768,392.30366756374934,396.2720781334897,400.24019398374264,404.208618918299,408.17646164054526,412.14450045491884,416.11221117199807,420.0800222445652,424.0475797205272,428.01518580147945,431.9823213493166,435.94975298595523,439.9155266528438
8.235643e-02 5.194793e-04 7.975904e-02 2783.05 0.4323279517136546 -0.03941380165897032 0.16341424383108388 0.5623258848097894 341.5080414394934,345.4848838399467,349.4623996428641,353.4396352204363,357.41727295451363,361.39461849436816,365.37250773855527,369.3499019941796,373.32758483097297,377.3050468500951,381.2829479762153,385.2605000399649,389.2382614867796,393.2155909910894,397.1933901676009,401.17062614253234,405.14826824239526,409.1255043248793,413.1029548404727,417.07993250136303,421.0571080790479,425.03399710248846,429.0109375522164,432.9875165223681,436.96421634956175,440.9396092686877
2.076191e-01 1.100326e-04 2.070690e-01 2765.98 0.444529654047123 -0.03961898656242271 0.16047207700132324 0.5657013153217031 338.5737724240706,342.56320309859433,346.55235045173515,350.5419235660962,354.5313023585605,358.52112188096817,362.510522934087,366.5004831958161,370.4899989102046,374.4800793847031,378.4696634113775,382.4596200236328,386.4492713438181,390.4391744905068,394.4287613553668,398.4185782270162,402.4080447809514,406.39776507607644,410.3871538743016,414.3768178214597,418.36600953924227,422.35534239410833,426.34432432971346,430.3335045424178,434.3221595820375
6.777276e-02 6.859166e-05 6.742980e-02 2778.11 0.45590729388899903 -0.03964615192162588 0.16122173869445028 0.566620071404433 336.1591082899589,340.16658090244067,344.1745911097232,348.1823174492435,352.1906111289601,356.1985885278853,360.2070132665289,364.21514091443487,368.2236978672401,372.2319134947497,376.2405274560849,380.24888267153887,384.2575177720332,388.26579990924165,392.2743971014504,396.2826751057996,400.2911885749577,404.299574172313,408.3078039279712,412.3158274596895,416.3241144296202,420.33199766599284,424.3400624703843,428.3476972858379
1.594870e-01 7.626903e-05 1.591057e-01 2775.46 0.44147910245886174 -0.039484610194487985 0.1627430111888807 0.558061064108892 338.71026386680114,342.7012762518184,346.6921640927673,350.68361569667184,354.6746211241725,358.66613844643007,362.6572850238173,366.6488292623624,370.64013051408807,374.6319895336545,378.6233277892176,382.6149892140735,386.6062944347702,390.59800721924887,394.5892259219008,398.5809250720898,402.572136515172,406.56359936356625,410.5548500581465,414.5461642736386,418.5371322751126,422.5282638514707,426.51904533106966,430.50997027366793,434.5003928235421
1.500324e-01 1.843170e-03 1.408165e-01 2780.55 0.42658358023197923 -0.03960145819124462 0.1625763010063798 0.5587171413404791 343.72177850718026,347.6791805247143,351.636070194585,355.59348728816855,359.55069236041925,363.5083369786635,367.46554108847874,371.42301796862847,375.38035208866125,379.3380259934403,383.2953017365495,387.25271175095327,391.20997662482563,395.1675161346879,399.1247037460052,403.0819692621576,407.0389307483104,410.9961910291311,414.95311803048355,418.9100320864108,422.8666248547798,426.82337650172815,430.7798000014708,434.7364087040118,438.6914011809267,442.65341726116105
5.616894e-02 3.269466e-04 5.453420e-02 2775.42 0.45302972929045243 -0.03935979044059793 0.15441479995336835 0.562923981469951 336.9772919542553,340.9946778462016,345.0126281839567,349.0300932545573,353.0482366202595,357.06612021815243,361.08437044768544,365.1022579932999,369.1206839145065,373.13871837260575,377.15714106854847,381.1752693759205,385.1937252175489,389.21185390819227,393.2302128492644,397.24832240459676,401.26670229949076,405.28472646783223,409.30296004509523,413.32085176088196,417.33899670784893,421.3566577403462,425.37459493528104,429.3920540838419,433.40999698385383
2.363036e-03 1.927115e-05 2.266680e-03 2783.14 0.4458682230963892 -0.03955187493378099 0.156715780903498 0.561925600795633 339.08792331783303,343.0835817958383,347.07880726631817,351.0744041261763,355.0699102356517,359.0658013525719,363.06131034131135,367.0573042668195,371.0529298105816,375.04894781500917,379.0447229269657,383.04081914411165,387.036537607856,391.032649926478,395.0282071220621,399.0241315504078,403.019693731806,407.01550550290386,411.01096261356275,415.00661208857406,419.0019774624104,422.99745139179583,426.9925228981608,430.9878782962183,434.98280019322783
2.355085e-02 1.917520e-04 2.259209e-02 2766.36 0.4395956197815648 -0.039513445350031214 0.16379456297104858 0.5596868181754352 338.281102120617,342.26739908223993,346.25313223403634,350.23952371535734,354.2254326959015,358.2119286704707,362.19808172972364,366.18474560188724,370.1710268848165,374.1575827955628,378.14387616055035,382.1304515286158,386.116772799175,390.1033920825423,394.0897019394132,398.07620222619425,402.0623339899757,406.04880351613417,410.034861986562,414.02101994653873,418.00704468629874,421.99303635386184,425.9788562639381,429.9645842297483,433.95008316478186,437.93573528521523
1.635223e-01 1.184497e-04 1.629300e-01 2783.14 0.43836819810600636 -0.039412466215162464 0.16170329987070373 0.5577965216515947 338.5295163668984,342.51932292425306,346.5081354934016,350.49738662076135,354.48622084656176,358.4756382497346,362.4648451229593,366.4543798480999,370.4436386458784,374.4332642134645,378.42246316107116,382.4121105409564,386.40136303846117,390.39082311276013,394.38015753452333,398.36965661429366,402.35881892410396,406.34829079825175,410.3372384579865,414.3263570361613,418.3152567143809,422.30424982606155,426.29300600823217,430.28175456192423,434.270117685102,438.25888377764386
6.015125e-02 3.397299e-04 5.845260e-02 2775.18 0.45639402241388755 -0.03947449374713421 0.1568046586517288 0.5579929318113583 332.9816280347114,337.00053915458636,341.01813933148475,345.03626517578977,349.05418725032314,353.0725582428737,357.0907293596765,361.1092596682482,365.1274630881983,369.1461271078276,373.1644397213164,377.1833044448334,381.20164120555586,385.2204339404666,389.238779290998,393.2576338269099,397.2760285759286,401.2946657720538,405.3130132680161,409.33151989396185,413.3497946643253,417.3682943444324,421.3862304286502,425.40449565422267,429.4223630455453
1.328580e-03 2.247075e-05 1.216226e-03 2769.67 0.44314821946927596 -0.03946905828982264 0.16403521950241615 0.5558394478858735 339.046935440171,343.04228777540135,347.03701828972027,351.03248518595245,355.0274501795192,359.0228535280174,363.0180525860478,367.01365119669185,371.00890895758005,375.0046100319104,378.99986991539936,382.99565322509756,386.99105498063733,390.9866730533585,394.9820261320578,398.97754582642574,402.9727317727238,406.9681659205669,410.9633389270916,414.9587148877643,418.9537184081533,422.94887962330637,426.94356894266934,430.9386074121877,434.9330513770316
1.222060e-01 7.734735e-04 1.183386e-01 2780.24 0.4335616906917203 -0.03956718842199479 0.16106112635034986 0.55838623833366 341.0706632459293,345.04258882352195,349.01504867689187,352.987229192163,356.95983005318806,360.93217185159,364.9049119217403,368.8771558830671,372.84989971917173,376.8223160233897,380.79511305959363,384.76753063755655,388.74027038767895,392.7125782318422,396.68527769940056,400.6575339343531,404.6301886042033,408.6023289234723,412.5746944147607,416.5465385554842,420.5187786634633,424.49056984267054,428.4625432578024,432.43404129048076,436.4057646867747,440.3771495400802
4.605859e-02 2.846845e-04 4.463517e-02 2773.38 0.44174692965535545 -0.039648688655433396 0.16021102451190256 0.5633306877093487 338.0280989403352,342.01131241136216,345.9939994191595,349.97741160376216,353.96030697632506,357.94365991935706,361.9267206383192,365.91025714894795,369.8934715028252,373.8770884756114,377.86031707315067,381.8439825124151,385.82727160302784,389.8106675826213,393.7939999547604,397.7773335869808,401.76043583096134,405.7438428831039,409.7268235599227,413.71010679015666,417.6929163573715,421.6758502873382,425.65841340753553,429.641159625638,433.6235117992671
1.142962e-01 5.417873e-04 1.115873e-01 2780.55 0.44604967257400213 -0.039019958842802294 0.15579171489933044 0.5581532490270736 341.43141507993664,345.4545989015974,349.47750555181966,353.5009056309644,357.5240838156151,361.547603224182,365.5707834730784,369.59441767147547,373.6177237341289,377.64145390634866,381.66479207686945,385.6885124962884,389.71181569141504,393.73557266629274,397.7589042534501,401.78255016976004,405.80588755376385,409.82939744202577,413.8524906195655,417.8759114682477,421.8988010679799,425.9219080858023,429.9446983325296,433.967554112747,437.99013644407665
5.030311e-03 3.781828e-05 4.841220e-03 2774.11 0.4503634062798132 -0.039496605070838145 0.15760306699039076 0.5664242339239564 335.9802623156783,339.9854161274648,343.99146807139874,347.9970984770591,352.0034220055036,356.0092160008915,360.0156943751031,364.0216239960848,368.028068364603,372.0343169321355,376.0407874333963,380.0470226596062,384.0535193482146,388.0597235323982,392.06627731738234,396.07248093672297,400.07887782941435,404.084916943879,408.0912357313897,412.0972094937664,416.10340500639165,420.1091770324022,424.11509367103764,428.1207295545476,432.1264049118104
2.244127e-01 3.938184e-08 2.244125e-01 2780.55 0.43843967649504645 -0.03919774196096932 0.15921588962416605 0.5572623942263079 339.4695615142338,343.47007604747097,347.4699626292871,351.4704390260407,355.47036205973535,359.4708489341568,363.4710396885931,367.47162286155464,371.4719541805061,375.4727088643181,379.4729735932037,383.4737732669034,387.47402745459533,391.4746335156889,395.4749108387286,399.4755588994179,403.47574824323107,407.4762287679395,411.47633966643855,415.4766616798606,419.47642811530005,423.4766064204216,427.47633608759975,431.4762718119741,435.47581381630863,439.4757138858155
1.414837e-01 4.789808e-04 1.390888e-01 2780.49 0.43883648892479643 -0.03963851586272212 0.15960741770524586 0.5649641217396931 337.6068487102679,341.58528533334277,345.56316867574355,349.5415887256488,353.51954353445876,357.4980199986852,361.4761194425551,365.4547255128594,369.4330104283154,373.4115911569942,377.38992359632715,381.3686222547074,385.3468823562622,389.3253750459852,393.3035907869006,397.2820877010335,401.26038110878125,405.23867462783545,409.2168335536967,413.19496612946483,417.17273314070184,421.15072550655094,425.1284517097043,429.1061892044106,433.083247895022,437.06142608721655
2.575335e-02 1.592480e-05 2.567373e-02 2780.52 0.4488672021366806 -0.03949144343046736 0.15496310426954787 0.5636559175831874 335.79481224016456,339.7982618245541,343.80218430692224,347.8056725382602,351.80981059948266,355.8133462962793,359.81772355861904,363.8214876484539,367.82584468310216,371.82989581764804,375.8341617002558,379.83826046793496,383.84268245832754,387.84672342373915,391.8510725413666,395.8551352747905,399.8594237043421,403.86337489699565,407.8675059496685,411.8712800290421,415.87525556765905,419.8789380852981,423.8827152139477,427.88599028665476,431.8896015062232
2.813633e-02 4.202314e-05 2.792621e-02 2772.91 0.4484188233095974 -0.03968228740560643 0.15700294285924069 0.5641705755931006 334.9175047198298,338.91034702610216,342.90375342530604,346.89678669125794,350.8903825885115,354.88373041319784,358.87747740550145,362.87098098951185,366.86486932211875,370.85826797441337,374.8522877147339,378.8458351951931,382.8397522250992,386.83331009833677,390.8271122940508,394.82073476995384,398.81452032669233,402.80798517247337,406.8015851220654,410.79491632750313,414.7884361192435,418.7816603499166,422.7749669526592,426.7678682844191,430.76099836649036
1.440660e-01 1.272525e-04 1.434297e-01 2772.53 0.44143284910994873 -0.03952377410016127 0.15997280055330754 0.564666723757072 338.5043797937505,342.49294076015053,346.4813826156992,350.47020391009113,354.4587902746301,358.4477581476082,362.43640860242135,366.42560401034245,370.41448648538125,374.4036448164174,378.392480546392,382.38165432615006,386.3704872188476,390.3595966820634,394.34841270376825,398.33745578320514,402.32617172121735,406.3151682995602,410.30380688525315,414.29251378673837,418.2809563942344,422.26940640376154,426.2576391513559,430.2459439537612,434.23395159293653
8.996725e+00 1.914416e-01 8.039517e+00 2779.46 0.44897711967966075 -0.03931118827255664 0.16233522274407297 0.562340351329296 337.3693356981778,342.0923084229189,346.71076288265755,351.01985872868073,355.03122167596706,359.22551270091844,363.7735687300666,368.48429148950305,373.17825217949724,377.66569369055014,381.7881193973649,385.829836059594,390.2178175911857,394.8728457839572,399.59673911880674,404.21425540352647,408.5238635299183,412.534716161695,416.7305726940102,421.2784120982703,425.98990015632796,430.6835431571738,435.1723712640737
9.938583e+00 1.949687e-01 8.963739e+00 2777.78 0.45798383019420064 -0.039135371202486724 0.15889011961533867 0.567613775465086 334.4904843684799,339.0674564680549,343.80251999421165,348.51987952322486,353.031846358878,357.18092137403454,361.2432058596171,365.64771994968936,370.32202671208114,375.06978379457365,379.71821679976466,384.0683927789901,388.1079245546274,392.30750961906426,396.86255202782183,401.5929709215746,406.31751993234343,410.854814262325,415.03096512412446,419.08019975091,423.45400590555624,428.11506149903994,432.86302629642637
4.193595e-02 3.182596e-04 4.034465e-02 2778.11 0.456069335714616 -0.039463836278941816 0.16165944071313595 0.5656506094559562 332.94174521358775,336.9590595349534,340.9762362147133,344.9937440936527,349.0110865271242,353.0288400091605,357.04644867526406,361.06441944023396,365.0821005927133,369.10019699959844,373.1180382123536,377.1361407972867,381.1540068272629,385.17209265483683,389.1900467118418,393.20815250159114,397.22593965223183,401.2440700455719,405.26184730927315,409.27979274759934,413.29735695158564,417.31520954797236,421.3326063764693,425.35028938048947,429.3675314104177
6.298468e-02 3.325923e-04 6.132172e-02 2774.21 0.45310747781758853 -0.03935713451735652 0.15809410199982726 0.5637984750570477 336.99165473920135,341.0090169673243,345.02710921182,349.0449076034858,353.0630967505029,357.0810597238517,361.09951610904,365.1176247146854,369.1362181628163,373.1542906783789,377.1729099041257,381.19118896773864,385.2098318616015,389.2280605226026,393.2466775747265,397.26486675660897,401.28348331050313,405.30165555266154,409.32002136355356,413.33799768579496,417.35628172710824,421.3742426802746,425.3922126010564,429.4099188282698,433.42792389025266
6.264809e-03 1.557411e-05 6.186939e-03 2773.42 0.43809199374993896 -0.03926192485116059 0.1639901785583324 0.5598378129324878 339.12023286131597,343.11728894705647,347.11297295358236,351.1091759752073,355.10509929342606,359.10141599763995,363.09756525574676,367.0940694850084,371.09017382181383,375.0866652278635,379.0828716734211,383.07938403748767,387.07560820920173,391.07214173102096,395.0683373448568,399.0647719319001,403.0608726152232,407.0572309158798,411.0531566179258,415.04924501974614,419.0451289803321,423.0411293671334,427.0367570140404,431.0324036960941,435.027778104096,439.0231458705817
1.531164e-01 1.259935e-04 1.524864e-01 2772.77 0.44776404145555354 -0.039751518301243724 0.15865675754873573 0.5650796080063742 334.5211788803493,338.5099619554974,342.4986442270733,346.48704009779476,350.47586846952714,354.4644645042849,358.45349802692067,362.44215197260223,366.4313489789688,370.4201192242846,374.40918717128415,378.3981090908859,382.3873081563594,386.3760512773751,390.36531847716094,394.3542465247858,398.34332785138264,402.33199090860285,406.3209897323399,410.3095149627143,414.2983137929349,418.286750161979,422.27530443188715,426.2635754463808,430.2518997935332,434.2409334928419
1.441017e-01 1.493376e-04 1.433550e-01 2780.24 0.4547825792242154 -0.03953689119065353 0.15117879891601116 0.5620804742231645 336.4860196201019,340.4974754597701,344.5095111950807,348.52132447150416,352.53351689395294,356.5454535865512,360.55790305910887,364.56991033660296,368.5824513587637,372.5945916337145,376.60706638882004,380.61933258777293,384.63195400881455,388.6442323485617,392.65667475193203,396.6689625950755,400.6814198353725,404.69365702603534,408.7059482036531,412.71797605703205,416.73009509543544,420.74204057159255,424.7539885265724,428.7656200443067,432.778347780378
1.786351e-01 4.129414e-04 1.765703e-01 2769.12 0.4574713612972909 -0.03946184460516145 0.15349302759079755 0.5669797469820375 333.15124664596294,337.17120614537964,341.1906813940609,345.2108518645402,349.23063509199056,353.2510615977881,357.2710281545269,361.2915618274379,365.3116225269835,369.33218234337437,373.3526079729845,377.37326467025275,381.3935813249068,385.4141433644121,389.434607058181,393.455296928953,397.4755211188167,401.4960923214307,405.5163156466025,409.5367382140155,413.556887234077,417.57710264914175,421.5970153775808,425.6171717358564,429.63675395531595
1.055824e-01 4.983209e-04 1.030908e-01 2780.55 0.43553366847687636 -0.039528262735802386 0.15663005985588593 0.5620405580032829 341.54424979682216,345.52171090293746,349.4996198661213,353.47720384445955,357.45524483274767,361.4329459833543,365.4111262937883,369.3891195808442,373.36724875492035,377.34509733767345,381.32329072866133,385.30113553550643,389.27939475924154,393.2572128332251,397.235271475924,401.2130015018254,405.1908812731864,409.16846316828185,413.1462808153475,417.12374393003,421.1014454227325,425.0786446568728,429.0559036140741,433.0327781973274,437.00998710142255
3.677853e-02 2.072617e-04 3.574223e-02 2780.11 0.4552538487315221 -0.0395002032460819 0.1577228197579491 0.5687358141847287 336.6747747793127,340.6884031273064,344.7026033506345,348.7164851328852,352.73091588322586,356.74502364696554,360.75958278476713,364.77389995566494,368.78857718062324,372.80295573849236,376.8176748761702,380.83206444417465,384.84682480719295,388.86125408607734,392.8760369891967,396.8902668897012,400.9049981300505,404.9193225832225,408.9338744759994,412.9480238401478,416.9623629158785,420.9763851995241,424.9904927076141,429.0042472981798
3.103144e-02 1.412091e-05 3.096083e-02 2768.96 0.45174054342076086 -0.03959138595235195 0.15534557539532257 0.5672245035982116 335.7815306781077,339.78456507701964,343.78822852657663,347.79161221770477,351.79538304317003,355.79888472174304,359.802802921545,363.8065126716481,367.8105787806213,371.81427747651327,375.81848422255723,379.8222664741025,383.8263947759953,387.8301978894749,391.8343678445536,395.83813455239834,399.8421689984987,403.8458549173049,407.8498007800698,411.85333926845624,415.857121266034,419.860569973446,423.86403811845156,427.86725199130274,431.87058579375
1.675217e-01 5.227124e-04 1.649081e-01 2780.11 0.45823762223998765 -0.03944221242563971 0.16015624470707585 0.5629050958486809 333.35607306047257,337.37859241476787,341.4006178729366,345.42323930433696,349.44554380750816,353.4684539740412,357.49089707676745,361.51389955482546,365.5365713036401,369.55970294486696,373.58254409676954,377.60564016737436,381.62844457677977,385.6517195120127,389.67452106092395,393.697747667688,397.72059393086454,401.7436606138069,405.76637053916136,409.7894404814318,413.8120983739988,417.83492687341595,421.8573843749292,425.8800877796926,429.90239552009507
1.849737e-01 1.167425e-04 1.843900e-01 2768.98 0.4444473279555643 -0.03961912099373892 0.15899868441379622 0.5684188948840192 338.55088567264335,342.54006921397587,346.52891231446273,350.51825030549463,354.5072446953193,358.4968161024221,362.4859503193888,366.47554100971735,370.46488675734065,374.4545794870641,378.44397094482883,382.4335698513767,386.42297845823094,390.4125738625745,394.4016964945169,398.3913513338356,402.3804692441688,406.36990856729676,410.3589581216164,414.3482977104922,418.33711434372805,422.3262332617936,426.3148268934208,430.3036186578911,434.29194777747836
3.146606e-03 2.712637e-05 3.010974e-03 2780.11 0.4497961189327987 -0.03949642842930516 0.16225931975485386 0.5650772431623785 335.8983057296269,339.90280178550165,343.9079183985248,347.91258941634436,351.91792848048226,355.92280032409656,359.92822057747367,363.9333590238547,367.9388589370722,371.9441187622444,375.9497111674845,379.9548986107635,383.96059604632126,387.9658064235988,391.97137595023725,395.9766084616657,399.98204879760493,403.98723551780506,407.9925956882849,411.99763023923373,416.0028008549766,420.00762355407255,424.01270984800976,428.01727631711464,432.02219613048254
2.581079e-01 4.517391e-04 2.558492e-01 2780.11 0.4598106796750787 -0.03952251184026186 0.1577608456274416 0.5664130753852721 333.22869202600725,337.2494283637677,341.2697122252482,345.29083363558016,349.31154688336596,353.3327303476011,357.3537368764171,361.375046766631,365.3962042728623,369.41769709906316,373.4389154604418,377.46048355031417,381.48175489437233,385.50331356619165,389.52456704261937,393.546201731391,397.567431312529,401.58885913644144,405.6100287802298,409.6314409260213,413.65251610957955,417.67370313666555,421.69460810060946,425.71559852335764,429.7361833839199
3.796357e-02 7.077386e-04 3.442488e-02 2771.24 0.4631308495726283 -0.039528992619832004 0.1509614109835274 0.5660453104852136 333.6719630406262,337.6980234108654,341.7237815628038,345.7501175140113,349.77614251121304,353.80276046840095,357.82893626287944,361.8556547928615,365.8820821073176,369.90895616780733,373.935450811552,377.96237766400407,381.98894498356253,386.0159619406157,390.0425083072233,394.06935627377766,398.09595978365553,402.1227343915865,406.1491876895992,410.17582121041715,414.2022380354759,418.2287664776567,422.2549644562706,426.2812365022714
1.786052e-01 2.560450e-07 1.786039e-01 2776.85 0.45350020330040125 -0.039734471702260465 0.15158459667401822 0.5698369755327747 335.4289744867863,339.4278114716221,343.4271999974467,347.4262196420876,351.4257264846484,355.4250788488847,359.4248041743442,363.42423965021715,367.42400975231834,371.4235065848443,375.4234795862748,379.4229541586247,383.42291730689584,387.4224215594146,391.4222618708965,395.4217795348513,399.4215929200551,403.4210144076359,407.4206657155572,411.41995897210273,415.41944769912106,419.4185722577551,423.4177975484948,427.4166545564881,431.4159778140826
1.490604e-02 2.588226e-04 1.361193e-02 2775.40 0.4565967975157931 -0.03951870751680303 0.15568633213300295 0.5644605580589328 332.79573204222027,336.8122298154658,340.8276866961749,344.84357248734796,348.85911710587,352.8751992347654,356.89095835393834,360.9072492944438,364.9231885477575,368.93952264662795,372.9555839688152,376.97193300309743,380.98806714786326,385.00449166131443,389.02051403048404,393.0369453830873,397.0530729468187,401.0694245048568,405.08537290332663,409.1016227471813,413.11748663966864,417.1334809504282,421.1492060955315,425.1650633271819,429.1805285898938
9.833153e-02 5.777467e-04 9.544279e-02 2774.43 0.45779433086707577 -0.03940169961710814 0.15460068953013892 0.5655269448577598 333.4573050395396,337.4807990406926,341.50408985983626,345.5279516039064,349.5514950737145,353.5754840097373,357.59926324282947,361.6233964270562,365.6473155229932,369.6715468769643,373.6956174406107,377.7199853545788,381.7440478782613,385.76836282683166,389.79236823046494,393.81677648935784,397.84078564179816,401.8650476880927,405.8889561167375,409.9131457297549,413.9369630978766,417.960931112156,421.9846483181949,426.0083448989319,430.0319406795148
9.300853e-02 5.621309e-06 9.298043e-02 2770.62 0.44607284941046593 -0.039419359227289175 0.15933480449088794 0.5660121074115143 339.666149077107,343.6684756098693,347.670532881901,351.6730685732791,355.67517824232317,359.67784214666113,363.6801269393035,367.6829151061483,371.6853879344327,375.68819391019025,379.69061578879797,383.6934824646198,387.6959786437179,391.69876205392455,395.7012111114741,399.70396315351314,403.70630425879165,407.70893670382094,411.7111322311243,415.71360130268954,419.71560107486795,423.71780441840275,427.7196558861883,431.7215500067101,435.72340075998
5.920676e-02 8.671326e-06 5.916341e-02 2780.31 0.44050692684600773 -0.039203807401385043 0.15513867919144358 0.568632207432945 339.7192337046934,343.72226478522134,347.7248508327509,351.7281448734805,355.7310051084641,359.7343118886804,363.7373113389035,367.74071640586,371.7437207116654,375.74725892391024,379.75030283855676,383.7538233319738,387.7569091824642,391.7604288377765,395.7634340538953,399.7667196727185,403.7696163177508,407.77282249995636,411.77564600125936,415.7787189584491,419.78143267045647,423.7841231406838,427.78662025458624,431.78912867163257,435.7912707801467,439.79461676415275
1.533327e-01 1.462129e-04 1.526016e-01 2770.97 0.44981422748134176 -0.03936376036911581 0.15911119862560452 0.5637526696733484 336.4747406007524,340.48605053112556,344.49803032515075,348.5095847174456,352.521788078102,356.533560560919,360.54584608642637,364.5578980974738,368.57023344729333,372.58244143668105,376.594877704421,380.6070190470923,384.61952001888346,388.6316292716463,392.6440948168556,396.65627939645765,400.66868701857015,404.68062555930135,408.69295093537437,412.7047556566147,416.7169005021853,420.7286683812639,424.74050595948967,428.7520664009322,432.76361584633133
1.635579e-01 1.843559e-06 1.635487e-01 2779.36 0.44835900512075944 -0.039520452726968545 0.15196224581701087 0.567443558613734 335.57962460989216,339.58024492614413,343.5814837425147,347.5825125378632,351.58393714947744,355.5850072208464,359.58667877506866,363.58799141645994,367.5897772436431,371.5910843232986,375.5928869715838,379.5943039283169,383.59608193781077,387.5974658162807,391.5991892392144,395.6005360738249,399.6021982014457,403.6034639555496,407.6049488103464,411.60613505892206,415.6074235928368,419.6085004163038,423.6097434525203,427.61041506087884,431.61132686468216
6.212490e-02 6.295827e-04 5.897699e-02 2772.20 0.46113576665076506 -0.03950150561087847 0.1542747722149454 0.5591818229128444 333.53861413579125,337.5631889514103,341.58748641996493,345.6122946944309,349.6368272447829,353.66180018580724,357.68662295118014,361.7117539598972,365.7366604516785,369.7619649545337,373.7870459637184,377.8124718766998,381.83743416711485,385.8628297695685,389.8880151524444,393.9133411880368,397.9384770450959,401.9637274041129,405.9887440589577,410.0139608943473,414.03892416071136,418.0640391619437,422.0887101938236,426.1136110731684,430.1380678186675
2.080599e-01 7.043766e-07 2.080564e-01 2777.78 0.4558960975593531 -0.03979378573489823 0.1598372040743948 0.5669047376883866 335.5353200092183,339.53526778034734,343.53597325403257,347.53625314014863,351.5372116952243,355.5376582439714,359.5386312051541,363.53930757117354,367.5405184131348,371.5412468857449,375.54245242112614,379.54332423435125,383.54446275827263,387.54532552934165,391.5464083676711,395.5473115778824,399.54841890290896,403.5490104742027,407.55008014531796,411.55069998182125,415.551467337519,419.5519531592718,423.55258593896474,427.55287733657127
1.737667e-01 1.665741e-06 1.737584e-01 2780.24 0.44536639464087774 -0.0394245195057208 0.15608579152975713 0.560040578573886 339.5670436121663,343.5681077136755,347.5690870249513,351.57044298415656,355.5715355917582,359.57307735735094,363.57436557678454,367.5760669589049,371.5773951368112,375.5791650564635,379.58046871732125,383.5822881940927,387.5836951858365,391.58528427148076,395.5866411936986,399.58821832066053,403.5896034558585,407.5910454070198,411.5922464344649,415.5937624132487,419.59464732611053,423.59573469446593,427.59651917817405,431.59751776174824,435.59795914325895
6.825974e-03 2.363313e-05 6.707808e-03 2776.92 0.4513208895964707 -0.03955973403384902 0.16055350064519713 0.5630627029146373 335.86843754599204,339.8724916646423,343.87723427095415,347.8815035438778,351.8864504879866,355.89110426544937,359.89609267453346,363.9008683442852,367.906110027101,371.9108805068948,375.9161620767923,379.92108983905564,383.92635199579905,387.93128363460266,391.93655501643286,395.9413429000206,399.9465551402155,403.9513005882534,407.956347053447,411.96094896899433,415.96587570105555,419.97039948269935,423.9750105809963,427.9793064668072,431.9837917230684
1.269251e-01 8.910906e-04 1.224697e-01 2777.78 0.46286458912057893 -0.0394536782219642 0.1566655041525568 0.5677674679668138 333.94136166294714,337.97063952200557,341.9995894692011,346.0291571995844,350.05847838192955,354.08831318234456,358.117682492186,362.14773174486743,366.1772835547434,370.2073712595226,374.2371501139252,378.26727468378004,382.2971344575853,386.3273204228602,390.3571089259029,394.3873130526902,398.41710714181914,402.44714071272426,406.4769228733844,410.5069137964371,414.53637888308486,418.5661526850336,422.59561062405777,426.6251730798324
2.480513e-01 1.004732e-04 2.475489e-01 2772.30 0.44589899842541336 -0.039661370284227206 0.16047707012695359 0.5642193771935927 338.61175647985726,342.60172967094974,346.59133013071084,350.5814179802631,354.5711842101162,358.561381674669,362.5512816414442,366.54160426582706,370.53170451859467,374.52218069276176,378.5122262679844,382.50267158845315,386.4927514145839,390.4832513586463,394.47315235091634,398.46345831842336,402.45336496939024,406.4436253565269,410.4334086185502,414.42347035452184,418.41313101924936,422.4030725094486,426.3924554140638,430.38208344692373,434.3713832673639
7.464525e-02 7.071682e-05 7.429166e-02 2775.10 0.44838213566084484 -0.03938747615053857 0.15586903618039852 0.563133976251651 336.1651134871518,340.17290033683764,344.1811262366524,348.1890898459209,352.19753413374895,356.20568501596796,360.21438233254815,364.22259040039734,368.2313425954593,372.2397865243681,376.2487041717364,380.2571373495937,384.26596781670025,388.2743628135641,392.28312126066027,396.2916152601037,400.3002341343214,404.308558554173,408.31709905722784,412.3253312778751,416.33388352243907,420.34178973253347,424.3500967109446,428.35788348929356,432.3658569847556
1.443586e-01 9.064168e-05 1.439054e-01 2777.37 0.45026205446675244 -0.03942934357341026 0.1605688064843144 0.5643794189515564 336.25948136440195,340.2681144587081,344.2775309536673,348.28659066536324,352.29616422439483,356.30538795506357,360.3151204678935,364.32452879348557,368.33431774352863,372.3438468386884,376.35370285291185,380.3633481756123,384.37316160178784,388.38272991247766,392.39262080341547,396.40216120583983,400.41200175934523,404.421482471775,408.43113266392413,412.44057120723073,416.4500222052246,420.45925709827725,424.46842465519416,428.47749099664554,432.48651397798614
8.185517e-02 7.122176e-06 8.181956e-02 2783.33 0.4566310668268515 -0.03978490260958109 0.15805626618922067 0.5655881873044795 331.68320702521726,335.68642620069716,339.68824850357475,343.69073093653674,347.6927685130432,351.6955670442638,355.6978470269538,359.7006829035919,363.7032393509535,367.70621961676625,371.7086891255127,375.7116480474867,379.7143548612431,383.71729758182323,387.720060261522,391.7229396116233,395.72566898765035,399.72851233656684,403.7310563966614,407.73386993885015,411.73636394897403,415.7389199314402,419.74112487911975,423.7436306892977,427.7461177381119
1.692963e-01 9.711177e-05 1.688108e-01 2771.03 0.45399143358129795 -0.039555859908969225 0.15769071927152556 0.5616957345266604 336.2870556332563,340.2961131745647,344.3058597601459,348.31513022952754,352.32511518695065,356.33461547381074,360.3447269031397,364.3544580733109,368.36462031547904,372.3744265095828,376.3846353018738,380.39458231251166,384.40481073860394,388.4147174993869,392.4248757585648,396.43481199751363,400.4449155626402,404.4546508725244,408.46477178263905,412.47431675471205,416.4841953543585,420.493781705641,424.5034573177098,428.51276768925084,432.52215502096055
1.938673e-03 3.320837e-05 1.772631e-03 2777.78 0.45706677561391607 -0.039740079919793884 0.16103920515928197 0.5635392879199167 331.93879182125056,335.9447823829887,339.94962874264445,343.955192692673,347.96032726892327,351.96606096664425,355.9715345995879,359.97741143423843,363.98305042963204,367.98906329723326,371.9947427853477,376.00081135363837,380.00657609009585,384.0127451303321,388.018488206877,392.02449981090984,396.0302110691973,400.03632800265854,404.04193280030535,408.0478491090573,412.0533286815053,416.05908990137783,420.06453212529846,424.07013157335155,428.0751492898255
1.568086e-01 1.452932e-04 1.560822e-01 2768.94 0.45463288096187154 -0.03953359716926711 0.15756637064655474 0.5629265080576508 336.47094643890216,340.48229294351484,344.4941409640959,348.5056432732168,352.51777147514787,356.5294136094163,360.54165207099254,364.5535901070197,368.56589107367034,372.57790587495924,376.59031353780165,380.60236617138656,384.6147890795405,388.626793685204,392.6392339744208,396.6512236498301,400.663485792026,404.67550214939087,408.6877148347726,412.69956116692015,416.71153943514764,420.7232696744613,424.73516437278107,428.74653978616743,432.75924975242714
5.103544e-02 6.222732e-05 5.072430e-02 2780.11 0.4529875911369017 -0.0395560480777273 0.16069238578971756 0.5643183257342698 336.1239928105601,340.1310128223726,344.1388404959719,348.1461831468954,352.15401082861774,356.16172875888213,360.1698407900412,364.1775674429658,368.18569993810104,372.19353286488274,376.20180414074156,380.20971226131394,384.2180204222479,388.225939070966,392.2341382465824,396.24210158635435,400.2502333457807,404.2579919212677,408.26612467891175,412.27379700945505,416.28165127167813,420.2892498511067,424.2969458612269,428.3043091950451,432.31188903214553
1.195988e-01 3.373178e-04 1.179122e-01 2775.10 0.4445056089347662 -0.0397804804429616 0.15770750197822228 0.5624243892992756 337.90228679497596,341.8839720696716,345.86520777325404,349.8469408694955,353.82832584802003,357.81031538446325,361.7918890606685,365.7738630195232,369.75554829251143,373.73766903058214,377.71942890198983,381.7015427323808,385.6833302173151,389.6654147661553,393.6470022492829,397.62896172868835,401.61054016426635,405.5925072647845,409.57400853940794,413.5556176054039,417.53704036488307,421.51857055512613,425.4996859300338,429.48088364954583,433.46162406002463
1.306441e-01 5.511273e-04 1.278884e-01 2770.14 0.46156190279415715 -0.03954521350839292 0.15632221406318286 0.5607908320354076 333.40517499197813,337.4281600889273,341.4506725844231,345.47392282990364,349.496801569865,353.5202269083323,357.5433382366642,361.5669447078883,365.59016617810204,369.61382220156975,373.63720941316114,377.66101543591145,381.6845121306162,385.70837413490835,389.7318061845396,393.75548896313825,397.77897432519774,401.8027079426843,405.82607719528147,409.84964855470383,413.87281470957254,417.8963153089373,421.91940003911566,425.94263505493507,429.9661426470426
3.404457e-02 2.085200e-04 3.300197e-02 2777.35 0.45424213963161436 -0.03946560619170334 0.1565772122779595 0.5681308444592067 336.6787111328195,340.6923633946636,344.7066001904021,348.7205830426703,352.7351205868406,356.74930321952456,360.7639275577535,364.7782743083853,368.79297695119834,372.80744641605065,376.8222814501497,380.83672611401136,384.85152337482145,388.86604574931334,392.8808281191471,396.8953399565952,400.90998217022883,404.924375780831,408.93901382666235,412.95323451103275,416.96765028761246,420.98175351307225,424.9959882462682,429.00982306573434,433.02407942790484
4.992378e-02 3.284459e-04 4.828155e-02 2778.22 0.45686399008689627 -0.03949234473935957 0.1553460886717784 0.5611329302794981 332.96025021055885,336.97853210006417,340.995867268096,345.0137609196567,349.03138086787067,353.0493774387008,357.0671319510587,361.0854634744035,365.1033860445621,369.1218043579891,373.1398188238517,377.15826486538856,381.1763366527175,385.1947807397089,389.2129013910116,393.23138265682377,397.2494888400282,401.2677975730086,405.2858582398706,409.3041018745472,413.32191938905856,417.3401557944723,421.357967250327,425.37578101628105,429.3933110787022
2.115311e-02 2.871589e-04 1.971732e-02 2770.85 0.45746182637394667 -0.039531468838629444 0.15727844875302283 0.564127614121951 332.86743011497805,336.8838636868712,340.89999792344844,344.91669719599616,348.9331413963498,352.95003003820267,356.96673939020235,360.9838136945323,365.00051473031345,369.01783655374896,373.0346670229773,377.05197739687577,381.06893688263307,385.086189934588,389.1031554074073,393.1204114212045,397.13738503171,401.15449282645454,405.1714455250698,409.188471465349,413.20522772152896,417.2220325614883,421.23860152583643,425.2553819675165,429.27171199107164
8.800428e+00 1.823146e-01 7.888855e+00 2779.39 0.45153436433449967 -0.03938178646462711 0.15762939593307734 0.5676016012045179 337.0103020882008,341.7112561657973,346.4074925021937,350.91625683053496,355.0678257223435,359.09165090975125,363.4393632229066,368.0710462012006,372.7903751919856,377.4264127696236,381.7832129241321,385.8113625404057,389.9546822622374,394.456432320352,399.1504143291076,403.8536643527093,408.3898940712374,412.57477757951125,416.5878749752521,420.8993298710711,425.5137684904661,430.23181627544534,434.8846707254324
6.602828e-03 3.023277e-05 6.451664e-03 2773.77 0.44733389827579345 -0.03962520557711408 0.158963633510302 0.5627516142747432 334.99865519003833,338.99352497966225,342.9878886940241,346.9819103174086,350.97661174943715,354.9707942646625,358.96560881691187,362.9599444129163,366.9547911797299,370.94935326368494,374.94418082461004,378.9388953846836,382.9337934746163,386.92838779750315,390.9232663720712,394.91782994653374,398.9125975130814,402.9070941118738,406.9018653628717,410.8961003103608,414.89059121699745,418.8847848378317,422.8790984297763,426.87317528697923,430.8672113257851,434.86160645720213
1.659746e-01 1.149630e-03 1.602265e-01 2778.11 0.4612601233118983 -0.039320313955403294 0.15887634528828565 0.5674246164549184 334.2778063647398,338.31128801396784,342.3444212600693,346.3780249092356,350.4113252295559,354.4451828534084,358.478826367499,362.5128564472711,366.54653233514847,370.5807086675745,374.61451960554285,378.6486984888665,382.68264370920843,386.7168892042926,390.75076830589273,394.7850257969797,398.81884321562285,402.8530470688281,406.8868635089812,410.9208203617067,414.9545140022773,418.98845133583654,423.0219570237968,427.0556488407271,431.0891074292025
1.177087e-01 8.330398e-05 1.172921e-01 2777.13 0.4542527423197213 -0.03957654989869555 0.1596200043961521 0.5635446444204476 336.22740769095486,340.2356741892256,344.2446122743861,348.2532398620249,352.26244601031067,356.27123786554597,360.28051133075866,364.2895533622195,368.29894061493115,372.3080665906335,376.31756433508673,380.3266597480284,384.33619530669955,388.34536845096727,392.35487542997924,396.36395643453903,400.37335485706586,404.3823771282673,408.3916844365789,412.40062665666676,416.40976945956953,420.41854136526456,424.42748203718793,428.43604453098516,432.44506833794975
1.911462e-01 1.018007e-04 1.906372e-01 2783.33 0.45160867990741943 -0.03946309129650651 0.1599360379315351 0.5655426867857275 336.30998337583753,340.31941141339985,344.3292556232276,348.3388755201773,352.348990720868,356.3587944834127,360.3690612045591,364.37906764113706,368.3894526134619,372.39951310212024,376.4100128411437,380.42017055591305,384.4306470710347,388.44084405739363,392.451252353982,396.46138302608176,400.47169916289107,404.4817815499075,408.492018859586,412.50194883111845,416.51204646497393,420.52174926873863,424.53161044398576,428.5411622296092,432.55079342932635
2.457538e-01 4.407983e-04 2.435498e-01 2772.40 0.4545497756993888 -0.039357489466450554 0.15552189393716348 0.5608122691636229 337.21883355375076,341.2390206773478,345.25987507759703,349.28026686538993,353.3012085885206,357.32195837358887,361.3430851055429,365.3639225228754,369.38524298437,373.40609288223175,377.42741820503704,381.44838010977617,385.46977582364724,389.4907993017403,393.51206107864414,397.5330293396335,401.5542769220224,405.5752293133571,409.596364220292,413.61711861692487,417.6381510983641,421.658756094116,425.67954799347626,429.69990358179814,433.7216028789557
6.694229e-02 6.196880e-04 6.384385e-02 2773.79 0.45856893843104163 -0.03941350418540893 0.15678599977431298 0.5631772913829581 333.52482364825124,337.54950239464637,341.57355853695543,345.5982267334017,349.6225769698688,353.6475622533685,357.67195563190785,361.69697222983206,365.7217327253804,369.74691001539986,373.7716546436566,377.79690932796814,381.821719322879,385.8470543189348,389.8718961034955,393.8970610874827,397.92194639448286,401.94707118066486,405.9718228314419,409.9968716691045,414.02159640415465,418.0465224369569,422.0709819271884,426.0956935810702,430.11999962156494
2.116462e-02 2.345206e-04 1.999201e-02 2775.02 0.45731062223627283 -0.03956210894206114 0.15421303381396392 0.5621301017518007 332.72944647470166,336.74429531009594,340.7588165798513,344.7739329127797,348.78863877897817,352.80394600503104,356.81897686576343,360.8344117980305,364.84959175869994,368.86514022213674,372.8803929173513,376.89606457505073,380.9113186031113,384.9269862540408,388.94228644964863,392.95786071311306,396.9731830404255,400.98870981377775,405.0038714429943,409.01937320440845,413.03441135890114,417.0497021415069,421.06501003642484,425.07982133366,429.0945071148183
8.820351e-02 6.318726e-06 8.817192e-02 2780.55 0.44437996481785225 -0.03936313894859949 0.15523405214182107 0.5612086837445563 339.67251520730434,343.67501360229494,347.677126623648,351.67985731995395,355.68204338636747,359.68494464846736,363.68736415123584,367.6902684598442,371.69285814617336,375.695778989211,379.69845991709104,383.7014604600671,387.70407456689026,391.7070058117721,395.70962443687057,399.71239745471775,403.71489161141494,407.71756401600186,411.720018680956,415.7225725078658,419.7249106632527,423.72724864298516,427.72919238176934,431.731383496733,435.7329702184312
2.949520e-01 1.047368e-03 2.897151e-01 2771.60 0.4629360724714436 -0.03941753792150077 0.15488326886728992 0.559863486381143 334.1404906625815,338.17227581775336,342.20382545864175,346.2358501581851,350.2675352656227,354.2997957947237,358.33178502945833,362.36425052803264,366.3963130442717,370.4289871130135,374.4612965522661,378.49388329813075,382.52620656113726,386.55882012541826,390.59124826697337,394.62386501339404,398.65616894762377,402.688743314802,406.7209632422407,410.75332511250787,414.7855295971313,418.8178625848927,422.8498433345683,426.88198234789536
8.608847e-02 6.683250e-06 8.605506e-02 2778.11 0.45206987695750006 -0.0396304746426462 0.16460661951546873 0.5630025437586067 335.67693519325724,339.67875613961985,343.68125309075697,347.6833375811745,351.68597776573324,355.6882116833949,359.6909828307713,363.6935260920222,367.6964078155188,371.69886276750657,375.7018184161499,379.70438079686477,383.70737601545295,387.7100161944977,391.7129359499333,395.71554382223826,399.7183715191497,403.7209508744939,407.7236664222078,411.72614113640714,415.7286507742477,419.73104130041986,423.73333838778547,427.73550087478395,431.7374760975445
2.484599e-01 4.517650e-04 2.462011e-01 2773.09 0.46193676011641277 -0.039603463272241006 0.1584236545653032 0.5591982186987987 333.21901961089816,337.2397970968804,341.2601557765732,345.2811345163625,349.30170693213597,353.3230016927294,357.3437764707533,361.3652128339738,365.3862191301591,369.4076346653065,373.4288870170232,377.45029843573957,381.4715585078558,385.4931799111358,389.51442012170645,393.5358871313807,397.55704621908546,401.57862987871505,405.59969795781893,409.6211671542321,413.6421027223764,417.6632869766562,421.6841586464655,425.705172330038,429.72683594004593
1.792281e-01 1.390821e-04 1.785326e-01 2780.67 0.456114591756493 -0.0395870917971031 0.1592838044523026 0.5642540009232441 336.45096469907526,340.4619598435479,344.4735323160954,348.4847945888219,352.4965784483964,356.5079923996574,360.5200562829048,364.5316209937082,368.54365898473014,372.55543772762246,376.5674661221415,380.5793359324437,384.5913792978475,388.6032637526909,392.6153127397582,396.6271380067336,400.6391869946162,404.65069483257264,408.662823927494,412.6744149225217,416.6861628188066,420.6974517588255,424.709151656368,428.72035896799514
5.508678e-02 1.916664e-04 5.412845e-02 2774.36 0.45334279674102557 -0.03945233885174355 0.1544290178424557 0.5637209236931572 336.62447572022455,340.6375574286835,344.6512036052941,348.664609671699,352.67861411910934,356.6921634950305,360.70619430235536,364.71988795203134,368.7340396265295,372.74789430672706,376.7620958961319,380.7758754658595,384.7901603573672,388.8040808108803,392.8182621665538,396.8321091096479,400.846297668213,404.86001165463097,408.8739475657065,412.88767092385046,416.901487598609,420.9150137691914,424.9286508687741,428.941968777678,432.9555406541282
1.096144e-01 8.115562e-05 1.092087e-01 2769.44 0.45365579037769904 -0.0395602012978452 0.15840881318096423 0.5620422572185377 336.21663345708004,340.224826111635,344.23363744940417,348.2422418963329,352.2512520973903,356.2599335973654,360.2691611385253,364.27800414886724,368.2873440201942,372.2962222297649,376.3057475931867,380.3146922409728,384.32421342733363,388.3331290359115,392.3424841335938,396.35150057807994,400.360812007563,404.3698394258545,408.3789493600403,412.3878251617201,416.39686438068793,420.4054205604023,424.41431563683926,428.4227040256593,432.43139295465176
1.643418e-02 2.472415e-04 1.519797e-02 2780.11 0.4575176106293825 -0.03955818253472591 0.16083512399645306 0.5633199370542448 332.76436371913405,336.7797015088874,340.79456428180436,344.81006865093445,348.82521432828605,352.84089637853765,356.8562955436302,360.8722387584643,364.88777547246065,368.9036520115939,372.9193272685912,376.93536388187647,380.95111157869286,384.9671574191974,388.9828559955607,392.9989302653284,397.0145618844819,401.03053265878657,405.04616713138205,409.06204708655974,413.0776110801777,417.0932666195667,421.1086107206597,425.1240915548766,429.13931313955254
9.477552e-02 5.735972e-06 9.474684e-02 2773.39 0.4526520291583483 -0.03965313512684762 0.15894512953131804 0.5645689608109996 335.6643981506388,339.6661058516407,343.6683564278805,347.6703481555003,351.6727560456043,355.6748878788672,359.6775063840367,363.6797896610049,367.68250741791536,371.68489403342505,375.6876554354339,379.690092513584,383.6929190887195,387.6953176833833,391.6982063380746,395.7004843234623,399.7031798442742,403.7055224617631,407.7081355765617,411.7104135342916,415.7127380625828,419.7148316955063,423.7168986235996,427.7188090083117,431.7206395992393
2.029663e-01 1.072659e-04 2.024300e-01 2780.11 0.457231393363753 -0.03965352639756707 0.1601222896390844 0.5642794250630333 332.3207879465771,336.3309231729669,340.3404663177934,344.3505781220515,348.3603773369708,352.37069345457707,356.380790590477,360.3913081166873,364.40143556461004,368.41197725963536,372.42237463439557,376.43303195226116,380.44338879106095,384.4541073722774,388.4644062973251,392.475044720639,396.48539382490577,400.4960827321386,404.50629222780816,408.51676630026157,412.52690247984486,416.537316065652,420.5472450511069,424.55739534835834,428.56707675459126
3.172601e-03 2.696008e-05 3.037801e-03 2770.17 0.45115391769129853 -0.039545822495169226 0.15788164031813362 0.564327506637238 335.89814734414756,339.902514332219,343.907570779765,347.9122459217121,351.91760768744854,355.9224922504385,359.92791155710455,363.9329940885768,367.9384807599396,371.9436884605036,375.9492631450763,379.95449760745464,383.9601175414466,387.9653478453019,391.9709334509869,395.97612608471,399.9815522949458,403.9866086028619,407.99200879053296,411.99703516625306,416.00227662685234,420.0071518563804,424.0120619385326,428.01670284827003,432.02148403126733
2.572005e-02 1.628010e-05 2.563865e-02 2775.27 0.4497389497958202 -0.0395250570903543 0.15849839176388034 0.5601710672492013 335.7948236021514,339.79804770034207,343.8020192430952,347.8054587483143,351.8095630599884,355.8132868502642,359.81760649047266,363.82156541380056,367.82592050055206,371.82987519407055,375.8342981169542,379.83840251860255,383.8427865457149,387.8468963070967,391.8512589525645,395.85535960727697,399.8596408449788,403.8635560019629,407.8677440775644,411.87164098663607,415.87569972734804,419.8793566861555,423.88317622877986,427.88674767540937,431.89034553503046
1.199100e-01 4.018667e-06 1.198899e-01 2774.81 0.452626305693023 -0.03966244893868432 0.15521877975932372 0.5631351830914687 335.6305224633137,339.6318061364072,343.6336877317833,347.6351269858904,351.63725439821536,355.63893712869856,359.64125089705743,363.6431865120711,367.6454233758976,371.64740815755897,375.6498967093198,379.65185993071276,383.6542916805243,387.6564027680349,391.65869786367,395.6607773073334,399.6629574192976,403.6648716209598,407.66716665734805,411.6688900451977,415.6709454566311,419.67256053747417,423.6744612404842,427.6758192733256,431.67743523687653
6.295230e-03 4.027588e-05 6.093850e-03 2772.33 0.4552601066028055 -0.039667675330636705 0.15859699533235638 0.5631112156779378 335.992496456123,339.9980132208647,344.0041843352199,348.0100547527999,352.01637997007515,356.0224236292712,360.0289481052158,364.03517510669604,368.0417458650747,372.0480695862392,376.05471992933263,380.06098896286153,384.067763182537,388.0741419072871,392.08077742206734,396.0870273518974,400.09363173940886,404.09995479624206,408.10635466765535,412.11249527559477,416.11880192925514,420.1248783261494,424.13090932144667,428.13675557782994
1.713259e-01 1.397833e-04 1.706270e-01 2775.70 0.4533623645995658 -0.03949161223268063 0.1586113601151207 0.5645485674307947 336.45468293272256,340.4657656004171,344.4774252733648,348.4887753634466,352.50065646025837,356.51208201346975,360.52420490867115,364.5359652684224,368.54792744627673,372.5598318871752,376.57197681322043,380.58388085433313,384.5960855953978,388.60793637150164,392.62008576376434,396.6318804521,400.6440479507668,404.65575485041626,408.66771563983866,412.6793305440741,416.69123332262586,420.7027019188704,424.71433097256113,428.7255398328369,432.7372152281908
1.091124e-01 8.303348e-05 1.086973e-01 2780.11 0.4562964487251392 -0.039648285742241114 0.16103663420854614 0.5627125410162267 332.2147695873831,336.2240613186631,340.23233019362806,344.2411836399942,348.24974849154296,352.25894120949624,356.2677061606429,360.2769135863094,364.2858392150431,368.29515776786513,372.304259067015,376.3136756912271,380.3227598476726,384.3322930160029,388.34131094236096,392.3507653238188,396.3598976101741,400.36920149417404,404.3781831671565,408.3874485171042,412.39631373526726,416.40543381466824,420.41412984593,424.42306870464245,428.4317009816548
2.733758e-02 2.988720e-04 2.584322e-02 2780.11 0.45706203263291373 -0.039510583777834965 0.15908119085299902 0.5644585959305548 332.8951876008295,336.9124562413509,340.92885420449676,344.9459667566422,348.96276999408957,352.98003199397937,356.9969947333203,361.01444586812795,365.03151692718575,369.04907207050195,373.06626774790755,377.08388757539973,381.10121102449335,385.11881323935296,389.13610756984804,393.1537748728577,397.1711058861323,401.1885512044344,405.20577952045346,409.2231301354278,413.24015002447686,417.25744247434835,421.2744270370193,425.29145215022794,429.3080920025059
2.434465e-03 3.418322e-05 2.263549e-03 2778.42 0.45041960879078374 -0.03950696775941483 0.16031120614798477 0.5644005072963401 335.9520889081225,339.957072055724,343.96277853165583,347.96806822546307,351.9739580478181,355.9795328041714,359.98557993373703,363.9914563129123,367.99752608220973,372.0032559987605,376.0095126823946,380.01534435892626,384.0216369553474,388.02751283200064,392.03371197489304,396.0396017640299,400.04578457570733,404.0515282119773,408.0575611882247,412.0631769658711,416.06909730291574,420.07457844773677,424.0801993217741,428.0855301336895,432.0908572694446
1.150322e-01 4.297564e-06 1.150107e-01 2769.48 0.4486316785751917 -0.03951757494311214 0.15855284170085923 0.5653884322757204 335.6366723232747,339.6380430895646,343.63999378546055,347.6416297574083,351.6438072490658,355.6455959367801,359.6479261673887,363.6498145230373,367.6522770878717,371.6543168413744,375.6568827321791,379.65898628393506,383.66155400052617,387.66360646179214,391.6661342585177,395.6682093453247,399.67051331840673,403.67255475657464,407.6748232005679,411.6766218787507,415.67864159971174,419.6803657758699,423.6822408820794,427.68372908965296,431.68545710332097
5.452500e-02 1.008098e-05 5.447459e-02 2773.57 0.4496024418165998 -0.03952995894998433 0.15766733094688573 0.565722316121051 335.72975015459326,339.7324115924863,343.73551286193714,347.73829031089446,351.7415379616129,355.7444833589578,359.7479078456563,363.7510255626397,367.75445218848006,371.7576824992609,375.7613045695449,379.7644671689831,383.7680444244139,387.77125377331726,391.774825936049,395.7779994816082,399.7814635330049,403.7845232920984,407.7879391433454,411.7909045812632,415.7941014468011,419.7968632844801,423.7998655427198,427.80244172635184,431.8051889279675
2.493202e-01 4.745142e-04 2.469476e-01 2770.57 0.46062032048470086 -0.03954381320105851 0.15543232391700265 0.5630182461447817 333.2688768526318,337.29010673762525,341.3110498988467,345.3326009143003,349.35377265449927,353.3756070981901,357.3970323385329,361.4190123196304,365.4406654835654,369.4625765449586,373.48427943109255,377.5063660896077,381.5281157020548,385.55034711023285,389.5720974874679,393.59417750860285,397.6158910119872,401.63796800610334,405.65958360849237,409.6814978815837,413.703061325812,417.7247889639728,421.74626074706543,425.76792796934035,429.789122951201
4.976083e-03 3.807915e-05 4.785687e-03 2776.47 0.4518976724924339 -0.03955451217387257 0.1558796970300643 0.5630956171717594 335.9792803685112,339.98471708888377,343.99074302992585,347.99656061918745,352.0027028408172,356.0085764047358,360.0149748300598,364.02106055560404,368.02738818861224,372.03352045418916,376.04016605270124,380.0462247090334,384.0529106966033,388.0591062938094,392.06566453368146,396.0718097334901,400.07825528812975,404.0843097937289,408.0906859437568,412.0966841713798,416.1029421379376,420.10877255782674,424.114722909348,428.1203341919173,432.1259911933196
9.466854e-03 4.263628e-05 9.253673e-03 2777.72 0.45302149560681965 -0.039589753352402446 0.15638842657357305 0.56085860038512 336.0061680962168,340.01195816128023,344.0183362048118,348.02426395405166,352.03095119813435,356.0371285420638,360.0438069799454,364.0502269459709,368.0570407201673,372.06356528538237,376.0704112758696,380.0770178679143,384.0839261194909,388.09040622029045,392.09734700495676,396.10378433816106,400.1106405506086,404.1171593965256,408.12381701638236,412.13025601675815,416.1366366911434,420.14287433287467,424.1492900371698,428.1552460954442,432.1614709401145
1.637219e-02 2.725628e-04 1.500937e-02 2771.04 0.45988980198733753 -0.039622367053329666 0.15644576881479205 0.5637844101150593 332.8328513439576,336.84880860378007,340.8643837362298,344.8807057046406,348.8966569115551,352.9131835415387,356.9293334313616,360.94603347684875,364.9623825109201,368.97914881793696,372.9954879614019,377.01232516967775,381.02885902428295,385.0457256550987,389.0621888108234,393.0790507465387,397.0955173220041,401.11223876597967,405.1287090191498,409.14528021121066,413.161726593362,417.1782107108028,421.1942706319843,425.2105260040361,429.22640304073303
2.037977e-02 2.352306e-04 1.920362e-02 2780.11 0.45880637548079095 -0.039609042621825165 0.15888263875121308 0.5637463611936325 332.7339099275089,336.7489480033786,340.76336583699043,344.778529380096,348.79319003916095,352.8086605751468,356.8236214162664,360.83913198691994,364.85425497533544,368.8698668123183,372.88515018505564,376.9007891705231,380.9161240290456,384.93177820676624,388.9471554877224,392.9627513103403,396.97812097822026,400.9937200816407,405.0088714229656,409.02435535765096,413.03953972032576,417.05489016637785,421.06973973509633,425.0849326782245,429.09961397456806
2.406509e-01 2.385171e-07 2.406497e-01 2769.48 0.4497815621527279 -0.03958968403222379 0.15820704369642016 0.5652995401054548 335.50399440484466,339.50379439938115,343.5040475338341,347.5041794799909,351.50469278703736,355.5049378830056,359.50567689907365,363.5060730378731,367.5069263943572,371.50746795527544,375.5083106831243,379.5088818164455,383.50972812106227,387.5102556745243,391.51117321827763,395.51152274357315,399.5123241893617,403.51280141910075,407.513430432487,411.5136716271691,415.51420504663776,419.5144037390622,423.514711539676,427.5145195455221,431.51464903718187
1.385350e-02 1.293584e-05 1.378882e-02 2767.90 0.44723032604557916 -0.03958339069209993 0.15913975710668304 0.5631701368865999 335.1584385464168,339.1552269783947,343.15158240980986,347.1475280753018,351.1439872303968,355.14024978140577,359.1368708164125,363.1330878958943,367.12986722592444,371.1262965951986,375.12316421151377,379.11964413851723,383.1165392675052,387.11310831131243,391.10988721148556,395.10624546914636,399.10296026531165,403.09933960884894,407.09588026869073,411.0921922935008,415.08861502882837,419.0846688702286,423.0809009578649,427.07675052025604,431.0728493700676,435.0689679390546
1.081894e-01 8.095930e-05 1.077846e-01 2773.64 0.451365829352656 -0.039480361847457984 0.15933851359168807 0.5629230452765376 336.214383910796,340.22266127940486,344.2314696347674,348.24004492633173,352.24906839236917,356.25778485025296,360.2669815640346,364.27583888181147,368.285126058786,372.29410346327035,376.3035204375111,380.3125462076686,384.3219233840237,388.3310082887596,392.3403899685631,396.34943276865414,400.3586454700018,404.3675800058588,408.37683894605374,412.38556272516047,416.3944825995594,420.40325938648886,424.4120861851678,428.42039528469127,432.4290228814354
1.876825e-01 1.310299e-06 1.876759e-01 2780.41 0.4496636405097105 -0.03957909482453753 0.1555995753446544 0.5612824641858543 335.55354251056355,339.5539837813158,343.5550408420884,347.55568011309674,351.5569773515401,355.55787163084943,359.5592607703468,363.56021085315444,367.5617258861597,371.56287538503636,375.5644299611659,379.5655808549137,383.5670761444882,387.5682463824684,391.5698216685268,395.57095080809114,399.57240469379644,403.5733816253956,407.5747665986759,411.575671532945,415.5768540915776,419.57758175964705,423.5786291226504,427.5792579273448,431.579926291726
2.144249e-02 1.737409e-05 2.135562e-02 2773.04 0.44932651467287876 -0.039504879014029604 0.1595481037118214 0.5623572009191579 335.807463985753,339.81108166676916,343.8150967002295,347.8187203643299,351.82300475375513,355.82697187973133,359.8313410842184,363.8354731026818,367.8398379908661,371.843925489129,375.8485139023004,379.8527307246012,383.85722985328385,387.86140644059924,391.8659322524402,395.8701628411465,399.8745382494945,403.87868508145885,407.8829494418403,411.88702407082474,415.89117770106645,419.8949642468021,423.89908191942874,427.90256683275436,431.90644739279463
8.830582e-02 2.909184e-06 8.829128e-02 2773.38 0.4476469801421734 -0.03955984326571198 0.15787754006859828 0.5638039784647859 335.3177349165686,339.31605220984903,343.3142142954608,347.31204431017034,351.31050526751864,355.3085518040451,359.30710657718237,363.30526305416555,367.3038963356797,371.3022571956863,375.30094517715474,379.2992319551516,383.2979243326196,387.2964331486845,391.2949672468638,395.2933500707276,399.2919749627458,403.2902208820597,407.28876517578226,411.28681748367654,415.2852630338101,419.2831461581652,423.2812553838088,427.27890526218005,431.2768010601647,435.2753391734971
1.375836e-01 8.838653e-05 1.371417e-01 2779.70 0.4514891418648309 -0.03947460686344707 0.15514111294396832 0.5644431075758423 336.25169967214424,340.26041828847747,344.2696057405469,348.27852570266276,352.288021859932,356.2971557815932,360.306795160061,364.31607584358926,368.32578956591686,372.3351324796218,376.3450462432458,380.354428411947,384.3641900965993,388.3736125420283,392.3833836434168,396.39279265202697,400.4025973067363,404.411905227686,408.4214655559205,412.4307523826702,416.4400926921365,420.4490765250768,424.45829129492057,428.467198078198,432.476041942694
1.252128e-01 3.752177e-06 1.251940e-01 2775.04 0.4475636279677917 -0.03948546128258508 0.15983779488973934 0.5629638107887663 335.6218871383519,339.6237850044888,343.62561901592824,347.62718319777167,351.62916077276515,355.63085683649126,359.633035270675,363.63480407237256,367.6371256196197,371.639067315914,375.64141486780335,379.6433490357023,383.64569510311657,387.647778027209,391.65015363439755,395.6520898539564,399.65429824966117,403.6561900713096,407.6583355213966,411.6601814405397,415.6620715951171,419.663662897186,423.66550170707126,427.6667444062367,431.66828220109534,435.67049277890334
6.293017e-02 6.696498e-05 6.259535e-02 2778.07 0.45034373529248495 -0.03946021615883742 0.16068564535413044 0.5630363733426076 336.14572247430624,340.15300499706694,344.16105919286946,348.16871092691747,352.17697606224283,356.1848237524189,360.19317046112144,364.20124653507065,368.2097232714743,372.21793179246674,376.2264094076158,380.2346491261673,384.2431691412914,388.25137231492175,392.2599625759103,396.2681554174405,400.2766403444903,404.28478919854484,408.29314792330047,412.30113504166474,416.3093397005255,420.3171371846608,424.32511550553323,428.3328006022135,432.34052378961155
6.223776e-02 1.927419e-04 6.127405e-02 2782.49 0.45745628349665957 -0.039596266971950865 0.16033439135360486 0.560687745822563 332.6087168202226,336.6221619943976,340.63518192806674,344.6488114574137,348.66210651428065,352.6759827060779,356.68957168424714,360.7035314605904,364.71722756383224,368.7313582263037,372.74515662373926,376.7593226870196,380.7731876282882,384.78733265770285,388.8012999895055,392.815501086795,396.8293054319698,400.8434764665199,404.857174663742,408.87117434915905,412.88485936577564,416.89887446623754,420.91238289618394,424.92600109744706,428.9393109046914
2.302745e-01 4.193079e-07 2.302725e-01 2771.00 0.4500696844781713 -0.03960183727176984 0.15802323100425156 0.5617205275114889 335.5130549361579,339.5127605946049,343.51341122397946,347.51355881641604,351.51418547264274,355.5145854873217,359.51543717415547,363.5158660709655,367.51694413781064,371.5176861255459,375.5185928206097,379.51929172213715,383.52037515272553,387.5210442009768,391.52209792200495,395.52275626413956,399.5237516300463,403.5241587985716,407.52508975520607,411.52553166236936,415.52621396063967,419.52650250175753,423.52691780365683,427.5269476600529,431.52722007109395
2.237852e-01 1.124661e-04 2.232229e-01 2779.73 0.45634352535477796 -0.039619182387795764 0.15845402177778037 0.5637801079715026 332.33975322734784,336.3507142958202,340.36043024986793,344.37087952677444,348.38097197011723,352.3916289573006,356.4018271651486,360.41257241668995,364.4229865849426,368.4338629444553,372.44442712738703,376.4553247666502,380.46589865156517,384.4768675201259,388.48756511016165,392.49837195085615,396.5090572279458,400.5199323480215,404.53033398748147,408.54113993284506,412.5515452164971,416.5621355731119,420.5722836942372,424.58260486162254,428.59265782183917
3.286060e-02 8.346106e-06 3.281887e-02 2773.93 0.44860595639204964 -0.03962116111503842 0.15684642674255014 0.5614919886572601 335.2151810023836,339.2115512935244,343.20857657023384,347.205186963402,351.20228757003497,355.199107063913,359.1964767519138,363.1934752584844,367.1908971583798,371.1880319936966,375.18556108920774,379.1826951201072,383.1802153805521,387.1774612679347,391.17494604804403,395.1720613898621,399.1693933675609,403.1664285579739,407.16365861474156,411.1605156016313,415.15771771598475,419.15447357654875,423.15141565325865,427.1479652307141,431.14463959231716
1.866683e-01 9.983338e-08 1.866678e-01 2780.41 0.45041168875203214 -0.0396300763756123 0.15370741319418 0.5643707716455348 335.43639967438725,339.43527029501064,343.4348964287887,347.4339978019012,351.43373788100814,355.43327239430425,359.4331290863069,363.4326509974313,367.4326812354408,371.43233605630155,375.4324293396961,379.4320982099054,383.43227285754386,387.43199058426035,391.43209100377624,395.4317067714981,399.43177572699614,403.4313792391768,407.43122141758136,411.4307029775675,415.43042086388726,419.42972823094607,423.4292224637806,427.4282447272788,431.4274916085125
2.651890e-02 2.978431e-04 2.502968e-02 2779.96 0.4573163668842032 -0.039523335870879965 0.15212377561670637 0.562540128561721 332.89202867838094,336.9089188208249,340.9253549466747,344.9424341418657,348.9591440652126,352.97639261069287,356.99339583014876,361.01074888580007,365.02784779956556,369.0454334259533,373.0625564808385,377.08014262420966,381.0974160991638,385.1150833313792,389.13230994844747,393.1498837983593,397.1671153016509,401.18452373525685,405.20171671551765,409.21907592273584,413.23607119572836,417.2534624803387,421.2702186516019,425.2873475554532,429.3040002238333
1.586194e-01 4.424093e-07 1.586171e-01 2778.24 0.4489692404090724 -0.039585265473047006 0.1561587335008536 0.5647355070228652 335.40644529590634,339.40520052910153,343.40449347706215,347.40330436568127,351.4027998462953,355.40189856693803,359.40143065846263,363.4006419917012,367.40032226547066,371.39952937740105,375.3992887573019,379.3987632116505,383.3985181578648,387.3978441854469,391.3976169905449,395.3969077853261,399.3965497229594,403.3958915131321,407.3953619784632,411.3944527721654,415.3938640217442,419.39290936272516,423.39191752232585,427.3906376774827,431.3894823077113
4.117719e-03 3.708497e-05 3.932295e-03 2779.41 0.45334972696931525 -0.03960766474994113 0.15593052610779445 0.5622983001275444 335.97209253704165,339.97743779977947,343.98340908830005,347.98902212249925,351.9950638562813,356.00092644056434,360.00716163174286,364.013222044999,368.0195969673924,372.0256424074363,376.0319745584761,380.03814823054756,384.0447597905732,388.05077004597484,392.0572027252594,396.06331212527874,400.069706665467,404.07573526789764,408.0819220290284,412.0878643933502,416.09396247720434,420.09976471879486,424.10562672167373,428.1111217968342,432.11695429735687
1.042242e-01 7.979575e-05 1.038252e-01 2772.93 0.4547613758590091 -0.03960020542868821 0.15545117129579764 0.5625407464661585 336.2094555105042,340.21756391372537,344.2264208074864,348.2347689520477,352.2437016162495,356.25232192085554,360.2614835293916,364.27023032514734,368.2794656804031,372.2883563371506,376.29752933619653,380.30645596408857,384.3158526498143,388.32472248325206,392.3340789694563,396.3429562888044,400.3520989905972,404.3608387211797,408.3700019512439,412.3788144619976,416.3876945814005,420.3962106673882,424.4049862602398,428.41326872270366,432.42283169493027
7.459255e-02 5.679733e-05 7.430856e-02 2775.42 0.4474189312429736 -0.03967034529786819 0.15687717182990085 0.5618307712559588 334.8266923864828,338.81945369361017,342.81178605923895,346.80377805125335,350.7963949915701,354.78851501530465,358.7812495580289,362.7736511782069,366.76648546054287,370.7589273908227,374.75182005812013,378.74437000206683,382.73725702632686,386.729887166053,390.72267656897503,394.7151939645975,398.7079971917943,402.70031171467986,406.6929604519375,410.685344318427,414.6778045511665,418.66988136261585,422.662144143797,426.6541168107904,430.64634175619784,434.63862884480585
1.733783e-02 2.371527e-04 1.615207e-02 2775.39 0.4549410573244883 -0.03947793786342756 0.15376140064187185 0.5627381828981208 336.7545638597071,340.76919278295213,344.7845178254635,348.79938674706443,352.814772821746,356.82992399000943,360.8455279289127,364.8607996069235,368.8764903865174,372.89184838613477,376.90763136394196,380.9230780256347,384.9387281768181,388.95428920354306,392.9700240912768,396.9854730724493,401.0011067540246,405.016483210228,409.0319282040545,413.04715560924154,417.0625885511145,421.0776012231205,425.09281495845954,429.10760879054556,433.12302908544444
1.292311e-01 3.730081e-06 1.292124e-01 2773.93 0.4486296464609359 -0.03952740283116415 0.1572394398506844 0.5607883799966383 335.61816571676195,339.61946363419975,343.62114696468745,347.6226906232526,351.62461418258823,355.6263444237436,359.6283884528208,363.63015062215896,367.63248025018106,371.63438103605586,375.6366869356012,379.63867067873844,383.6410137186018,387.64293319802437,391.6453545212447,395.6472899865684,399.64947983058227,403.65135695302587,407.6534825792959,411.6551770038634,415.65716187851086,419.65865300602144,423.66041919604265,427.6618192327719,431.66322605053693
1.167620e-02 4.361931e-05 1.145810e-02 2767.68 0.4524774519131631 -0.039565313587604185 0.15615202574124923 0.5636696009712507 336.01688308533824,340.0227756462288,344.02916619286015,348.03543423807486,352.0420230326818,356.0484476463509,360.0552314040043,364.06171475392136,368.0687041975478,372.0752681662095,376.0823473904003,380.08895504599514,384.09581234216563,388.10256209836126,392.10943885228534,396.1160979095174,400.12312503976636,404.12963407409984,408.13636734742727,412.14284388326575,416.14930291944177,420.1556137443489,424.1619912979143,428.16823724338167,432.17412301656304
1.256244e-01 8.758967e-05 1.251865e-01 2768.98 0.455741440203792 -0.039628362479730894 0.15754040492660662 0.5605904279369874 336.24150367088345,340.2499513481478,344.2591076936804,348.2679162062009,352.2772566430964,356.2862891026828,360.295734031221,364.30495946660056,368.3145104167928,372.3238325348898,376.3335538166173,380.34287913488555,384.35263645304696,388.36186658038514,392.37161627171616,396.38092122535056,400.39048561647036,404.3997822867366,408.4093784518693,412.4184177244014,416.42777379747406,420.4367100208988,424.44599319146255,428.45472586901246
1.282244e-01 1.200940e-06 1.282184e-01 2773.15 0.44676806295756305 -0.03951567523875555 0.1580393892508649 0.5637329126907769 339.3702525555421,343.3690344810631,347.3675445411335,351.3666321869288,355.3652753794635,359.3645463734079,363.363386763084,367.3627761315965,371.361693534566,375.3610512362934,379.36002639279315,383.3593346795063,387.3584184982381,391.35766346916836,395.3566191880403,399.35590224143056,403.35472724985055,407.35390883544295,411.35273162535316,415.3517052654567,419.3502908112251,423.3490776689502,427.347459908793,431.3460533075636,435.3439635475169
2.488220e-01 1.158312e-04 2.482429e-01 2771.41 0.4531746318657069 -0.03950828749286139 0.15707369096504958 0.5628594220604619 336.36373633706216,340.3737129274488,344.38433340702727,348.39458890427704,352.4054035087746,356.4157955805888,360.42686731081795,364.43740313192814,368.44848241672344,372.45920395935616,376.4703793327687,380.4810993541018,384.4922459694087,388.503066719171,392.514170324815,396.5249950979279,400.53593336093115,404.54670773147194,408.5576013023948,412.5681186972747,416.5789886438968,420.58936542190884,424.59993372305206,428.6101774398439,432.6206601313958
4.052095e-02 3.182694e-04 3.892960e-02 2775.02 0.4564146055291341 -0.03948368237348613 0.15459858515684008 0.5606580285946706 332.9361889359161,336.9544845702921,340.97148069609693,344.98916295705936,349.0064598088919,353.02432284859367,357.04180982865125,361.05980230888673,365.0773885849578,369.0955643041388,373.11332299523986,377.13157373429453,381.14925100998215,385.16744545966236,389.1853886095174,393.20340533298327,397.22129342112163,401.2393981681892,405.2570731082244,409.27510806829184,413.29270490216993,417.310562558956,421.3280181510478,425.345587435176,429.36286521088385
2.213333e-01 1.261054e-04 2.207027e-01 2770.32 0.453581143969122 -0.03951375791046414 0.15661937365231446 0.5624534280820087 336.4032167396964,340.4135761285263,344.42466755985623,348.43545744624976,352.4467451462239,356.45770252843323,360.46923199744793,364.4802873059639,368.49182534669643,372.502963091438,376.5145945451745,380.5258276033253,384.5374075745287,388.54870654068844,392.5602757321586,396.571622646791,400.5830767557919,404.5943953113736,408.6056026468301,412.61679735308536,416.62787814026865,420.6387588942466,424.6497953639712,428.66059870301154,432.6713533442692
4.307565e-02 2.013970e-04 4.206866e-02 2772.84 0.4536805677289605 -0.0394575133900784 0.1563799711987363 0.5630291233997037 336.65279451239854,340.66619023371237,344.68021284550343,348.6939012260164,352.7081515733745,356.7220075374683,360.7364649152986,364.75054586515586,368.76510657800907,372.77921803517404,376.7938376195661,380.8080281407955,384.8226397974276,388.83683923177523,392.8514438802736,396.86553819553626,400.88009190668566,404.8942534860068,408.90858703173,412.92254947316195,416.93676148011633,420.95066381546394,424.9645386483745,428.97833501927596,432.99197935536023
1.201666e-02 2.045130e-05 1.191440e-02 2776.56 0.45104591721552295 -0.03955581153937082 0.1556597291162979 0.5643091506507334 335.84215217988225,339.84589132273953,343.8502262708483,347.8543485070172,351.85895328838154,355.8632211857892,359.8680276220294,363.8724577702073,367.8773215553753,371.8817810474589,375.8867821956954,379.8912345613206,383.89618381871196,387.90079629628644,391.9056708544303,395.9101548697792,399.9149616914579,403.91941223426556,407.9240931616567,411.9284027809043,415.93296468542934,419.93720152588656,423.941532708114,427.94539199083476,431.9495338759178
1.665318e-01 1.749108e-06 1.665230e-01 2780.41 0.4523871797390058 -0.03966579965421883 0.15259078419942063 0.5650373014902844 335.57640908984547,339.57701945690917,343.5783607519305,347.57914842806525,351.58062683481415,355.58170140898966,359.5832743087283,363.5845333533882,367.58623607246074,371.5875335392846,375.58924211271636,379.59055393750083,383.59234439539404,387.5936223216672,391.5954054187244,395.59668781723434,399.5983520719161,403.599634453304,407.60112521124364,411.602226045949,415.6035496564963,419.60447732157246,423.60559292984647,427.606375369279,431.60720300031727
3.842064e-02 4.529196e-05 3.819418e-02 2780.24 0.4463433237454236 -0.03961543991373433 0.15449306857805192 0.5622231955521924 338.8903204610623,342.88349724453195,346.8764207456301,350.86989477266314,354.8629219625478,358.8565922556199,362.8497087317418,366.84346276663416,370.836695312809,374.83032135892597,378.8237222480584,382.817477830728,386.81083122326265,390.80456736308264,394.79790175014017,398.7915497833817,402.7847922906077,406.7782902462566,410.7714841994833,414.76474334553274,418.7577259510445,422.75078979975797,426.7435964595661,430.73639193878597,434.7290483192604
1.472548e-01 1.505924e-04 1.465018e-01 2772.52 0.4551529236427424 -0.039550163287505956 0.1572374033042799 0.5605440785683399 336.48682088552,340.4982679812824,344.5103166715496,348.52213445979095,352.53434688231795,356.5462430626123,360.55867044715495,364.57079200070586,368.5833157785511,372.59560757687694,376.6081413484616,380.62041222296403,384.6330437620998,388.64526817230035,392.65797348315635,396.6702236149207,400.68261393320813,404.69493337085845,408.70727504173215,412.7193960574953,416.73157695983616,420.74346279726666,424.7555475471494,428.76714587688286
1.721089e-01 2.322448e-07 1.721078e-01 2775.39 0.452598412223167 -0.03971270446998799 0.15495599970170407 0.5620490909054162 335.421086679928,339.4198783736412,343.41926788143144,347.418364491653,351.41790870980327,355.41716213319745,359.41689830209924,363.41629432010416,367.41622060150854,371.41569599881564,375.41557623524517,379.41515280190856,383.4151280522172,387.4146792518316,391.4143652963532,395.4140987463539,399.4138590403281,403.41332988976495,407.41300107439037,411.4124238292704,415.41183243815846,419.4109462395769,423.4103844036317,427.4092978009109,431.4083121961595
1.498278e-02 2.630178e-04 1.366769e-02 2775.39 0.4585712665990822 -0.039588253285093467 0.15357976300693327 0.5610072305109155 332.80377976881203,336.8196385657424,340.8350391062195,344.85103114536724,348.86669258698896,352.88289647633457,356.8987280315407,360.9152030396106,364.9311551573819,368.9476228290176,372.9637669151546,376.98023515631536,380.99652307450555,385.01299667474694,389.0292751667694,393.0457486359085,397.06192876748867,401.0784049757583,405.0946357976302,409.1107785857808,413.12689696098147,417.1430808482145,421.15889319245804,425.17503933334814,429.19062195004983
1.341716e-01 3.899666e-04 1.322218e-01 2773.21 0.46002068300731225 -0.03956381421619283 0.15515918979963553 0.563466084452756 333.0996149106825,337.118644827462,341.13758579946455,345.1571233907039,349.17626949832527,353.19596677490534,357.2153638864662,361.23522855298256,365.25486469527397,369.2748862477071,373.2945059290164,377.31447175931197,381.33427335563914,385.3543498335605,389.3740099650893,393.39414898972683,397.4139109406153,401.4338378010642,405.4534193047426,409.4733514682315,413.4929400981679,417.51262085513343,421.5319995624391,425.5516251177432,429.5707735241447
2.292388e-01 1.106279e-04 2.286856e-01 2767.68 0.4528344734772468 -0.03949857550711872 0.15531509371477698 0.5650939508319243 336.3463579274206,340.35623721564747,344.3665845996987,348.37663204738396,352.3872241770666,356.397421688662,360.40815471368006,364.41860227638404,368.4294111269205,372.4399146075522,376.45085865309613,380.46143833300835,384.47230240674816,388.4828338736405,392.4936847183363,396.50431301351637,400.51511470062104,404.52562852217443,408.5362517814401,412.54661882415985,416.557082397389,420.5672337108683,424.5775952188437,428.58742350719376,432.59765787653845
2.332746e-01 4.243739e-07 2.332725e-01 2781.32 0.4501428901502706 -0.039608532132669544 0.1561119673066745 0.5590119511191832 335.5101092412853,339.5098337924519,343.5103311101796,347.5104288598403,351.51118246036066,355.5114922004029,359.5123402776595,363.5128881903148,367.51385251257835,371.5144208032445,375.5153724601738,379.51611757023227,383.51716237400575,387.5178147779685,391.51891991124194,395.5195744053928,399.52054152351894,403.5210793168381,407.52194668258375,411.5225371869672,415.52300095024117,419.5233033441745,423.52384711611427,427.5238709784421,431.52410527032384
1.028995e-01 2.007330e-06 1.028895e-01 2778.04 0.44984437509553904 -0.03963764274513961 0.15678807097408504 0.559980684462472 335.33813359674957,339.33603026732044,343.33451348388746,347.33253349426604,351.3312301460768,355.3295205049976,359.32834231251707,363.3267769925929,367.32566250887265,371.32419725059066,375.3232452831162,379.3217925009424,383.32083431113386,387.31946934972297,391.31843133901623,395.3169632791515,399.31582318557963,403.31440337202724,407.3131202430963,411.3114456480516,415.31007790882325,419.3083178390017,423.30669527832464,427.3048083586091,431.3028995050808
1.164176e-01 5.623371e-04 1.136059e-01 2773.18 0.46177959145322617 -0.039546004585430304 0.1541278431843019 0.5622279646708968 333.42674067249504,337.45005034236266,341.4728553808718,345.4962842579696,349.5194283642966,353.5431317990162,357.56642285075105,361.5904031915499,365.6138173921772,369.63782504618183,373.66144085491584,377.6853388876924,381.70899475244374,385.73308746547013,389.7567611246069,393.7808225213119,397.8043921891029,401.82840020262717,405.8520032002433,409.8758129906186,413.899259067334,417.9230249229851,421.9462615962862,425.9696365644149,429.99374510666684
8.674297e-03 1.504936e-05 8.599050e-03 2779.78 0.44583159911962617 -0.03953752121975829 0.15521734463988238 0.5640830858304704 339.13421760287446,343.13035551377214,347.12603830880704,351.12234455045854,355.11814002376906,359.1146100965465,363.1106623577549,367.1072144145014,371.1033692339078,375.10001220036816,379.09622717542175,383.09289847722243,387.0890807595346,391.08553854034733,395.0817918719247,399.0782459422196,403.0743129297586,407.0706174292068,411.0665536657468,415.06276083182394,419.0585998026515,423.05463993498773,427.05017729049155,431.0459263619061,435.0414229393939
2.486409e-01 1.787840e-07 2.486400e-01 2775.42 0.44805055624488455 -0.03953415902542196 0.15592759307265686 0.5630621465430189 335.49390738948705,339.4936961552702,343.49404277386725,347.4939143413058,351.49453360353476,355.49472259514573,359.49535587791695,363.49560388527004,367.4964023191531,371.49673838293756,375.497631365642,379.4980705090628,383.4988830194515,387.49928951277224,391.5000603043447,395.5004757635918,399.5012464705764,403.50151637625424,407.5021281745044,411.5024141959617,415.5028768169916,419.5029911636464,423.5031552855534,427.5030004335309,431.50300070543796
9.830549e-03 4.272414e-05 9.616928e-03 2776.10 0.4527889968944787 -0.039580055115814305 0.1557220098788556 0.5619587447973932 336.00811129362626,340.01394513209226,344.0203166975254,348.02628669758,352.03290392742946,356.03906652361775,360.04591079128727,364.05226439024045,368.05908433329034,372.0655593501543,376.0724620768389,380.079063472431,384.0860428579809,388.09261920201027,392.09949818309383,396.10600125918114,400.11282926168195,404.11937320283783,408.1259891041684,412.1323487670944,416.13891944709445,420.1451058061704,424.151365123289,428.15744791797897,432.1636365724935
1.765252e-02 3.742119e-05 1.746541e-02 2779.78 0.44735918119840756 -0.03963543123653144 0.1540339789939264 0.5653615448552313 334.9512668795247,338.9454955524335,342.93932855374493,346.93274231211194,350.9267102223936,354.92049384552485,358.91454321295004,362.9084010186086,366.90264040996703,370.8965832134531,374.89087682554697,378.8848919690554,382.879236882063,386.87322958009327,390.8675537282841,394.8614786591797,398.8556247991749,402.8495388910873,406.8436681564805,410.8371901940811,414.8311691511515,418.82470799803144,422.8184445200424,426.81168999539267,430.8052124556854,434.7989465549345
1.924024e-01 1.022729e-04 1.918910e-01 2770.77 0.4539986824402916 -0.039548274026227494 0.15835509442563106 0.5636121705547649 336.3111332756318,340.3204472847416,344.3304885641561,348.3401124152236,352.35028764807663,356.36007869347185,360.3704413691684,364.380386722409,368.3908544982413,372.400890904129,376.4114647135597,380.42159593687813,384.4320636965102,388.44224468519997,392.4527101095732,396.4628788624902,400.4732236519038,404.4832401072811,408.49355490820636,412.50344211786,416.5136478746563,420.52330637212333,424.53327903654656,428.5428736365767,432.55256042356217
8.028184e-02 1.779437e-04 7.939212e-02 2772.67 0.4550781471300735 -0.03952047720417545 0.1570683485449526 0.5647130623509896 336.5813744533538,340.5939958052938,344.6071681506151,348.6199896455496,352.63337721467286,356.6462947386221,360.65985076502255,364.673069626633,368.68658119607716,372.69988693660423,376.7135953513389,380.7269373277677,384.74071393682834,388.75400437019346,392.7676726698125,396.78103631602914,400.7945918628243,404.80773629435316,408.8213215773612,412.8343992135182,416.8476965684342,420.86059715609946,424.8737579310558,428.8865693025232
4.808792e-03 1.754791e-05 4.721053e-03 2773.98 0.4488497365399316 -0.03964983946092593 0.1543646163381946 0.5658014105220054 335.11236224534304,339.1076112366718,343.103313876503,347.09861541520473,351.0945507547212,355.0901579047486,359.0861848527341,363.0818881185859,367.07804938925966,371.07389548596205,375.0700205206946,379.0659155119947,383.0621780685756,387.05814005221947,391.0542773237202,395.05008866178025,399.04617495328455,403.042063244988,407.03799948975745,411.0335377229033,415.0293397046546,419.02471851611324,423.0203326623867,427.015648499464,431.0108978441924
2.161520e-01 1.275231e-04 2.155144e-01 2779.96 0.45471866675765626 -0.03955200942454305 0.1527503108199742 0.5627773796596756 336.4084290665433,340.418935513919,344.4300419576839,348.44085209197544,352.45216159566405,356.4631446372386,360.47456012148353,364.4856647291011,368.49730703611664,372.50848058445257,376.52016107102935,380.5314841626091,384.54316386681546,388.55441260637997,392.566130386625,396.57728560369196,400.5888009850081,404.6000361133468,408.61157494504056,412.62266908500135,416.6338839768502,420.64474970121415,424.65583521970314,428.66654762227193,432.6784608892395
2.303173e-01 3.813395e-07 2.303154e-01 2777.94 0.45106627819164663 -0.03963622611643559 0.15451257489539813 0.5628223574949505 335.5132237503207,339.5130090663265,343.5135147356321,347.51368488231856,351.51439823145336,355.51476322181924,359.51553133256533,363.51613776052454,367.5171177546158,371.51771587274015,375.51876074042985,379.51930452501597,383.5202916512117,387.5210528898762,391.5220245091694,395.52256652964553,399.52347748076807,403.5240670393783,407.5247815032338,411.52522746404884,415.525902062735,419.52621466683246,423.5265568861428,427.52661344377617,431.52687382791015
6.231869e-02 1.615971e-04 6.151071e-02 2771.73 0.44383978522710055 -0.039642689425981384 0.15766753913332648 0.5630599173731188 338.3822736031887,342.36943431340495,346.35632010053547,350.3438289738178,354.330976143271,358.31853802794166,362.30587778694127,366.2935501456962,370.28082827223045,374.2686897201298,378.25598730253904,382.24373590988404,386.2310960707316,390.2188270574388,394.2062120907291,398.19385208008197,402.18113146168946,406.1687192109587,410.1558904708101,414.1431845946293,418.13011787945646,422.1172176624513,426.1040491053315,430.0909063940263,434.07744989651474
8.166943e-02 7.290115e-05 8.130493e-02 2780.24 0.4519386100697027 -0.03951246005141437 0.15267349609049097 0.5610541747046796 336.1763480765684,340.1841751580217,344.1926438865998,348.2006810959907,352.2094062500441,356.21758180382835,360.22632701292474,364.23476356116754,368.2436088890409,372.2521413948636,376.26102910984326,380.2696211143065,384.2785941315847,388.2871041910719,392.29599322506687,396.3045368833903,400.3134467607584,404.3218193229435,408.3305503142393,412.338893647292,416.34743351655237,420.3557130053928,424.36401294480754,428.3720438056696,432.38005993563524
8.258762e+00 1.602804e-01 7.457359e+00 2776.01 0.4531002123192795 -0.03954272064505007 0.15326493075922193 0.5646533139443979 336.0548781985664,340.5861780067811,345.2760734643841,349.95330609735186,354.44468915491115,358.58471215996974,362.60301096804363,366.9347492859879,371.54830625418515,376.25125997582285,380.8825903571393,385.25233347677346,389.28940112372317,393.395671507558,397.8555647319499,402.52243312408035,407.21856581208704,411.7767821776888,416.01061369840863,420.0086986451127,424.24526989686314,428.80512102802896,433.50158521138655
8.548172e-02 1.499160e-04 8.473214e-02 2780.24 0.4435374037021225 -0.039621410930944546 0.15503804323626433 0.5640058618966761 338.42336833571875,342.4110786935641,346.39855561325834,350.3864904755316,354.37405516309997,358.3622328454455,362.34994770379814,366.3380925665662,370.3258331258592,374.3140111512367,378.30190872589003,382.2901356846636,386.27806399126064,390.2662552866373,394.25413167321653,398.2421434787286,402.2299657894915,406.2178381042121,410.20550294435503,414.19319842084354,418.1807265961501,422.16836484369117,426.15553644133803,430.1429312049122,434.1300210724233
1.580699e-01 2.218911e-06 1.580588e-01 2781.66 0.4490425426787011 -0.03954636896316644 0.15623919662636682 0.5638755842007123 335.58510010154964,339.5859675437289,343.5873959791983,347.58838361256215,351.5899856966839,355.5911846346902,359.592926340584,363.59421736268575,367.5960786373353,371.5974862372728,375.5993156458579,379.6008778901359,383.6028116562142,387.60426930238833,391.6062064800557,395.60765926433373,399.6094787949053,403.6109415165695,407.61255763443756,411.6138140456722,415.6153870326406,419.61643321005937,423.6177714083361,427.61871148164846,431.61975125816696
9.051996e-02 6.134670e-06 9.048929e-02 2768.70 0.4509366426762313 -0.03959256738299721 0.15723736439615285 0.56421999153707 335.6705565745102,339.6720902892379,343.6744961922874,347.6766210036271,351.67914771975455,355.6813314767515,359.6841531113569,363.6864844381473,367.68930177568683,371.69169788252754,375.6946531202779,379.6971248117478,383.6999374219291,387.7025458594411,391.705267773207,395.7078555289465,399.71055249567905,403.71288296220115,407.7156171715716,411.7178690239078,415.72041059761966,419.72254650214467,423.7247795513479,427.7267111360398,431.72881072250317
1.679844e-01 9.764297e-05 1.674962e-01 2768.54 0.4554030221911469 -0.03960123858693677 0.1546944991237338 0.5645035041898673 336.2908030199281,340.2998678840714,344.3096598749469,348.3189149470113,352.3289241592926,356.33847412329584,360.348541684072,364.3582085501763,368.3683939539967,372.37823687390676,376.388472733774,380.3983125492813,384.40860857195884,388.4184949598191,392.4286238364214,396.4385088643306,400.4486161763951,404.45838891685344,408.4683857434542,412.4781626688036,416.4879925584202,420.49744267954634,424.5072164399744,428.51630505487896
1.409666e-01 8.156092e-07 1.409626e-01 2773.83 0.4513210652156961 -0.03967319943892673 0.15748672946343004 0.5641782759294761 335.38675979114225,339.3851000971622,343.3840225457033,347.38263043237936,351.3818392873957,355.380606651985,359.37999403458656,363.37896798214405,367.3785147072494,371.3774752363413,375.3769769969906,379.3761542970202,383.3756375211001,387.37476257708045,391.37424631323995,395.3733895474621,399.37269136919815,403.3717960091109,407.3709700488774,411.369942245872,415.3689920736077,419.3677345536758,423.36674434784237,427.3651338808959,431.3638878657835
1.432746e-03 2.419714e-05 1.311760e-03 2781.32 0.4493959074449769 -0.03968539959211138 0.1532390779929319 0.5649523618259666 335.0500552396751,339.0446636199755,343.0396737232355,347.03428133485835,351.02951364204625,355.02440770234125,359.01971881841365,363.0146780113414,367.01009564685086,371.005196126881,375.00069274131766,378.99570082774846,382.9912168673351,386.98636150964165,390.98177406578316,394.9768618307326,398.9722363946597,402.9673332095113,406.9624828494979,410.95738680257955,414.9524871478902,418.9472685243717,422.94213996528157,426.93662182766457,430.9312196343425
9.430444e-02 2.642866e-06 9.429122e-02 2780.55 0.44727073023718694 -0.039545672148196306 0.15266951735738082 0.5635450153499694 335.3261054723484,339.32489435541623,343.323141471305,347.3211067330875,351.31968640697914,355.31771844708663,359.3164098425938,363.31474820067484,367.3134579668588,371.3118805823812,375.31073048120254,379.3092238922509,383.30802513517074,387.3064951056118,391.305251499292,395.30368382919596,399.3023394391839,403.30064326393193,407.29928718401504,411.2974496356224,415.29584624453,419.29394760147113,423.2921169030559,427.28999116452314,431.28789727089946,435.28602189510195
5.227750e-02 1.701257e-04 5.142687e-02 2771.73 0.44421727372503816 -0.03965606805840481 0.15487694054781856 0.5681031689918769 338.36192117049734,342.3489193951955,346.33549083767434,350.32265556231016,354.30948652238334,358.29670890520845,362.2836553335313,366.2711808402621,370.25813748166263,374.2455987612411,378.2326589724158,382.2201822059801,386.2071994125813,390.1945276421285,394.1816681344184,398.1689747356843,402.1558996536206,406.14304779584376,410.1299009772219,414.1170123039277,418.1035833143437,422.09037158413497,426.0767992293541,430.06328199079326,434.04936306630736
7.021722e+00 1.546980e-01 6.248232e+00 2781.32 0.44615066444508583 -0.039581726964472666 0.1553168750951828 0.5629604575722217 339.66871887811135,344.36015357610637,348.96987300968385,353.3071972053351,357.31803444526446,361.432023515885,365.8992936018066,370.56184491450466,375.23988566200836,379.7634889191719,383.9476095748493,387.93570605631595,392.197551444251,396.76964188223377,401.4576391312232,406.096586372956,410.4992362119202,414.552464488467,418.6094445307774,423.0181131004088,427.65873352456225,432.3465982148029
7.641698e-03 3.976698e-05 7.442864e-03 2773.06 0.454083842236867 -0.039621240693319404 0.15557557163426008 0.5679328761754913 335.99775324493504,340.0032924182008,344.0095591915344,348.01540435961476,352.02177547955546,356.0278896006808,360.0344218880947,364.0405678017801,368.0471960563294,372.0535214212532,376.0602630405799,380.0666201841066,384.0733021836171,388.0796863591345,392.0863499406218,396.09276447015645,400.0992510241968,404.1054758088398,408.1120363988669,412.11814563831325,416.12436556920903,420.1303911450663,424.1365126957604,428.1421436098408,432.1479939549855
1.421229e-01 7.613156e-07 1.421191e-01 2778.15 0.44829943635936237 -0.03956706140467403 0.15511512287159146 0.5639133087249709 335.38777634724704,339.38619244967356,343.38527336986203,347.38381105715297,351.38308816367237,355.38200526743947,359.3813094086721,363.3803475316497,367.3798670857167,371.3789799301092,375.3785207377175,379.37776472537445,383.37726770750527,387.37644176436135,391.3759424461693,395.3749387849862,399.37430877086695,403.3734652702276,407.37266033479807,411.37168358320145,415.37081131958126,419.36961106182866,423.36847524866346,427.36715635876516,431.36580209929514
3.334901e-02 4.444881e-05 3.312677e-02 2771.86 0.4465158372790842 -0.03961208774501299 0.15663277292944278 0.5675321646992373 338.9031155612917,342.89646733740165,346.88932302199055,350.8828725529262,354.8760433984861,358.86965867595325,362.86310022103424,366.85685301185754,370.8501839050292,374.84391332051985,378.8373821217648,382.83115976342185,386.8246225844459,390.8185076318047,394.81178216658867,398.80555165797824,402.7988521230762,406.79240866224416,410.7856609310719,414.77907016439957,418.7720634581283,422.7652500393242,426.75803419947596,430.7508401200325,434.74344652865165
1.219850e-01 3.895729e-06 1.219655e-01 2776.01 0.4498414715469339 -0.03956500397304703 0.15474625286156457 0.5639499838259135 335.6276635801548,339.62891452625496,343.63073733195876,347.6323494868927,351.6344561774378,355.6360928817273,359.6383738308371,363.6402141054306,367.64254567350247,371.6445720015006,375.6469297275168,379.6490574161677,383.6514119360255,387.6533784605964,391.6557078291652,395.65770192577514,399.6600432065367,403.66187367069375,407.6640630252104,411.66583600019885,415.66773461478255,419.66941452516187,423.671203744822,427.6724804544456,431.6740595561117
7.007936e+00 1.544418e-01 6.235727e+00 2779.78 0.4458817349235042 -0.03957970246900149 0.15478489707497106 0.564785302032752 339.6309207979527,344.3218099252539,348.9289498913555,353.26151521716946,357.26976474143527,361.387194613876,365.8575654956644,370.520752229419,375.1974379211018,379.7173147799117,383.89611931037746,387.8845203125699,392.1508319644421,396.72512225913823,401.4129938575415,406.04960062870964,410.44701489410113,414.4961200439571,418.55641086316473,422.9691957814494,427.6112073716487,432.2980806677061
2.358089e-02 1.962166e-04 2.259981e-02 2776.48 0.4443290672612399 -0.03967962911253685 0.15781166919466996 0.567586529891313 338.2790361481469,342.2649435104603,346.2505450705952,350.2366955880146,354.22246569669016,358.20884022538286,362.1947774211734,366.1812456750678,370.16740445485624,374.15379862870293,378.1400023273646,382.126398645978,386.11258728507534,390.0989635561958,394.08504048047723,398.07127415025695,402.0572696565167,406.04360408746385,410.02942657389076,414.015447899196,418.0011852441958,421.98703582730036,425.9723921644125,429.9580332177629,433.9431475843813
3.972742e-02 2.780339e-04 3.833725e-02 2780.24 0.4422763266765509 -0.039666793766775524 0.15600445241406566 0.561907584579757 338.04387176443066,342.0271911951446,346.0101602884031,349.9936441688508,353.9767925788048,357.96043731341945,361.94382603699574,365.92752040764253,369.9108800925882,373.89463704373577,377.8780193281206,381.8617966911507,385.8452853553864,389.8290481297938,393.8125049395685,397.7961943438283,401.7795027126271,405.76291237838586,409.7461456378655,413.7295377248491,417.71250276939713,421.69572024182855,425.6785857160639,429.66155406126353,433.64402186497506
7.961445e-02 1.542284e-04 7.884330e-02 2770.41 0.44593533431620613 -0.03970595618151494 0.15700288497871653 0.5676663876874931 338.4142535584541,342.4018413410905,346.38904283614556,350.37683737488464,354.3642131246256,358.35206197764154,362.3396630914452,366.3276169675139,370.31530942155916,374.3033922673377,378.2910582596017,382.27918626190694,386.26686062513863,390.2548994506531,394.24256612118313,398.23044306709,402.21793196272284,406.2057383348033,410.1931236062936,414.1808230458452,418.16816050848945,422.15556094278116,426.14257086965705,430.1298102119105,434.1166558862045
1.991443e-01 8.877532e-05 1.987004e-01 2771.86 0.44817839649204083 -0.03972983655762864 0.15613005907363323 0.5663207069434151 334.6726079473788,338.66262431058794,342.65312346222197,346.6431948889783,350.63389478815475,354.6242886371402,358.61512608512976,362.6056110825695,366.59653166066937,370.5871637246281,374.57799277283453,378.56861699901253,382.5596833893104,386.55031559524036,390.5411743088849,394.5318526060484,398.5226988985426,402.513206307634,406.5039807309786,410.4942695884102,414.4849769450439,418.4750957198511,422.4655661227978,426.45548231981957,430.44560712953614
4.140886e-02 5.779213e-05 4.111990e-02 2767.32 0.4545740288685454 -0.03961317990002573 0.15502294120487622 0.5675150890800275 336.10465681488455,340.1115778129572,344.11893042851625,348.1260819104041,352.13369188784986,356.14106632767573,360.1488673967122,364.1562715536067,368.16418191920303,372.17175684194757,376.17971080889157,380.1873914893801,384.1953261698603,388.20296727030495,392.21093726983895,396.2185164325834,400.2263583830405,404.2339158853965,408.24162321455776,412.2491060787831,416.25663506541633,420.2638451982541,424.2712317999168,428.2783178243728,432.2860853193016
2.750388e-02 1.001677e-05 2.745380e-02 2775.27 0.4508318372002151 -0.039695587034663436 0.15554077796009416 0.5683955635503513 335.20252156576436,339.19855249296165,343.1953614082217,347.1916876008246,351.18869548483053,355.18526762283955,359.1824100237604,363.17908760998176,367.17627365021855,371.17307681297564,375.1702660494351,379.1671977513775,383.1644675048707,387.161285619588,391.1584507180328,395.15533109557265,399.1524874636316,403.1492113739717,407.1462766842118,411.14288854984744,415.1396962897659,419.13616721355373,423.132849644382,427.1290732293564,431.12551593311736
3.406361e-02 5.544259e-05 3.378640e-02 2780.11 0.45353314902201447 -0.039584496406540645 0.1612110863350227 0.5636193115359646 336.08705994024973,340.0937130253329,344.1010545294282,348.1079262526175,352.11554684826285,356.1225373871426,360.1302996583345,364.1376458765365,368.1453802053872,372.15291864405356,376.1605897962251,380.16811260720954,384.1758084023112,388.1833771406494,392.1911893356996,396.1985880887602,400.2062726328017,404.2136430564219,408.2212699153001,412.22856748418576,416.2360086435957,420.24313646671067,424.25029062531024,428.2573907281867,432.2644703891763
3.268309e-02 4.391458e-05 3.246352e-02 2773.73 0.4494478935687249 -0.03972093155508693 0.15637803298373523 0.5647360917669556 334.9059089078697,338.8988020878019,342.89209290741826,346.88493133187905,350.87846877261416,354.8715453908202,358.8651790867963,362.8584824345709,366.8522188807861,370.8455096469882,374.8392170344721,378.8326166058097,382.8264270723192,386.819851876032,390.81356800383514,394.80691390247,398.8005249023939,402.7938812116782,406.78744234074577,410.78061682310425,414.7740027646131,418.7670682149369,422.7601746992633,426.7530342299901,430.7460028372438
1.485997e-01 6.106814e-07 1.485966e-01 2780.24 0.4503403750443744 -0.0396389511789656 0.15274952277968573 0.5630419479596583 335.3954644740422,339.39380421468286,343.39293209879827,347.391666717003,351.39093444420564,355.3899391571457,359.3893077999625,363.38846439627855,367.38791209320965,371.3872155781117,375.38668186629855,379.3859525324498,383.38565114444987,387.38495911157634,391.38452818625416,395.38372037653136,399.38322907387777,403.3824104700159,407.3817703161169,411.3807619619439,415.380071129204,419.3789339689315,423.3779896627013,427.37653665749315,431.37529488957244
7.758169e+00 1.505149e-01 7.005595e+00 2779.63 0.4470415818252575 -0.0396774615830228 0.15457818175746033 0.5642986704356674 334.7423412444286,339.33159913682385,344.0178141895719,348.635306880395,352.9961784809751,357.01855327755203,361.1039521649994,365.54270423647307,370.19225719544824,374.87026673056045,379.40985231726387,383.62096041619026,387.6025498225634,391.82860528219396,396.37739860824786,401.05756200905904,405.7030849657018,410.13066103776833,414.2054302065031,418.236365854534,422.6096827208868,427.23288494446473,431.9184896865811
8.672260e-02 6.118253e-05 8.641669e-02 2780.55 0.4467356075495709 -0.0396459602094128 0.15132560430761802 0.565866492615532 338.80395307708363,342.7961445782636,346.78798654172164,350.7803652867097,354.77235516680497,358.7649183053532,362.7570324259447,366.74971842570477,370.74198239596006,374.7344876431593,378.7268565121075,382.7194734996084,386.7117616492123,390.70440601379903,394.69655935270873,398.6891210966354,402.6813067331033,406.67374388309355,410.6658509955304,414.6580887052062,418.6499802325682,422.64188373243394,426.6335613943848,430.62537046621225,434.61662993521753
4.142122e-03 1.796084e-05 4.052317e-03 2774.27 0.45146987505136366 -0.03974580764423927 0.1549031979999694 0.5638441933433038 335.1073337578019,339.10241340659445,343.0979828710702,347.0933071664607,351.0891356892731,355.0846377037509,359.08056233081277,363.0762991598439,367.07236156700674,371.06814833513965,375.0642708583765,379.06008511723127,383.0563553138924,387.0520870836505,391.0481964210035,395.04402583455925,399.0400513334955,403.0357507314549,407.0317343994933,411.0272989146521,415.02299809007235,419.0183738987683,423.01397351339733,427.009150680843,431.0044628747186
6.988799e-02 7.754725e-06 6.984921e-02 2773.35 0.4504129815039025 -0.03956135428769141 0.15315957529245144 0.5695309636696598 335.7035068695823,339.7053798959553,343.70808704465304,347.7104726607037,351.7133498982935,355.7158890902454,359.7188639462431,363.72159029306164,367.7247045460804,371.727496080028,375.7306958693164,379.73356640151457,383.7368464578122,387.7396876549899,391.74279163866277,395.7456479107146,399.74864192173465,403.75143468687827,407.75439373001865,411.75704391209064,415.7597024863348,419.7620898540889,423.76481964591983,427.76690412234706,431.76908696159217
2.171909e-02 2.566576e-04 2.043580e-02 2770.83 0.4430078246189326 -0.0396729561455661 0.15894544322160709 0.566553439277874 338.1056732984569,342.08971526551784,346.0733520640539,350.0575272125168,354.04130072087975,358.02566001801625,362.00956413157286,365.99396223757856,369.9779627890603,373.9624604309572,377.94664359067355,381.9310979839275,385.9151959195259,389.89959984304187,393.88362538229876,397.86793213685434,401.8518795035737,405.8361744882488,409.8198994613561,413.80412852471466,417.78771488784577,421.77150848852176,425.75501657051717,429.7384822211682,433.721631518072
2.425562e-01 9.628072e-05 2.420748e-01 2778.15 0.44413607806450073 -0.03959507109096212 0.15681530370918342 0.5635388772748148 338.6296670101577,342.6198933772394,346.6095847310644,350.5999263039601,354.58990098483685,358.5804415791022,362.5706620567462,366.5611806795851,370.5515189530597,374.54221367843826,378.5324098590171,382.5231757389512,386.51357523003753,390.50397638412886,394.4942487555146,398.4847456806756,402.4750591611943,406.4653673366283,410.45552378686364,414.4456909920661,418.43566607981666,422.4255889754668,426.4152782742907,430.4050152474957,434.39452884212
1.811683e-01 9.952204e-05 1.806707e-01 2779.63 0.45259161087600924 -0.039503887991144446 0.1533169311115021 0.5630218573311667 336.29950308929625,340.3088213168895,344.31861789007354,348.3281402517047,352.33816801407323,356.34797398221485,360.3581398917105,364.368035849289,368.37833822479445,372.38831756643583,376.39869664737597,380.4086570035011,384.4191555276747,388.4291063346705,392.43952129416925,396.4495232889545,400.4597524225488,404.4696894770591,408.4798302923529,412.4895534788834,416.4994974412852,420.50919813295127,424.5189663100017,428.52831050620637,432.5378486716551
2.014629e-01 2.240106e-08 2.014628e-01 2767.34 0.45004149616432826 -0.03961144466529033 0.15663230137467615 0.5658496534680798 335.4510685720283,339.4500817616153,343.4498580441151,347.4492965175802,351.4492255457093,355.44874529577953,359.4488086433023,363.44861940447765,367.4488606156976,371.448698720423,375.4489386992376,379.44887276139923,383.44914535035406,387.44899282255966,391.4492198510687,395.4491904802687,399.4492546570796,403.44905211950606,407.4489447102454,411.44872598067093,415.4485373814546,419.4480331265097,423.4477001118339,427.4469175696057,431.4463405487393
2.226829e-01 1.110799e-04 2.221275e-01 2776.16 0.4567178199757675 -0.03962916845677836 0.1554634523227851 0.5673877161765434 332.33908337924777,336.3501558692599,340.3598732740948,344.37018960040075,348.38029500162475,352.390832419339,356.40107163751406,360.41186996651135,364.42217434417046,368.43299291746115,372.4435406558332,376.45437006938926,380.46491299715785,384.4757678616147,388.4862400935841,392.4972586556472,396.50773431308994,400.51855969165683,404.52895945435455,408.5395956421865,412.5499408286755,416.560342167031,420.5705506413436,424.58090802110434,428.5907891884803
1.476402e-03 2.468200e-05 1.352992e-03 2780.11 0.44682935971895654 -0.039587533553143754 0.16203414560190618 0.568459215624734 339.0473384968085,343.0424149029417,347.03703613023436,351.0322194015791,355.0270192785049,359.0224215910697,363.0175233905183,367.01284774890433,371.0080445217779,375.0035573403874,378.99873422813874,382.9942184505703,386.9892413558754,390.98470499858144,394.9798484249144,398.9752125063027,402.9701960655517,406.9655584739495,410.960437542839,414.95549725435876,418.9502668204091,422.9451887911432,426.9396311094763,430.934262086744,434.92841870542264
1.639472e-01 9.551896e-05 1.634696e-01 2775.11 0.45496202585747575 -0.03958830191427759 0.15848376114888676 0.5638412773984238 336.28168869870944,340.29070820061213,344.3003768876094,348.30950951905896,352.3193658013264,356.3288716167454,360.33873738846137,364.34846781926245,368.3584516003643,372.36813052482506,376.37831375472786,380.38813736663906,384.3982409062332,388.40795494676377,392.418128348625,396.4278409104791,400.43796651511354,404.44756065952566,408.4575256923959,412.46706325029385,416.4769239361489,420.48630830477674,424.4958621901965,428.5050477415125,432.5151148126956
7.045999e-02 4.407221e-06 7.043795e-02 2770.74 0.4510259823588441 -0.03968360626012206 0.15508172234826736 0.5666631364062977 335.2905177482725,339.287644490028,343.285440874844,347.28289198670547,351.2809022680931,355.2785238394438,359.2767395895364,363.2745602922573,367.2728382266094,371.270742510751,375.2690719908975,379.2670275939516,383.2652502597749,387.2631695311758,391.26156424286995,395.2593723062529,399.2576575684142,403.25537466983775,407.2534823777694,411.25121947353233,415.2490702086788,419.24666894970505,423.2442771428879,427.2416228775227,431.2391666002149
8.279899e+00 1.731297e-01 7.414250e+00 2780.11 0.4508882813764511 -0.039725498670539115 0.1602858555098114 0.5675199713593191 335.78600120668773,340.48771041371134,345.10378146755556,349.4318957154759,353.4376044849991,357.5749611606543,362.0725635072476,366.75314632255026,371.4351250097337,375.934571551552,380.0759713534874,384.0797452071179,388.40568717558955,393.01947914473914,397.72204680291793,402.34012022459905,406.6749266039634,410.68254002152963,414.815714753754,419.3084252442302,423.98838237845314,428.67135814944385,433.1767974210884
4.990072e-02 1.085853e-05 4.984643e-02 2780.11 0.4521558189439835 -0.03961826305878573 0.1608820744164309 0.564308983805921 335.7389755058925,339.74161130592927,343.7448522274042,347.7476187795499,351.7509452671753,355.7540194989282,359.75751929004593,363.76064779448774,367.76430363517915,371.76749662012935,375.7712554817382,379.77450244237286,383.7782281365914,387.7815630627675,391.78521845668405,395.7885766392561,399.79210455324903,403.7952751104408,407.7987327612958,411.801909523255,415.8052805447991,419.80815482485525,423.81130026237986,427.8141392315903,431.81675388797566
7.784290e+00 1.477678e-01 7.045451e+00 2778.20 0.45265096354822526 -0.03971558544503031 0.150370547755564 0.5681608469414309 335.1212745781322,339.54746710082395,344.1927420960877,348.8764696789182,353.43822169476795,357.6884670938839,361.6785948304189,365.87134594766593,370.3966482647688,375.07254862036666,379.7343025942235,384.20801757260836,388.3351259322687,392.34345300338373,396.66465450160075,401.2631684433595,405.95219379662126,410.571239636118,414.9362202043568,418.9672048417584,423.0553514680813,427.492247455407,432.1411764570944
1.586779e-01 5.162602e-07 1.586754e-01 2773.03 0.4478122455096878 -0.039541512998748495 0.15607168907920488 0.5670175104090297 335.4067047312825,339.4057344145697,343.4049904863363,347.40393297546774,351.4033435352329,355.40246242277817,359.40206505945304,363.4012830585857,367.4009271323647,371.4001824056049,375.3998357038292,379.3991907153141,383.3989804045436,387.3982950577387,391.39799146124267,395.39736337293664,399.39704006751106,403.3962692325838,407.3957110962932,411.39483162178624,415.3942817145519,419.39309446857345,423.39222185359966,427.390712137,431.3897158206666,435.3889373367637
1.932444e-01 1.015904e-06 1.932393e-01 2773.58 0.450732881914994 -0.03961296446161589 0.15580141403961245 0.5657640940865077 335.5488978997295,339.54902400790724,343.55002546510025,347.5505129896341,351.5516155352651,355.5523962296696,359.5536205459719,363.55449336677356,367.55594710647523,371.55688633868846,375.5582975624796,379.55923647666765,383.5607335577951,387.5616878116808,391.563154922535,395.56408097389203,399.56542341886484,403.56641102648695,407.5675368011435,411.56842364213014,415.5694722153731,419.57008185707923,423.5708194180008,427.57126810919726,431.5718658269725
9.696157e-03 1.485182e-05 9.621898e-03 2771.95 0.4513378998273269 -0.03973043398708931 0.15767363295941278 0.5658803318819323 335.1407865024399,339.13628951523276,343.13226687688416,347.1279982507079,351.1242267086817,355.1200799324519,359.11643884874667,363.1124293378694,367.1090093339211,371.1051160697117,375.1016903379979,379.0978612639275,383.0945027608689,387.0906249791248,391.0871553019587,395.083375918291,399.0798055159541,403.0757860140141,407.07208051221113,411.0680571666414,415.06422485804086,419.05993735175105,423.05604507351666,427.0514904659525,431.0472545384869
6.158722e-02 5.471648e-05 6.131364e-02 2777.78 0.4519076072715834 -0.03981625335892453 0.16079559054262693 0.5691765917973219 334.84727594872066,338.83915832786204,342.8316342898312,346.82390674981616,350.8165187126482,354.80884864009386,358.8016798816491,362.794117635578,366.78706663632397,370.7797046668977,374.7726975524521,378.76530020365493,382.7583240174289,386.75102673212086,390.7439906221361,394.73660575443495,398.7294866464734,402.722008491331,406.7148359411861,410.7072975254134,414.69983590012197,418.69206127223214,422.68447001307703,426.6764655162682,430.6685999978866
7.601395e+00 1.568334e-01 6.817228e+00 2780.24 0.4437857888674253 -0.039643382925610676 0.15311267132896855 0.5675668978608063 338.9384974682894,343.6190486619792,348.23393405259526,352.59596986346895,356.61770566172186,360.6929930172269,365.12089315042493,369.7630125663614,374.4365333002502,378.97529416340393,383.1889860248334,387.1659815539939,391.3797682290022,395.91872306335455,400.592488007593,405.23494796182786,409.66412759284356,413.7404672354916,417.76210163074086,422.12301956092153,426.7376049979808,431.4181589732843,435.99996657516795
2.141224e-02 3.998309e-05 2.121232e-02 2777.78 0.44964183260971147 -0.039715333830148546 0.15770420383564943 0.56906209153373 334.93746017952725,338.9305648345233,342.92413347033727,346.91740827058777,350.91126329155605,354.9047099268932,358.89868495027883,362.8922613097243,366.8862839878333,370.87995813467666,374.87407122961645,378.8677220290701,382.8618193520942,386.8555812822083,390.8495935050484,394.843319901903,398.8373001265247,402.8308588917776,406.82469891488176,410.8181442873457,414.81189101312987,418.8051939918088,422.79866244446777,426.7917941237568,430.784940599319
1.790433e-02 4.752932e-05 1.766668e-02 2780.11 0.4529735625621518 -0.03957485497143267 0.1609641908477606 0.5646949184784161 336.0410721355106,340.04729915036916,344.05393094083286,348.06037579320554,352.06730720439714,356.0738614947982,360.0809878296795,364.08773913076453,368.09496935913893,372.1018171542741,376.109131719024,380.1160687807134,384.1233212603673,388.13026351542493,392.13747149463495,396.1444202759731,400.1516508245164,404.15840629979743,408.16548326146057,412.1722050214702,416.1791576527812,420.18564027548524,424.19231765084794,428.1986167044271,432.20523618704834
2.248346e-02 1.971614e-04 2.149765e-02 2769.74 0.44457295621729154 -0.039690558364582865 0.15969857427320305 0.5665685616889089 338.2741836043139,342.2600834294977,346.24572476318565,350.2317555817875,354.21755155026773,358.2038830581104,362.1897714572034,366.1760967583485,370.16215890528133,374.1486011966844,378.1347242036505,382.1211246428527,386.10726877522893,390.09365672401015,394.0796421862867,398.0658814331341,402.05186701064486,406.0379731594262,410.02385746145575,414.00991062915654,417.9955111072205,421.98133459664695,425.96683950714726,429.9523826844156,433.937442293904
8.649482e+00 1.627603e-01 7.835680e+00 2778.11 0.4435184584040964 -0.039505700837741485 0.16598283147733078 0.5668758164970772 336.39340442887425,341.00228857088075,345.3013601912469,349.29293760856063,353.47243388039277,358.00929720543854,362.70879224627095,367.38278536682975,371.83550154752476,375.9155286406135,379.9581321125319,384.3630221657228,389.0204053080985,393.7265449528149,398.29976733338754,402.5330654615726,406.518747563129,410.76195329797565,415.3408637538393,420.0478707645559,424.70150814659183,429.09729455300504,433.13383493994445,437.2224960078265
2.172177e-01 1.081555e-04 2.166770e-01 2770.87 0.4543016649927372 -0.0395531842151884 0.15578777448048245 0.5638926518463522 336.3352839241026,340.3448805102154,344.35513819402337,348.36507217620425,352.3754692906578,356.3855723806751,360.39625252490146,364.4064423180348,368.41719093217677,372.42755474683344,376.43827821432393,380.4487252727429,384.45948686055203,388.47001778015715,392.4807089005759,396.49114304393873,400.50186422395467,404.5121681600763,408.5227294766315,412.53292014375114,416.5432415902804,420.55335589140213,424.5634893319701,428.5733344647551,432.583685808572
1.797550e-01 9.982510e-05 1.792559e-01 2783.33 0.45316161716312486 -0.03952254162642597 0.16100547388645078 0.5627292128032516 336.29820737818596,340.3073770909038,344.3172202005528,348.32661700759525,352.3367325085335,356.346313664132,360.3564547396672,364.36633634298096,368.37667065768755,372.38661091234326,376.3969257343001,380.40693290812516,384.41723123877506,388.427341275831,392.43763533128003,396.4476472329278,400.4578882085194,404.46778287672583,408.47800537965713,412.48773357958237,416.49777867809365,420.5074912434015,424.51725988467086,428.5267629276973,432.53643681358835
6.008008e-02 5.186518e-06 6.005415e-02 2769.88 0.45103573320017315 -0.039690206286368185 0.15629066960295757 0.5645419644126323 335.27229859652175,339.26929628340713,343.2668429408512,347.2640716434456,351.26190571167086,355.25938308938834,359.25738205897727,363.2549874915403,367.2531226270539,371.2507193932661,375.2488887347925,379.2467068307183,383.2448731281661,387.2424969070071,391.24056695701114,395.2383830584751,399.23641445369526,403.23408837827304,407.2319577054762,411.2294859224054,415.22718077896354,419.2244785151571,423.2219988787388,427.2192000417405,431.21658844101745
3.504990e-02 8.691038e-06 3.500644e-02 2777.78 0.45156778910127304 -0.03971469492506868 0.1609158110799057 0.5693256688535981 335.221587287198,339.2179812064563,343.21488960943555,347.21143592295954,351.2085818268082,355.2054446357872,359.20275851119004,363.19973609535026,367.1971234669856,371.19420317616124,375.1916920901841,379.18871567922037,383.18615196871417,387.18331639142946,391.18073450807805,395.17779211339166,399.17526143544507,403.1721663487993,407.16940464104573,411.16632379351734,415.1632867286269,419.15998476004637,423.1567475790589,427.15323504026776,431.1498332977452
3.841451e-03 2.758402e-05 3.703531e-03 2777.37 0.44776807215916864 -0.03963498950757769 0.16200274804396814 0.5632123996458894 335.018695673711,339.0132281832794,343.00785856905236,347.0021370059197,350.9970678126676,354.99155961264296,358.98654069773943,362.981214288695,366.9761638559829,370.97099397375246,374.96609113782574,378.96085227682727,382.95605803411365,386.9508592041586,390.9459940579443,394.9407906701811,398.93583625913806,402.9305569549877,406.9255127675024,410.9201446270254,414.9149796212212,418.9093390215462,422.9039235243625,426.8980819506378,430.89243191757816,434.88719129848823
5.647747e-02 6.456476e-05 5.615465e-02 2774.83 0.45230768352173306 -0.03953408857470083 0.157998030443048 0.5612697694671169 336.133745126685,340.14119654348184,344.1490538031274,348.15655435600223,352.164629182549,356.17242738999,360.18069722342887,364.1886671048638,368.19701524156875,372.20501047270227,376.21335648503657,380.22144606264055,384.2298296717041,388.2379663054947,392.24636771181946,396.25440958748663,400.26272746395114,404.2707177284981,408.27883953863187,412.286753078883,416.2948867573196,420.3025407409364,424.31037163327505,428.317843526103,432.32530544264534
1.484610e-02 2.117741e-04 1.378723e-02 2777.78 0.4445772882177695 -0.03970156032650448 0.1651088567244702 0.5654682446002897 338.22777828164294,342.2131680920611,346.1982750075692,350.18383525709174,354.1690175702995,358.1547113706143,362.14014718340314,366.1259242735051,370.11147378062986,374.0974571938633,378.08294915415786,382.06890535213097,386.0543941240349,390.0403548869375,394.0257145775932,398.01154390636225,401.9969309698076,405.98272387269844,409.967968397456,413.9534408954782,417.93866904388346,421.9239985171425,425.9090155859974,429.8939876411105,433.878520331237
1.610522e-01 7.987549e-05 1.606528e-01 2780.11 0.44263581341363945 -0.0395137676677194 0.16157328989346895 0.5699650285095924 338.71013456322646,342.7012412193842,346.6919746011463,350.68314389430986,354.67413161413776,358.66551373852,362.6566007456179,366.64817270496144,370.63934083094995,374.63091742052615,378.6220222027804,382.61348287437085,386.6047701672304,390.5962024526128,394.58734522978114,398.57884964435135,402.5698510317547,406.5611675647388,410.5521499731327,414.5431831718276,418.5340045244788,422.52483840188313,426.51529688321347,430.5060350883061,434.4962192389215
1.442824e-01 9.240802e-05 1.438203e-01 2773.89 0.4583380051407252 -0.03970756231520654 0.157682601638669 0.5633068710939527 332.2590022274995,336.26829951244383,340.2770887324001,344.2865260247448,348.295489478719,352.3051515840631,356.31439527082387,360.3242675017894,364.33365462760753,368.34343813019666,372.35300182340575,376.3628954575951,380.37247405545077,384.38247538221975,388.3920951722079,392.4020824912089,396.4115732856482,400.4214236086092,404.43095178273023,408.4407210424152,412.4500608418133,416.4597097393764,420.4689748764758,424.47830773986,428.4874226992147
3.613780e-03 2.607987e-05 3.483381e-03 2771.66 0.4495055937504653 -0.039486653967157184 0.15814488204925747 0.5667892180852154 335.8929900281271,339.8976449558012,343.9026145282298,347.90730121697254,351.9125077126401,355.91742602119825,359.9227756957262,363.9278227289375,367.93319478747065,371.9383895454369,375.94382345017243,379.9489978074669,383.95456407201,387.9597051004669,391.9651102007332,395.97019857254804,399.97563870091307,403.98055179821336,407.98593331289504,411.9908629953356,415.9959816159656,420.0007239808585,424.00568270524025,428.01015509386616,432.0147928734901
1.736430e-01 1.458454e-06 1.736357e-01 2783.33 0.4528250043740524 -0.03967800125053562 0.15815114762249202 0.5680847161492016 335.56929741660963,339.569831550341,343.57084876397647,347.57163172218395,351.5728984139892,355.57388551052577,359.57533463866184,363.5764291287707,367.5779745569304,371.5791986620053,375.5807276804872,379.5820294828555,383.5836945302763,387.584932464612,391.58654454253116,395.5877273044486,399.58917338074065,403.5902841298589,407.5917553556278,411.5927266551126,415.5939923991112,419.5947434920471,423.5958149961596,427.5963958643626,431.59720958026855
1.826483e-01 1.469952e-06 1.826409e-01 2780.11 0.44852436455154415 -0.03953482727155723 0.16429618479611788 0.5622748323314304 335.5587705802592,339.5592092237727,343.5603401396226,347.5609932384601,351.5622872869393,355.5631963194973,359.56462828026235,363.5656835287278,367.56722023462015,371.568486174426,375.5700789958137,379.5712958314449,383.5729884787614,387.5741750062846,391.5758569725617,395.576893316744,399.578617980098,403.5796149422534,407.5810122575343,411.58205253226527,415.58331022991433,419.58411407454736,423.58512726385874,427.5857405232278,431.586595249238
2.275037e-01 1.252122e-04 2.268777e-01 2780.11 0.45603143623015024 -0.03959377428020577 0.1600664600089494 0.5658762485493386 336.40233780637806,340.41282065362884,344.4238022625304,348.43440685086773,352.44566181818186,356.4565592315044,360.46785436078454,364.47896639827025,368.49042284756115,372.5015193962938,376.5130327014488,380.5241597142249,384.53571247140934,388.5469834752414,392.5584977332181,396.56968443178727,400.5811062711104,404.59216533488114,408.6034933330588,412.61443167514534,416.6256143256904,420.6364275830203,424.6473446003129,428.65806588978404
4.365499e-02 6.729946e-06 4.362134e-02 2777.70 0.44586706290067224 -0.03951522774983529 0.1632351568990588 0.5622180702848453 339.23856472426036,343.2358688018895,347.2328863392601,351.23028385060564,355.22751809278486,359.2251869501471,363.22250311098105,367.22024584419285,371.21763245766846,375.2155082193414,379.2130807345108,383.21088109653067,387.20843438632306,391.2061790063924,395.2036998753061,399.2015197436134,403.19874691670185,407.1963733100387,411.1936839788714,415.1911291446134,419.1881800631051,423.18547141174696,427.1823684420571,431.1795036751966,435.1763283650539
7.909878e+00 1.686350e-01 7.066703e+00 2780.11 0.44575285466276043 -0.039705008512243026 0.16060205074300413 0.569791531373334 335.28880362669895,339.977161380858,344.5253245813625,348.73383432048246,352.7127323961252,356.9538135477943,361.5215951196242,366.2130244619098,370.8534732201808,375.2448296132661,379.2808980258177,383.3492329032559,387.78256174647436,392.4381616790705,397.12540430062836,401.6647021431837,405.86177767189264,409.8414909856716,414.096316557412,418.67079262243794,423.3639178093821,427.9995154989471,432.38106243052994
9.841093e-02 1.423970e-04 9.769895e-02 2774.10 0.44374532057041777 -0.03962655037539093 0.16465486079044586 0.5603062042758158 338.44309343755396,342.43106055832914,346.41868426397923,350.4068874177603,354.39481569743793,358.38319535460573,362.3712108129917,366.3595871647763,370.34765979397,374.3362480141929,378.32430089138336,382.31283881393745,386.3009391837931,390.28946228376924,394.27761520960917,398.2659910514135,402.2540792337693,406.2423909903635,410.23033661277424,414.2183878730729,418.2061888548216,422.19407517567134,426.1816578680428,430.1694038582996,434.1567759854221
9.771032e-03 1.394213e-05 9.701321e-03 2780.24 0.446579443717805 -0.03956948046859682 0.15713195228461202 0.5581282197018022 339.1390046889101,343.13512532391843,347.13099464580006,351.1273924231529,355.1234427072157,359.12004200100154,363.1162707962083,367.1128628657399,371.1091715858379,375.1057667205674,379.10210490283777,383.09885676242743,387.0952221679189,391.0919584680392,395.08811772808434,399.0847935615954,403.0810853427177,407.07762507588933,411.0737635757512,415.07014585280535,419.0660401042274,423.0621956551192,427.05795718490424,431.0538265304604,435.0492850642668
1.397688e-02 2.014086e-05 1.387618e-02 2769.09 0.45218646509681787 -0.039602977095420294 0.15859175981722654 0.5592613828780516 335.8335525367038,339.8373225837141,343.8417333855237,347.8456379436706,351.8502992950016,355.85445466275564,359.85912807149424,363.8635215841142,367.86831540847373,371.8727224873188,375.87759040030886,379.88216971107494,383.8870102368749,387.891526820968,391.89629747495854,395.9008085981241,399.9055754032556,403.9100441764763,407.9146643138554,411.9190654234954,415.92351404137474,419.92766297505904,423.9319865250867,427.93600092376994,431.9398761111945
7.919362e+00 1.633030e-01 7.102847e+00 2770.09 0.446523508797459 -0.03972154926322433 0.16033417362957492 0.5615234102991556 335.03129599941366,339.718569278256,344.36004938053884,348.7624590340227,352.8098989368473,356.8644116396924,361.27777404497755,365.92232733762825,370.6089643163388,375.1632302953143,379.39028606542763,383.368917175845,387.5880275800698,392.13766618972,396.82359085448303,401.4713694059429,405.8927690513788,409.95458507495897,413.99594953256457,418.3904599959869,423.02847230966097,427.7167638384007,432.28437334847547
8.717439e+00 1.831329e-01 7.801774e+00 2783.10 0.4500486318249899 -0.03951076675184592 0.1623372257141449 0.5620278823730608 336.65529062174375,341.3688554546732,345.98477413162556,350.29923954296873,354.30619257281984,358.4777032229745,363.0058932366525,367.70395619895555,372.3919017915557,376.88211719146125,381.00952297433975,385.03502529743935,389.39868428119877,394.03714568101043,398.7516290502145,403.36785994951,407.68503632492644,411.69214202386416,415.86307913163154,420.38931581549105,425.0877188641618,429.775942999054,434.26908381441234
8.019803e-02 7.381601e-06 8.016112e-02 2778.11 0.4501673434183776 -0.039562513435965306 0.16593355618879357 0.5622403734670857 335.68585606348614,339.6877511731293,343.6902333127649,347.69251633679687,351.6952355341368,355.69755846638554,359.7003994637524,363.70303430056845,367.70610029913956,371.7087145381964,375.71189551911334,379.7146204486866,383.7176955085644,387.7204011160813,391.72349327301333,395.7262629673663,399.729302251584,403.73193297216966,407.73487286020037,411.7373428117237,415.7400307622897,419.7424032188637,423.7449560113583,427.7471585164791,431.74944995280794
2.913035e-02 4.238068e-05 2.891844e-02 2780.79 0.45000605961504314 -0.03973835199559879 0.1611801432247041 0.563857399166188 334.91506863578013,338.90777004024517,342.9011290956365,346.8941332868077,350.88775819042763,354.8809794000101,358.8747665716165,362.86802513135103,366.8618532974333,370.8553653065006,374.8493361611409,378.84275321385115,382.8366736186737,386.8302215767177,390.8240710104112,394.81759953242323,398.8113371739727,402.80486000606743,406.7984466434825,410.7917271744351,414.78525948035997,418.77833677123976,422.77160028948987,426.7646057189037,430.75763107406084
8.443632e+00 1.815487e-01 7.535889e+00 2777.78 0.45043760149544465 -0.039613923908140156 0.16293751824293218 0.5657838510665144 336.4659522632602,341.16634813418904,345.7108326095526,349.9037249086181,353.8999683588935,358.1867117528744,362.7878190587969,367.49780746897324,372.1419863187721,376.51832719731044,380.54851812791514,384.65754744341797,389.1341459461305,393.8156848394677,398.5139342059211,403.0454464204867,407.22232290537255,411.22225454567894,415.52765705753626,420.1375559584782,424.8490211770512,429.4857056363144,433.8471502480025
1.913102e-01 1.157472e-06 1.913044e-01 2776.13 0.44427737637160475 -0.03938837092947073 0.15927915219908975 0.5605513600562441 339.5489231679531,343.5499796993557,347.55065012357056,351.5518630806307,355.55267353564204,359.55403556273427,363.5549944149335,367.55652273706204,371.5576238327427,375.55919750357583,379.5604171475381,383.5618818500188,387.56305287764394,391.5646478613046,395.5657254780582,399.56704926753946,403.5681341204559,407.56933102883704,411.5704063083949,415.5715209559847,419.5723139200603,423.5732749344066,427.57384292784604,431.5746070728932,435.57478755270137
2.155994e-01 7.254174e-09 2.155994e-01 2771.96 0.45149946572362915 -0.03966496660485216 0.15970450550508772 0.5602517683704139 335.4641295435403,339.4634340129725,343.46332527398005,347.4627734184142,351.46291077225123,355.462740662592,359.4630333813476,363.4629563187903,367.46334810425526,371.4635108152391,375.4638675112943,379.4639621313029,383.46439888710574,387.4646506764927,391.46507014232463,395.4651243162019,399.4655111249901,403.46554743044567,407.46580951393963,411.46576345651465,415.46575215276505,419.46552083961006,423.4653848392056,427.4650345083742,431.46457943110227
1.489570e-02 2.596365e-04 1.359752e-02 2780.11 0.45321119423770945 -0.03940093754022439 0.1603045672059621 0.5646782226341274 336.8140067614379,340.82932189189165,344.8453327570708,348.86094157778837,352.87716553527423,356.892877139218,360.9091750687315,364.92506042696687,368.941473474961,372.95760197540034,376.9740767085502,380.9902411420341,385.00673270059116,389.0229206649392,393.0393583963032,397.0553455645831,401.071835263825,405.08782453781595,409.1041125930943,413.1200602826443,417.1362166931382,421.1519429733086,425.1679059679639,429.18337379247396,433.19941178088794
8.832754e+00 1.856379e-01 7.904565e+00 2769.42 0.44573959387454026 -0.03929886217948496 0.16314882178251738 0.556919160845281 336.9034061012861,341.621050987459,346.25179578063165,350.592858585824,354.6113508243302,358.7639382714998,363.27777410115544,367.9743478419701,372.67164350832167,377.184926540434,381.3389128436009,385.3566609800043,389.6983627347063,394.32830907039477,399.04658964860624,403.67942765753605,408.0273305474948,412.0477639818999,416.19594115837384,420.70474157307706,425.4006249761488,430.09894928922023,434.6180984297472
2.414133e-01 2.804082e-07 2.414119e-01 2780.55 0.44553155091023844 -0.03944684298477167 0.15595306868571554 0.5588173953888284 339.501544769701,343.5019730750582,347.502176709241,351.5027204946155,355.50304636001755,359.5038897244978,363.5042978559356,367.5052406554774,371.50594610993915,375.5068126062797,379.5074223040303,383.5083986723245,387.50906386637297,391.5100159095153,395.5105562943127,399.51137897078405,403.5118582188284,407.5126783152991,411.5130583450994,415.5136228117617,419.51387743655,423.514414232108,427.5143340612098,431.5144795357533,435.5142907345613
1.847577e-01 1.143378e-04 1.841860e-01 2771.59 0.4391778397107528 -0.03943055680641353 0.1610508943081798 0.5635397657860394 338.55392067045403,342.54307983497864,346.5321595301029,350.5216626146106,354.51091991158603,358.5005972893513,362.4899445036393,366.4796391207997,370.46903454683024,374.4588323737503,378.4482465768189,382.4380831563915,386.4276303562164,390.41744395334035,394.40671485232514,398.3963794419658,402.3857459458963,406.37527579296335,410.36453165088153,414.3539563223695,418.3430826915212,422.33221301663326,426.3210287068166,430.31039937176246,434.29842951100585,438.28748743736617
1.889587e-01 1.204635e-06 1.889526e-01 2774.36 0.4466878054037589 -0.03947430337797207 0.15850601118230503 0.5604513110535176 339.551476668888,343.5525033900272,347.55311391648587,351.5543918365797,355.5553123229719,359.5566388068835,363.55767485596306,367.5591917685281,371.56030312419546,375.56185726104934,379.56305438578835,383.5645259815463,387.56565577563254,391.5671688620622,395.5683681223287,399.5698065546874,403.57086028472366,407.5722534644026,411.57320154734526,415.57430264868907,419.575125366486,423.57614198492354,427.57674077455107,431.57750214581756,435.5777745755343
5.276126e-02 5.928162e-06 5.273162e-02 2776.56 0.4522939190740153 -0.039738923253888815 0.15567859948379453 0.5634875485953027 335.25871672546947,339.2555185047723,343.2529984123976,347.2500822537258,351.2476863859801,355.2450026787726,359.2428697685773,363.2403135537929,367.23818098548276,371.23557714534616,375.2336239087965,379.23118351964854,383.22925719569514,387.22685897419154,391.2246850959752,395.2223225144348,399.22013751838386,403.2175852031244,407.21535988311655,411.21280534823813,415.2104092137869,419.20756570794373,423.2049385579889,427.2019695960676,431.19900198369567
1.434861e-01 2.704232e-06 1.434726e-01 2778.24 0.44996676340728614 -0.03957328777172921 0.15532276689057473 0.5656499899688527 335.6020661027987,339.6028769455441,343.60447186314053,347.605644194363,351.6073543191852,355.6088149528556,359.6106060363224,363.6122329145581,367.6142149275415,371.61589821899645,375.61793404303904,379.6196376614666,383.62171285143535,387.62339526460215,391.6254657325695,395.62713543502167,399.6290094980121,403.63059603975745,407.632448318835,411.63392601551755,415.63549289099666,419.63672891912734,423.6382024911466,427.6391895947755,431.64048713124055
7.381408e+00 1.587716e-01 6.587550e+00 2780.55 0.438541379679136 -0.03957554964388302 0.1576039580404045 0.5598979551588796 338.8133278102142,343.48126853381325,347.9948249108959,352.16907183091547,356.14294294785134,360.3937306644453,364.95459600863535,369.631529305282,374.25483580690377,378.6363016073233,382.66769479566403,386.72228287918915,391.13140244981577,395.7664355632394,400.4401677235956,404.98400658062076,409.2035679627083,413.1757129511765,417.3796667108763,421.9138149934492,426.58566319392247,431.2254566276527,435.647874288816
7.896855e+00 1.696004e-01 7.048853e+00 2780.11 0.4452640765657984 -0.03971124061202592 0.16453752340941696 0.5630756860045004 335.46525797533843,340.13350782406405,344.597395076115,348.6927619360074,352.7093932169352,357.07298967217423,361.7043021305454,366.4000706707629,370.98434617373283,375.2508664114242,379.2323760101258,383.42002330982655,387.9567369585403,392.6449873118281,397.30465367540916,401.74081644649897,405.8109680350781,409.84644016637156,414.2411061850413,418.88437254550115,423.57857028429146,428.144411831496,432.3802636063703
7.226891e+00 1.471725e-01 6.491029e+00 2781.32 0.4538791246733374 -0.0397725420004705 0.15644555705868096 0.5546695232622925 335.2757829271583,339.7955423563454,344.4742514222243,349.14102174650907,353.62324441984237,357.7553212124373,361.76372437482854,366.08374179688553,370.68578156436695,375.3778220541991,379.9992569372989,384.3607783397969,388.3896509604048,392.4847567192716,396.9325938434274,401.5880418791191,406.27358515481814,410.8226300858191,415.04891431262627,419.0377649597903,423.26221146328567,427.8100583633287
1.582937e-01 3.889205e-07 1.582917e-01 2775.33 0.4503178626476943 -0.0396346355790627 0.16070912863158324 0.5625974786952841 335.40624929748617,339.4047053576482,343.4038582452025,347.40280170112794,351.40218236698774,355.4011997413581,359.40078408755113,363.40004236855674,367.3996962506235,371.3990009072167,375.398859051602,379.39819774818204,383.39794556493206,387.3973614740116,391.397103321138,395.39655211947024,399.3961604792454,403.3955113951276,407.39502253195025,411.3942522445877,415.3936001554908,419.3927023432554,423.39186630612926,427.39065328796715,431.38958654342827
6.562406e-02 5.322752e-05 6.535792e-02 2772.91 0.4453522787698878 -0.03959491921434138 0.1610244420061161 0.5590343085464137 338.836492964691,342.8291498278135,346.82135046440465,350.814136615489,354.80663849792717,358.7996642679838,362.79233466194154,366.78540271946946,370.77818651678615,374.77133833042564,378.76406623375675,382.7572557502522,386.74990013774095,390.7430631690857,394.73585627808393,398.7288704341846,402.721595149471,406.71459101759115,410.7071085574798,414.69994194062457,418.69239062094414,422.6849167043805,426.67718909290056,430.66943230835733,434.6612290512673
5.759320e-02 6.466697e-05 5.726987e-02 2780.11 0.45450897832314885 -0.039605602615229246 0.16067382305334182 0.5644925530369852 336.1365904731708,340.1438480276195,344.1517169589991,348.15915633405183,352.16722116857716,356.17499517461147,360.1832565840546,364.1910531132347,368.1994684059496,372.20741171912994,376.2157700780632,380.22378073264207,384.23228833305564,388.24031610051895,392.24879417988996,396.2567129634789,400.2650527842262,404.27294858388734,408.28121511885325,412.2889397602694,416.2970686335384,420.3047558187951,424.3125945106609,428.32005954828657,432.32836760432593
5.384382e-02 5.452803e-06 5.381655e-02 2773.93 0.4499075890488391 -0.039658589276018556 0.15752638085926401 0.5595026398669516 335.26005644146187,339.25692008034173,343.25441185568314,347.2516140336516,351.2493398813022,355.2467475489313,359.2445941816646,363.2421502959305,367.2401150747993,371.23774742473273,375.2358435071442,379.2335430283415,383.23157963860746,387.22935992030085,391.22735532754393,395.22499706769213,399.2229763966218,403.2205048914036,407.21834497419223,411.21581469825884,415.2135835906295,419.2108258421224,423.20830656338177,427.2054374981905,431.2026765975937
1.177704e-02 3.414143e-05 1.160633e-02 2777.56 0.44661597447381757 -0.03960303013233183 0.15664155528341758 0.5649685927895155 338.96951162335984,342.96366318226404,346.95744417256424,350.9517822109453,354.9458373863184,358.94022700798274,362.9344927007714,366.9289670769012,370.92317251917274,374.9178527423319,378.912056591987,382.9066787111288,386.9009305579401,390.8954347063667,394.8897016380409,398.884269661223,402.8783549894987,406.8728306916981,410.86678451767074,414.8611255019172,418.85487044296485,422.84893047601315,426.8425020956157,430.8362906303095,434.82960430105044
1.303671e-03 2.317619e-05 1.187790e-03 2771.73 0.4498949403979094 -0.03969861873150426 0.1538344685207879 0.5661944272792565 335.0613339534275,339.0558731568991,343.0509935497346,347.04566617246115,351.0408670671707,355.03589524255716,359.0313650589437,363.02646818243596,367.0220053195162,371.01719278025087,375.0127764976657,379.008036999249,383.0035903855534,386.99885742871265,390.99439474436696,394.98957457007543,398.98507992285545,402.9802620891491,406.9755193943453,410.97051900503124,414.9656924461558,418.9605882180141,422.9555518792509,426.9500834824796,430.9448434521418
7.906296e+00 1.496205e-01 7.158194e+00 2780.55 0.4526684850263525 -0.0396404935039742 0.1509541626505945 0.562765723852789 335.43366840980593,339.8002937224868,344.4224286805594,349.113845831883,353.7177239790631,358.04538724870315,362.060395897274,366.1857076122268,370.6586350106725,375.32112423929095,380.0022387716001,384.5366404539353,388.74435502659946,392.7369299664118,396.98012044194553,401.53690836012936,406.22306983541216,410.8760759877754,415.32131793124046,419.41767165775076,423.44962792327976,427.8106402796645,432.4298140702348
1.952379e-01 5.378316e-08 1.952376e-01 2778.42 0.45066540016606926 -0.039633488918486275 0.15899761681386415 0.5665326805614731 335.4452534829507,339.4441593576418,343.44385466852464,347.4430253427367,351.4430712228159,355.4424714809505,359.4424548776399,363.442076291371,367.4422571654933,371.4419456078123,375.4420757407814,379.4418995762632,383.4420977966873,387.4418023122181,391.44195347659075,395.4417794624057,399.4417471770315,403.44157213056906,407.44148368924283,411.4410511269512,415.4408903690127,419.4403073031674,423.4397709845368,427.43902617102776,431.4383378526689
6.435561e-02 6.737924e-05 6.401872e-02 2773.75 0.45539372071119977 -0.03963286904365033 0.15224713853327893 0.5656671509470022 336.15291544374764,340.16031916471997,344.1684460461699,348.1761369584481,352.18438629493244,356.19230358001835,360.2007010386803,364.20880677302233,368.21730208739825,372.22543216481074,376.2339968838712,380.24221097694556,384.2509082341161,388.25907095219617,392.26748677922126,396.27572964531095,400.2842702400896,404.2922719362507,408.30069769826974,412.30868789296136,416.3167433946485,420.32465339219294,424.33257629686415,428.34018107869554
6.992729e-02 1.585973e-04 6.913430e-02 2780.11 0.4447107973073466 -0.03966491893936577 0.16336002124981577 0.5673327240012696 338.3971228613288,342.38454197242726,346.37153488593697,350.35913898673016,354.3463228908175,358.3339806822655,362.3214267580038,366.30912919246686,370.296618599013,374.2844828531933,378.272001465839,382.2599108587365,386.24744708886374,390.23526647194996,394.22269920611126,398.21046742995696,402.19790280790244,406.18546330371356,410.1727698677688,414.160159066479,418.1473384015605,422.1346332440568,426.1215123441192,430.10850073110004,434.0950923406452
2.421658e-01 8.670938e-08 2.421654e-01 2780.11 0.45381728283538425 -0.03973466166902765 0.1608652638668172 0.5648916523879709 335.489149176749,339.4887468458375,343.48887780696725,347.48861924426245,351.48900698177687,355.4890341507015,359.48953472011135,363.4896977926522,367.4903270650909,371.4906636588626,375.4912125684307,379.49166243712597,383.4923328899056,387.4926855456692,391.49325252964206,395.4936333006138,399.4941115406893,403.4943694715293,407.4948016562711,411.49493087555925,415.49522874714717,419.49514967660804,423.4953915902758,427.4950224778563,431.494975043945
1.978843e-02 2.846458e-04 1.836520e-02 2771.40 0.4583543993714241 -0.03956610664042758 0.15748210917162825 0.5617581891075737 332.8589187374947,336.87550963147396,340.8915518193875,344.90823198455064,348.92448476413995,352.9413547299384,356.9579074020324,360.9748715124327,364.99156260081185,369.00869274505004,373.02543841723747,377.0426856984714,381.05954841215174,385.07669529874556,389.0935538140619,393.1108157645202,397.12759081600086,401.1447087942945,405.16150628965045,409.17850561569463,413.1951165459003,417.2120735999042,421.2284726719971,425.2451935282822,429.26151536488715
2.515939e-02 1.571221e-05 2.508083e-02 2779.36 0.4507247545325137 -0.0395548582011545 0.15231937154091282 0.5652542840783635 335.7971756101329,339.8002722676641,343.80419936522975,347.8076698943352,351.8118266528913,355.81552258280584,359.81969025129825,363.82362091131455,367.8279173996945,371.8318740021862,375.83619020822954,379.8402061345362,383.84456651612516,387.848505905085,391.85274686484377,395.8567945894704,399.8611934344193,403.8650822505487,407.8691345785126,411.87293517601205,415.87685737189025,419.8804928179678,423.884251879962,427.88763805585234,431.8911759621094
2.678923e-03 2.756324e-05 2.541107e-03 2771.50 0.4510805292759382 -0.03974590743189918 0.15208866843720306 0.5689352450124696 335.02945115039444,339.0234051431438,343.0180776816634,347.01235931986696,351.0072388986506,355.0018007959179,358.9968939913367,362.991479190888,366.9866286638764,370.98148052404036,374.9765245551401,378.9713497185307,382.96651232842237,386.9613425699558,390.95647198931084,394.95133255587194,398.9462920493533,402.94095507185574,406.935828240433,410.9304056501875,414.9250958210529,418.9195442511188,422.9140737676642,426.90820187154293,430.9025520386559
1.462685e-03 2.466260e-05 1.339372e-03 2774.16 0.45198678072181564 -0.03977386332498744 0.1549713570130789 0.5670778530804536 335.0508496027653,339.04520079109,343.04009749561266,347.03461954628176,351.02978199245905,355.0245322507004,359.0197820814436,363.0147388534647,367.010144528477,371.0051597384101,375.0005805470686,378.99560561981497,382.9911241238414,386.9862001516784,390.98152005139957,394.97664295724445,398.9719742338393,402.966933884292,406.96218410947506,410.95700707586496,414.95204457727544,418.94672390766806,422.94155598317155,426.9359784548001,430.93045434820664
6.479326e-02 4.688379e-06 6.476982e-02 2771.12 0.45142795925878343 -0.03970223330383192 0.15719818412490064 0.5644040693988266 335.28063272238313,339.27759037101424,343.27531881427126,347.27267936060787,351.2705555313179,355.2681317433187,359.2661872633262,363.26389564038516,367.2620956855961,371.2598931012351,375.2581511861502,379.2559604469539,383.2542747242154,387.25222659097943,391.2504416154366,395.24818568141865,399.2463291643884,403.2441013766197,407.24206746222626,411.23966959194803,415.23765923458757,419.23504590802565,423.23260202524335,427.22984346234585,431.2274622044104
2.825827e-03 2.855154e-05 2.683070e-03 2780.11 0.4568363575384395 -0.03974184599593019 0.16072779250549557 0.5625979015838943 331.9020812433695,335.9078370957738,339.9122745971652,343.9174759187573,347.92227964774673,351.927545655495,355.93251962865986,359.93803665675455,363.94327089378606,367.9488155209942,371.95403967657086,375.95978110752407,379.965073398586,383.97064446667935,387.9760127357355,391.9817093554906,395.9870411085713,399.9926635064368,403.99781751021624,408.00332142992863,412.0084567313926,416.0138567286529,420.01869017703234,424.02386956083586,428.02873826259867
1.845619e-03 2.097349e-05 1.740752e-03 2775.20 0.45261854121513984 -0.03979120935053941 0.15381682399622623 0.565095334919475 335.08122736392653,339.0760173750978,343.0713166690807,347.06628427756465,351.0617469531125,355.05700883564714,359.05267954823057,363.0479673677117,367.0437277927556,371.0391214155734,375.035027594261,379.03038639354475,383.026260171589,387.0216839001033,391.0175651301875,395.01293011097124,399.0087214286192,403.0040259562379,406.9996692549358,410.99488753152156,414.9902434655905,418.98531681994916,422.9804860445284,426.97548087591724,430.9702639338039
8.214682e+00 1.692513e-01 7.368426e+00 2770.55 0.44825706445565444 -0.03961582877898874 0.1603688886524579 0.5601750472676188 335.6793379120786,340.37108094673465,345.0344269659617,349.4807392565537,353.56721212374896,357.6027950766964,361.98728378649366,366.6255268828179,371.32477701459345,375.9129632878169,380.19273603129847,384.1846415568985,388.3681848695932,392.89712962932276,397.58552727648913,402.2559750343213,406.7255457034515,410.8341783284696,414.8558274946934,419.21407351634116,423.8418287222521,428.5419655360059,433.1454183713925
1.563949e-01 4.574385e-07 1.563926e-01 2780.11 0.45532127056264826 -0.039807652599357785 0.15981309657147758 0.564562420895132 335.40431189975277,339.4028858577836,343.40201002314325,347.40072642900464,351.4001189750637,355.39902829874444,359.3986122636528,363.39765893650195,367.39729039143384,371.39659086888656,375.3962055774128,379.39547741743905,383.39523871038097,387.39452436142153,391.3941475309348,395.39351406256685,399.3931020780225,403.3921847093808,407.39173364268737,411.39082698998743,415.3901420870593,419.38904981641235,423.3881482959597,427.38698563865955
1.505796e-02 1.885030e-05 1.496371e-02 2777.35 0.45113428608224615 -0.0395587418775758 0.15841815197184475 0.566780922540929 335.8300447534915,339.8336307985348,343.83794101587216,347.8418602970973,351.84627501167466,355.8503812309635,359.85493003296267,363.85924050074567,367.8638261490088,371.8683161329821,375.87304965360244,379.87749253260677,383.88207347791956,387.88649099923276,391.8912561258361,395.895569604573,399.90027012335355,403.90443159989604,407.9090021886726,411.9132075901719,415.91744562233316,419.9214954784622,423.9255730223434,427.92933351161207,431.9333085363945
1.314567e-01 7.302033e-05 1.310916e-01 2771.89 0.4451082757017712 -0.039597870923486406 0.15649412403193524 0.5682247229078866 338.74425158578566,342.7356735165133,346.72685401760856,350.7185226367222,354.7097853986776,358.70161087907024,362.69311900269815,366.68505879220913,370.67652313080663,374.6684227480188,378.65991216546337,382.65192380095704,386.6435165673005,390.63531612943063,394.6270237140323,398.6187733414893,402.6103297498984,406.6019763583291,410.59332631323775,414.58486277176485,418.5759378129733,422.5671824566211,426.55812802144374,430.5490944872614,434.5396522683479
3.738759e-03 1.837657e-05 3.646876e-03 2770.98 0.45016089923963076 -0.039698356088559934 0.15657739331564316 0.5654696931033372 335.1040232051069,339.0988830112681,343.0944870973605,347.0897406942559,351.0856240367306,355.08100545726836,359.0769915874037,363.0725018906175,367.0686147714136,371.06435686871396,375.06048794827245,379.0561900740065,383.0523170911857,387.04805286266554,391.0442319794981,395.04003423857705,399.0360114627997,403.0316034856252,407.02751825372854,411.0230388747778,415.01862264377434,419.0141156584702,423.00954336969255,427.0047300644528,430.99987634167036
1.383565e-01 7.490762e-05 1.379819e-01 2774.11 0.4496507763015299 -0.039766378288158384 0.15806499075975802 0.5660415972140211 334.7378128108473,338.72861029861616,342.7198912904544,346.7107601243164,350.70220542926654,354.69332097937263,358.68489257384397,362.676137710551,366.66789055016056,370.6589601757365,374.65087054995985,378.6423173325868,382.6340256456891,386.6254140677166,390.6170833943888,394.60847410220157,398.6000682633467,402.59141520957763,406.58293916732174,410.57405941567845,414.56535115550895,418.55634276268876,422.54758174527785,426.53828121219914,430.52920528049924
2.128894e-02 1.146681e-05 2.123161e-02 2774.06 0.4512507487749837 -0.03971519993452468 0.1534004488903273 0.56847082154119 335.18459592611293,339.18036254566704,343.17695306773,347.1731565321869,351.16986952867416,355.166251905081,359.1631474476567,363.15963934902106,367.15664637360595,371.15334390848466,375.1503449552993,379.1469784327355,383.1440706587134,387.1407295658302,391.1377929617873,395.13437630710376,399.1312145322335,403.1278956450604,407.1245540959338,411.12099824588154,415.11751061814095,419.11386099636354,423.1102625058119,427.10625753962375,431.1023568992947
4.541205e-02 1.766683e-04 4.452871e-02 2782.44 0.44789059219065586 -0.03979550188923272 0.1535034547162894 0.5668462054697784 334.35175895474737,338.33834672504844,342.3250340367366,346.3113595320944,350.29826136873464,354.2847534698744,358.2717917552019,362.2583759950453,366.2455001520782,370.2321539015714,374.21935958625556,378.2061152585126,382.19315934277034,386.1801182043552,390.1670948872946,394.15392455225367,398.1409759014248,402.1276859380902,406.11457052124695,410.1011886513994,414.0878908102996,418.0742013122174,422.06072353855194,426.0467720499554,430.033039321444,434.01983261927217
4.723644e-02 4.988232e-05 4.698703e-02 2778.15 0.4493082546363751 -0.039721408512138213 0.15279904667077468 0.5675125399862124 334.8739470947285,338.8663965353223,342.85917819684033,346.8518072651968,350.84480064381955,354.837545823718,358.8307347960593,362.8237892203219,366.81691493497715,370.80977823607236,374.8031697836308,378.7961507868896,382.78950549872917,386.7824170294231,390.77571357112583,394.768687523443,398.7619224389735,402.75490725283316,406.74795115068287,410.740806180492,414.73370644311456,418.72628499553474,422.71883607652296,426.7112325140278,430.70373856664213
6.036596e-02 6.718239e-05 6.003004e-02 2774.75 0.4551407036084745 -0.03963023793990304 0.15609773115867695 0.561075663822609 336.14526824947194,340.15254353886513,344.1605780908014,348.16816994269,352.1764017921352,356.1843604265782,360.1926668792016,364.2007151727676,368.20919416186854,372.21724478172115,376.22585136092385,380.2339113976881,384.242460298811,388.2507103488255,392.25925770279514,396.267376299868,400.27589674803744,404.28387497393476,408.2922590179809,412.3002874377508,416.30849352021005,420.31630346558495,424.32421574363286,428.3318383354884
1.466964e-01 1.295740e-04 1.460486e-01 2780.55 0.4474851267530007 -0.03974198145009123 0.15094386015519712 0.5676774289611587 334.5136382866913,338.5026799638492,342.491313673555,346.4794186805429,350.468278233243,354.4566667839679,358.4455541472435,362.43418902168605,366.4231851470929,370.41187651892454,374.40092862621447,378.3897155622092,382.3787595901934,386.36747712674025,390.35653009095,394.345295090314,398.33410868195324,402.32275367996243,406.3114747175671,410.2999667675295,414.2885321354053,418.27689897016637,422.26527695357225,426.25333675657606,430.2414630804038,434.2299712661052
1.006199e-02 4.253027e-05 9.849336e-03 2771.50 0.45005794383984277 -0.03948222484772501 0.15495820323064 0.5641643733554291 336.0094133677526,340.01514970170297,344.0215439311813,348.0276028349825,352.03411187153705,356.0404166345328,360.0471588684736,364.0536000384696,368.06048819742335,372.06697341933597,376.0739475757809,380.0804739880148,384.08746003182415,388.0939970137825,392.10089869385797,396.10743348972255,400.11430552929556,404.1207347850474,408.1274440362345,412.13376569748533,416.140302205317,420.14639901648866,424.1526498686766,428.1586451366889,432.164723612803
1.125665e-01 3.365710e-04 1.108836e-01 2776.87 0.44655023171183217 -0.03984540567293502 0.15677626947956524 0.5688088534387015 337.9130307914913,341.8946804328946,345.8760087808616,349.85786564574124,353.83935244203957,357.82135119247545,361.8029388190539,365.78495141488054,369.7666601435632,373.7488022069148,377.73056018526,381.71269426642573,385.69452742484833,389.67654642029134,393.65838258498303,397.6403467414254,401.62208320617344,405.60390636800594,409.58535001111704,413.56707907375403,417.5484986079835,421.5299297510737,425.5109391246782,429.4922614636127,433.47320542677045
9.320763e-02 3.228057e-04 9.159361e-02 2776.13 0.4434042380287835 -0.039726923631607854 0.15634797419839522 0.5665392062016983 337.9404601815418,341.92249085071165,345.90430527378976,349.8864689266662,353.86828535784514,357.8506728510012,361.832720410483,365.81514266201054,369.7971736392013,373.77969129453584,377.76192054267216,381.74438895803223,385.7265636673836,389.7091324506671,393.69119803269757,397.6736004411547,401.65555554248755,405.63777576992436,409.61963662656456,413.60172574268034,417.58348217452453,421.5652955625628,425.5469214802085,429.5285142577446,433.50979837397165
9.233408e-03 2.258071e-05 9.120505e-03 2779.96 0.4520946062742954 -0.03959596360123812 0.15576955512946314 0.5587424001500275 335.8546046503293,339.85866310725254,343.86323836456444,347.86751301496037,351.8722894490081,355.8767830183478,359.8817609786631,363.8863367135769,367.89137541766536,371.8960588788815,375.90122804691913,379.9059266944314,383.91112196017116,387.91582622256175,391.92104560394927,395.9257951334944,399.9307630171092,403.93541180772564,407.94038992381627,411.94491581807,415.9497862128365,419.95421076606664,423.9588215253947,427.96299062411583,431.9671665628349
2.510644e-02 1.020745e-05 2.505540e-02 2772.53 0.45072105853891165 -0.03969653053969534 0.1563715497212387 0.5651542309044704 335.19551632748596,339.19149545676436,343.1881942904706,347.18459715513467,351.18144387665035,355.178042309403,359.17507924090194,363.17173342222395,367.16885574200836,371.1656086016055,375.1628604875961,379.1596303997503,383.1569146944817,387.15369473750854,391.1509446662114,395.147599459072,399.14479829695597,403.14145944720906,407.1385216641314,411.13514732587583,415.1319384301983,419.1283833526138,423.12496913091326,427.1212132694596,431.11764469479783
1.486938e-01 1.256400e-04 1.480656e-01 2780.24 0.4460724044733564 -0.039694746921833765 0.15480403349237848 0.5624688299580055 338.509943079646,342.49883768493834,346.4871277344706,350.476095699898,354.4646413971632,358.45367504539735,362.4424089424627,366.43157574887823,370.42043637294626,374.40962367985276,378.3985099551011,382.3878966930504,386.376774008617,390.365916486887,394.3548028547258,398.34392828313423,402.3327367599702,406.3216509579161,410.31030632153255,414.29920237235854,418.28764312037737,422.2762369707465,426.26461740843496,430.25302066846774,434.2411887940555
5.042726e-02 6.370308e-05 5.010875e-02 2775.14 0.45735428984438786 -0.03970793052942432 0.15780486542613098 0.5623606567579538 332.12196836895174,336.12975642680567,340.1368114852119,344.14461260760294,348.1521187018533,352.1600179012361,356.16765595297414,360.17580939401665,364.1835969915796,368.1917904709281,372.1997125852407,376.2080661180711,380.2160389767614,384.2243380916583,388.2323399189982,392.2405730755061,396.24859049807696,400.25685773673223,404.26459343647036,408.27271184082167,412.2805939568379,416.2885604821857,420.2961674828244,424.30389068222064,428.3112347576332
7.516136e+00 1.428161e-01 6.802055e+00 2780.55 0.44806974749951534 -0.03969371137407764 0.15135309770551247 0.5642044621183928 334.5779036247324,339.0149981256805,343.6596495104052,348.3336691354771,352.87522154216487,357.09658255935216,361.07845616719686,365.2866665786244,369.81970265455806,374.4919571103322,379.14031028765606,383.58826833753733,387.68786474487706,391.70048132142426,396.0380937620411,400.6408573287255,405.322946943734,409.92395945740424,414.2577636247882,418.26865339365605,422.37168616305325,426.8229611114449,431.47240756765166
1.640774e-01 1.887105e-06 1.640679e-01 2773.90 0.45201471787160186 -0.039650644245755824 0.1575206138448635 0.5654263181405246 335.57906336279393,339.57980480885584,343.58102409795043,347.58191126012514,351.5834074306106,355.58441079817766,359.5860593956741,363.58726476265446,367.5890231221113,371.5903074033528,375.5920949087376,379.5935117917033,383.59527404895834,387.59675949458256,391.5983478324114,395.59980978660406,399.6014650189489,403.6028543041223,407.6042915313198,411.60555361100063,415.6068836406191,419.60792022075725,423.6091242510654,427.60994919927157,431.61080025560267
2.441460e-01 6.998126e-08 2.441457e-01 2772.83 0.4537622581912635 -0.039730126254693646 0.1557584129559193 0.5677513070386971 335.491291568548,339.4908280865549,343.4910295800032,347.49083918705867,351.49117586198446,355.4911423076625,359.4916918669292,363.49188776818073,367.4923812848573,371.49279497782254,375.49338359200715,379.49367678856197,383.4943666736234,387.4946154706658,391.4953280339762,395.49563770346833,399.49609091431745,403.49636855915236,407.4968245751041,411.49681565018955,415.49709761948014,419.49696148271033,423.4970522994137,427.496726013206,431.4966263149625
1.442117e-02 1.955355e-05 1.432340e-02 2772.66 0.4576347685377768 -0.03978310065120634 0.15342195660953256 0.566566246892565 331.83294463135803,335.83699714336046,339.84063845558387,343.84482967649654,347.8486338346484,351.8531946280844,355.8572828193863,359.86190793674916,363.8661893027037,367.87089952165843,371.87516369277904,375.8799755541784,379.8843827432026,383.889155510575,387.89357577593546,391.8982816683526,395.9027577609594,399.90739915006804,403.9116493752846,407.9162517696794,411.92054008231474,415.9247709289171,419.92891879756843,423.9330631200534,427.93685908591596
2.428887e-03 2.838287e-05 2.286973e-03 2780.11 0.4577513239488324 -0.03976656688385566 0.15773680038182247 0.5681861063872125 331.9090112715633,335.91387578751824,339.9184864700118,343.9235613729135,347.92840424079077,351.93366740389746,355.93874468065917,359.94420953057784,363.9494831603507,367.95504622563584,371.96034279049417,375.9658413538207,379.97129062765913,383.9768900713219,387.9822602788982,391.98794804220597,395.99319793212953,399.99869356546816,404.00400003590255,408.00952621906015,412.0145911499011,416.01981878707176,420.02482605282836,424.02992827496166,428.0345966802069
1.698609e-01 1.211740e-04 1.692550e-01 2781.13 0.4470832930818291 -0.03972395749117831 0.1565403651907729 0.5643543815187682 334.5399447568249,338.52892341983323,342.5178455293556,346.5064954635415,350.49562156305996,354.4844096332942,358.4736882959583,362.4626707822695,366.45203712710855,370.44109228011087,374.43047094350555,378.4195699617443,382.40902771708113,386.3980830148473,390.38753574437203,394.37655753374594,398.365818806506,402.35480702176545,406.34400370708124,410.33281960359926,414.32180815834244,418.31056391886614,422.2993642047751,426.2878076426752,430.27653370486894,434.26483876912874
9.011862e-02 7.542293e-05 8.974150e-02 2778.11 0.45335407706497954 -0.039553973071808184 0.1640246358023854 0.5632690499114366 336.18952796205406,340.1974745202366,344.2059877983707,348.21411960141955,352.22286142295127,356.23118909464085,360.2400328869676,364.2485316565694,368.25758014841324,372.2661945798374,376.27529134026133,380.2839738863467,384.29310694602685,388.30171819004755,392.3107111500418,396.31949852079794,400.3283599081465,404.33701927941223,408.3458859084043,412.35439430164206,416.3630956513836,420.3715159331531,424.3799651838289,428.38806223801896,432.396459506555
6.285908e-02 4.992347e-06 6.283412e-02 2773.15 0.45104032617065853 -0.03968844518310849 0.15556060897827154 0.5654621533033736 335.27734337413636,339.27433126347034,343.27202181054054,347.26930736641236,351.2672337115854,355.26472641200314,359.2627336422685,363.2604420333576,367.25848043742275,371.2563206220116,375.2544539560565,379.2522949254801,383.25048689119177,387.2482332625129,391.2463646704645,395.2443415640864,399.2422039988619,403.23991836111014,407.23784562716696,411.2353620916425,415.23314653787054,419.23051724901313,423.2281141771068,427.225379914047,431.22273283181994
2.324031e-01 3.869899e-08 2.324029e-01 2777.61 0.4536649861287595 -0.0397338577464659 0.1547341869194023 0.5637442057263484 335.4803584924704,339.4796681356508,343.4798280316691,347.479545274275,351.4797098277193,355.4797433274172,359.4801351340195,363.4802795201127,367.48072236804165,371.4809420375244,375.4814960347495,379.48167363241373,383.4822853536676,387.48243226824513,391.48303585988526,395.4832011496255,399.48372991609887,403.4838391352543,407.4842984389803,411.4843080132422,415.48445835650847,419.4842893014207,423.4842459424808,427.4839038354341,431.4838324260449
2.242310e-01 2.221860e-08 2.242309e-01 2780.24 0.45233729322947824 -0.03969351688100296 0.1538982740044377 0.5603628962107413 335.4723026692418,339.47166125070123,343.47163941362015,347.47146475598066,351.4715284222309,355.47145595980874,359.47184953717954,363.471815594852,367.4723909019586,371.4724912630727,375.4729851920488,379.47320301251864,383.4737296426259,387.4739210855007,391.47447459302845,395.4746010080728,399.47499074398644,403.4751238425861,407.4754362505248,411.47536821290987,415.4755862830199,419.4753501259675,423.47535319891585,427.4749017520806,431.47457187149286
1.566698e-01 1.264849e-04 1.560374e-01 2780.52 0.4494590698859885 -0.03981155439781956 0.15309964142556537 0.5666172997897329 334.52164691572193,338.50994111526154,342.49870513099086,346.4870266043299,350.4757932697141,354.46436699525674,358.4533425980928,362.4420562263636,366.4310698097804,370.4198360723117,374.4090537545849,378.39786293309874,382.38697473565657,386.37576859988434,390.3648450365453,394.35360965221287,398.342702459305,402.3313837899459,406.32033359429516,410.30885572308796,414.2976553135969,418.28605412803466,422.2746310818535,426.2626592773398,430.2510338510344
1.014683e-01 5.474828e-06 1.014409e-01 2765.09 0.45467789368532885 -0.039728906279742 0.1582346215519195 0.561969168365495 335.6549637139489,339.65646689651095,343.658665374881,347.6604107881011,351.6628122116616,355.66472095838947,359.66729134875015,363.66945976813037,367.67206931995736,371.67435337929703,375.67699342642146,379.67936534625244,383.68203957125445,387.68442910591057,391.68703439065484,395.68942620799584,399.6919458937415,403.69426687727315,407.6967393581877,411.698862583355,415.70118109640106,419.70306760962984,423.7053347532888,427.7070534184303,431.7099504076758
1.468627e-01 6.148565e-07 1.468596e-01 2775.46 0.4490956566731758 -0.03959533721701684 0.15749552126638414 0.5624607848687253 335.39295500080243,339.3916462394459,343.3907152659724,347.38940190747275,351.3887491783474,355.3876919712666,359.3871373286115,363.38619799405734,367.38578873440997,371.38486031238455,375.38453900027696,379.383852208056,383.38336107177446,387.3826025764232,391.3822410869086,395.3813606570428,399.3809709350683,403.38014350258953,407.3795153434785,411.3785476831593,415.37772244347764,419.3766597538139,423.3756291163582,427.3743125837446,431.3730303074648
2.631117e-01 4.577168e-04 2.608231e-01 2775.52 0.4603630774031185 -0.03954636109543995 0.15879198978060113 0.5601034006731546 333.23209871625255,337.25291317228,341.2734162230587,345.29464316173573,349.3154001075007,353.3367603886878,357.357760221398,361.37928445421795,365.4005544083271,369.4221280471884,373.4434269128233,377.4651768368183,381.48653688987537,385.50821113213874,389.52958182845833,393.55133015581123,397.5726469514073,401.59434169771635,405.61555024481225,409.6371183919757,413.658319582552,417.67967305819224,421.7007032108721,425.7219082530542,429.7429012868587
6.999250e-03 3.132777e-05 6.842611e-03 2777.18 0.45094651550726067 -0.03975143207023431 0.15687380056416242 0.5657664321289765 334.995313350579,338.9888086273594,342.98319342135926,346.9771273985295,350.9715848936903,354.9657862215479,358.960421683263,362.9546987110777,366.94941197961015,370.94381796673616,374.93869614769034,378.9330317673331,382.9278326173326,386.9223161825389,390.9170390939115,394.91140833816746,398.90620522286525,402.90045640654995,406.8949618104431,410.8891966607782,414.8836613365963,418.877735076778,422.87190456681094,426.86571034802483,430.859853323389
1.019367e-01 5.551175e-06 1.019089e-01 2778.71 0.4587880631800229 -0.03987376418932431 0.15008045941229142 0.5597299018754992 331.6543836936107,335.6564596281621,339.65805459524057,343.66023915790834,347.66195110977316,351.6642850365407,355.66630268853663,359.66881803699346,363.6709667875966,367.6735720376117,371.67582268579525,375.67852818896193,379.68087141006043,383.68360831379897,387.6859756689343,391.688598361924,395.69091971894244,399.6934697368657,403.6958275267685,407.69830474919536,411.7004376171217,415.7027566465,419.7047843059091,423.7069423140717,427.70857095007744
2.432269e-01 4.833574e-04 2.408101e-01 2779.13 0.458211640475471 -0.03947112794783288 0.15701158459498146 0.5542769066908192 333.27351198098745,337.29518611270237,341.3163275116585,345.3380303600665,349.3594184228254,353.38134664497824,357.4028842185714,361.42505843370157,365.4467511735774,369.46898810330663,373.4908287921526,377.5132203068422,381.53505938527127,385.5573973089593,389.57938682413015,393.6016053649007,397.62359974889443,401.64586698355447,405.66773761948275,409.68987760566273,413.71165367958474,417.7336025951807,421.7552539534467,425.77710442061385,429.7985394478315
3.723649e-03 1.819816e-05 3.632658e-03 2782.44 0.449640067676591 -0.039682276683419115 0.15453663150727495 0.5636836174591582 335.1034919361551,339.09866292786717,343.09428204519406,347.0895543236628,351.08540066825935,355.08078373297127,359.07682658745597,363.0724942313242,367.06854902211194,371.0642792430639,375.06036447955285,379.0562296635615,383.052369809886,387.04812335541965,391.04413532125216,395.0399413162321,399.035920151642,403.03159449447804,407.0275004103468,411.023067157714,415.0187600751916,419.0141309030836,423.00972655692624,427.0049177381128,431.0001654472491
2.620457e-02 1.601441e-05 2.612450e-02 2771.42 0.4537445933177909 -0.039665929959843624 0.1591108012912318 0.5595666977889342 335.79376292046527,339.79700570884836,343.800800900082,347.80425491243756,351.8083967461125,355.81211206061874,359.8162407482116,363.82014636119936,367.82445137026207,371.82836311631945,375.83273575001044,379.836677921428,383.84111548873176,387.8451872772234,391.8495538352738,395.85359200130654,399.8579070423595,403.86180170424274,407.8659109242506,411.8697534273621,415.8737707170917,419.8774249246824,423.8812715863143,427.88476582721137,431.88832433412784
4.305363e-02 1.163717e-05 4.299544e-02 2775.14 0.4537412092783873 -0.03966887576345018 0.1546962241069762 0.5664082677975231 335.7535904968202,339.75631771555135,343.75956290547674,347.7625652603803,351.76609615693894,355.7692374090436,359.7729468096607,363.7762107136411,367.7799376565079,371.78337632416697,375.78709352989665,379.79049755674356,383.79442746851527,387.7978969163789,391.80161264909145,395.80511073347236,399.80876018680334,403.81205529262115,407.81567321414974,411.8188402657288,415.82231785432106,419.8253875880538,423.8285236334427,427.8314261000498,431.83443038408797
9.596209e-02 7.855527e-05 9.556931e-02 2778.68 0.45221639451141715 -0.03952149399917606 0.1577969795598204 0.5562891494916412 336.19674773179844,340.20495844118676,344.21360981663463,348.22199258259235,352.23090224573053,356.2394611132075,360.24852779204275,364.2572337454869,368.26642045229784,372.27520177009126,376.28443185747807,380.29327727192435,384.30247180805753,388.31135193784587,392.3207136507142,396.32952611325254,400.33866425495916,404.3474901781804,408.3565087087169,412.3651351968226,416.37408268608374,420.38263491503557,424.3912908113221,428.39961252866476,432.4080424343774
5.232600e-02 2.001700e-04 5.132515e-02 2778.84 0.45902111105162535 -0.0396489178081602 0.15145693129442742 0.558097640318709 332.62960452834005,336.6432437871278,340.6565446400909,344.670534741187,348.6841034096736,352.6983331880854,356.7119510523618,360.72632527646573,364.740261096407,368.7546569145507,372.7687027250035,376.78313467949397,380.7972923410673,384.81186866641946,388.8259288075415,392.84037459128774,396.85458744996276,400.8689627790196,404.8829911345347,408.89734288636777,412.91112010608884,416.92539732023477,420.93914880955356,424.95302138822467,428.9665813785365
1.054851e-01 8.095251e-05 1.050803e-01 2774.63 0.45225058760405995 -0.03951784882012699 0.15772238656964216 0.5579448245206517 336.21022600825233,340.218556594986,344.2273813627156,348.2358823324817,352.24492030519383,356.2535144754771,360.26282397056485,364.2716542921636,368.28096146049245,372.28992760771126,376.29936052890844,380.3083116958888,384.31768872840377,388.3267245073155,392.3359897772925,396.345129853146,400.35437961140633,404.36336850382423,408.37245364755574,412.3812905295734,416.3903212556553,420.39895964112384,424.407782676832,428.41625191067897,432.42476963690615
2.333530e-01 2.877657e-07 2.333516e-01 2772.24 0.4548719740691816 -0.03976485506315418 0.1558496847709248 0.5668629953844817 335.5113528998116,339.5110797408591,343.5114550221726,347.5115767211923,351.5120887712191,355.5123302628395,359.51303397010395,363.5134659429154,367.5142235621679,371.5147686447463,375.51563320983814,379.51623613425306,383.51712927172423,387.5176928811452,391.5185759827786,395.5191143284388,399.51986846855243,403.52022862523893,407.52099912991247,411.5212194393979,415.5218566216835,419.52204898811044,423.52238063524567,427.5221657871757,431.52329086086826
1.006218e-01 6.544669e-05 1.002945e-01 2769.07 0.44875055836743083 -0.03972266908924887 0.1565244536045734 0.5665954428268566 334.78599389905764,338.7771524367118,342.7690040346687,346.7603961050284,350.75245774032555,354.7441363853229,358.73636227701917,362.7281394385224,366.72040430642795,370.7123016501542,374.7046554183731,378.6966229977702,382.6889233869303,386.680909514271,390.6732564051643,394.66513881559246,398.6574306391837,402.6491552806526,406.6412239231726,410.63292516817074,414.6248392890894,418.6163221554359,422.6080484534462,426.5994698016502,430.59088776951734
7.047028e-03 1.603214e-05 6.966867e-03 2768.70 0.4513793996990892 -0.039736969462390664 0.15700158719945606 0.5643559078021531 335.1270197378891,339.12220998178674,343.11805711557264,347.11365071247263,351.10962859832273,355.10539612293263,359.1016314987959,363.09750899279277,367.0938131429481,371.08985420770165,375.0862053895968,379.08230950054144,383.0786667803712,387.0746707311026,391.0711658942142,395.0670603111928,399.0634086015387,403.0593187094961,407.05555848461637,411.05124075108057,415.0473372758333,419.0429487315055,423.0386997390502,427.03411186412376,431.02965642079073
1.234260e-02 1.323636e-05 1.227642e-02 2779.03 0.4505190438316505 -0.03970422554880175 0.15725664807806305 0.561241953664629 335.1522700057065,339.14766738915574,343.14395881648386,347.1397702816874,351.1361599991713,355.1322372097019,359.1288389265462,363.12503858895326,367.1216610168838,371.1179703462225,375.11466015011314,379.11111286656586,383.10777661862943,387.1042801177891,391.10095296694146,395.0972663883094,399.0939060745209,403.0902279169042,407.08678141499166,411.08305235651056,415.07942943804045,419.0753958982177,423.0715226337017,427.06736632022535,431.0633176750255
2.202460e-01 5.636619e-10 2.202460e-01 2768.06 0.4525931168740865 -0.03969568025121572 0.15550369574748302 0.5666465650817158 335.469298805917,339.4686036838101,343.46854021048676,347.4681040900291,351.46827818326665,355.4679971860012,359.46823929079915,363.4682902258417,367.46858756345586,371.46860982813274,375.46900538199174,379.469162763545,383.4695964167526,387.46961420085466,391.4700455575837,395.47014517786124,399.4704551153209,403.4704364718203,407.47055697524246,411.4704508461125,415.4704124106727,419.4700795798465,423.4699771753682,427.469285204022,431.4688015413568
2.552397e-02 4.165497e-05 2.531570e-02 2780.24 0.45070457677087605 -0.039759283775819915 0.1506372195830718 0.5670993278041313 334.92557930157625,338.9182722339684,342.91180867534723,346.90487873229023,350.89853224951287,354.8918775402835,358.88569462374784,362.87911467036747,366.87292834563254,370.8665931823236,374.8604668789407,378.8539695836163,382.84798397892524,386.84156894782103,390.8355122868234,394.82901617212923,398.8229389568607,402.81630523634095,406.81005452625357,410.8034714689245,414.7970284797394,418.79017369383445,422.7835539114364,426.776450524285,430.76956811479835
5.929483e-02 5.318393e-05 5.902891e-02 2771.18 0.4476966113961783 -0.039668930672927386 0.1558528606926237 0.5666097827376406 334.85361101519976,338.8463630834251,342.8390068588252,346.8312368678497,350.82415645159585,354.8166144214061,358.8096959615767,362.80226834693457,366.79528416048436,370.78803000047617,374.781129889672,378.77392798538415,382.76709985516646,386.7599002882327,390.75299498809943,394.7457646038012,398.7387880585426,402.7315050229072,406.7243351936114,410.71693325784673,414.70953538271874,418.70201256027497,422.69444712653217,426.6866269157781,430.6788187209715,434.6717693754769
8.493102e-02 6.140239e-05 8.462401e-02 2777.37 0.45051372629723135 -0.0397779929817649 0.15851248202910587 0.5678176868424311 334.8091316103309,338.80058738672477,342.7924475444586,346.784176093067,350.7764423709264,354.76847157438556,358.76076545298946,362.7527755206767,366.74526473973833,370.73738630309305,374.72989991168487,378.72225175738924,382.7147371390121,386.706983651093,390.699467065892,394.6917869350664,398.68416940288205,402.6764064765274,406.6686991451314,410.6606824989963,414.652750075335,418.64454912762073,422.6365806649092,426.6280620010622,430.61972523938044
2.668902e-02 4.102658e-05 2.648389e-02 2781.32 0.449564731735567 -0.039725840590187064 0.15489492120451556 0.5611809243112895 334.9210463890035,338.9140160424293,342.90750616193986,346.90067538603415,350.8943309912954,354.8876228063139,358.8815385651235,362.8750355468141,366.8689280622537,370.86249883706824,374.8565159197237,378.85008992372,382.8441071548531,386.8378036768627,390.831638817176,394.8252761378205,398.81907665105217,402.8126446712963,406.8063442383996,410.79988916342506,414.79338205523385,418.7866842438071,422.7801695310361,426.7731649537103,430.7662943445319
1.164786e-01 1.406811e-04 1.157752e-01 2777.41 0.4484113557939347 -0.039783734035947406 0.15437017698232425 0.5684110009408945 334.4719154166516,338.4593241278515,342.44748375962456,346.4351554550548,350.423385569968,354.4113763098361,358.39976890946394,362.38779991598454,366.37637489047273,370.36454227007084,374.35304837869654,378.3412033421918,382.32977810821893,386.3180113957852,390.3064991566491,394.2946036560205,398.28296578828343,402.2711008399817,406.25936100391897,410.24729346591937,414.235495743372,418.223268619698,422.2112045334537,426.19880209059926,430.18641471623744
2.816738e-03 1.971867e-05 2.718145e-03 2770.87 0.4500355225266917 -0.039693483903230714 0.1555221749311011 0.5679117001036385 335.0949698789444,339.08983450807494,343.08528193150045,347.08040250638334,351.07603844871716,355.07139713740906,359.0671688600682,363.06264157705306,367.0586961015762,371.0542236454831,375.05023255192623,379.04577406524936,383.04188063641305,387.03749863437577,391.03340617876097,395.02893915356725,399.0248853421234,403.02032345175843,407.01614419264445,411.0113778394186,415.00690499573807,419.00209942670955,422.997366757281,426.99240713281716,430.98755685567323
1.361074e-01 1.317798e-04 1.354485e-01 2775.89 0.4465804782779141 -0.0397100431039788 0.15546109057653484 0.5680009704624583 338.49528001433436,342.48379396430727,346.47200450241286,350.4607117525377,354.44908979540156,358.437956852744,362.42647995450545,366.41538017480354,370.40398346914833,374.3929310942164,378.3815161166433,382.37055589809904,386.35923424176417,390.3481662584025,394.33678387288586,398.3256547794234,402.3142457344284,406.3029855750346,410.29136559802447,414.2799220090767,418.26796516937117,422.256416009978,426.2443761129316,430.23256497783314,434.22028936662963
1.100396e-01 1.792854e-06 1.100306e-01 2772.79 0.4548848561132909 -0.03980870127077804 0.1541853131771067 0.5630765530115192 335.3485716520465,339.3465472315492,343.3450329262403,347.3431093061177,351.3417571658649,355.34008240835834,359.3389177590694,363.33746905109984,367.3364424386808,371.33495293372187,375.33403468179057,379.3326813164926,383.3317114206742,387.33045470191206,391.32933807623635,395.3279663598554,399.3269709860399,403.3254787054782,407.3242948959389,411.3226992742227,415.3213308553095,419.319640505331,423.3180947749676,427.31626013117886,431.31545807874903
1.900390e-02 2.071385e-04 1.796821e-02 2771.50 0.4489524868719088 -0.039856205549281216 0.15410166180053414 0.5665403486735212 334.2581832790679,338.2432376411361,342.2287422542922,346.2139386018078,350.19964302952593,354.1849715455498,358.17084922143346,362.15633411152976,366.1423299982314,370.1279203607818,374.11398887689325,378.09960935753276,382.08568895211425,386.07134602429227,390.0573517202517,394.0430302768557,398.0289315824902,402.01438751656383,406.00024404001323,409.98563341859915,413.97117669063084,417.9564686752174,421.94174156750887,425.92683261531454,429.91194691710996
6.005328e-02 5.543781e-06 6.002556e-02 2767.67 0.45221053050037735 -0.039726047591093036 0.15463427390716233 0.5697672422853276 335.2728826718862,339.26993555257246,343.2673747015463,347.2646999862233,351.2624554127469,355.25976248970005,359.25773182623334,363.2552088917721,367.25323540871295,371.25096007075786,375.24896903535677,379.24671970253667,383.2446622730803,387.2424786508967,391.24044022318503,395.23812110140835,399.2360447731445,403.23358008277063,407.23142776390915,411.2288609214711,415.2266071412533,419.22387214145925,423.2213013873715,427.21830689891243,431.2153794215965
1.012759e-01 6.562475e-05 1.009478e-01 2775.19 0.45023900562513364 -0.039777149410037974 0.15547573478973567 0.5653737392092266 334.78525736884217,338.77628620528895,342.76816736657656,346.7596176614347,350.7514949528319,354.7431763165533,358.73529201272277,362.727175266339,366.7194514146232,370.7112175555962,374.703630692988,378.6955837972226,382.6878568646001,386.67986813737446,390.67215655403595,394.6640400462546,398.65627713614145,402.64805790125564,406.64013011878444,410.6318575630224,414.62373567153384,418.6153255235633,422.6069267810402,426.59818619851137,430.5896877964787
1.944966e-01 8.671695e-05 1.940630e-01 2781.32 0.45047339815703663 -0.03981656866873264 0.15460255624524383 0.5610367159123327 334.67708824238787,338.6669359250294,342.6574170526859,346.64768990342134,350.6383905659794,354.6288010289043,358.61971626862294,362.61026819377315,366.601195518582,370.59180311329476,374.58290061838903,378.57364183215674,382.5647351817204,386.5555009864142,390.5464976411232,394.5372281560923,398.5282121605371,402.51879836070754,406.5097301477341,410.50016102992953,414.4909021661689,418.48120414612606,422.47170980193334,426.46190562544587,430.45205774747456
2.079749e-01 5.705691e-09 2.079749e-01 2769.52 0.45354621043311405 -0.03973432289727319 0.15567561903087945 0.5645841034764626 335.45757105748567,339.456804620278,343.4566035981207,347.4559445231542,351.4559541750532,355.4555658545569,359.45580647031466,363.4555897987866,367.455795548429,371.45563757393836,375.45599586252877,379.4559157747516,383.45620230915824,387.45627348934454,391.45639260453754,395.45634130229183,399.4565407102397,403.45643242014233,407.456542016495,411.4562276152635,415.45618980599573,419.4558135584933,423.45551134194915,427.4548531905136,431.45455148805826
1.447878e-01 7.571861e-05 1.444092e-01 2772.53 0.44981294623208395 -0.03977738182034976 0.15753579794709693 0.5632113097077263 334.7299841646772,338.72070612645336,342.7118331153946,346.7026153931596,350.6940028593484,354.6850577817956,358.6765385989532,362.6677285074898,366.65936523530974,370.6507442646196,374.642345565939,378.6337297436596,382.6252885027859,386.61674589571857,390.60844149678877,394.59968243352574,398.5912265346602,402.5824688584795,406.5739263170492,410.5650254691284,414.5563190554028,418.54727729900156,422.53841959980593,426.52912862566285,430.5201235500933
9.576820e-02 1.483600e-04 9.502640e-02 2779.63 0.44886319251439477 -0.03981065449632627 0.1533459580747763 0.5653214439474882 334.44194923008723,338.42924696265214,342.4169436930244,346.4043111465405,350.3922070340389,354.37976993905966,358.3677403188003,362.35552879917077,366.34362789960085,370.33157324376543,374.3198067057708,378.3077003325299,382.29588391611475,386.2837432409101,390.27199097545133,394.2598211459112,398.24792040653733,402.23562559700804,406.2236943892514,410.2112648481484,414.19907748222363,418.1865726231848,422.174143958833,426.1613231029691,430.14874235725733
5.572135e-03 2.924281e-05 5.425921e-03 2780.52 0.4480631680911016 -0.039653254776082524 0.1566897693536209 0.5607656580646545 335.0026003639982,338.99661007076173,342.99101999631307,346.9851577447246,350.9798125140727,354.97413653479435,358.9689814761026,362.9634415889441,366.9584746040323,370.9529972704395,374.94796153703084,378.9425298736833,382.93750974573095,386.932097826429,390.9270691981525,394.92164714744075,398.91659315123445,402.91111514265873,406.9058446739429,410.90028245556124,414.89480752712853,418.88910293053664,422.88352664450497,426.8775784069704,430.8717317503665
7.652503e+00 1.480021e-01 6.912493e+00 2780.41 0.44986795058301143 -0.039779218707422126 0.15409233145439374 0.5641230290346995 334.6654627930567,339.22253862060904,343.9034318738588,348.54135480151785,352.9549026477168,357.0165250646451,361.0568343305615,365.4412236500493,370.0685733152277,374.7512273421626,379.32666760535415,383.6015352162954,387.5897868661869,391.75069766804415,396.25456078917927,400.9227502948678,405.5852208238095,410.06698744002364,414.2010261711625,418.197537875293,422.50227076284096,427.0923667294656,431.77699869790956
3.087018e-03 2.747801e-05 2.949628e-03 2768.79 0.4509261977026187 -0.03974425088900569 0.1568146143736394 0.5654300882235762 335.0241602644591,339.0181190463573,343.012681867485,347.0069601066909,351.001888746667,354.99634516243066,358.9913990822164,362.98597693705295,366.98106786694456,370.9758650495365,374.9709379016593,378.96581204632025,382.96085698042043,386.9557215328351,390.95078695699016,394.94562408332484,398.94060308488724,402.93525240253183,406.93026466887807,410.92482650226515,414.91958020627004,418.9140108857028,422.9085539631909,426.9027717353865,430.8970699065949
1.038690e-01 2.161775e-06 1.038582e-01 2772.15 0.45313411152216504 -0.039747040943252605 0.1559075315809878 0.5650711994361439 335.34048187612933,339.33817635121994,343.33654648508036,347.3345704363302,351.33312796218013,355.3313860511866,359.33006534357247,363.3285462407493,367.3273859270003,371.32597950415334,375.3248164868976,379.32336009306994,383.3223191161779,387.32083938308114,391.319778423001,395.31825527639654,399.31711115179394,403.31553507534085,407.31423888885536,411.3125325075951,415.31123247705244,419.30924760971794,423.307675285045,427.3055926014304,431.3038208666781
8.528459e-02 1.506182e-04 8.453150e-02 2777.84 0.44558917319273267 -0.03969500579863013 0.15589853121960662 0.5645873740934872 338.42332570968273,342.41114093172666,346.39840949859183,350.3862815953065,354.3737793684056,358.361895488191,362.34956485909555,366.3377336674471,370.32554663159516,374.31371237491913,378.30155964813235,382.28977619718125,386.2776995721523,390.2658363493434,394.2535528069471,398.24160718218826,402.22932027013184,406.2173288629917,410.20487792619235,414.1927522916413,418.180111194484,422.16766968586194,426.1549736507566,430.1422499584645,434.1290604970345
2.312334e-01 2.674216e-08 2.312332e-01 2773.58 0.4531475585001254 -0.03971286859481071 0.1558421145965198 0.5663890146069285 335.4795478844258,339.47885558207446,343.47891156164417,347.47856699407515,351.47873872258657,355.4787563502682,359.4791388472738,363.47909686608574,367.4795893034992,371.4797319434525,375.48031083649715,379.48043334305873,383.48112611158245,387.48130815277517,391.4817889733305,395.4819729933128,399.48237645316584,403.48252224577755,407.4828683226725,411.48285385929034,415.48312278249347,419.48285065051635,423.48264509304397,427.4822991783999,431.4821987933101
7.595648e+00 1.616131e-01 6.787583e+00 2778.43 0.45418124217571887 -0.03969547789915383 0.15918384293065754 0.5641521266947266 336.11674732658025,340.8073751540471,345.4884697206744,349.97628607831916,354.1063122790423,358.12428379010083,362.47183363806965,367.096801864341,371.80363706416495,376.42167581160237,380.7546348632646,384.7667194500843,388.9104003492471,393.4099795994165,398.0945808002718,402.7827863127999,407.2973553435816,411.4582016711989,415.46438713668493,419.77791877236336,424.38720915459686,429.093309883354
9.387741e-03 1.503170e-05 9.312583e-03 2779.50 0.4486790307515595 -0.03963682884961882 0.15478164133432298 0.5663453114403105 335.13930948836423,339.1346588737061,343.13075055014,347.1264613801641,351.1226496824791,355.118449314941,359.11480690572637,363.1109372943444,367.10733516071474,371.10348810091614,375.1000637413916,379.0961979359243,383.0928423116818,387.0889961399811,391.0855062708364,395.0816341827143,399.07804637082035,403.07410819797326,407.07028682139065,411.0662718631031,415.0623618103159,419.05813539281843,423.05398984784335,427.049626989416,431.04528281575284
1.986761e-02 3.821970e-05 1.967651e-02 2776.47 0.4497390569076155 -0.03972469396552299 0.15650429520140025 0.5632248020076338 334.94138193955536,338.93461363246547,342.92826711190673,346.92168596164385,350.91558930326113,354.90911831658076,358.90317123433636,362.89690054365724,366.8910454012741,370.88488320818766,374.87901825199276,378.87300204157333,382.8671375261534,386.8609816623857,390.85521854338066,394.8489430114759,398.843135007004,402.8367610676878,406.83073664303936,410.8244340093408,414.81825189456134,418.8116942080233,422.80539461336724,426.7986093138463,430.7920620673446
1.666604e-01 8.160308e-05 1.662523e-01 2776.09 0.44919097901904576 -0.03975756007130419 0.15726564680484245 0.566262245703779 334.70592899545795,338.6964699320878,342.6873283299744,346.6779138881186,350.6688616078295,354.65968616196415,358.6508793507514,362.64174948948755,366.63288401744836,370.6239783180678,374.61531048286287,378.6062587941141,382.5975873613913,386.58871617017905,390.57998265865075,394.5710170155142,398.5623297731697,402.55320585877473,406.5442988452924,410.5351359686403,414.5260913075875,418.5167405688341,422.5073880417135,426.49783953817064,430.4882545095592
4.645816e-03 2.929637e-05 4.499334e-03 2771.03 0.4508305975916615 -0.03974417946507914 0.15577870092921592 0.5656507643372468 335.01064593094605,339.0043939708209,342.99891418189594,346.9930446553838,350.98771278275643,354.9820566302196,358.9768774022765,362.97134775947745,366.9662654791939,370.9608888558141,374.95582067305355,378.9504803776649,382.94541043378325,386.9401243839479,390.935006549522,394.92958420640383,398.9244624866367,402.91902065158524,406.9137314660054,410.9080914512679,414.902756503046,418.8969797569199,422.89141507439854,426.88543563443017,430.8795213469684
1.582108e-01 7.904649e-05 1.578155e-01 2778.24 0.4491743936683314 -0.039757694043066116 0.1566131090821344 0.5637451991992851 334.7148715925459,338.70551061363574,342.696467400521,346.6872045352334,350.6782367978561,354.6691182943428,358.6604956378808,362.65139603109156,366.6429299450272,370.63395300710965,374.62547423906295,378.6165570043904,382.60809264912723,386.59923833010964,390.59070939076213,394.5818543391948,398.57321551378027,402.56421246219384,406.55561264208745,410.5465272063675,414.5376258005144,418.52841798098166,422.5193682642769,426.5097980021076,430.50042076827503
2.322647e-02 1.046474e-05 2.317415e-02 2775.79 0.45158144209031437 -0.039730447725683994 0.15610321188095014 0.563351067779109 335.18990507247463,339.1859104184101,343.182513356136,347.1787998828566,351.1756697530549,355.17211350571637,359.16903089420015,363.1657167551243,367.16279093013117,371.15952737267116,375.1567280697424,379.1534931963551,383.15070954655425,387.1474927663526,391.1445822938443,395.1414256017639,399.1385394049178,403.13495618794,407.1321580708705,411.12873629002524,415.12548183660783,419.1217757129595,423.11842155112595,427.11458738680386,431.1109487060813
1.687877e-03 2.508046e-05 1.562475e-03 2774.97 0.4508805209503045 -0.0397386569838912 0.15515018035525807 0.5651574742698007 335.04380836630423,339.0379873779022,343.0329189680845,347.0274438850134,351.02252361570385,355.0172437720805,359.01248093026265,363.0074146555168,367.00270364574834,370.9977433511077,374.99301295163394,378.98796913422836,382.9834226107638,386.9784951176066,390.9737960810234,394.96880451374165,398.964101464635,402.95899297848365,406.9540975581227,410.9489407622433,414.9439114783161,418.9386549389355,422.93344180703224,426.9278511260001,430.92244080151727
1.935854e-02 3.792565e-05 1.916891e-02 2772.20 0.4496368071533312 -0.03972036450279729 0.15875125310867202 0.5628306338124452 334.94301982952425,338.93620795411437,342.92998519262056,346.92336161017835,350.9172568793473,354.91086618565106,358.9050011313499,362.89861451225954,366.8928318433423,370.88666655168066,374.8808258206527,378.87474703666254,382.8689801400628,386.86284058893267,390.8570985451257,394.8508329013807,398.84499602327674,402.8388496273821,406.8327812803556,410.82646864973134,414.8203271991718,418.8137827903113,422.8074635144425,426.8007756497232,430.79414954337545
1.583385e-01 1.245305e-04 1.577158e-01 2774.36 0.4487513331328511 -0.03978950872959254 0.15656987587854795 0.5626672162454728 334.5233318505046,338.5115320673484,342.5002156702267,346.48858843956975,350.47743838996126,354.46601450747835,358.4550420801905,362.4438354978709,366.4330368954282,370.42177737588446,374.41107553970426,378.3999818351329,382.3892038063329,386.378071455245,390.3673280859478,394.3561655872833,398.34528498126235,402.3340369662051,406.32306111428517,410.31166484252066,414.3004967520696,418.28902548056175,422.2776661405775,426.26589663946595,430.2544086821269
1.739292e-01 8.279813e-05 1.735152e-01 2772.01 0.44865450998084283 -0.039742261267655475 0.15723128060480446 0.564677853969683 334.69821075180255,338.6883499937091,342.67911529377625,346.6695709117034,350.6604941943378,354.65120651126153,358.6422945353188,362.63308550082286,366.6243665235006,370.6153396893897,374.60655810126633,378.59754265089305,382.58886346871026,386.5798617789718,390.571098599595,394.5620576121169,398.5531845250118,402.54400668431,406.5350105489415,410.5257689205474,414.51662821058005,418.5072109617609,422.4979127134727,426.4882546731027,430.4787072719822
1.281859e-03 2.287530e-05 1.167482e-03 2773.87 0.44980048895009933 -0.0396986882563598 0.15580284665567434 0.5630920565644937 335.0594280514141,339.0540301738492,343.0491631944192,347.0438868419373,351.0391439310432,355.03419655936597,359.0296245748759,363.02480510578215,367.02032112308467,371.0155522774907,375.011117119716,379.0064116146558,383.0019902092881,386.9972807384925,390.992841133434,394.9880005126362,398.98357885827863,402.97872905290984,406.97402876612983,410.96902726962446,414.9643062955459,418.95926304606223,422.9541267120161,426.94890864850294,430.94371316841557
7.306484e-02 1.591833e-04 7.226893e-02 2772.57 0.44973507710984223 -0.03985021584984954 0.15678480965047814 0.5649257620035817 334.40467234946385,338.3914814776764,342.3787911486273,346.3657032066634,350.353207667563,354.3403506551452,358.3280039617367,362.315334856896,366.30295586646446,370.29038102207403,374.27820412734087,378.2656491863589,382.2534210270091,386.24080237208966,390.22857034759795,394.21600672630655,398.20359360498566,402.1909415511532,406.17844355138436,410.16570604810994,414.1530478256251,418.1400968019684,422.12729200091985,426.1140716868678,430.10104232685825
2.178699e-03 2.001690e-05 2.078615e-03 2772.83 0.4503145288778807 -0.039708183426587246 0.1583104684450527 0.5649790043674582 335.08689471100706,339.0814890002274,343.0769426391656,347.0720129405639,351.0675832547361,355.0628630688583,359.0585442588424,363.05397176880655,367.0497970392566,371.0452665155601,375.0412067511164,379.03675905010374,383.0326945747624,387.02827995679536,391.02421744776444,395.01977062159983,399.015559573096,403.0110906314713,407.00675550155455,411.0020727144108,414.99770735155556,418.99269066084497,422.98806534062464,426.9829794993913,430.9781228522427
9.174190e-02 6.278175e-05 9.142800e-02 2775.19 0.449734939696661 -0.03975658568166852 0.1557909940436955 0.5651589419062492 334.7982123236324,338.78970066768767,342.78173485172505,346.77321476535207,350.7655237376296,354.757424042498,358.7496721006707,362.7417119510334,366.7342288948623,370.72627540399816,374.7186725126629,378.71083234918393,382.70333886025674,386.6953741160384,390.68789032034925,394.6798628796603,398.6722920002382,402.66428466025997,406.65648536180623,410.6484525893644,414.6405360740047,418.6322286512755,422.6241473856527,426.61560222013014,430.60722019392455
3.169326e-02 8.942843e-06 3.164855e-02 2774.61 0.4535756455633605 -0.03979351781233516 0.1566677326501319 0.5642827915950288 335.2131600942736,339.2094844300072,343.20623891522956,347.2027953286569,351.19982540037296,355.19652893535687,359.19379741379845,363.19065435022867,367.18806540466517,371.18500101819427,375.18235917056114,379.17945036346714,383.17685139910645,387.173873647329,391.17120443156176,395.1681725024549,399.16553691535785,403.1624436085317,407.1596220963285,411.15649899856425,415.15339033550816,419.15011002702323,423.146894529192,427.1434304476212,431.14016341777887
8.770969e-02 2.973987e-06 8.769482e-02 2773.77 0.4514928101078465 -0.03969625031471955 0.1568161958503267 0.5639808952256826 335.3172287210055,339.31462673019234,343.3128109013969,347.3105123447681,351.3088932384337,355.3069034098478,359.3054354184432,363.30354644081007,367.3021557403267,371.3004104636896,375.29913093373864,379.2974386550009,383.2960705702745,387.2944149464859,391.29306480240166,395.29143603775043,399.28988507862596,403.2881284665693,407.28649581563906,411.28472551369674,415.2829716073359,419.2808628241824,423.2788627660445,427.27661333418695,431.27450369682526
1.763512e-01 1.196526e-04 1.757529e-01 2772.40 0.4475478335113266 -0.03973726360832158 0.15651067735110388 0.5658456151934422 334.54710873792374,338.53637175047436,342.5253497203549,346.5140125639151,350.50318668981345,354.4920607065538,358.48132794871657,362.4703301173855,366.4597574968559,370.44885189737835,374.4383475655884,378.4274815931618,382.4170400433783,386.4062376856389,390.3957286388198,394.38485640604955,398.37420775575356,402.3631326197083,406.35240316711696,410.34132489798026,414.33040077979103,418.31905409115865,422.3079195573472,426.29651167013543,430.28509516708846,434.27419429505863
2.546577e-02 4.118367e-05 2.525986e-02 2776.47 0.4521045759036279 -0.039810379421166324 0.1549577141034148 0.5645684159015002 334.92541523932033,338.91825410208094,342.91176589518625,346.9048254713488,350.8985659076319,354.8917522307234,358.88558106216294,362.8789864812362,366.87287325250225,370.8664719635949,374.8604875298933,378.8540116457207,382.8480408776025,386.841713291697,390.83564371005133,394.82918267983683,398.8230488874695,402.81659152462385,406.81035182829527,410.80377831966564,414.7974105170396,418.7906306907256,422.7840385468367,426.7769990951303,430.77001374378
7.250083e-02 1.601629e-04 7.170002e-02 2774.06 0.448529864406481 -0.039805462565386494 0.15508289459437374 0.5672978800152272 334.4039535657921,338.39063738637776,342.37785893301646,346.3647339362491,350.3522866351741,354.33932360857415,358.3269557734002,362.3142396694187,366.30194429903025,370.28927525793927,374.2770290941771,378.2644173001432,382.252196178688,386.23962050415383,390.22737774540036,394.214663818427,398.2023569219082,402.1895658841385,406.1771062199251,410.1642493131564,414.15159603073687,418.13854006260914,422.12568310598846,426.1124312101262,430.0993436449313
3.776302e-02 7.976140e-06 3.772314e-02 2771.15 0.4515416779557603 -0.03971725318850558 0.15737178299047763 0.5655264781286164 335.2276204718146,339.2239414235773,343.22099944434524,347.2177163921877,351.2150074689901,355.2118403718848,359.2092511033452,363.20638284457834,367.20389739585823,371.20097504803095,375.198574581814,379.19580878724173,383.19339662052926,387.19068702044757,391.18824064642445,395.18547958924324,399.1828303050194,403.1799754490428,407.17740331080057,411.1743014662057,415.1715675771178,419.1682347336089,423.16525433367286,427.16184398679354,431.1585597324151
1.411940e-01 8.300052e-07 1.411899e-01 2770.55 0.45122994975707326 -0.03967030241869648 0.15604784386544102 0.5641773646978903 335.38700763034427,339.3853772554158,343.38439319683806,347.38295141759994,351.38219405796207,355.38098388593306,359.38031527355685,363.37926490980175,367.37872640938537,371.37781853588723,375.377299578761,379.37646190430127,383.3759158337479,387.3751570662514,391.3746372177685,395.37369028838503,399.37303713944345,403.3720928487749,407.3713519333759,411.3701739935157,415.3693209864422,419.36795050693235,423.36690386690884,427.3653830098427,431.364118912956
2.398757e-02 4.081889e-05 2.378348e-02 2772.40 0.4497376800078644 -0.03972351251899867 0.15522630474502289 0.5668071418716517 334.9294732516874,338.92233214421,342.91596453539125,346.90921401145346,350.90299915614776,354.896287670627,358.8901786020937,362.8837489188218,366.877672915816,370.87129794327865,374.8653711605331,378.85905949011055,382.85303263872964,386.8466490856054,390.8405957306539,394.83419571809225,398.82814185172384,402.82166303011593,406.8154938541272,410.80886804154846,414.80253112761244,418.7957562148003,422.7891453396276,426.7821387279378,430.7753754552818
1.317526e-01 1.101061e-06 1.317471e-01 2774.57 0.4537092045024291 -0.03975906238265792 0.15804771716680832 0.5641624361927507 335.3760321851044,339.3742912278365,343.3731264647452,347.37163255590065,351.37053524696796,355.36926313037947,359.36842421315856,363.36726895007416,367.36651491194203,371.3655477313358,375.36473190618347,379.36380790031967,383.36309354348344,387.36207615660106,391.36135611705663,395.3602930698966,399.35958142094375,403.35841467008026,407.357652663008,411.3562423815371,415.35529366573235,419.35382355991305,423.3526468654746,427.3510466069054,431.34971962707226
2.822385e-02 9.475071e-06 2.817647e-02 2779.63 0.4514061739844481 -0.03972092665490325 0.15605024892043518 0.5632275754024672 335.20381864799606,339.1999743735292,343.19684591663054,347.1932656063313,351.19023021072604,355.1868708043217,359.1840539675609,363.180876642023,367.17813466484137,371.17501337144876,375.1723851378893,379.1693080993374,383.1666157209135,387.1636737580116,391.16095804833355,395.1578998070854,399.1550843035368,403.1519768141148,407.14909416938195,411.1458210656129,415.14264231165004,419.1393057457551,423.13591378179234,427.1322597471683,431.1287919644975
4.601174e-03 1.801776e-05 4.511085e-03 2773.83 0.4514792380113897 -0.03974153607401904 0.154857900700576 0.5671299533434571 335.11115674669304,339.10620621517916,343.10186416810063,347.09723935716903,351.09303200455713,355.08856196254203,359.08459518333353,363.080251885973,367.07641148794846,371.07212233909866,375.06824383947196,379.0641055411534,383.0603260866129,387.0561263547966,391.05233101447476,395.04810478105935,399.044065213791,403.0398114528312,407.03566056835433,411.0311673592548,415.02706645819916,419.02238526589326,423.0179953441402,427.0129921313594,431.0083463712619
7.663356e-03 1.576308e-05 7.584540e-03 2777.12 0.45210153056939745 -0.039762194457116595 0.1552159457104163 0.563960689382636 335.13044639238234,339.1258600588249,343.1217128190596,347.11722960499463,351.1133986239645,355.10921850959505,359.1054084138501,363.1013123143635,367.0976568785437,371.09367704307186,375.0899989769372,379.08611129708305,383.08256738812497,387.0786166314439,391.07505851748823,395.071108270107,399.0673321934144,403.0633733224228,407.05955910931766,411.0554578653452,415.05146728916344,419.0471328647328,423.0430130742002,427.03844344397623,431.03391513718117
1.147157e-01 6.874622e-05 1.143720e-01 2771.77 0.448908728915518 -0.03973420897528659 0.15678105482687213 0.5650855796402793 334.7668519114237,338.7579994084781,342.74952376551767,346.7407785801364,350.7325969698351,354.72407066477933,358.7159458787092,362.7075277082547,366.6996561275388,370.6913134640501,374.68342778699605,378.6752258073257,382.6672634036841,386.65916982498726,390.6511678507221,394.64289682262245,398.6348706424708,402.6265266006578,406.6183980163471,410.60991930264817,414.60171231290855,418.5929912285818,422.5844048790261,426.5756783654904,430.56680506699803
3.947310e-02 7.712740e-06 3.943454e-02 2772.68 0.45215857377688534 -0.03973880959342657 0.15668449565897433 0.5649701834084325 335.231421130258,339.2279323872891,343.22504646386506,347.2217906644642,351.2190414997023,355.21604845822804,359.2134858030129,363.21056278589475,367.20814977931934,371.2053275874747,375.20292141358425,379.20018352504036,383.19781015744644,387.19501935050295,391.1926827500976,395.18988947407126,399.18737326333985,403.1845139327231,407.18199817107825,411.1790081943358,415.17630891431196,419.17309435516563,423.1701158110944,427.166810376572,431.1635029629527
4.125242e-02 4.731649e-05 4.101583e-02 2770.74 0.4493736715048746 -0.03972201385025045 0.15612202247396326 0.5658335869938168 334.8862508364628,338.8788360021823,342.871851655575,346.8645416881054,350.85775062658956,354.8506674226986,358.8442429118757,362.83707729719333,366.83054231209076,370.8236124872015,374.8170539693443,378.8102720354114,382.8037809069162,386.79694551143643,390.79042775421,394.7835690010164,398.7770131797388,402.77003256120906,406.7633129749053,410.7562726867895,414.7493988034774,418.74221628584996,422.73514631281705,426.72760614528283,430.72027774399965
5.702154e-02 5.494345e-06 5.699407e-02 2772.79 0.453114372958786 -0.039764285606013826 0.15608999467341853 0.5644088147623788 335.2669376638905,339.263805012858,343.26140086927484,347.25847465404416,351.2562385915495,355.2535519862382,359.25142575501525,363.2489620724639,367.24690333003156,371.2445596756893,375.2425631709886,379.24028936729763,383.2383150468221,387.2360161640448,391.2340191269793,395.2317256983405,399.22968679828506,403.22726065553877,407.2251149467435,411.2225625275985,415.22025261381594,419.217465348014,423.2149817186761,427.2120114315669,431.2093583617035
6.188363e-03 3.108762e-05 6.032924e-03 2772.40 0.45230003377827493 -0.03979627874770288 0.15377470956168302 0.5678206709357188 335.00047690079725,338.9942592954333,342.9885999883854,346.9825698941726,350.97702911241834,354.97132367682264,358.9659898258394,362.9602872246143,366.95500753527347,370.94937670992164,374.94428738542746,378.9387070665927,382.9335950675048,386.9280917187069,390.92282097966995,394.9172905422495,398.9119590376459,402.9063511712289,406.9009714085346,410.8951813265496,414.88954146238444,418.88362509356057,422.8779719123906,426.8717989451767,430.8656079018921
1.754804e-01 8.386680e-05 1.750611e-01 2774.16 0.44979458742843337 -0.039780985956391963 0.15610562038178302 0.5664673022120343 334.696762926312,338.68703957785505,342.6777747665132,346.6681618139119,350.65920339572614,354.6497685052698,358.64093998081245,362.6316994090374,366.622823047151,370.61370380138555,374.60494382564264,378.5958546404008,382.5871094119113,386.5778988735608,390.5691759483197,394.5600344141616,398.55108882446973,402.54194131504045,406.53296004204617,410.52355135757176,414.51445603852795,418.50488027976957,422.4955570088702,426.48582692592555,430.47617617323135
1.910195e-01 1.161591e-04 1.904387e-01 2771.66 0.4482707120055732 -0.039759730175290914 0.15704063026649936 0.5664685380200063 334.5590742739227,338.5476847819934,342.53684239695116,346.5253986230192,350.51487261148276,354.5039426643475,358.49341960663935,362.4825116112843,366.4720009508066,370.4612953676954,374.45085250043957,378.44012770794444,382.42974843800505,386.41903922063807,390.40857156711525,394.39780790613156,398.387293062495,402.37648730730933,406.36589760948334,410.35489198173246,414.3441298818069,418.3330388626621,422.3221307319353,426.31073360392475,430.2993660868423
1.965141e-01 8.854702e-05 1.960714e-01 2781.13 0.44981654083928824 -0.03978777736751621 0.1547017567445217 0.5661061127029261 334.6753916817157,338.66530260695475,342.65594139681974,346.64606821429834,350.63684726864136,354.62710615809954,358.6179655678491,362.6084977827008,366.5994378763324,370.590047922747,374.5811416912914,378.5716798870514,382.56267909259407,386.553275060409,390.5442065646125,394.5348242646769,398.52575962863045,402.5162443439356,406.50709611640684,410.4973804977986,414.4879257917987,418.4782627634306,422.46867638602885,426.4585798213988,430.44876561731627
2.645029e-02 9.911141e-06 2.640073e-02 2775.20 0.4528674264029445 -0.03977370649324125 0.15477561234811762 0.5631498308050508 335.19921250724656,339.19527974119643,343.19200418946303,347.18835059960173,351.18531446410674,355.1818939465359,359.17902518904,363.1757847914548,367.1729077187293,371.1696791435914,375.16706694555046,379.1639144551712,383.16107972767554,387.15809948655897,391.1553338124643,395.15221951405414,399.14928688735756,403.1461010852875,407.1431392574038,411.1398251577056,415.13659684620194,419.1330978440432,423.1297926122435,427.1261388723485,431.1223438960569
5.963269e-02 5.318351e-05 5.936677e-02 2772.25 0.4486461040360629 -0.039705832875444734 0.1576588794835222 0.5644508978359731 334.8499069183494,338.8418734154996,342.8345553068587,346.8267600258726,350.8194937708084,354.81195198635106,358.8049134113892,362.79753880535657,366.79052791200826,370.78331095396584,374.77641794940763,378.7691464211388,382.7622740072255,386.7550451869965,390.7480833793668,394.7408422300417,398.733778903636,402.7265307118143,406.71931529983743,410.71178501203417,414.70454773515473,418.69687841502275,422.68935263527266,426.6815061844291,430.6738445653912
4.494998e-02 6.981688e-06 4.491507e-02 2767.68 0.4524380942847237 -0.03974659947821817 0.15575768454756073 0.5645263410742656 335.24311883108993,339.2398175998654,343.2370670685621,347.2339680329639,351.231438372897,355.2285242997417,359.22583359011145,363.2234350282567,367.2211364255567,371.21852571785075,375.21626150168095,379.21360869845364,383.21139707790167,387.2087190520192,391.2065447330887,395.2038842114322,399.2015156699133,403.1988167189758,407.1963072530046,411.19354509214696,415.19089683335204,419.18781335685213,423.18504704073683,427.1818349843046,431.1786493400614
5.273126e-03 2.972979e-05 5.124477e-03 2770.76 0.45080812093181144 -0.039745187309069605 0.15605134922827338 0.5648925356425039 335.0060085356179,338.9997177369543,342.99412210983934,346.98824792268175,350.98291441824483,354.97711880403546,358.9718908160732,362.9663685699028,366.9611908168096,370.9557297438842,374.95065909321676,378.945168476997,382.940137597309,386.9347823503079,390.92969123009016,394.924239413341,398.9190464067434,402.91358546368025,406.9082866736194,410.902598227259,414.8971899855867,418.89132091259216,422.8857269615911,426.87969596746245,430.87387419359584
2.315134e-03 1.967142e-05 2.216777e-03 2775.46 0.45096495237605133 -0.03973338052389271 0.1567414080035486 0.5626344942268402 335.0886471742494,339.0834527275351,343.0788036969372,347.0740006124463,351.06959598112104,355.06496785231536,359.06064819897193,363.0561207353849,367.052001048354,371.0475447169497,375.0434769207132,379.03906046707993,383.03504408566533,387.030639206794,391.02652286177914,395.02208973633265,399.0179245452301,403.0134240188004,407.0091874204551,411.00454020068236,415.00008444795003,418.9953684951317,422.99072702280426,426.9857296347138,430.9809730619991
1.454408e-02 1.307397e-05 1.447871e-02 2776.47 0.4520676417399387 -0.0397523828564041 0.15459119942447344 0.565275421972729 335.161396200975,339.1570746905886,343.1533424222619,347.14922066712455,351.1457213866615,355.1418414653994,359.1384008856143,363.1347100176675,367.13139030745225,371.1278039150939,375.124484528329,379.12098310311467,383.1178200560941,387.11418063708936,391.1109737765063,395.1073013054952,399.10396542297065,403.1003541453494,407.0969309046825,411.09304504075135,415.0895165640741,419.08549498836845,423.0817290523935,427.0775968456562,431.07332161958493
6.319712e-02 5.117983e-06 6.317153e-02 2769.88 0.4524958071314875 -0.03973739098997217 0.1555694130795445 0.5670549617771041 335.2782150266552,339.27524787044996,343.27289220987666,347.27019990565196,351.2680768088957,355.2655752398213,359.2635737747003,363.26120604582945,367.2592907106592,371.25705213896674,375.2551935337761,379.25295834836595,383.25115400373255,387.24892137481834,391.24701684511643,395.2446972726811,399.24281794785327,403.2404792206973,407.2384456722172,411.23592660477044,415.23366202855686,419.2310418728729,423.2286225078203,427.2257402407484,431.2228964321968
1.844638e-01 1.179297e-04 1.838741e-01 2772.91 0.4485865519151314 -0.03977358737210603 0.1561092246369113 0.5656414307504161 334.55229438106505,338.54067440665466,342.5297470531079,346.5184955728468,350.50768403780484,354.49663851658096,358.48606519075616,362.4749789260889,366.4645243683825,370.45368925866194,374.443196729947,378.43241198832527,382.42192172412865,386.4110062754603,390.4007100035727,394.38980059311484,398.3792900392497,402.3682911411694,406.3575348722362,410.34655614417767,414.3357241574272,418.32446407930263,422.31341925105164,426.3019043815297,430.2906785096134
1.357426e-02 1.319247e-05 1.350830e-02 2776.47 0.4509698592208183 -0.03971648119197413 0.15603480433919892 0.5633758991036389 335.15749035592165,339.15299035311926,343.1492332116662,347.145111105786,351.14158559164883,355.13773541251174,359.1342461774787,363.13065488912326,367.1272958555174,371.1236759801244,375.12037428809043,379.11687314135327,383.11351951072663,387.1099345851076,391.1066467598456,395.1030039628295,399.0996489522184,403.09598593600725,407.09249490061376,411.0886619541498,415.08505538818804,419.0811512502867,423.07721052161924,427.07305231207386,431.0691213208421
5.825514e-02 5.365728e-06 5.822831e-02 2777.56 0.45312551282961017 -0.0397642108142229 0.15452934306212673 0.5646185086951784 335.26921350357344,339.26613624164446,343.26359522905216,347.26080815814663,351.25863598102103,355.25597369486934,359.25389848994126,363.2513698844072,367.24946216889435,371.2470817107202,375.2451629956047,379.242873934938,383.24098501442,387.2386202143658,391.23670460403076,395.2344228241113,399.2323016530129,403.2298620031393,407.2277962740809,411.22526597402293,415.2230451762878,419.2203576818039,423.21783638534714,427.21490384205396,431.2123303948645
2.862362e-03 2.733941e-05 2.725665e-03 2770.55 0.45242068365068455 -0.03979710841824832 0.15523729620611662 0.5648610489834898 335.02654062173417,339.02067272754005,343.01534442138933,347.0096843862023,351.00455940782956,354.9990325144934,358.9941090379978,362.98875916110364,366.9838824401879,370.97862345273984,374.9737342874635,378.96852147126805,382.9637101686972,386.95851022002705,390.9537703348393,394.94846380925304,398.94357578977224,402.9382558930242,406.9331824868428,410.9277803178815,414.92254701108595,418.9170132783971,422.91152917452035,426.90577916652927,430.89998947862716
2.124575e-02 3.938941e-05 2.104881e-02 2770.64 0.45069620303042124 -0.03975612261815299 0.15672304980004395 0.5659233129674892 334.9379542394762,338.93083086942784,342.9244939967753,346.9177656692634,350.91149340693966,354.9048852343078,358.8989237017747,362.89255743351976,366.8865409893131,370.8802542283357,374.87439447882497,378.8681139174739,382.86224599504305,386.8560437101033,390.8501137269575,394.8439243438629,398.8378241564657,402.83155004551946,406.825402152113,410.8189123899505,414.8126910324796,418.80601004341315,422.7995581782025,426.7927493298431,430.78605117647453
5.492786e-02 5.238318e-05 5.466594e-02 2780.42 0.45093338356349244 -0.039783378192836324 0.15407814531773004 0.5664184076508265 334.8593228401874,338.8511709494033,342.8438439327605,346.83627664655893,350.8290501121816,354.82166794196365,358.81465116773813,362.80729925935003,366.8003923592345,370.7931302813061,374.78629217056505,378.7791164050856,382.7722743259747,386.7650438930312,390.7582293226161,394.75097454184754,398.7439853787043,402.73668381507275,406.7296263761108,410.72217792715475,414.7149862478618,418.70742472602853,422.69996489818453,426.69212496452246,430.68445556829835
1.614692e-02 3.718697e-05 1.596098e-02 2772.94 0.4528407591238266 -0.03982735661098019 0.15474154348247215 0.5664103766648996 334.95494994132196,338.9481920544841,342.94193946044214,346.9353577157653,350.9293856888933,354.92303939781175,358.9171927022753,362.91098404543624,366.9052898067995,370.89910449725795,374.8934062205932,378.88742943308245,382.88161153232545,386.87562947783425,390.8699757087749,394.8637716612702,398.8579395961674,402.8519185326593,406.84588231185245,410.83962484696247,414.8334799471773,418.8271037479992,422.8207669240432,426.81405599847693,430.80755489098425
2.079765e-02 1.146647e-05 2.074032e-02 2770.54 0.45255506930562106 -0.03976351030884731 0.15488290318575731 0.5658828834958732 335.18282503228465,339.17880216237535,343.17532764445804,347.17160166342165,351.1682440164645,355.1645698675107,359.161420653324,363.15793352540516,367.15498848793663,371.15152649251127,375.14859892952813,379.1452437568524,383.142368373815,387.1389718609436,391.13596893213884,395.1325763470698,399.12944465505564,403.1260407804241,407.12275266145593,411.11920160474074,415.11586122006787,419.1120518411431,423.10853454788924,427.1045916298224,431.1005672020846
3.322390e-02 4.442582e-05 3.300177e-02 2771.50 0.45173392810540514 -0.03980178064271597 0.15385095345780142 0.5651942172478943 334.90522130368566,338.89778041821484,342.89105020618393,346.88391237671163,350.87727852336394,354.87031527582496,358.8638494650232,362.857090524085,366.85073252688613,370.8440634643398,374.83776949899544,378.8311318729966,382.82491182075273,386.8183341079129,390.8120144975185,394.80538742318515,398.7990702202278,402.79232328940685,406.7858328017969,410.7788560262153,414.7722711301903,418.76527960355884,422.7583400785626,426.7510871163469,430.74399547400867
1.331819e-03 2.377011e-05 1.212969e-03 2774.97 0.45297595761561865 -0.03980772435338699 0.15369009043241857 0.5665149049008605 335.05775715213866,339.0520930763267,343.04713981113423,347.0417903001382,351.03695795069115,355.03188863119703,359.02724085766073,363.0222334393717,367.0176337739396,371.0128219902594,375.0083089488886,379.00347842478067,382.99901966594035,386.9941670688272,390.9896601361283,394.984838985224,398.98019968348876,402.9752469749062,406.9706124018606,410.9655430610581,414.9606609527776,418.9552906174912,422.9503155986704,426.94485811898664,430.9396070227297
2.988135e-02 4.308025e-05 2.966595e-02 2775.19 0.4504823982356262 -0.03975537586356027 0.15540414548981124 0.5653416163088363 334.91357738120536,338.9061262576655,342.8995292355539,346.89257517368355,350.8859699764072,354.87915446864065,358.87291108852816,362.8661716908088,366.8598801897363,370.8533168009348,374.84719603736306,378.840666269729,382.8344755375276,386.8279830663704,390.8218150660186,394.8152680734181,398.80903211959503,402.8024229327116,406.79605253894647,410.7892702360703,414.78263616284937,418.77571209850794,422.7689234761549,426.76174312192387,430.7548604748749
1.146540e-02 1.422128e-05 1.139429e-02 2767.23 0.452931170026694 -0.03978467821601107 0.15564192310202066 0.5659490605640267 335.14895300485716,339.1445229818574,343.1405772165915,347.1363778161252,351.13263644381175,355.128618022539,359.1251463188861,363.1212176335317,367.11782441990795,371.11400562448614,375.1107009635633,379.1069261935582,383.1035688295243,387.0998261320907,391.09646048352306,395.0927670040451,399.0892418134684,403.08537584036947,407.08165963923926,411.0778200352595,415.07389775491947,419.0699604333812,423.0659250704988,427.06157395740587,431.0573769109351
2.024450e-03 2.610204e-05 1.893940e-03 2776.47 0.4518198745764382 -0.03977178584556675 0.15399967582664212 0.5665550685436235 335.03795044597473,339.03210261524146,343.02692534673423,347.02132723956197,351.01632485056535,355.0108838790191,359.0060208111545,363.00091162876936,366.9960301478131,370.9909785595149,374.98627798244695,378.98113161039817,382.97646894587007,386.9714043962916,390.96665832078867,394.9617334139468,398.9567397848151,402.9516335120169,406.94673557678493,410.9414071927397,414.9362197940028,418.9308224381875,422.9254637122712,426.9198264146901,430.9141568178549
4.545338e-02 4.936616e-05 4.520655e-02 2774.06 0.4518994753853954 -0.039811916711934084 0.153710265388309 0.5675292241752476 334.8781076208644,338.8704078120286,342.86327405845884,346.8557181533688,350.84879712207373,354.8415849054326,358.8346725982351,362.82751881866176,366.82092944959845,370.81387431662404,374.8072903805834,378.8002804762777,382.7936635399025,386.78668873776587,390.7800072222275,394.77303784934463,398.76621226344224,402.7592271686762,406.75239551924346,410.7451196297258,414.7381604786347,418.7307271406431,422.72345094710687,426.71590303878185,430.70831072812217
3.902606e-03 2.830098e-05 3.761101e-03 2770.54 0.45100980404980767 -0.0397510171135788 0.15651932496647927 0.5638714725455205 335.01632632947485,339.0100754096116,343.0047552664991,346.9988969982528,350.9937201404875,354.98811244982284,358.98303316189066,362.9776098457423,366.9725994212821,370.9673038715051,374.9623267237258,378.95702187179296,382.95212412146384,386.9468315497119,390.94180840722555,394.93651093316527,398.93154565336846,402.9260902942089,406.9209792272026,410.91551332718234,414.9101840916769,418.9045011529125,422.89895761515044,426.8930850928062,430.8873715888771
6.695395e-02 5.615810e-05 6.667316e-02 2774.16 0.4506007959717253 -0.039775719478976984 0.15541033994872314 0.5671639636817309 334.8379170589141,338.82950669053855,342.82197668000435,346.81389038868053,350.8065565446517,354.79880847039203,358.79154321684865,362.78400149503085,366.77689026859133,370.7692742281357,374.7621857643694,378.75470700954156,382.7476278980452,386.74019702956076,390.7330950601242,394.7255776788156,398.71847392632003,402.71095286901596,406.7035225455177,410.69583728533087,414.6883924449156,418.6804921886584,422.67282284196716,426.6647302182568,430.6567404833465
1.170079e-02 3.420877e-05 1.152975e-02 2771.50 0.44981995353880977 -0.039719533427015855 0.1549890809716073 0.5642237085018098 334.971599297893,338.96505925055556,342.95911612205884,346.95275108298586,350.94699618252986,354.9409754835755,358.935362094714,362.92939092418766,366.9238859030794,370.91812743972565,374.91260474336696,378.90684013669295,382.9013461638592,386.8956155225619,390.89011949976344,394.8841925202035,398.8786994711948,402.87265634469645,406.86702953876846,410.8610463248189,414.8551941426349,418.84894865861463,422.84290778466226,426.8365415130301,430.83021509193344
7.808850e+00 1.518582e-01 7.049559e+00 2781.62 0.45211772398563066 -0.03972429672865588 0.15398316876160367 0.563006792182347 335.1807539650656,339.71507702638263,344.3966514836065,349.0560933062198,353.5179516860687,357.6266468799872,361.64462098332007,365.9880132160713,370.60078107251496,375.29192987666613,379.9005328383347,384.2352680463974,388.24914123506824,392.3661078900084,396.8351777814049,401.4972930797314,406.1775926013902,410.7069375904287,414.9032691156208,418.8924165112669,423.1450267007096,427.7097392487443,432.3973205224404
1.911324e-01 8.761194e-05 1.906943e-01 2768.96 0.4509112210551543 -0.039823613480833575 0.15561791342173825 0.5672868316399226 334.68130776858504,338.6711425254545,342.6616625216962,346.6519118002928,350.6426240624896,354.63294185924,358.6239014344733,362.6145047814851,366.60538592658213,370.5959782258071,374.58708734422373,378.5777364679111,382.5687205815117,386.5593848349487,390.55033657830955,394.5411349669907,398.5319495286965,402.52258400151914,406.5133658048058,410.50382439899425,414.4945118255837,418.4847294292512,422.475156508577,426.46528684134245,430.4555311757302
3.248776e-02 4.416570e-05 3.226693e-02 2774.47 0.45176975704889544 -0.03980210745226703 0.15493376285168556 0.5656514296163501 334.90692293939276,338.89958407362684,342.8928213281481,346.88575660122854,350.8792071204298,354.8722889187546,358.86580266324205,362.8590265601475,366.8527705002937,370.84607848418506,374.83979563971053,378.83325729487956,382.82699373277427,386.82042675453545,390.81416609271344,394.8074434692565,398.80119481038616,402.7944736690658,406.78802792300786,410.7811283081202,414.7744659616858,418.7675438954417,422.76068850997365,426.75340671946776,430.7462360613537
6.314178e-03 3.115266e-05 6.158414e-03 2772.09 0.45251003575564563 -0.039804808821429435 0.15428695366656853 0.566707195709171 334.9995419994675,338.9933628474366,342.98761358966146,346.9816120456397,350.9761608675718,354.9703505846624,358.9649689991922,362.95941437318857,366.95408076841517,370.9484755383314,374.9434038981406,378.93793503527525,382.93267376056417,386.9271043795312,390.9218977473991,394.916442143537,398.91104427758944,402.9053815064749,406.90002214779594,410.8942428798887,414.8886891577505,418.8827599633226,422.8769140194704,426.870774499669,430.8646295210938
2.628110e-02 4.223615e-05 2.606992e-02 2773.03 0.45194537729592243 -0.039801347448261644 0.15384498316050194 0.5685093581547634 334.92368422818765,338.9164518665063,342.90994773448267,346.90294569773005,350.89652162252173,354.8897799410989,358.88355176136247,362.87696626194617,366.87070608196757,370.864213274212,374.8581110469549,378.8517143733907,382.84568868040617,386.83917159660103,390.8331280143119,394.8265511905628,398.8203789561208,402.81377018129626,406.8075145590822,410.80078020425424,414.7943571986574,418.78733437545816,422.7807247559451,426.77362525419386,430.7666564668004
1.012430e-02 3.346497e-05 9.956979e-03 2774.81 0.4521395234129586 -0.03979935227641026 0.15466589502884046 0.56444099276148 334.979047805673,338.9723361067491,342.9666035273027,346.9604477357407,350.95472097842156,354.9486583479088,358.943157167983,362.9371447580933,366.93179122487925,370.9259231748484,374.92057297353364,378.91478464140084,382.9094047452137,386.903617804646,390.8982440070579,394.8924962575164,398.88701894658567,402.88122562224737,406.87548305723476,410.8695254628401,414.8638077768625,418.85762658681915,422.85172950808357,426.84533446060124,430.8389728947884
1.510701e-02 1.323758e-05 1.504082e-02 2780.42 0.4543802631912345 -0.03983013338182381 0.15217651143562824 0.5677652118454307 335.16391339138426,339.1595390873402,343.1558450743731,347.1517127112342,351.148219774874,355.14423064626214,359.1408751514703,363.13718356301445,367.13385257529603,371.1302309276016,375.1268957535955,379.12341685885445,383.12014762846195,387.1165353265748,391.113304230384,395.1096618948393,399.10630630265007,403.10255246319775,407.0991622922257,411.0952665644907,415.09166387913365,419.0876189275173,423.0837784287349,427.07954129495016,431.07560944857465
1.028643e-02 1.490318e-05 1.021192e-02 2770.76 0.45349659568825545 -0.03980402669732351 0.1535931109383506 0.5677578714269589 335.14398594966644,339.1394848433672,343.1354269507256,347.1311066010074,351.12739890363747,355.1233491134204,359.11964212614447,363.1156878385923,367.1120480517846,371.1081948793599,375.10472819067496,379.10093011081005,383.09744415380055,387.09363727928695,391.0902254540524,395.0862865792197,399.08273357412276,403.0787420827679,407.07512077182804,411.07107068700384,415.06710746081427,419.06295730087834,423.0588869251867,427.05446355725826,431.0503166378303
1.647056e-03 2.494023e-05 1.522355e-03 2776.10 0.4516186930046825 -0.039765201201612047 0.15463222128282347 0.5645738896485811 335.04459708320684,339.0388291100875,343.0336704352995,347.02825886791555,351.0233371896623,355.0180635645757,359.01325273769874,363.008218866599,367.0034822277678,370.99853130813403,374.9938887132785,378.9889914610024,382.98436948288963,386.97940516848894,390.9748720283633,394.9698375822064,398.9651447780829,402.960138603704,406.955247330889,410.9501239480994,414.94506997278194,418.93968460665764,422.9345526668746,426.9289988498116,430.9234530114999
2.739391e-03 1.995487e-05 2.639617e-03 2773.83 0.4523533267782594 -0.039775959285710365 0.15430185147959563 0.5675866977875094 335.09416292808936,339.08903363466084,343.08450038332103,347.0795917789967,351.075290578857,355.0704737944145,359.06632164851453,363.0617608774622,367.05762364092436,371.0531857119225,375.04918790790435,379.04470270217143,383.04062392648916,387.0361841581148,391.0321963705241,395.02762438340716,399.02341201360633,403.01892541629,407.01471271642885,411.0100015075678,415.00554594579813,419.00073583237224,422.99600291593816,426.9910619817272,430.98595833893626
1.501322e-02 1.302193e-05 1.494811e-02 2772.40 0.45422720420781854 -0.03982720697773212 0.15448672505575953 0.5653696374703602 335.16332787086463,339.15893292858647,343.15520763783377,347.1511779932449,351.14768531825104,355.1437855835054,359.14036489180387,363.13663473583637,367.1333288268405,371.12974696815695,375.12656184493295,379.1229063228085,383.1197116229812,387.1162728727145,391.1129465670271,395.109433498084,399.1059918124688,403.1023911980932,407.0989962621793,411.0951069418282,415.09149210813865,419.08758523248014,423.08371471329497,427.0795261458087,431.07556688200617
1.210602e-02 3.507865e-05 1.193062e-02 2772.24 0.4519877454761263 -0.03979251609119973 0.15422184030597583 0.5674445989887933 334.97082280586835,338.9641660518428,342.9580590537296,346.95174175645434,350.9460168271431,354.9396507145676,358.93400893423626,362.9279307068766,366.9224410686799,370.9163784935693,374.91094925054347,378.9050553070476,382.8994788968998,386.89365179424277,390.88814124495053,394.88226084312475,398.8766460993889,402.87063039712604,406.8648960959534,410.85874644235935,414.8528305594564,418.84653004386763,422.8403919397837,426.8339325201542,430.8274538054208
5.506365e-02 5.659283e-06 5.503535e-02 2773.87 0.4531237422184542 -0.039766658334775086 0.15429711162513102 0.5638154158700488 335.2632251464903,339.26006985270266,343.25758816993584,347.25460874351205,351.25239096710004,355.2496678622614,359.2474705851158,363.24498380341606,367.2429208257102,371.2404383499334,375.2384682530356,379.2361319122631,383.23410821945765,387.2318407119767,391.2298752319543,395.22742782953657,399.22531208390114,403.2229518186433,407.2206597826671,411.2181013430285,415.21576048119465,419.2129998695769,423.21041457491305,427.20748315296413,431.2047982286253
2.221576e-01 9.364061e-05 2.216894e-01 2775.20 0.4497926515330051 -0.03979479080617266 0.15522292973056812 0.5643018964425346 334.65068110315747,338.64036149184494,342.630655622279,346.6204665654697,350.6109097320444,354.60095498593915,358.5915513378761,362.58179377992633,366.57241964701484,370.56276111555377,374.55352276309617,378.54386578476783,382.53463217207644,386.5250332530895,390.51560597429733,394.50590046571045,398.4966055097623,402.48675874537236,406.4772407592176,410.46741756651505,414.4577264762187,418.4476916199977,422.43783023169516,426.42766465243864,430.4175333680056
2.454436e-02 4.124485e-05 2.433814e-02 2771.50 0.4524612502928894 -0.03982142962796851 0.15335991677310146 0.5656709375703619 334.9282742107091,338.9210606073169,342.91462107798236,346.90769251125465,350.90140494621005,354.8948092823,358.8885640392295,362.8821030499394,366.8760284097439,370.86960617569224,374.8635256339382,378.8572023929603,382.85108561493973,386.84482931974816,390.8387062894481,394.83235376387853,398.82631332141926,402.8196858361326,406.8135407977169,410.8067965053199,414.8004086429839,418.79371409619284,422.78701701072583,426.7801288777637,430.7729962169952
1.485978e-03 2.189828e-05 1.376487e-03 2774.36 0.4530750780001353 -0.03980868545718404 0.15359104081795502 0.5655268634254669 335.07278182335733,339.06739287746626,343.0625942542741,347.05742108260387,351.05273771222,355.04785809726235,359.0434025799439,363.0386446538599,367.0342375842583,371.029532520218,375.02528110801774,379.0205952017901,383.01632521306453,387.01168287310384,391.0074648023661,395.0027295815084,398.99830161635487,402.99356766720643,406.98911016150777,410.9842104945763,414.9795185985692,418.9744198584665,422.96959077561087,426.9644148181936,430.95927865381117
1.678479e-02 1.219616e-05 1.672381e-02 2770.13 0.4522322170307915 -0.03975822151647757 0.15632461785066612 0.5633122945283183 335.16932738420945,339.16514954159805,343.1615340122856,347.15750804732244,351.1543994754132,355.150398782445,359.1471066593286,363.14340723996247,367.14026048295915,371.13670289500556,375.133665456223,379.1301555783914,383.12712134551475,387.12362287868876,391.1205447418012,395.11699919975194,399.1138624573732,403.11023481149545,407.1068238350839,411.10329303544495,415.0997129834061,419.095936982739,423.09232013693634,427.0882758893793,431.08421844018665
1.396401e-03 2.419603e-05 1.275421e-03 2774.47 0.45284337100205985 -0.039804951096360605 0.1545313403992167 0.5657379256235817 335.0528490594895,339.0471839012301,343.0421302465278,347.0367801633134,351.03194249284843,355.02679010008745,359.0220376058049,363.0170497870208,367.01250382150005,371.00763380728296,375.0030462588015,378.9981410963303,382.9936732472799,386.98877950526975,390.98424800340933,394.9792984212289,398.97474307671484,402.96966374802776,406.96500255020936,410.95984532830454,414.9549854019964,418.94962162361844,422.94449713060015,426.9390190282683,430.933704276009
8.635920e-03 3.269908e-05 8.472425e-03 2776.10 0.45242536919867943 -0.03980681996671161 0.15409144592144947 0.5652592156232762 334.9864399279371,338.9800041481682,342.9741927178836,346.9680690819222,350.9624039308931,354.9564765788214,358.95098377614033,362.9451700909855,366.93978740076307,370.9341133554947,374.9287064126862,378.923068814115,382.9178546608181,386.9121240917205,390.90667781156736,394.9010922230096,398.89562617455914,402.8898127267289,406.8842725590476,410.87841834329055,414.87264919417817,418.86666634294556,422.86066303487706,426.8543580263415,430.8481365395921
3.452777e-02 4.488281e-05 3.430335e-02 2776.47 0.4504222855058966 -0.03975573461739874 0.15502369106645783 0.5656152705020222 334.9021135850061,338.89450746611584,342.8876756287518,346.88050673747404,350.87394625247043,354.8669456312258,358.8604891341023,362.8537010176089,366.8473405374479,370.8405441208902,374.834246765189,378.8276442998224,382.82126171881845,386.81470211895373,390.8083138440207,394.801650852868,398.79518486981914,402.7885825357957,406.78202061573353,410.7750544907739,414.76836109373636,418.76139367882973,422.75443061771705,426.74710086807335,430.73995381021217
4.643390e-02 4.935567e-05 4.618713e-02 2778.72 0.45095357882795395 -0.03978082747378589 0.15447240884842836 0.565941431977067 334.87577577099995,338.8679933266861,342.8608544414316,346.853382416593,350.8464890896444,354.83912504278936,358.83239142392944,362.8252789887567,366.81859425735405,370.81162752565086,374.80493765706996,378.79793458640836,382.79135568274825,386.7843687518738,390.7775954374757,394.7706185588135,398.76383125948803,402.7567926069821,406.7500072205127,410.74270690600395,414.7357359324594,418.72828776401894,422.7211376530707,426.7134966199648,430.70609165467073
1.155192e-02 3.446685e-05 1.137959e-02 2774.06 0.4510108056208043 -0.03975923127614751 0.1549306942760096 0.5658605015552176 334.9728382258934,338.9661661553966,342.9601614442291,346.95385298247913,350.94814904431934,354.94188673828734,358.9364174947637,362.93035348659595,366.92493142499694,370.9190516775248,374.9133706873734,378.90767410169775,382.9022279366484,386.89630299672075,390.8908358832668,394.88492685790465,398.8793669807813,402.8734667395755,406.8677813946784,410.8616192743884,414.85582723300644,418.84963329534384,422.8435599912247,426.83706880732035,430.83078443086146
3.387656e-02 4.429820e-05 3.365507e-02 2777.56 0.44901220996098223 -0.03970697898366695 0.15633735722700343 0.5639239151644786 334.9029838063113,338.8958145783571,342.8890873688609,346.88192584930965,350.8752588224409,354.8683479595352,358.8619357146295,362.85534981562523,366.8488254078474,370.8421840139894,374.8358432190239,378.8293180667782,382.82293927263584,386.81644563305844,390.8103245726552,394.8035708829246,398.7971330862501,402.79045696070494,406.78389614879467,410.7771111024803,414.7705648869628,418.76350370470726,422.75663816462054,426.74929475277804,430.74221526169185
7.808002e+00 1.494909e-01 7.060548e+00 2776.01 0.4526285679872706 -0.03979634184282539 0.1536560840532205 0.5643247996727173 334.94461396159073,339.4764900878211,344.15494743928275,348.81083102049496,353.2685717665955,357.37346974449514,361.3891713513882,365.73048178978155,370.3405656731328,375.02842851524974,379.6332646918817,383.9636482708832,387.9741193113564,392.08931202573103,396.5561881233438,401.2153898787596,405.8922184415002,410.4175309725894,414.60954979695714,418.59600024690315,422.846940252528,427.4092242225705,432.09406299005644
3.575498e-03 1.861186e-05 3.482438e-03 2771.89 0.4522409705152641 -0.039773807908829395 0.1543205519347911 0.56415800262877 335.102556799924,339.09751935757726,343.0930337866149,347.08829129724614,351.08408910546365,355.0795010078365,359.0754489122124,363.071065919605,367.0670175914647,371.06272224915875,375.05877050294066,379.054532716418,383.05055052308006,387.0463589737068,391.04245272778627,395.0381128789788,399.03408745161136,403.0297343060668,407.025532934164,411.020999950107,415.01676905481906,419.01209179649004,423.00751919389245,427.00277858029233,430.99779540306895
5.493048e-03 1.697898e-05 5.408153e-03 2773.73 0.45310313468748886 -0.0398003877566929 0.15558391779583444 0.563949057839288 335.11749415838415,339.1125298564428,343.10828809216173,347.1037528364915,351.0996686896767,355.0952336515141,359.0913106226073,363.08709858982786,367.0832401825539,371.0791156088768,375.07544418117465,379.0713609818003,383.06755711792596,387.06347512135477,391.0597789239513,395.0556263186788,399.0518105746289,403.0477029829187,407.04368462144424,411.03941418493076,415.0352541561861,419.0308761870556,423.0263655721521,427.02172015090224,431.0173146900435
5.651035e-03 1.719932e-05 5.565038e-03 2775.19 0.4525599690693458 -0.039779457870891245 0.15456640005052508 0.5655371538741376 335.11851359451964,339.11369635736185,343.1094647416121,347.10485404974634,351.1008490762719,355.09643151865475,359.09260170582644,363.0883359842454,367.0845154061828,371.0804034381984,375.0766084446316,379.07254444196195,383.0687877992483,387.0647948520858,391.0608834295846,395.0567541633095,399.0529354215408,403.0487002487775,407.04471193137425,411.04051251184586,415.0363099763039,419.03176972384574,423.02743083106475,427.02269715969175,431.01794763583257
1.186219e-01 6.926793e-05 1.182756e-01 2781.32 0.44895173757065054 -0.039740568774527175 0.15453446774652604 0.5626812913875744 334.76146097439334,338.7526073624419,342.74417434218157,346.73530648542703,350.7270627055603,354.71849256994244,358.7104332582299,362.70196057638327,366.6939591028213,370.6856970883557,374.67776617578033,378.66939945273776,382.66151890775785,386.6532992808468,390.64532939892985,394.6370492630367,398.62890304356887,402.6205590213283,406.61237265291425,410.60399859050534,414.59567171469996,418.5869117300749,422.57844251743643,426.56941657486107,430.5606954384326
1.583773e-02 1.254135e-05 1.577502e-02 2774.81 0.45140107530948026 -0.039729100085491485 0.15500898624744755 0.5642695713357785 335.16601769613703,339.1616498952373,343.15810821639917,347.1539685454099,351.1505579376199,355.1466714564703,359.14342653790186,363.1398893649873,367.1366284216302,371.1330182984038,375.1299132392875,379.1264461793343,383.1233402233265,387.11985056041334,391.11661210999296,395.11317743114154,399.10990628368756,403.1062709207554,407.1028433964216,411.0990286729573,415.09558336889677,419.0917311775074,423.08793167985516,427.08382400134474,431.0798792339362
2.415746e-03 2.007132e-05 2.315389e-03 2777.97 0.4532363268553169 -0.039809194775907907 0.15304548404280616 0.5665232157622575 335.0902940973519,339.0849699696354,343.0804108089008,347.07550362730035,351.07100275363865,355.0663062141056,359.06198555102776,363.05741809338963,367.0533334421951,371.0488350411649,375.04471069036634,379.0402258044784,383.0361457573241,387.0316613124972,391.0276010099706,395.0231133957928,399.0189925458247,403.0144015322188,407.0101289787519,411.00542748402376,415.0009144677925,418.99600641154024,422.99144017381417,426.9863831216745,430.98153282620143
1.733735e-03 2.135158e-05 1.626977e-03 2776.01 0.4537323004707287 -0.039830416365390205 0.15251301193208058 0.5654296332343591 335.0791611242025,339.0737194290886,343.069100757625,347.063978640953,351.0594293759622,355.05449904002336,359.0502055502721,363.04536828424966,367.041108068184,371.03651367730123,375.03225848362547,379.0276680194901,383.02347254557185,387.01887824919527,391.01463711247214,395.0099755114183,399.005754808335,403.0008717310528,406.9965480472084,410.991794832161,414.98714887913724,418.98212093048636,422.97732312553404,426.9720839928286,430.96709873513475
2.347585e-02 4.089823e-05 2.327136e-02 2773.15 0.452895740952998 -0.039833653160430554 0.1538460384354425 0.5674955507954693 334.9314764197497,338.9244396897245,342.91792861378633,346.9110900815943,350.9047583537237,354.8981741818698,358.8919701490249,362.885488627489,366.8794775401939,370.87307188710537,374.8670257545081,378.8607576790011,382.8546839686836,386.8484487878202,390.8423735266429,394.8359849764377,398.8298660255745,402.823361251267,406.81726002858784,410.8105747226369,414.80423648967394,418.7974144266443,422.79080520069283,426.78386752898814,430.7770323848814
6.444223e-03 3.096890e-05 6.289379e-03 2771.50 0.4526083220132043 -0.03981055397200856 0.15365282493955312 0.5649321513937515 334.99838884244247,338.99220481273187,342.9866030981427,346.9805094533649,350.97508296039484,354.9692518886653,358.9639302610866,362.9582476577208,366.9530395346254,370.94747337599796,374.94227261584746,378.93680227081603,382.93165260340675,386.9261107097739,390.9209186456453,394.91532681575393,398.91010029715045,402.90447589109823,406.89914270498684,410.89330328803146,414.8877150584773,418.8817764631284,422.8761203109301,426.8699306503779,430.8638240144846
1.726859e-02 1.219155e-05 1.720764e-02 2775.46 0.4538646740464977 -0.039814298720533346 0.15514328459209165 0.5637026970571064 335.17121067052034,339.1669807464431,343.16333721361275,347.15943261365493,351.15601959605095,355.15222612596096,359.1489035486994,363.14537959051285,367.14219737444324,371.1386537239338,375.1355668955065,379.13211039923607,383.1290191547072,387.12554558289787,391.1224621943943,395.11900871705456,399.11571484153535,403.1121797507876,407.1088455936625,411.1052096649507,415.10178358730167,419.0977973371055,423.09410783312745,427.0901046641033,431.0862604274005
3.242995e-02 4.454181e-05 3.220724e-02 2772.40 0.45174966457465066 -0.03979934091530766 0.15419763588036645 0.5674436930149173 334.9074695526029,338.9001004701672,342.89328368266797,346.886110751674,350.87957158294404,354.8726144182289,358.8661372883115,362.85939830907796,366.8531113832261,370.84642327915907,374.84012236762976,378.8334934625897,382.82735414950656,386.82064889260613,390.8142781103555,394.8076486686567,398.80136397962497,402.7945889940025,406.78804428292176,410.78120211189304,414.7745047719445,418.7675217153666,422.7605623520193,426.7533085311273,430.7461881120919
3.049241e-03 2.765852e-05 2.910948e-03 2779.65 0.45291172957334275 -0.039814191842369166 0.15378286720559434 0.5657230795601851 335.0247647398472,339.0188028015961,343.0134603321675,347.007691855369,351.0024699079867,354.9969864842893,358.99195073764827,362.9865801205135,366.9816558893735,370.97644502941154,374.97158807821063,378.9663298330715,382.9615519056793,386.9562230737503,390.9514684147998,394.94620904907833,398.94113716762814,402.9359297286351,406.93079677485883,410.9253618703807,414.92001429248137,418.91443072548293,422.9090643276654,426.90310495295626,430.8974173424299
7.474731e-02 5.869088e-05 7.445385e-02 2775.81 0.4506356401688717 -0.03977938461478594 0.15381898651280596 0.5680352380298186 334.8250415346404,338.81654709518267,342.80882703056676,346.8007105651046,350.79324691788,354.7853010560933,358.777840186101,362.77011546006185,366.7628337384128,370.75506953572784,374.74776480814023,378.74020403226297,382.7329283951036,386.72536348399785,390.71802073384913,394.71040784587774,398.70307630261664,402.69539150643595,406.6878087527324,410.6799774706599,414.6723298953546,418.6642394263365,422.6565056059662,426.6481378778531,430.640050823834
1.898308e-03 2.589106e-05 1.768853e-03 2770.55 0.4540130049182338 -0.03984854575629442 0.1541653349545767 0.5658779349738864 335.04023385759996,339.0344531244676,343.0292592423819,347.02376288852105,351.01867693725603,355.01330251077366,359.0085106206363,363.003233224602,366.9985911843025,370.9934606442054,374.98874546598853,378.983661330708,382.9790417789642,386.97400779275176,390.9693923320563,394.9642917475805,398.9594292081281,402.95424189364945,406.94925817412394,410.9440775366052,414.93892652095406,418.9335342715322,422.92820302767876,426.9225770597842,430.91704010239505
2.390542e-02 4.078608e-05 2.370149e-02 2776.10 0.4520803434931086 -0.03980753371225115 0.15380814744994542 0.5659536127733353 334.9300792818707,338.922959991569,342.9164909664658,346.9096426367933,350.9033629122435,354.8967058068702,358.89046013418925,362.8840156080852,366.87796574501704,370.8715499159124,374.86548542600485,378.85924935483393,382.853217032154,386.8468455574471,390.84078658018495,394.8344572906948,398.8284334410826,402.8218901012665,406.8156677380938,410.80909949264486,414.8027781301468,418.79606402139456,422.7894926969425,426.78250546681244,430.7755437596157
1.400674e-03 2.414008e-05 1.279973e-03 2776.10 0.45344808021667365 -0.039827150920311465 0.15392696390351626 0.5649092077067787 335.0528774491811,339.0471592987011,343.04204881325927,347.0367514607996,351.03191473388864,355.02658421031526,359.0219899322757,363.01697530610124,367.01234030070816,371.00741838328514,375.00286896044884,378.9980007940531,382.99345670672125,386.9885457934852,390.98401274112575,394.9791767973759,398.9744961842452,402.96948919349654,406.96471755949983,410.9596322211016,414.95476943185264,418.9494374899863,422.9443450502236,426.938936240323,430.9336946452744
2.180558e-03 2.021217e-05 2.079497e-03 2776.01 0.45216871980401563 -0.03977517967812248 0.1539536472572895 0.5639897044437782 335.0867706418213,339.081622149032,343.0770422392118,347.0719508439395,351.0676944609859,355.0628998857295,359.05862967259566,363.0539804421451,367.04982666092377,371.04527162234194,375.0411693083105,379.03670519859537,383.0326420265347,387.0280877197225,391.02405131242557,395.019550323359,399.0153011783235,403.0106981770631,407.00645831707044,411.0017639248526,414.9972208426991,418.9925126441308,422.98778229373437,426.9827731122241,430.97762380263134
2.755147e-03 1.938005e-05 2.658247e-03 2774.27 0.4529200983194141 -0.03979933874227922 0.15419580026090868 0.5642495350421265 335.09431139222374,339.08913766925133,343.0846353126665,347.0796506148298,351.0753957318606,355.0706380939346,359.0663952042652,363.061907129542,367.05783874424816,371.05345642779287,375.04945984393,379.0450586891939,383.0410684150139,387.03677725522925,391.0327165427858,395.0282322041671,399.02422244702075,403.01971060447397,407.0154378611548,411.01089822185645,415.00645810535855,419.00174569287543,422.9971363656039,426.9921409752704,430.98733350300586
1.442954e-01 7.773578e-07 1.442915e-01 2776.10 0.45610733056193226 -0.03983832910306299 0.15269705226883035 0.5655443365333529 335.3908262986982,339.38913595420826,343.3881911121576,347.38669860892344,351.3859539486328,355.38463963934726,359.38401958234874,363.3830004006317,367.38238436699703,371.38144483348606,375.38094575048723,379.3801113932592,383.379532841267,387.3787072026788,391.3781374625479,395.3772081064514,399.3765672209872,403.37555526648595,407.37494916017505,411.373749874488,415.37280650652724,419.37150764319995,423.3703648053223,427.36901828050594
1.761502e-03 2.114670e-05 1.655769e-03 2780.52 0.453070648501031 -0.03980696506895154 0.15240927954735017 0.5656386188959868 335.0797864804913,339.074434019645,343.0696907310691,347.06457307469674,351.0600134039512,355.05518938820916,359.05079746014815,363.04613804995296,367.04178544875913,371.03720754193614,375.03300079826056,379.028540353207,383.0242464318558,387.01974236865556,391.01552507225193,395.01083835044477,399.0066897790741,403.00194179482173,406.9974680722415,410.9927284391863,414.9880579808487,418.98318036020044,422.9783554432181,426.973128635544,430.9682069396176
7.809585e-03 3.227450e-05 7.648213e-03 2781.32 0.4527865223150798 -0.03981776226108366 0.15110991199355092 0.5665619341795762 334.99088006947187,338.98447360274656,342.9786979292482,346.9726171295209,350.9670594194033,354.96109880701994,358.9556860215337,362.94991116933363,366.94459705041515,370.9389175794248,374.93374960894874,378.9281310101238,382.92281987218485,386.917223186945,390.9118865056351,394.90612393291656,398.9008425041114,402.8949931590947,406.8895732192874,410.8837999429803,414.8781343348277,418.8719036360076,422.86605839695403,426.859764648341,430.85355964622306
9.405531e-02 6.344538e-05 9.373808e-02 2775.20 0.4497769890003549 -0.03975961745191556 0.15506619231257093 0.5645531646136215 334.79497877457874,338.7864465661547,342.77832858552574,346.7699143394147,350.7620855464054,354.75385887005916,358.74613261987224,362.73806737311406,366.7304868379637,370.7226068873953,374.7149335716892,378.70707340626086,382.6994529140502,386.6915511674793,390.68394050833365,394.6759789325741,398.6683880891134,402.6602483949797,406.65247491862124,410.6443241851484,414.63637048934595,418.6280557179666,422.6198720645887,426.61131150842795,430.6029327005671
7.861669e+00 1.484372e-01 7.119483e+00 2776.01 0.45225717528629095 -0.03981170663192067 0.15354447441641714 0.5647602965501382 334.82859545052565,339.3618151138619,344.03936009529093,348.69234301182,353.14476399436006,357.2439982074269,361.2606708937655,365.60530173215204,370.2159957919862,374.9022226072203,379.50309108338865,383.8270534571917,387.8337917798982,391.9521443859303,396.42171333711775,401.0806983390313,405.7550037589429,410.2749792305633,414.4600610123808,418.44587939732435,422.7010629941239,427.26513915143755,431.9485813060376
2.009574e-02 1.150620e-05 2.003821e-02 2776.01 0.45510986002471765 -0.03985447138145982 0.15224604063809102 0.5650983915666276 335.18096991722507,339.1767684872932,343.1732590356554,347.16930744942624,351.1659957604946,355.1623414883443,359.1590894397768,363.1555764688832,367.15244486023545,371.14913727719363,375.14609241956214,379.14265381805217,383.1395947817554,387.13623323458256,391.1332014026183,395.1298869682347,399.126710131441,403.1232184166698,407.1199962349208,411.1162910094464,415.1128934851169,419.1092276958483,423.10549102144483,427.10166455695804,431.09857437264657
4.084100e-03 1.855185e-05 3.991340e-03 2773.82 0.4545074102416582 -0.039848362652768775 0.15173404923747083 0.5676830830072233 335.107433220599,339.10233476806576,343.0978412968803,347.0931386837363,351.088928280954,355.0843376829439,359.0802666718405,363.0757327954844,367.07183843565565,371.0675770164113,375.0636099653393,379.0593491000328,383.05538843970413,387.0511427741592,391.0472448082779,395.0429004673757,399.0389405385669,403.03455938775164,407.0303938652183,411.0258462376708,415.0215839430685,419.01694243996184,423.012308486532,427.0073545210515,431.00303665409444
5.280793e-02 5.094741e-05 5.255320e-02 2780.52 0.4489448681586508 -0.03971477767854516 0.15465590078740743 0.5639837167937611 334.8623583205463,338.8547291831594,342.8475366487816,346.8398663288126,350.8327532329638,354.8254306671697,358.81846345069425,362.8112009750708,366.8044832918019,370.79734450815,374.79059625545165,378.7835000771766,382.7767236436579,386.7696578656972,390.76289956676817,394.75587531653076,398.74892709648657,402.7417196386488,406.7347691327602,410.7275556412167,414.7203792728486,418.7129146508071,422.70549321173024,426.697691275121,430.69007267906954
1.120123e-02 3.463191e-05 1.102807e-02 2778.15 0.4534800279440062 -0.03984464106453817 0.1516737933589223 0.5673789587459868 334.9749153386089,338.96829622670253,342.96226156713647,346.956001543072,350.9501286588758,354.94399069564406,358.93826738744514,362.932357646013,366.9267111764521,370.9208583198226,374.9153932093728,378.90950474481787,382.90397568550964,386.8981399956766,390.8926809034475,394.8868227791342,398.8811170025015,402.875180904135,406.8695027490298,410.8635040215853,414.8575655847603,418.8513175296699,422.84513490137823,426.83870952261987,430.8325897996346
3.339086e-02 8.576109e-06 3.334798e-02 2780.41 0.45314608235058046 -0.03977873819759371 0.15303246273148793 0.563950379204032 335.2171662401382,339.2135450223471,343.21048525278826,347.20702383520273,351.20415075802026,355.2009441539557,359.1982574197508,363.1951453375465,367.192514360527,371.18961317815257,375.1870584805942,379.184169018585,383.1815972382586,387.17876003303735,391.1761748618389,395.1732095460622,399.17052512430473,403.1675066640072,407.16479646117176,411.16167592539233,415.1588297576012,419.15547103111356,423.15240812086785,427.1488370647744,431.1456744740623
3.154839e-02 4.433568e-05 3.132671e-02 2778.15 0.453902723204093 -0.03987556380735002 0.1518345642956469 0.566632485960698 334.9097443483051,338.9024129424058,342.8956801461087,346.8886390194315,350.88203013694755,354.87507484018255,358.8685856831731,362.8619302758447,366.85562442638974,370.8488481505911,374.8426775989194,378.8360738607613,382.8298023774273,386.8231941437893,390.81682794786855,394.8102765997979,398.8038960410494,402.7972033267094,406.7906302885149,410.7838060739115,414.7771640226779,418.770055022662,422.7632190592039,426.75610619024206,430.7489383671524
2.428115e-02 1.037194e-05 2.422929e-02 2777.56 0.4520372434498711 -0.03974466691969426 0.15501235027566898 0.5644057548050071 335.1931557622008,339.1892337913628,343.1858651865563,347.1821533806011,351.1789938377942,355.1755499860101,359.17246903044486,363.1691653516637,367.16627592664474,371.16296419355336,375.1601039938485,379.1570109109374,383.1540914253306,387.15099814306734,391.1481095198995,395.14487017771125,399.14197664398716,403.13877831700194,407.13560534801536,411.13229338302216,415.12903992300426,419.12549880929987,423.1220540551376,427.11826504964813,431.11453236677136
1.488490e-03 2.465673e-05 1.365207e-03 2776.13 0.45145884865077457 -0.03975694692170863 0.15391241570100325 0.5659726163338328 335.04937333946833,339.04357235343775,343.0385308314813,347.0331994986802,351.0282484774263,355.0230496237864,359.0183560595602,363.0132851538158,367.0086807386037,371.0036883105184,374.99909757623163,378.99427049659903,382.98965162084977,386.9847123978088,390.9801927442123,394.9752892561091,398.97056506628655,402.9655609667554,406.96086099526394,410.9555525256231,414.95059659331935,418.94530400370485,422.94010654948846,426.93451816156676,430.92907281988175
4.298777e-03 2.882402e-05 4.154657e-03 2773.87 0.45180329735188973 -0.03977931694757058 0.1543713147048867 0.5644318591490455 335.01310636595247,339.00706977933885,343.00153042248644,346.99571596007905,350.99047882541913,354.98474709287865,358.9796375964068,362.97407036128226,366.9690893182259,370.9636867538609,374.95870292019674,378.95342433275954,382.94844268325545,386.94303361365365,390.93808163306346,394.93273287088607,398.92758442249,402.9222944221624,406.91707188250484,410.91152565837774,414.90614870754405,418.90045194637764,422.8948350081431,426.8889057711303,430.88296877874217
4.820703e-02 6.539339e-06 4.817433e-02 2779.63 0.4532810867881518 -0.03977475502655584 0.15207310719908623 0.5646699310289454 335.2501126650365,339.24674441096147,343.24400661042205,347.24098924185,351.2385014561228,355.2355967138099,359.23332832391293,363.23064348504084,367.22840304312666,371.2257822756637,375.2236151503138,379.22110820713016,383.2189151237054,387.21637842931483,391.214165358018,395.2116691971919,399.2094246429637,403.20674238290627,407.20433739171074,411.2016066452618,415.1990643228089,419.1960950821006,423.1934418694127,427.1902006676087,431.1874791907133
1.448889e-03 2.427644e-05 1.327507e-03 2779.36 0.45441654095493084 -0.03986333576612393 0.15142769861358127 0.5638509332740043 335.05039603077626,339.04467581288634,343.0396397711306,347.03419794259753,351.0294263623912,355.0241855427495,359.01942211336444,363.01440022573604,367.00978516634405,371.00482213921515,375.00030202014887,378.99543837594996,382.9908984288707,386.9860162858256,390.98138161821157,394.97645725443294,398.9718332703276,402.9668222794862,406.96225420236794,410.9569915617259,414.9520677931611,418.9467654871117,422.94162925035835,426.93611695130534,430.9309467546875
2.145267e-03 2.590751e-05 2.015730e-03 2779.63 0.4511042044174577 -0.03975125822083259 0.15368732920436678 0.5631199554030892 335.03517525602416,339.02929421694864,343.02410180564294,347.0185084436367,351.0135467351856,355.0081863167879,359.0033065075692,362.99819630648483,366.9933776879663,370.988319935734,374.9835852870855,378.97860567677486,382.97384614702014,386.9688657403687,390.96414692015253,394.9590757779291,398.9542230918463,402.9491562440157,406.9440872766484,410.9388131072146,414.9337227195634,418.9283288598089,422.9230909639081,426.9174100160701,430.91183902616086
2.008384e-03 2.076831e-05 1.904542e-03 2780.41 0.4534095632807182 -0.03981726985399901 0.15181373738690726 0.5661371109604851 335.08427868486046,339.07905827352016,343.0742783886594,347.0692266029404,351.0648424151367,355.0599312852172,359.05562683909346,363.05098085428654,367.04677079996674,371.0420890601502,375.0379594197879,379.03343240761455,383.0293928512708,387.02480683634417,391.0205808274019,395.0160523398789,399.01175404291325,403.0071520983636,407.00268021677186,410.9979949079061,414.99344538758584,418.9884713666054,422.9837478648364,426.9786110138362,430.9738286841139
1.793467e-02 3.817037e-05 1.774382e-02 2780.41 0.4531822984131232 -0.039841175369315515 0.15154958365302332 0.5665547816472399 334.9488979571515,338.94201372362727,342.9357811865005,346.929102749817,350.92298321520985,354.9165416976364,358.9105824425595,362.9042851408104,366.8984620929731,370.892265376411,374.8865393040259,378.88037254460295,382.87456454781716,386.86843897820654,390.86267273200247,394.85646134218746,398.8505340121115,402.844310350957,406.8383399558135,410.8319924682,414.82570980215934,418.81918643861684,422.8128698968661,426.80605055423086,430.79958131779784
1.818402e-02 3.801262e-05 1.799395e-02 2771.50 0.4510222021888066 -0.039766194913226104 0.15380973610204476 0.5657356424589842 334.94771343556334,338.94073352442274,342.93450033284614,346.92790881013894,350.9218919882903,354.915410126584,358.9094669864496,362.90325015573956,366.89735935984174,370.8912382559581,374.8854143664691,378.87929597273137,382.8736835501052,386.8674869967382,390.8616320999121,394.8554792822858,398.849575447497,402.8434154782899,406.8373069490434,410.8310047264957,414.82479796148453,418.8183697022486,422.8119927762886,426.8051744842512,430.79868593670597
1.714977e-02 3.814515e-05 1.695904e-02 2781.32 0.4525382235983727 -0.03981708183241957 0.15071676091010858 0.5676313197366056 334.95164191326927,338.9447490798221,342.93854650473816,346.9319563759063,350.92595739810406,354.919567915931,358.91359962761334,362.9074007322857,366.9015452618007,370.89548351898173,374.88965716811356,378.88361198377817,382.87773739308193,386.87167619121374,390.8658319537116,394.8597446128307,398.85383192436586,402.84756437971373,406.8416240490304,410.8351804766181,414.8290023227117,418.82250499205645,422.81600159344185,426.8093339477185,430.8026252817488
1.911283e-02 3.893467e-05 1.891816e-02 2775.10 0.45255146798095675 -0.03982004043505682 0.1525307669226986 0.5666197159142016 334.94494030919753,338.93800534350964,342.9316666250274,346.92499610996236,350.9189290576937,354.9124204172946,358.90647196065476,362.90011812953304,366.8942595680176,370.88795651233573,374.8821572077542,378.87600202908334,382.87012050593296,386.8639961602428,390.8580944731141,394.8520356585205,398.84592495462584,402.83977009582924,406.8335495953693,410.82708952149324,414.8208989117269,418.81431125962393,422.8078972616902,426.80097996946137,430.79423930634795
7.309393e-03 3.163550e-05 7.151216e-03 2776.01 0.4527313278004991 -0.03981632006209181 0.1529734499469281 0.5652482936972116 334.9933314622665,338.98701785726803,342.9812415967733,346.9752254461587,350.969689138557,354.9638648163547,358.958431754305,362.95276630588916,366.9474411906284,370.9419343946617,374.9366318582371,378.9311037329556,382.92577403704684,386.9202932811569,390.91499571985764,394.90942667430585,398.90405964703547,402.89830260741985,406.8929028880091,410.88742585559976,414.8814743382069,418.8755264927373,422.8696747958519,426.8633975187957,430.85733394387205
1.485421e-01 6.319384e-07 1.485389e-01 2781.32 0.45574579994987546 -0.03982701543255036 0.15169274711135444 0.5634842741623934 335.39543635271644,339.3938177788334,343.3929606332259,347.3915909804669,351.39081498440845,355.38969654591773,359.3890724712946,363.38812936241663,367.38768499414294,371.38675302311697,375.38634093541907,379.38559890401524,383.38509001919306,387.38438108210704,391.3839334409847,395.38306097389557,399.38251153747973,403.3815975773434,407.38101329218415,411.37990833178037,415.37912180846087,419.37802909785114,423.3769545476064,427.3753848973265
1.351752e-02 3.570780e-05 1.333898e-02 2779.36 0.4547400284484127 -0.03989251979200005 0.1504657815550457 0.5659363950724616 334.96513489367953,338.9584161102944,342.9522597828664,346.9458416042867,350.93989244870045,354.93354893377335,358.92788423006937,362.9217418528763,366.91610153674293,370.91015624824956,374.9044532609691,378.8985828008274,382.89287554396674,386.8870372387757,390.8813152697429,394.87541106455467,398.86961464539917,402.86365044879005,406.85778366259734,410.8516079578968,414.8456655487164,418.839305900065,422.83303215102205,426.82646567024835,430.82077298241313
3.697197e-03 2.859634e-05 3.554215e-03 2779.36 0.4532256495495176 -0.039826130618525184 0.15067861931361054 0.5666903390477944 335.0188541681991,339.0128093516942,343.00726321151706,347.0013949555734,350.9962604815573,354.9905825530512,358.98553100620535,362.980016385629,366.97503138009466,370.96974215172895,374.96467440818856,378.9593968031755,382.9544532766508,386.94913311022685,390.94422081788025,394.93889447908543,398.93387223492925,402.92836214374205,406.92320273167576,410.9175998578954,414.91235235106296,418.90659716025124,422.90101045754113,426.8951339621601,430.8893987751597
1.561312e-02 1.259511e-05 1.555014e-02 2775.42 0.45241886478996135 -0.039766292514573635 0.15439670911089878 0.5631731663319772 335.16501954308205,339.1608433460944,343.15722719632424,347.15324160637323,351.14975431183785,355.14591711630754,359.1426229788631,363.1389494585914,367.13575490673645,371.13219116689544,375.12902556744365,379.1255084189432,383.12235105256866,387.11878090492826,391.11567852598546,395.11214780882904,399.1088620827044,403.1052321208424,407.101871272899,411.09809717826107,415.0946104809222,419.0906955384292,423.08699871212724,427.08286936574814,431.0787528170218
7.809609e-03 3.206437e-05 7.649287e-03 2775.42 0.4527282902026102 -0.03981611658203445 0.15301328055198876 0.5656170545665008 334.9906902453583,338.9843664749239,342.9786080906117,346.9724274749279,350.9668860365929,354.9609605707793,358.95562170701544,362.9498505792432,366.94455358915513,370.9388331765077,374.9336498728055,378.9280130228109,382.9227532582926,386.9170856029791,390.9117836088394,394.9061069633317,398.90070049431847,402.8951183400865,406.8896175505984,410.8836790714357,414.87803657415935,418.8720645933983,422.8661658513066,426.8598764465634,430.8538012844644
3.292914e-03 2.742763e-05 3.155776e-03 2780.24 0.45319662797432836 -0.03982947503376793 0.15204680916641278 0.5619700355677686 335.0217120888338,339.01565403004764,343.01029275658567,347.0045650827902,350.9994134888883,354.99384984839685,358.9887945058608,362.98336329330397,366.9785532939475,370.9732280146353,374.96838503211524,378.96324862833075,382.95830668988003,386.953147669435,390.94817637666347,394.9430758441783,398.93812732217503,402.9327759718886,406.9276850942801,410.9222471066314,414.9170632394734,418.9113687138786,422.90608988227837,426.9002581007708,430.8946413938312
6.332508e-03 1.675142e-05 6.248751e-03 2776.13 0.4542642195815235 -0.03983780367516797 0.15285925722200694 0.5660967370401208 335.1231147885648,339.11816377066873,343.11400335372093,347.1094181678667,351.10549515602816,355.1011097884462,359.0970568584658,363.0929888866118,367.0892989415852,371.0851534601601,375.0814401884093,379.07744356709105,383.0736742814483,387.06967897444156,391.0659042508665,395.06184075837217,399.0580193728078,403.0539314687444,407.04998301034095,411.04575750217805,415.041567928173,419.0371192380216,423.0328638832589,427.02811998274734,431.0236819808843
1.339543e-02 1.333508e-05 1.332876e-02 2776.10 0.4534383258043012 -0.03980331447940654 0.15458311530254715 0.5636059141006211 335.1569321141812,339.1525548957357,343.1487391360045,347.14454942033956,351.14109048246286,355.137088657394,359.13359877372227,363.12983464028866,367.1265051308148,371.12285378408944,375.1195206747556,379.1159373545661,383.1126680694534,387.1090167858456,391.1056800885889,395.1021224058623,399.09865767115826,403.0949755667067,407.09156248611333,411.0876592604713,415.0839868308141,419.0800532018817,423.0762077140744,427.0719230441569,431.06805361809563
3.420270e-02 8.771765e-06 3.415884e-02 2779.63 0.45661094792986595 -0.03989770989440008 0.15056913920057957 0.5655442183733543 331.21949694956106,335.21712552982194,339.21332669291587,343.21019435937905,347.2066333837166,351.20376846521987,355.20058672618285,359.19779128352906,363.1946248758032,367.1919823680753,371.1889924206438,375.1863699373661,379.18345467341624,383.180773626722,387.17787107742214,391.1751591749162,395.1722617955389,399.169489009883,403.1664398762438,407.16368369912664,411.16034847352734,415.15739410149587,419.15399812491194,423.15088277144787,427.1472445434251
7.838148e+00 1.464140e-01 7.106078e+00 2781.32 0.4531035876154646 -0.03980850999184913 0.15270877499415159 0.5629480355980707 334.8772696157738,339.3404968655636,343.99745828638044,348.6720170762053,353.19955906624904,357.395980139638,361.38215259782345,365.62346983916,370.17927559299847,374.8598766999,379.5035000662905,383.9295784190454,388.00694586843605,392.0405116250511,396.4123514056778,401.03331878791175,405.7193071326779,410.3088814529241,414.61380533928525,418.61383122047283,422.7510346386559,427.2334434328805,431.8969202512582
7.524673e+00 1.423835e-01 6.812755e+00 2780.24 0.4527695369939499 -0.039846959554077126 0.15106460450981665 0.5653538101024738 334.60075817535625,339.01137004226746,343.6459195328674,348.323223103781,352.8838193767426,357.1381381315228,361.1237150834813,365.29933875704853,369.81005657011457,374.47659578686154,379.1337367241821,383.60922616024044,387.74048146272844,391.7381629847123,396.04103664766035,400.6264348344972,405.3076359694385,409.9243909287461,414.29411763849095,418.32633943983967,422.3981861700293,426.81728605501326,431.4547622865932
1.600957e-03 2.462784e-05 1.477817e-03 2781.32 0.4509704357039287 -0.039744553180469384 0.15379888139616657 0.5626421795248824 335.04505707793686,339.03931559952235,343.0342765428844,347.0288714616255,351.02402753455806,355.0188305005202,359.0141522469583,363.00902593513655,367.0043149827896,370.99943442313605,374.994867300495,378.9899047520701,382.985396491735,386.9804718263332,390.97576133904954,394.97087767519986,398.96620192056804,402.9610832103461,406.95628185421765,410.95111650717575,414.9461990814641,418.94093241410394,422.9357595726536,426.9302366155741,430.9249329526594
7.308951e+00 1.444972e-01 6.586465e+00 2781.32 0.45399168621551217 -0.039809834081440156 0.1526625606970403 0.5623043518489698 334.9861618744212,339.4317191460843,344.08330260315626,348.762531888607,353.30701326854495,357.52920066139694,361.5158030763128,365.73349688237454,370.274945894896,374.9535577139817,379.60627711820626,384.0558607452649,388.15636246488344,392.17623692180786,396.5238906380118,401.1344449372787,405.8222394142985,410.42653636811946,414.7608153902241,418.77408708102814,422.8865489314989,427.3475272126343
3.983423e-02 7.772859e-06 3.979536e-02 2779.96 0.45432439865760094 -0.03981443635663023 0.15148895760100572 0.5655792736018117 335.23245991897056,339.22892921551767,343.22608891474937,347.22271771907293,351.2199772208333,355.2169111961952,359.2143650571399,363.2115834258873,367.20912184040145,371.206283844295,375.2039291790301,379.20108779759545,383.19865857916545,387.1960557179253,391.1935624199366,395.1908599839839,399.1882452977618,403.1854190771967,407.18283031693755,411.17982901932663,415.1770260765102,419.17387097559964,423.1708913338015,427.16746689607453,431.1644761722699
5.792835e-03 1.717420e-05 5.706964e-03 2779.00 0.4528241843311144 -0.03978810284501348 0.15208513857998068 0.5666209188027863 335.11957407776174,339.1146585216315,343.1104720578443,347.1057921801899,351.10178472249345,355.09744037723755,359.0935925072866,363.089285851414,367.08559807777647,371.08143711642725,375.07760774964953,379.0736366079656,383.0698797725932,387.0657739669543,391.0620193659307,395.05788884740656,399.0540601493846,403.0498364048556,407.04584432009733,411.0414057235777,415.0373661765923,419.0328350502499,423.02846199024015,427.0237170941202,431.0191496923894
1.312155e-02 1.339181e-05 1.305459e-02 2771.42 0.4529131428520498 -0.039784115345480334 0.1570775579527435 0.5643327491911966 335.155723423086,339.1513516769403,343.1475879778448,347.1433505091445,351.1397700925068,355.1358524636711,359.13238170938723,363.1285686181287,367.1252461360456,371.1215654379632,375.1183784160657,379.11476676678615,383.11146376578137,387.1077594503954,391.10453759365026,395.10089604615087,399.09755022678553,403.09373076818196,407.0903191786683,411.08634833042845,415.082819674997,419.0788112903585,423.0749330950643,427.0707012325342,431.0666086901934
3.438234e-02 4.520373e-05 3.415632e-02 2781.32 0.4546042281151322 -0.03990211874843815 0.15055406080774386 0.5664920351470557 334.9028849709676,338.8954050481318,342.8885229167741,346.88132017825086,350.8747535931011,354.8676834476926,358.8611940195942,362.85429948954027,366.8478963618491,370.8411606182575,374.8347817789266,378.82811158351706,382.82175147949255,386.81507990937615,390.80872512131214,394.8020237491915,398.79555530037874,402.788817545413,406.7822319763029,410.77527227489315,414.76851197922656,418.76140907058976,422.75447073791855,426.7471261864627,430.7405496237249
7.022425e-03 3.114152e-05 6.866717e-03 2779.36 0.45501825555847053 -0.03989689026721723 0.15106132399497585 0.5643404551533652 334.9952747077531,338.98897822948766,342.9831342718226,346.977110905404,350.9715236927419,354.96568594521403,358.9603484082377,362.9545371999198,366.94928356147625,370.94363622258,374.93838432892915,378.93290945409956,382.9276107316805,386.9220650149606,390.91675756766404,394.91122160476147,398.9058058763069,402.90021636726067,406.894699155431,410.8890149694562,414.88339786488797,418.87744918451074,422.87164651040104,426.8654373026841,430.860411682077
1.365316e-02 1.348971e-05 1.358571e-02 2779.63 0.45538889233302565 -0.039869395869166394 0.15106798595388465 0.5655849943146205 335.1568169866565,339.1524181392711,343.14862183651894,347.14440501435695,351.14074488235275,355.13683923670436,359.1333410386344,363.12954273813364,367.126135512128,371.12242336373964,375.11904801563503,379.11551038270824,383.1122112916474,387.10849466721197,391.10515911829646,395.10148631921237,399.09798743028784,403.09426287723375,407.0907176455789,411.0868826905178,415.08308438015916,419.07890879684123,423.0751658082926,427.07084958759873
7.825839e+00 1.493887e-01 7.078895e+00 2781.32 0.45132845307378894 -0.03977195092909701 0.15486613327996585 0.5604963368613476 334.8998012757133,339.43898880887747,344.11877715884987,348.77059644708623,353.2172847323598,357.3105221192505,361.3323468159917,365.6857468578153,370.301194883046,374.9884073207234,379.5862832621278,383.9025150665848,387.9064256648457,392.03370330871763,396.5111387328512,401.173481983669,405.8472806523981,410.361977265678,414.538699003081,418.5268713521276,422.7925220205238,427.3630407464646,432.0484633718814
1.289477e-03 2.303374e-05 1.174308e-03 2779.63 0.45121345183496386 -0.03975051441104829 0.15416902595929616 0.5621773564880624 335.05826719897635,339.0526010930285,343.0477331361835,347.04238430257533,351.0377496614233,355.032626267046,359.02808326417426,363.0231456902529,367.0186549234242,371.01386629199357,375.00951505689585,379.0047435057659,383.0003005212634,386.9955997280472,390.9911112424722,394.9863579705714,398.9817483880594,402.9770513731818,406.9723256804743,410.9674177915289,414.96252563179644,418.9573586050775,422.9524126220589,426.946995772505,430.9418171496414
1.092870e-02 1.458437e-05 1.085578e-02 2778.15 0.4525820608057448 -0.039773714771385145 0.15269770162970508 0.5657773217637952 335.14665036919536,339.14212837856076,343.13825970392134,347.1340136235264,351.130217811694,355.1262805757493,359.12261292571236,363.1188009825072,367.11527442031337,371.11148343229155,375.10817154201874,379.10425404431544,383.10092649347456,387.0970426676502,391.0936710368753,395.0899497490668,399.0863372954344,403.0824116609698,407.07876331587147,411.07483048270524,415.07091421737766,419.06675709115416,423.0627643288414,427.05841298663523,431.05403581572966
1.660536e-02 1.226773e-05 1.654402e-02 2780.24 0.4546078603070861 -0.03984166072018572 0.1504730872894332 0.5638034909520864 335.1689711350446,339.1647370955673,343.1610481810237,347.1570390528064,351.1536187597364,355.1497888781863,359.1464215711559,363.14284714649733,367.13955668632667,371.1360663043586,375.1328814481892,379.1294655699641,383.12636817811153,387.1228496561784,391.11970365554674,395.1162216503114,399.11290749571515,403.1093960281777,407.1059957179887,411.1023384827943,415.09875877392545,419.0949446825256,423.09118545141075,427.08713865229765,431.0838288916361
5.016259e-03 1.719909e-05 4.930264e-03 2781.32 0.45312972798581663 -0.0398036200017831 0.15288212419863034 0.5630564011710694 335.1140554901637,339.10915409348706,343.10484492156326,347.1002233117282,351.0961160126944,355.0917227995879,359.0878806269244,363.0835150151471,367.0797026716762,371.07545178624054,375.0717084708845,379.0676583315766,383.06376398053686,387.05975038980773,391.055991698018,395.0518257799984,399.0479196647599,403.0436763616345,407.0397073957171,411.035423925544,415.0313029028609,419.02673814976123,423.0224530847131,427.0177529562532,431.0132400255893
7.822441e+00 1.515920e-01 7.064481e+00 2781.32 0.4487227288866187 -0.03968958142691977 0.15536662874719767 0.5610473297534606 334.9321065733788,339.5092950521838,344.19655082872674,348.82771860589105,353.2178685446156,357.260782616463,361.32569876689166,365.7415913869531,370.38405182487946,375.0680676286539,379.62904880333446,383.87426315648224,387.8596442781045,392.0564125202949,396.58708614761133,401.2652035726509,405.9228944566993,410.3809708220924,414.4863097747774,418.50091777406067,422.84420689450474,427.4551927712858,432.1443212336394
1.664872e-02 1.205205e-05 1.658846e-02 2780.55 0.45253197096744674 -0.03977293797992525 0.15218571815802517 0.560217073867906 335.1685210113595,339.16436011853943,343.16077576120244,347.1567617948128,351.15339411209,355.14963869431654,359.14645549041023,363.14282961768,367.13963051915584,371.13621800191004,375.133122721487,379.1296775449277,383.1266371371617,387.1232215493623,391.12007683405864,395.11669910559584,399.1134444895982,403.1099330910002,407.1066567242406,411.10300520143835,415.09948202939637,419.09574637085086,423.0919672579784,427.0880160690778,431.0839448785364
1.391215e-03 2.386797e-05 1.271876e-03 2770.59 0.45159217947147084 -0.039762793964555246 0.15750556453470826 0.5636660674166499 335.0520308819698,339.0464015438227,343.0413397980728,347.0359689971207,351.03119571349254,355.02599131410835,359.0211319581339,363.0162920846429,367.0117506281383,371.0068835193479,375.00226816116805,378.9974624023189,382.9929003856836,386.9881619098164,390.98363557463057,394.9787492751712,398.9741130312896,402.9691207868208,406.96453350459797,410.95942704894424,414.9544986758418,418.949315431735,422.94415387424283,426.93878015735925,430.933423092145
5.037287e-03 1.747072e-05 4.949934e-03 2779.63 0.45496333351178303 -0.03986505078258872 0.1511084671502974 0.5654415951592824 335.11459455787985,339.10969220605983,343.10531853952205,347.100624015808,351.09647857431884,355.09196693767365,359.0881031933674,363.0837261227108,367.0798402716815,371.0755804516297,375.0718646997286,379.0677545012031,383.06387118479483,387.05975624292006,391.05581661095454,395.05165868504076,399.0478211974328,403.04347494778557,407.0393804741089,411.03504280153743,415.0309119784544,419.02624239886325,423.0219236147282,427.01706291374677,431.01342778047433
2.614164e-02 1.013744e-05 2.609095e-02 2780.24 0.453983017622018 -0.03981237802941538 0.1512390827531031 0.5642045711158757 335.1985524272671,339.19459950714275,343.1912635519941,347.1876780354498,351.1845946139076,355.1812242275819,359.1782127608017,363.1749409119153,367.1721020757974,371.16885158475174,375.16602147996423,379.16298448190537,383.16029094561947,387.1569845851882,391.1543200801591,395.151043809795,399.14818073460646,403.14498000203275,407.14196541551735,411.1384660936163,415.13533063140534,419.13178791417516,423.1284326298051,427.1246818748601,431.1210183402346
1.999321e-02 3.835174e-05 1.980145e-02 2773.04 0.4487420965408224 -0.03968841417175434 0.15783501055182145 0.5635919310637642 334.9411475553159,338.9342774234487,342.9278975809491,346.9212550149758,350.9150961118115,354.90871661471806,358.9028040949454,362.8964005320885,366.89060442398187,370.8844010768749,374.8786105136411,378.8724189190435,382.86663173893754,386.8605905808072,390.85476157291964,394.8486478743561,398.84260433018136,402.8363353561447,406.83030412080996,410.82398762487423,414.8178015121602,418.8112214124795,422.80487344328435,426.797985673374,430.7914061496009
3.333258e-02 4.419015e-05 3.311163e-02 2779.36 0.4516445588714856 -0.039801081483417176 0.15273547249864927 0.5632983972221404 334.90461044308614,338.8972443118555,342.8904967199211,346.88336154744707,350.8767962476768,354.8698142980241,358.86338066222726,362.8566933265644,366.8503651600069,370.84371946974096,374.8374327221255,378.8307930852987,382.82458228520534,386.8180761329775,390.8116227220251,394.8050665260915,398.798719132943,402.79203975946865,406.7855195509221,410.7786981259331,414.7720266753598,418.76510143605304,422.7582461149566,426.75093588839803,430.74384109287496
2.827077e-03 2.644270e-05 2.694863e-03 2780.24 0.45070247296221866 -0.03974274578737819 0.1538077166315805 0.5599263206437738 335.0259200533009,339.01984469306205,343.0145241869494,347.0089279081939,351.0039472408001,354.99846672505794,358.99352507339984,362.98829476023843,366.9834384095498,370.97816431066127,374.97341620214877,378.96830551441803,382.9636006615898,386.95846356851547,390.95357764047077,394.9485537065567,398.9436263266265,402.9384137074604,406.933499677751,410.9281770709856,414.92304843853765,418.9176189297558,422.91222778884196,426.9065441535864,430.9009732269978
7.609163e+00 1.423255e-01 6.897535e+00 2780.55 0.4526510090783525 -0.03981157201193476 0.15099338072624452 0.5622317685718344 334.7120206824799,339.06408839460653,343.6738957101113,348.3552432902637,352.95182490706503,357.2757145577861,361.28464552699455,365.3959062461679,369.85445043861733,374.5052292163373,379.1771218233265,383.70571415734145,387.9105303068154,391.89414470043585,396.1218157379302,400.66483250614795,405.34003361978523,409.98493965886877,414.4261022513685,418.5192619273291,422.53890127427286,426.8839180474494,431.4900856308058
7.812163e+00 1.498157e-01 7.063085e+00 2779.96 0.4513424412204599 -0.03976101082686151 0.15436362795733102 0.5622230375568188 334.93613574788736,339.47718709008416,344.1578049824056,348.80950636919283,353.254834679154,357.3466070778699,361.3700737120718,365.72612596768386,370.34307930614057,375.0307509412842,379.6279433161278,383.9421857090324,387.94551198558344,392.07552347631156,396.5554239640705,401.2189227944385,405.8927747962958,410.40612984723117,414.5806923020386,418.56978688162116,422.8386146084786,427.41116606158255,432.0973257692897
2.111290e-03 2.532540e-05 1.984663e-03 2773.93 0.45147614619609194 -0.03976686066198534 0.15655464191345908 0.5603599992052976 335.034912367918,339.0291017429925,343.02391783443795,347.0183789627677,351.01333729158574,355.0079909846578,359.003153853443,362.99806991797175,366.99332670076143,370.98823062034995,374.9836635871263,378.9786385105467,382.973878827262,386.96902696832507,390.9642987196678,394.9592414840123,398.95452171266584,402.9494160292151,406.9444097964059,410.9393251236038,414.9343364358749,418.9289281913284,422.92372557760086,426.91813647275796,430.91270308996593
7.829161e+00 1.495497e-01 7.081412e+00 2781.62 0.4517441489173983 -0.03978782017539648 0.15463692211136165 0.5618121869572694 334.89331322886466,339.4375400713504,344.1183924121473,348.7677247227042,353.2074398772839,357.29342779282155,361.31980456432547,365.68140537412967,370.30048056969497,374.9874122997634,379.5807897326943,383.88792279876935,387.88815309430413,392.02386286895904,396.50847268600904,401.1730471685677,405.8449893321559,410.35275931014337,414.5196923234577,418.50979552278966,422.78556845769515,427.3616273787762,432.0476509064592
1.770503e-03 2.434704e-05 1.648767e-03 2773.93 0.4469351675904593 -0.039603730643486504 0.15837862537468447 0.5598378949762969 335.04331988762397,339.0383524198201,343.0332679972267,347.027898229076,351.0230859113037,355.0179198794235,359.0132511450329,363.00829147509495,367.00369600570724,370.9987465228898,374.9942131469501,378.9893974765493,382.9849579077169,386.98001366616313,390.9754190854049,394.97053808838376,398.96595005373564,402.9609906533303,406.9562354068806,410.9511393456218,414.9462959016211,418.94113336588197,422.9360896118517,426.9305774843461,430.9253388377775,434.9195866592752
4.084440e-03 2.836173e-05 3.942631e-03 2774.36 0.4517737725852766 -0.0397793526484826 0.15529266847222525 0.5631169362025817 335.0146009484615,339.0085666221917,343.0031311402859,346.99731963165027,350.9919827806213,354.9864248687777,358.9812591399428,362.9758478422864,366.9708313350118,370.9655242390594,374.96052065455183,378.9551507771397,382.9502907657652,386.9449685303125,390.9400074954939,394.9346817877436,398.92961577318175,402.92427698911064,406.9191126138776,410.9136501068835,414.9083272829797,418.90255621061885,422.8972021089365,426.89128073625665,430.8854087216603
1.313593e-03 2.271964e-05 1.199995e-03 2779.36 0.45381556880559176 -0.03983977364458273 0.1520919181041912 0.5629768658684484 335.0641528971412,339.05855037224165,343.0536526988382,347.0484580848451,351.043779052196,355.0387459973547,359.03425218120157,363.02929068425107,367.0247970331734,371.0200265490623,375.0157142832435,379.0109936344334,383.00657415242125,387.0018439158196,390.99752521665033,394.9926166037227,398.98815508899867,402.98344207190456,406.97878506980726,410.9737596008788,414.96912867057193,418.9639646583135,422.95898632418323,426.9536544547182,430.9484773269576
4.643102e-03 1.709684e-05 4.557618e-03 2776.57 0.45049887766697894 -0.03971288825002336 0.15769445930118872 0.5613292486165258 335.11110163853397,339.1061835008352,343.1017952146638,347.09720360569736,351.09311587646846,355.0886985693183,359.08476630014036,363.080538460025,367.0766802774034,371.07251805578824,375.06868977902604,379.06452608413184,383.0607468173603,387.0567109846426,391.05287376893773,395.04880015050054,399.04499256128014,403.0407385826372,407.03686338134344,411.03257172863573,415.0284117831219,419.023962072829,423.01962349351766,427.0148553031851,431.0103132060305
7.850724e+00 1.494198e-01 7.103626e+00 2779.96 0.45122694974346644 -0.03978442517050077 0.15511417936597088 0.5605725170057468 334.8523036275793,339.40195090996633,344.08353496866044,348.7293545566245,353.1599778700207,357.23728910689493,361.26911166276915,365.6398023101667,370.26271176687055,374.9487939387066,379.5362791226918,383.83203889881094,387.82793820340316,391.9733911501683,396.4658780041844,401.1325500254768,405.8017507430307,410.30066423946835,414.4558642916744,418.44836880547484,422.7353793381547,427.3174256349256,432.0038635673871
3.433410e-03 2.769079e-05 3.294956e-03 2781.32 0.45212112972826 -0.039791405388820124 0.15360481644863422 0.5623153881734666 335.02035886484464,339.0142662276907,343.0089364330397,347.0032373713475,350.9979950135964,354.9924916158404,358.9874296765029,362.9820493135954,366.97707281557507,370.97182150668993,374.9669887650516,378.96171025582646,382.95686151511455,386.95164310986615,390.94673801249826,394.94143482223615,398.93641846677633,402.9312083419188,406.92608760119,410.92065215797845,414.91540854042063,418.9097784212522,422.90434278665936,426.8985699524747,430.8926905412932
2.024690e-02 3.907332e-05 2.005153e-02 2774.27 0.4514462692643802 -0.03978284924032596 0.15401618818578006 0.5654838446765514 334.9409887187221,338.93398815800987,342.9276355023445,346.92086990143963,350.91475483743346,354.90829071855103,358.902200680194,362.8959547700205,366.89005090211754,370.8837732169395,374.87787320594333,378.87178152325924,382.8658864399543,386.85969835505665,390.8538765355911,394.8476369905734,398.8416384139061,402.8353838906713,406.8292007129748,410.8227702376929,414.816561476184,418.8098569285386,422.8034846281725,426.7965932147254,430.78991321402543
4.412016e-03 1.726134e-05 4.325709e-03 2776.10 0.45132811441447274 -0.039743556586518555 0.15704164050763775 0.5604889287410675 335.1092825914055,339.1042989631027,343.0999692658535,347.0952944635666,351.0912007194473,355.08670762835794,359.08282544860526,363.078669606971,367.0747077493404,371.0705659138147,375.0667517352745,379.0626534104762,383.05890916719676,387.05479201685205,391.0509323001423,395.046861566186,399.0428997476459,403.0387414094023,407.0345138525579,411.0304713044451,415.02627128764595,419.0217521277971,423.0174557259481,427.01278690714685,431.00806191089015
3.033036e-02 8.906752e-06 3.028583e-02 2775.42 0.45184819555838696 -0.03973735674551578 0.1556133779972673 0.5614804160225454 335.2092070404156,339.2055015715767,343.20229842870873,347.19887885693777,351.1959333278759,355.1926738297709,359.189863807775,363.1868628642486,367.1840208886582,371.18103157860827,375.17845104448253,379.1754446906912,383.1728261970945,387.1699694087284,391.1672088866994,395.16439853737944,399.16159286663634,403.15863637474166,407.15579726260006,411.1525951026343,415.1496618563299,419.1463301309095,423.1432370040069,427.1396670117676,431.1360664472291
2.722323e-02 9.431463e-06 2.717607e-02 2776.53 0.4503340320863818 -0.03968540500716763 0.15754729317572871 0.5617348557487832 335.2009614244434,339.19712332178904,343.19378565498965,347.19032234681026,351.18733423924215,355.18396514154483,359.18102919282995,363.17780787436914,367.17505201523215,371.17196947705247,375.1692830187222,379.16618512956927,383.16349047992014,387.16056561366656,391.1577828107912,395.1548068358375,399.15198450160807,403.1488156026988,407.14595795360634,411.1426968311988,415.1396828573538,419.13627628783297,423.1328518193797,427.1293415753161,431.1257926926524
1.852943e-02 1.175586e-05 1.847065e-02 2769.65 0.4521127409288771 -0.039751635367546466 0.15644771866642868 0.563961445945088 335.1753482006502,339.1712934911975,343.1677467997951,347.1637872141531,351.1604097612714,355.1566845906458,359.15352999374045,363.1499973070448,367.14688008669793,371.14331736774386,375.1402393999624,379.1369179020479,383.1338221039343,387.1304059701787,391.1274188854143,395.1240327139637,399.1208746089717,403.11728851170585,407.114086677275,411.11060312505674,415.10715967088237,419.1033667926874,423.0996926464344,427.0957415425728,431.0917087436081
1.289516e-03 2.296505e-05 1.174691e-03 2776.01 0.4508225401723025 -0.039736616773979945 0.155323947850142 0.5620741973002404 335.0577847815755,339.05211936995187,343.04722593780616,347.041902331097,351.03712898904274,355.032134966697,359.0276326713909,363.0226310667455,367.01818746599747,371.0133652472071,375.0089398540233,379.0041081497651,382.99972030444656,386.99494968975665,390.99057823518166,394.98573736711404,398.98119803597416,402.9764121831268,406.97187372045084,410.9667979658627,414.96200424561965,418.956853670754,422.951863633653,426.94660126647597,430.9413693337719
6.964219e-03 1.554924e-05 6.886473e-03 2780.40 0.45086628301397513 -0.03972408425915825 0.15617054306589034 0.5602473929752243 335.12612671305425,339.12133492344196,343.11732069790133,347.11285857442044,351.1089915508384,355.1047037769783,359.10101717424675,363.09688362049496,367.0932639203117,371.08928873219116,375.08566417592687,379.0818270141278,383.07816023792793,387.07428568730154,391.0706830055468,395.06675356469566,399.06306343209314,403.0591262557574,407.0551984876212,411.0511920557381,415.04725882602105,419.04295086088854,423.0388098501596,427.03440339274596,431.0300835266427
5.291473e-03 2.941066e-05 5.144419e-03 2780.24 0.4521314926281008 -0.03979620369966166 0.1534990479815932 0.5612980457267112 335.005270095693,338.99914152407246,342.9936592303533,346.9877576931775,350.9824483863113,354.97666397591746,358.97144402199973,362.96598844668966,366.9608367664509,370.9553600178081,374.9502750458516,378.94481281875056,382.9398599732499,386.9344580354958,390.9293841686094,394.9239469782101,398.91888338889606,402.91338456830255,406.9080994014887,410.90251351768376,414.8970591582843,418.8914009526986,422.8858176500903,426.87979652821264,430.87378351918346
1.308408e-03 2.193751e-05 1.198720e-03 2780.24 0.4518947522836057 -0.039774942041548855 0.15307449920179766 0.5602262150614136 335.0656745106878,339.0602108282612,343.0553328257784,347.0500633582999,351.0455243376872,355.040659477603,359.03608318541677,363.03124341853544,367.0268955716874,371.0220931762156,375.0177773087078,379.01312100812584,383.00889588910576,387.004253410193,390.9998870322795,394.9952223903103,398.9908147270169,402.9860926776523,406.98162755807766,410.9767255981961,414.9720901872905,418.9670717730599,422.96218873407025,426.9568921082484,430.95173333088394
1.282033e-03 2.281247e-05 1.167971e-03 2771.50 0.4516787982244147 -0.03976623800696442 0.15543376711898796 0.5623107386018517 335.0596763941863,339.0542166784788,343.0493745767521,347.04397492687696,351.0392482068032,355.0342350920553,359.0296476680335,363.0248723863604,367.0203005527435,371.01554779248534,375.01109241076824,379.0064161480538,383.0019886249175,386.9972924679918,390.99289268686994,394.9880951492203,398.9836225622072,402.97882036962307,406.9741033883733,410.9692236127345,414.96448306297674,418.95933809911264,422.9543894454124,426.94902854322794,430.9437205592826
5.103926e-02 5.004426e-05 5.078904e-02 2779.36 0.44990724046842323 -0.03975116589807575 0.1543752497150494 0.5612447087452526 334.8657533346359,338.8579382218002,342.85070324937845,346.8431230442203,350.8362243624961,354.8288022094939,358.8219648150797,362.8148104232223,366.8080917493482,370.80100706049603,374.7943429124865,378.7873282744777,382.78074813423797,386.7736121831332,390.7669719097437,394.7599237858764,398.7530654623444,402.74592864966,406.7389741348872,410.7316555833735,414.72465390153536,418.71722571166634,422.7099882357422,426.7023411275656,430.69482708007195
2.003339e-02 1.093432e-05 1.997872e-02 2779.36 0.4500641450449452 -0.039683537920203016 0.15507914985222399 0.5597447664150754 335.179646014907,339.17552095331183,343.17213871125074,347.16831660098603,351.1650110511494,355.1614670745185,359.1583679465029,363.15493475100004,367.15211474954395,371.148619997146,375.14574346096185,379.142496920232,383.1395285130066,387.1363002740933,391.1333518835209,395.1301362951675,399.1270391547925,403.1237589984143,407.1205844780714,411.1170809252415,415.11381458843783,419.11015290171565,423.1066969060034,427.1027670819656,431.09882300391985
1.194502e-02 3.415339e-05 1.177426e-02 2781.32 0.4501423120550482 -0.03973301542701905 0.15417719916998374 0.5626098640825332 334.9705405746264,338.96388492477314,342.95789088070006,346.95161862506797,350.9457750807909,354.9396883273803,358.93408210495926,362.92812895850136,366.9225738426602,370.91676887167256,374.9112851573444,378.90555288108703,382.9000460237013,386.89429717999536,390.8888606886768,394.88304856654696,398.8774862043369,402.8715476920205,406.86595233912936,410.8597569830781,414.8539501010715,418.84779595158767,422.8416073620367,426.83529662109333,430.82907018415665
8.128985e-03 1.528290e-05 8.052571e-03 2779.65 0.4512980400323605 -0.039735201403265155 0.156293969001698 0.5621794576252261 335.13276834939705,339.1280639354899,343.12394944545554,347.11962210844746,351.11576687092787,355.11162972766004,359.10800286227544,363.1039027251104,367.1003261662307,371.0964458551533,375.0929237885263,379.0890236449571,383.0855610246916,387.08169788264127,391.0781924834206,395.07414142930264,399.07064977931725,403.0666425190513,407.0628733913773,411.05878067043625,415.0547889734945,419.0506451476015,423.0464671920986,427.0419860144686,431.03777470040404
2.203759e-03 2.503439e-05 2.078587e-03 2774.26 0.44792204940121827 -0.039642449315339105 0.15930716762728145 0.558310579783522 335.035998961707,339.03051421191293,343.02538522598843,347.02005637294997,351.01510426720256,355.0097713823876,359.0050998147093,362.9999850122342,366.9952542450792,370.99031844809883,374.985691776629,378.98070070237117,382.9760568986745,386.97119669332847,390.9665726416577,394.9616059479167,398.9569063200965,402.9518958580535,406.9471095807862,410.94201617348415,414.9371424678314,418.9317687669507,422.92662224198375,426.92118303103194,430.91571655557345,434.9100288707106
2.428083e-02 4.030665e-05 2.407930e-02 2780.52 0.44988098753706324 -0.039733630307787156 0.15519460020515224 0.5627082546556958 334.928124701643,338.92116097318075,342.91463500994075,346.9078537749348,350.9015620004579,354.89496286602,358.8888468833395,362.88239890102074,366.87645730293235,370.8700223877239,374.86417828558274,378.85788483427774,382.85191942798997,386.8455828977254,390.83958212948545,394.83328174162966,398.82721288990865,402.82072028966644,406.81460386276325,410.8080095721535,414.8016418303918,418.79499738498356,422.78845342523255,426.7815373077151,430.7747587100843
1.291608e-03 2.303119e-05 1.176452e-03 2778.38 0.4503698717959099 -0.03972057174082777 0.15523753667446236 0.5623237183066387 335.05758490275326,339.0519316955665,343.0470387210247,347.04175896528636,351.0370650788578,355.0319306089934,359.02738347591236,363.02241998235223,367.01788469817217,371.0130721710231,375.0086795110765,379.0039405475636,382.9995260683276,386.994803163995,390.9903293485935,394.98555348268127,398.98106754744407,402.97619191195605,406.97168288072544,410.96663525563815,414.9618212924305,418.95666939169786,422.9515731707789,426.94630211187234,430.9410012030462
2.879710e-03 2.696212e-05 2.744899e-03 2779.36 0.45092944246138006 -0.03974734839455088 0.1532805736452523 0.5629859957896425 335.0259669974221,339.01990860940754,343.0146060525518,347.0089583565747,351.00385542934225,354.9983771700793,358.9933722616564,362.9880495440472,366.9832017527543,370.97808652311267,374.9732371863228,378.9680331187518,382.96323165528366,386.95817437005206,390.9532160530608,394.94807557554134,398.9431177135331,402.9378664018179,406.932906579544,410.92748173190546,414.9223255986473,418.9167783890613,422.9113588684958,426.9055813254272,430.9001028421297
3.387694e-03 1.852443e-05 3.295072e-03 2772.12 0.45157988155273754 -0.03975162258760546 0.1566044848765205 0.5631925493896328 335.10066666220933,339.0956502856036,343.0912144626668,347.08645096955564,351.0821337650732,355.07758445711204,359.07354775722314,363.0690994563965,367.06507859450045,371.0607563452694,375.05684556813577,379.0525995997872,383.04869445087724,387.04450090140085,391.0404864900681,395.0362081227863,399.0321254927509,403.0278721319746,407.023815050178,411.019256992189,415.01493223201544,419.0102254742667,423.00579180707797,427.00092701284797,430.9960384318723
9.978176e-03 3.343260e-05 9.811013e-03 2780.24 0.4511929202286702 -0.039765863034107035 0.15182340245672338 0.5651928199054514 334.97962421300196,338.9731286066556,342.9672445923664,346.9610310146625,350.95533549692493,354.94938113505447,358.9438159661766,362.9379101472159,366.9325541598272,370.9267298324108,374.9213983079181,378.91554856343873,382.91026720163256,386.90454510785526,390.899080909812,394.8933475644826,398.8878668191231,402.8820447664832,406.87639536702625,410.8703322792854,414.8645795248432,418.85841571890677,422.85248896109624,426.8461720599137,430.83987387563644
1.305184e-03 2.241802e-05 1.193094e-03 2778.04 0.4530120139915529 -0.03981156541161026 0.15439174357038798 0.5625633571675794 335.06440741711003,339.05882810752456,343.05401042471647,347.0487942196908,351.0441272993087,355.039029336468,359.0346640220027,363.029716798955,367.02531969898314,371.0205845701945,375.0161694925192,379.0114974124386,383.0071854697919,387.0024415604833,390.99808288996275,394.993398641828,398.98901143220655,402.9841589403472,406.9795380738048,410.97461494499873,414.9699218050533,418.96484800935025,422.9598048532865,426.95458532816116,430.94951723017874
2.755767e-03 1.910472e-05 2.660244e-03 2776.47 0.4513360050187113 -0.03974530369345355 0.1563650508031602 0.5625120945309757 335.0940258698212,339.088923784184,343.0844564259576,347.0795724190702,351.0752726369766,355.07062775092436,359.0665041916674,363.06195482540375,367.0580271250917,371.0535819958269,375.04962692316843,379.04524718305174,383.04130164172597,387.0369882620112,391.0329694767018,395.0286680315202,399.0245509386646,403.02013874163833,407.0158676664788,411.0113417857168,415.00701746543774,419.0022374904681,422.99763339581096,426.99268512253553,430.9879806481104
2.222032e-03 1.974025e-05 2.123330e-03 2774.36 0.4504904972557066 -0.03971661490711956 0.15568341920303777 0.563240937796313 335.0874449704498,339.08217591804623,343.0776521258782,347.07261011349954,351.06822236476773,355.0634516887246,359.05923088044005,363.0546808092653,367.05052944942156,371.04609021094933,375.0420286816901,379.0375787751665,383.0335231007178,387.02920011289376,391.02504412613825,395.02068959465083,399.01639705026327,403.0120073042147,407.0077147177938,411.0031230251521,414.9987170765492,418.9938954415545,422.98917077739844,426.9842491996159,430.97929795340514
2.012240e-03 1.949279e-05 1.914776e-03 2769.28 0.44813710354576997 -0.03963677266894273 0.1598393573870103 0.5599143114859113 335.083859744909,339.07880317009096,343.07417621437605,347.06931618486504,351.0650047415244,355.0602654631784,359.05601919671415,363.0515445106848,367.0474526132564,371.0430440654609,375.0389001543851,379.0345910725801,383.0304820612073,387.0260733778073,391.02196035082756,395.01756082415403,399.01335173592423,403.0089966444928,407.0047124410504,411.00016853838935,414.99572401107775,418.99100006684813,422.9864701494512,426.98150417379657,430.9765942586548
1.480907e-03 2.426177e-05 1.359598e-03 2781.32 0.45251586766906754 -0.03979880468690078 0.15337372854889486 0.5619323718071223 335.0484318339395,339.0428509002987,343.03780945951974,347.03242563665185,351.0275312102759,355.02234707213603,359.0176672678172,363.0126992508156,367.008032028117,371.0030610102754,374.9985578579817,378.9937007688948,382.98916845413146,386.9842372187759,390.97969301141273,394.97487970163445,398.970164834503,402.9650848989088,406.9604111464397,410.95521407445904,414.9504742852209,418.9450726204512,422.9400413638124,426.9345091246584,430.9290397174656
1.782205e-03 2.095744e-05 1.677417e-03 2781.32 0.4537753674932361 -0.0398337953172016 0.1523558996351699 0.5634115734876076 335.0801741840482,339.0748818052773,343.07008637223294,347.0650058669644,351.06054492107245,355.0556939217116,359.0512721541034,363.04671148879174,367.0424778903254,371.03783352086595,375.03356009542534,379.02898490138017,383.024880981378,387.02036431411295,391.0161079491986,395.0115341337074,399.00722038366143,403.00255558216816,406.99814929493397,410.9934420587283,414.9888329657718,418.98386128583365,422.97922495320216,426.9740207068162,430.9690340971065
1.687811e-03 2.089749e-05 1.583323e-03 2773.93 0.45331281828094805 -0.039818306700828955 0.15427142646731964 0.5631832297231852 335.0782997511877,339.07299113404173,343.06813516024897,347.0630133124528,351.058573894903,355.05376550925723,359.0493241584489,363.0446010917304,367.04030787031456,371.0357240883828,375.0315242879502,379.0269712903074,383.0228239762442,387.0182696060849,391.0140145460427,395.0094994953509,399.0051598998221,403.0005538500209,406.9961418494533,410.9913417913438,414.9866899907292,418.9819032121064,422.9770796238418,426.9719831064064,430.9672519293412
2.495225e-03 1.913982e-05 2.399526e-03 2773.93 0.45132974878242443 -0.03974761450328048 0.1562299047758531 0.5609679562646254 335.09089862366955,339.0855583308666,343.08117599817643,347.07638314901794,351.07198847120463,355.06734453262635,359.0632239606812,363.0586954068247,367.05467543281725,371.05022421918335,375.04619517487123,379.0419206810886,383.0379220852104,387.03359743427086,391.02954222042325,395.02523080006046,399.02111182196296,403.0166692070837,407.0125290440038,411.0078373565852,415.0035648379712,418.99879892905585,422.9942278337,426.9892632425363,430.9845974891883
1.754814e-03 2.500041e-05 1.629812e-03 2777.94 0.4520890098486081 -0.03978473628654884 0.1543955219329751 0.5625177880424242 335.0417979991542,339.0360844205632,343.0309388264836,347.02542517262117,351.0205290184752,355.0152946385203,359.01044233814406,363.00530957216455,367.0006633011085,370.9957182825959,374.9910439927225,378.98598109275895,382.981359692302,386.9765057873228,390.9717501954004,394.96679252342545,398.96216284088496,402.9570741768254,406.95224896840506,410.9470903422678,414.9421150460561,418.93667402767915,422.93152973129946,426.9259805155794,430.92048666920965
1.347144e-03 2.344365e-05 1.229926e-03 2773.50 0.44986996045940886 -0.03970327451587938 0.15906054529298594 0.562087531356812 335.05273156393076,339.0472007056757,343.0422237680827,347.03682720012654,351.0320635359854,355.02700149254144,359.0224146699695,363.0175027707962,367.0129598568194,371.00812723857865,375.00358552370335,378.9987757641924,382.99438727213715,386.9895342453917,390.9851407475063,394.980353194028,398.9756756717653,402.9707306019976,406.96614816402933,410.96105125930376,414.9561873090029,418.9510600957298,422.94611118202135,426.94057661607314,430.9353679793304
1.678397e-03 2.032981e-05 1.576748e-03 2779.96 0.45045182178975823 -0.039721325835517685 0.15587828360319445 0.5598216074632951 335.07805620901524,339.0727390087199,343.06802790261986,347.06309939501944,351.058585862294,355.0537741598685,359.0494579440834,363.0447163767191,367.04061177180927,371.0359596975522,375.03192160916484,379.02741381103885,383.02322975306345,387.01878446413343,391.0146435844012,395.0101210642542,399.00597537664726,403.00140438037334,406.99702849055524,410.99232803384007,414.9878093587178,418.9830369955301,422.97834346583846,426.97325662112894,430.96825383472077
2.107888e-02 3.865209e-05 2.088562e-02 2779.36 0.4508879501686831 -0.0397686402961606 0.1539432126699395 0.5614780634744412 334.9377849981438,338.9306454955614,342.9243776738013,346.91762496560693,350.91152123437854,354.90500000242645,358.8991137858591,362.892800844437,366.8867369501501,370.88061189224965,374.8747685911178,378.86853892810564,382.86270883232976,386.85654220290616,390.85063125448465,394.84442781428345,398.838489591747,402.8321989096357,406.8261721902424,410.81983286420024,414.8135701277678,418.8070673542206,422.8005789497066,426.7938000730115,430.78726309041787
1.963092e-03 2.507528e-05 1.837716e-03 2777.72 0.4508497900548849 -0.03974384732838784 0.15734134428190957 0.5604745188848349 335.03740587151333,339.03151266807015,343.02643107891856,347.0209022378777,351.01589860921683,355.01064489496355,359.0058405331936,363.0007592099099,366.9960246194074,370.99095277187826,374.98629518131725,378.98120983932716,382.97675750896,386.97165609785566,390.9670550306272,394.96198027213245,398.95734541721396,402.95220911662545,406.94734099905196,410.94213999910926,414.93716816728426,418.93182138476595,422.9267178741522,426.9211093473353,430.91581529821275
1.727069e-02 1.202964e-05 1.721055e-02 2778.04 0.4533815603061966 -0.03979860628913488 0.15403912477771664 0.562850483077884 335.1711591461925,339.1669812664833,343.16331784307675,347.1593798397955,351.1559542993802,355.15221516793804,359.14892940669,363.1452195195776,367.1421329763302,371.13858883300054,375.1354643302134,379.13208438564806,383.12894484975527,387.1255729274599,391.1224771609311,395.11901364773416,399.1157843353081,403.112189147758,407.1089588346525,411.10527661499066,415.1018819149826,419.09797700064314,423.09429772102857,427.0903445616626,431.0866252247036
4.661444e-03 1.757447e-05 4.573572e-03 2779.36 0.45420793146550253 -0.03984246962538119 0.15226660359773916 0.5624066042724813 335.1115258042003,339.10654025349527,343.1022807395753,347.097594777396,351.0934398681598,355.088904386813,359.08505028764074,363.0807304299187,367.0768123064037,371.0725687701255,375.0688152110951,379.06463684298814,383.0608624187569,387.0567641569092,391.0529088405034,395.04873217342254,399.04481324321716,403.0404712433046,407.0365215855695,411.03209814759737,415.027975373742,419.02341713306475,423.0189719603217,427.01426080739566,431.00966826021755
7.201948e+00 1.435895e-01 6.484001e+00 2780.40 0.4547277069698622 -0.039863684589624034 0.15345902690777274 0.562812156491799 334.9183777163467,339.4092181158147,344.0757996216121,348.7448570259485,353.24798485247715,357.4086135937804,361.4014781501611,365.6812851485425,370.2595685975189,374.94454249864,379.5754946372134,383.9671811732549,388.0153257929782,392.07635437464836,396.4861348146271,401.1236065987765,405.80800723887637,410.37576925715706,414.6383516673414,418.626984917313,422.80620751997094,427.3215120561383
1.305527e-03 2.308239e-05 1.190115e-03 2779.63 0.4548947307858393 -0.03987720462723559 0.1519930441274868 0.5639072079376807 335.0601950963618,339.0545300198863,343.04961857273497,347.0443200747587,351.0395696642826,355.03442228343164,359.02981859301565,363.02488048154294,367.02029739350104,371.01548232898773,375.0109687650228,379.00619633741695,383.0018338620158,386.99709703053446,390.9925129292259,394.9876859749151,398.9832278476045,402.97834351595765,406.97364591984655,410.96863457329545,414.96375366810963,418.9586236644357,422.9535954827166,426.94820983067757,430.943867392407
4.266708e-03 1.786543e-05 4.177380e-03 2781.32 0.45448761648960995 -0.039851727590116195 0.15194801583478298 0.5634178829697389 335.1085314213131,339.10360136633847,343.09912696583876,347.09441058994906,351.090280120913,355.0858275081374,359.08175207457566,363.0773671237152,367.07345535973764,371.0692291192641,375.06538334594774,379.0611583299657,383.0572836826623,387.0531275151943,391.0492617327838,395.0449949534737,399.0411308189294,403.03680149645555,407.03270373322493,411.0282440435159,415.02401570504037,419.0195494315862,423.0150363820009,427.01020688943356,431.0059402361199
3.555503e-03 1.852446e-05 3.462880e-03 2776.10 0.45259124956008184 -0.03978718935477805 0.15510629810751364 0.5632040899431366 335.1021748096467,339.0972592946796,343.0928692571751,347.0880947392214,351.0838409186317,355.0793084610232,359.0752587828388,363.07076598271476,367.066805575442,371.06252318577174,375.0585842119749,379.054357458211,383.0504321422206,387.04626250808514,391.0422879201926,395.0380346994922,399.0339633435666,403.0296800313081,407.0255751584109,411.02101783461575,415.01666839928464,419.0119715447859,423.0074509548309,427.00273347914197,430.9978028900655
2.254445e-03 1.982204e-05 2.155334e-03 2779.96 0.4531733718782609 -0.03981218461319139 0.1536979326815151 0.5621817460319025 335.08795696241975,339.0826652681917,343.07798004639875,347.0731652465223,351.06873559572887,355.0640041087467,359.05971514476164,363.0551462102321,367.0510371265644,371.0465830847201,375.0424590817296,379.03797213471506,383.033955188772,387.0295791808388,391.0255195085963,395.02103334085734,399.01682501695615,403.01235794011757,407.00811404107196,411.003468359744,414.99895407719777,418.9942533039025,422.9895120600309,426.9844020618978,430.9797713208211
1.439313e-03 2.397803e-05 1.319423e-03 2780.24 0.4521921505823179 -0.0397881315806089 0.15317531721404432 0.5611670153729741 335.0496443685314,339.0440815448905,343.0390096569691,347.0336325057945,351.02883395817236,355.02368124195795,359.0189936190806,363.0139277245798,367.00933433886536,371.0044542656823,374.99992524295584,378.99505360607236,382.9904982506574,386.98562423186127,390.9811048269603,394.97624452516794,398.9716207429282,402.96669923634556,406.9618465563157,410.9568531525658,414.9519460735145,418.9467340019473,422.9416917148011,426.93619363252776,430.9308694875696
7.283498e+00 1.451447e-01 6.557774e+00 2778.68 0.45459866662820825 -0.039823511700913694 0.1536979294984996 0.5621443682049712 335.07498498363174,339.56940447912586,344.2386265808581,348.9094813511773,353.4132413764386,357.5738578027667,361.5691167961439,365.8530133267634,370.4346104585954,375.1219427666804,379.7542723575573,384.14599421219157,388.19453903022645,392.259118974292,396.67294437337875,401.3134097044623,405.99982923716567,410.5684293575547,414.83059006545585,418.82066378883917,423.0042210085057,427.5233117780453
7.075980e-03 3.112688e-05 6.920346e-03 2779.36 0.4540280889874847 -0.03986446327658792 0.15243392778381407 0.5622585036326397 334.9945065381969,338.9881532237767,342.9824415122204,346.97631079286566,350.97093210446786,354.96505276914064,358.9596632925682,362.9540190788164,366.94874934890737,370.94308557242925,374.93783544391783,378.93235685270565,382.9272642660248,386.9216473141591,390.9165038963664,394.9109718866707,398.90561995362873,402.89997179078824,406.89454856822647,410.88883696628056,414.8831707284684,418.87728167470084,422.87149430442656,426.86530252549153,430.8593888388439
1.399405e-03 2.191652e-05 1.289823e-03 2775.42 0.4520993635841216 -0.03977761828376439 0.15458940005147156 0.5631771526217089 335.0697559412086,339.0643738675511,343.05962126736586,347.0544445022373,351.04981544967313,355.04491482532296,359.04047711075907,363.0357096794483,367.0312230304335,371.02656765771366,375.0222592498062,379.0176333152846,383.01337949449345,387.00869342664066,391.00435761835735,394.99972779697754,398.99532007194387,402.9904665534702,406.9860665820637,410.98118544271586,414.9765602822166,418.97156133853287,422.9666203910906,426.9614228318916,430.95615921055435
1.333139e-03 2.363207e-05 1.214979e-03 2779.63 0.45414799600454464 -0.039852647207940135 0.15258880383343076 0.5633292375051426 335.0558826326201,339.0503128383993,343.0453569895359,347.0399703221663,351.03516354818186,355.0299765273566,359.025381646349,363.0203713243463,367.0158930108892,371.01098255953065,375.00648199482464,379.0016977087481,382.99721601464285,386.99231898105654,390.9879011965249,394.9830940852574,398.97853577974564,402.97359208493333,406.96890441325417,410.9638809886447,414.9589490208032,418.9537346805406,422.9487589017369,426.94327001951586,430.93791301551676
7.819229e+00 1.457083e-01 7.090687e+00 2779.36 0.45297268201820595 -0.039821868077756145 0.15301647066035906 0.5618329127906138 334.80932653176995,339.27076415171496,343.9264574670096,348.6002367965374,353.1276368685435,357.3244268849287,361.3097024686691,365.5489290276372,370.10305753344187,374.7825531429996,379.42562723816053,383.8519324734347,387.9295176370961,391.96146835250227,396.3311857703083,400.95065211816194,405.63572821083767,410.2250580862152,414.53054913386245,418.5302876198331,422.6652816947251,427.14568798055615,431.8077318044968
1.335978e-03 2.365235e-05 1.217717e-03 2780.24 0.4544613651817214 -0.03986314130371956 0.15117439995205914 0.5640452247268625 335.0562704719743,339.05062585569704,343.045608749446,347.0402982609091,351.03545211981583,355.03034805671683,359.02574250742026,363.02073614486176,367.0160646102935,371.0112531995083,375.0068089233043,379.0019577744995,382.99745712705754,386.9926105088325,390.98804860620044,394.98324578967095,398.97866153491066,402.97377262690947,406.9690503522144,410.9639523722701,414.9590773237635,418.95391739725244,422.94886231291696,426.9433894496958,430.93834915978186
7.780229e+00 1.454848e-01 7.052805e+00 2780.24 0.45275678916939177 -0.03982128697398016 0.15310067877683786 0.5615585040303728 334.78361039238786,339.24594841363455,343.9017098002564,348.5748849527309,353.1008934274854,357.29570110830565,361.2808287350298,365.5214693356451,370.07625622278545,374.7555902306372,379.39774846399723,383.8222544487057,387.8980806284142,391.93078608884286,396.3019352174747,400.921794948184,405.6064522039698,410.19446933418436,414.49781631248607,418.49654451905377,422.6329559029766,427.11456404917993,431.77649270860144
3.349708e-03 2.766935e-05 3.211361e-03 2779.65 0.4517679240884326 -0.03977621692703591 0.1549746509832767 0.5642062250773436 335.02134825458637,339.01532352938506,343.0099015466754,347.00414371388337,350.99897760242425,354.99342591074225,358.9883466533767,362.98296545519344,366.978090776673,370.9727466143427,374.96786081569957,378.9626514939856,382.95782662986267,386.95255189934215,390.94765429726897,394.94251422427453,398.93751964935404,402.9321594255847,406.92707599523374,410.9215825797611,414.91641625218455,418.91080795918344,422.9053195925894,426.8994748275777,430.89370640555774
7.226136e+00 1.437821e-01 6.507226e+00 2781.62 0.4539185085785217 -0.03983801193954194 0.1541249500389733 0.561371596308466 334.9385634340586,339.44398785305935,344.11519766116214,348.78043500102063,353.2690080526552,357.4102933525018,361.4093969420362,365.71049122322415,370.3003352379934,374.9869552286323,379.6098642358958,383.98148381463494,388.015374168389,392.09370033255544,396.5236840699535,401.16935895184236,405.8519977709063,410.40641578913005,414.6452145822323,418.630825961851,422.83412857718747,427.3663648021719
9.966498e-03 1.461109e-05 9.893442e-03 2780.28 0.4544459501942472 -0.039842441937779104 0.15310643519910405 0.5635751791753024 335.1422423153464,339.1375681341198,343.1335922135526,347.1293645435413,351.1255075965299,355.12144191022423,359.11777020008293,363.11384850133766,367.1104072087816,371.10656075798323,375.1030760222786,379.09921900221826,383.09585699712164,387.09207967434656,391.0885176119347,395.08478403008456,399.08125006425587,403.0773226769636,407.07360774853015,411.06962176250823,415.0657973305109,419.0617265505426,423.0576240332978,427.0531647310987,431.04926907944906
1.800117e-03 2.520360e-05 1.674099e-03 2780.24 0.45373251812446086 -0.039843229684029494 0.15213024577923942 0.5623542907099521 335.04127081984495,339.0354716165163,343.03024202430146,347.0247498243308,351.01986243857283,355.0145640703118,359.00969878128785,363.0045665649138,366.99985366092636,370.9948101730691,374.99019439629103,378.98522437741525,382.9806055429251,386.9756099636176,390.9709746438008,394.9658817023316,398.96120396772744,402.95601955098965,406.95119164434163,410.94604650961827,414.9410519392498,418.9355856171239,422.93046163206054,426.9248286481236,430.91950002612975
2.535125e-03 2.672901e-05 2.401480e-03 2771.50 0.4537331751993467 -0.03984353555608222 0.1537611433207402 0.5640205837271957 335.0304321128105,339.0243855269019,343.01912861761366,347.0135393556226,351.00843319649965,355.0029927512749,358.9980123388718,362.9927679204054,366.98796523722825,370.98268429903777,374.97793899887614,378.97282271566166,382.968053279021,386.96287599680556,390.95811597663914,394.95305059752366,398.9480365790547,402.94277747549324,406.93783169991724,410.9323633965573,414.927255164547,418.9217502806305,422.9163220327353,426.91063063886554,430.9052081757616
5.288706e-03 2.938209e-05 5.141795e-03 2780.24 0.45339853279153086 -0.039840954025212774 0.15298929048328017 0.561116056674675 335.0055696884713,338.9993178647841,342.99380184792665,346.98781190988564,350.9824141449704,354.9767251187057,358.9714843404399,362.96598164957936,366.96081043397993,370.95543767561117,374.95031564080983,378.9449590890971,382.9399061337763,386.93441005908204,390.9293638776908,394.92407210521634,398.9188807157863,402.91332079413166,406.9080759717097,410.9024625079363,414.897113619804,418.89137305296487,422.8857447281847,426.8797397500053,430.87407084568804
1.515338e-03 2.153174e-05 1.407679e-03 2781.32 0.45422986583147684 -0.039851622157649536 0.15226821297759285 0.5629798000471391 335.07389119806857,339.0683923527281,343.0636527702823,347.0585141543255,351.05394254798887,355.04908467703444,359.0446175217971,363.03982030799466,367.03556251626577,371.03088171483324,375.0265472693875,379.02199159447207,383.01776204129715,387.01310074787693,391.0088133806318,395.0042684785678,398.99984830728226,402.9951401355991,406.99070538136493,410.98585471676466,414.98125185173586,418.9762244864049,422.971389368071,426.9661611980193,430.96122905368895
4.132086e-03 1.791277e-05 4.042522e-03 2778.68 0.4543654856791265 -0.039848352637992364 0.15337722244258645 0.5629070227467129 335.10739510221447,339.10240916667067,343.0980144152743,347.0933179846836,351.0890825763254,355.08460223976016,359.08057353436135,363.07621717893824,367.07224329064474,371.0679810648343,375.06415154592594,379.0599612361173,383.0560951498957,387.0519452661635,391.0480145762599,395.04380144748643,399.03981396042946,403.0355703313276,407.0313988463036,411.02705751696755,415.0227542594944,419.0182279239352,423.0138206406071,427.0090533043366,431.00454040351855
8.377455e-03 1.598482e-05 8.297531e-03 2779.96 0.4572915668049291 -0.039940727890746826 0.15007884640703653 0.5664752934105975 331.1352340945582,335.1312606762046,339.12654085920605,343.1223534290336,347.11778076914953,351.11383624837396,355.10954601688064,359.10578693464134,363.10164253513545,367.0979051967181,371.0938671933024,375.09014797518654,379.08628844892786,383.08262246953973,387.07862020773274,391.0749569515652,395.0709264935506,399.0671413330145,403.0631036527347,407.0591948972259,411.05490479499434,415.0507813192183,419.04652142905985,423.04231900259873,427.0376330598833
1.416438e-03 2.212816e-05 1.305797e-03 2778.89 0.4542353022640812 -0.03985155593567181 0.15273029564301413 0.5640649502484661 335.0702318578843,339.06485792245786,343.0599832233665,347.0548459100063,351.05026393481984,355.0452472078844,359.0407125429457,363.03591749151747,367.03147571019554,371.0268815134587,375.0224806117655,379.01778658094645,383.0135278819656,387.0088491481771,391.0044899905666,394.99979639767116,398.9954467737402,402.9905967045781,406.9860828018267,410.9811890101684,414.97655537882673,418.9714678069057,422.9665724875609,426.9612916450244,430.9561172119127
1.779254e-03 2.095923e-05 1.674458e-03 2778.89 0.4551713266203502 -0.03988225115377248 0.1526136361836152 0.5636221199815639 335.0801970478442,339.0747861056197,343.0700814669031,347.06510661023174,351.0605017144666,355.0555990011715,359.0512615584927,363.046515502806,367.0422746292577,371.0376323458956,375.03342142514083,379.02892002205476,383.0246758323891,387.0201007098354,391.01588607099575,395.01130160595466,399.00698318069726,403.0023549472831,406.9979400242654,410.99320047370605,414.98866923881315,418.9836101683662,422.9788158060724,426.97366091571996,430.96918698037706
1.139841e-02 1.363928e-05 1.133021e-02 2780.40 0.45210702194996577 -0.03976280801457467 0.15596375901021237 0.55984230656321 335.1480925627741,339.1436541326751,343.1398391490407,347.1356873083521,351.13207734974,355.1280812874379,359.124603353903,363.1207373153997,367.1173144221078,371.11363866049106,375.1101887239048,379.1065866452788,383.1032709292433,387.0995674867036,391.0962126498886,395.0925794450178,399.0891700572305,403.0853827111291,407.081876907002,411.0780706835833,415.0743628387431,419.0703972123072,423.06645521393375,427.06225638973547,431.05801244526026
3.928854e-03 2.828682e-05 3.787420e-03 2778.20 0.45147495633835083 -0.039769056469207587 0.15320754699843267 0.5629454248832751 335.01588469139546,339.00978985839356,343.00435468362633,346.9986222542192,350.99329023818325,354.9877171795504,358.9826600616162,362.9772243205628,366.9723214653919,370.96691102714334,374.96200173163464,378.9567129474304,382.9518026261883,386.94652908877845,390.9416639023746,394.93628157852015,398.93135390921947,402.92586223494277,406.92070001949213,410.9152159947519,414.90988499280513,418.90434125587785,422.8986859368751,426.89275760216105,430.88706189887625
5.033022e-03 2.974205e-05 4.884312e-03 2780.52 0.45340296553644993 -0.0398360673569106 0.1525199566879487 0.5653057036496938 335.0079759816188,339.0018173278424,342.99626719090656,346.9903271232315,350.9849201770617,354.97916595537004,358.97396011372933,362.9683593862762,366.9631781552905,370.9578767945886,374.95270476236146,378.94723556984667,382.9421560982904,386.93678449491534,390.9317493427869,394.92633165148027,398.92113938569355,402.91555883945216,406.91026811277106,410.90463624632525,414.89914748266716,418.8934275202503,422.88775102009635,426.88166767285907,430.8759531178071
3.272963e-03 2.804234e-05 3.132752e-03 2781.32 0.45451813315113576 -0.03987166691594266 0.15101325075600008 0.5653805324950987 335.0228034574982,339.01673629396794,343.0112945119447,347.00552767300326,351.0003572824439,354.99478828791285,358.98969329624384,362.98433579808597,366.97934590952474,370.97400234139235,374.96912957917965,378.96387524833364,382.95894889313394,386.9536991162348,390.9487897171651,394.9435934149701,398.93849906882457,402.9332252767318,406.928062358207,410.9225311440755,414.9172631545235,418.9115549665182,422.90608393616554,426.9002049814096,430.89453335108857
7.076609e-03 3.205782e-05 6.916320e-03 2779.63 0.45647238312822547 -0.03994661048009924 0.15047900568945707 0.565791088938031 330.9962061804077,334.9907240593161,338.9842674540406,342.978348457737,346.9722700102814,350.96669131948266,354.9606116605889,358.95514906997715,362.94932032790956,366.9439116743365,370.9382673708759,374.93292692492713,378.9272582490626,382.9220479510205,386.91635843183997,390.9110668027968,394.90524535898595,398.89981944511953,402.89418928580807,406.8886252988131,410.8827048851764,414.87694874162,418.8709036834351,422.8649961251848,426.8587684405201
1.834737e-03 2.056500e-05 1.731912e-03 2780.55 0.45530697930095165 -0.03988869747042508 0.150147326583479 0.562432429297383 335.0805867367404,339.0752527048631,343.0705611363902,347.06557730408855,351.06099145879875,355.0561462195338,359.05177400858054,363.04713243866956,367.042908843787,371.0382483122653,375.0341020365307,379.0295254915144,383.0253722751927,387.020853267778,391.01662562272656,395.01214209552035,399.00774830587665,403.00316114355087,406.9987363164338,410.99399424568793,414.98940008176766,418.9845450580046,422.9797604728791,426.9745978132322
1.353735e-03 2.229841e-05 1.242243e-03 2779.36 0.4542399223984093 -0.03985367936313534 0.15194414402025588 0.5629738975956847 335.06743518990413,339.06195981786925,343.05704200508814,347.0518852102737,351.04730218887477,355.0422244279076,359.0377715352835,363.0328849351431,367.02842820285883,371.02378747388775,375.0193795299999,379.0147259420597,383.01044169899467,387.00577511412627,391.0012693558678,394.99660369162757,398.99214763252627,402.9874459366755,406.9828456739537,410.97789899495035,414.9732760167427,418.96816575484024,422.9632526658013,426.95796475596245,430.95281613506774
1.545831e-03 2.455939e-05 1.423034e-03 2779.63 0.45468665143786346 -0.039872499747692254 0.15196581502218795 0.5641166597482397 335.04761198409665,339.0418818096985,343.03675234518374,347.0312205237344,351.02640552071426,355.0211421039557,359.01639816731785,363.0112280922692,367.0066209207231,371.00159141981226,374.9970359155962,378.9920935826495,382.9874739935206,386.9825238437887,390.9778802020634,394.97298373823213,398.9682498063544,402.96325401082464,406.95840448808764,410.9533989921846,414.94825768091033,418.9429183685632,422.9377399030159,426.93229579318273,430.9276460055125
1.555624e-03 2.099332e-05 1.450658e-03 2780.24 0.4517985922237111 -0.039768213665192224 0.1532987766886094 0.5610550778366283 335.07503720916037,339.069776528066,343.06507044935506,347.0599530501851,351.05539964947013,355.0504820266577,359.0461220676188,363.0414576780458,367.0371687044987,371.03256449331695,375.02830051283473,379.02379373855183,383.0195540482178,387.0150185182081,391.0108260846677,395.00617859520315,399.0019560301866,402.99731530711955,406.9930006667157,410.9880859670809,414.9836585487629,418.97874936040387,422.9738877876705,426.96873193667204,430.96363282706267
1.255330e-03 2.376048e-05 1.136527e-03 2780.24 0.4557307517248423 -0.039907570173195364 0.15054128722868557 0.5643594316494636 335.05397598452305,339.0482654731485,343.04331401638706,347.0378949774649,351.03308423279196,355.0278414569938,359.0232021935129,363.0181729469341,367.0136004334351,371.00860302229864,375.00406241142906,378.9992357932018,382.9946958847881,386.98984923075795,390.9852953470538,394.9805105534458,398.9758438854414,402.970787851398,406.96610115528426,410.96102598613027,414.95606963969016,418.95080946702797,422.94570028250655,426.94019262173794
3.316369e-03 2.853547e-05 3.173691e-03 2780.28 0.4567877728638446 -0.03994976104715584 0.15062487712458042 0.5668524793515505 331.02316195928347,335.01843069149135,339.0123207156627,343.00680524029616,347.000923168107,350.9956369471179,354.99006760786096,358.9848008810996,362.979416156436,366.97428962465,370.96891886719885,374.9639221307768,378.9586069914159,382.95352442362355,386.9482783194613,390.9433304694305,394.9379456620404,398.93279669079254,402.9273504881699,406.9221134204426,410.91654204902045,414.9111922727262,418.90536047891436,422.8998857711318,426.8938712234672
6.659494e-03 3.107904e-05 6.504099e-03 2778.20 0.454156234223359 -0.039866356887665474 0.15155813677020422 0.5642878777716631 334.9972239276123,338.9909826438267,342.98523988066995,346.9792097245669,350.9736949704382,354.96788988455967,358.9624962560821,362.9568208129437,366.9515764948878,370.9460433504801,374.94081051542275,378.93528279178116,382.93014197346355,386.9245961053985,390.9193564838503,394.9138965467344,398.90852211278207,402.9029137799208,406.897493858884,410.89173603267164,414.8859932419848,418.8802365877869,422.87436181861165,426.86829457935494,430.86236352040135
4.922325e-03 2.918662e-05 4.776392e-03 2780.24 0.4533482595663745 -0.039837407782731114 0.15166549396216483 0.5625869379499129 335.0082718915386,339.0020820515707,342.9964853383389,346.9906203846968,350.98529130723915,354.979600680877,358.9743238931166,362.96884791839614,366.96382291377165,370.95829192733083,374.95333528521735,378.9478727352895,382.9429442926733,386.93752070840867,390.9324918295099,394.9270993579449,398.9219755635942,402.9164974516151,406.9112816814056,410.90562084909953,414.90026338200613,418.89455810946106,422.8888989674417,426.88293231513785,430.87733002999084
3.147461e-03 1.900225e-05 3.052450e-03 2779.63 0.45413290391126215 -0.03984197037385268 0.15243060391593113 0.5634846301549462 335.0984660530468,339.09337494679176,343.08891863878955,347.08403330234734,351.0797970296474,355.07509909234784,359.071036212948,363.0665139296636,367.06243565386313,371.05818872233317,375.054183725346,379.0499110253747,383.0459039723619,387.0415696021684,391.0375793589284,395.03317917525163,399.0292356595087,403.0247705216891,407.02048109721665,411.01593270227767,415.0116725258435,419.00696003587103,423.00233816075115,426.9973739351046,430.9927256156211
4.265185e-03 1.760403e-05 4.177165e-03 2780.24 0.45363176534635763 -0.03982525279967233 0.15248946829293272 0.5605717637069411 335.1082658975066,339.1033125343252,343.099013221899,347.0942969509497,351.0900928799131,355.0856904249529,359.08170437122453,363.07736937232266,367.07339723833655,371.06921770508,375.06534430776674,379.06127115328076,383.0574665665063,387.0532217068642,391.0494370423326,395.0452348399852,399.04138389356063,403.0370707137474,407.0330640802682,411.02862707237034,415.0244635614566,419.0198981642007,423.0154948241196,427.0107768907133,431.0063019475603
6.632767e-03 1.617867e-05 6.551874e-03 2779.63 0.45232341510525786 -0.039773763393128055 0.15380598124306366 0.5620869711310579 335.12439206124674,339.1196454148365,343.11556676028306,347.1110108214232,351.1070819039226,355.10281223073355,359.0990349591992,363.0948761492854,367.09117418765265,371.08723371197516,375.08359972739,379.0796047481106,383.0759997069301,387.07192922509415,391.0683499784998,395.0643048137214,399.0604960902637,403.0563882362061,407.0524877461682,411.0484162872541,415.0443471938133,419.0399704173442,423.0358110417267,427.0313421016868,431.0266571058022
1.450401e-03 2.149794e-05 1.342911e-03 2780.24 0.45597286691167854 -0.03991341449337543 0.15108718605446433 0.5623894259188178 335.0722852906804,339.0668176360292,343.06198195524956,347.0568193540837,351.0522235614687,355.04731965775466,359.04281581891894,363.0379326002932,367.0336631069116,371.02894107164843,375.0246209931763,379.02000375316663,383.0157688253487,387.0111255873145,391.00685318603996,395.00208539154335,398.9977722306141,402.99307368808064,406.9885510813737,410.9836556174191,414.9790046127284,418.9739733460945,422.9690761975514,426.96387713793456
1.657397e-03 2.460729e-05 1.534361e-03 2774.26 0.4508872623406926 -0.03974234556387702 0.1562587156895245 0.5619081033350618 335.04360131796824,339.03776477159846,343.0327711857512,347.02730030148757,351.02235834832334,355.01716186047423,359.0124420171491,363.00735917002453,367.00273654143916,370.99765275321994,374.99302655816007,378.98823154057504,382.9836217274928,386.978693255858,390.97407081231324,394.9691138421603,398.9643500016084,402.959378253559,406.9546288681793,410.9494283651489,414.94456714012387,418.9391663301078,422.9339524317749,426.9285882114341,430.9232670062737
1.759507e-03 2.108799e-05 1.654067e-03 2779.36 0.45390052158443467 -0.03983825164254248 0.15159956891803814 0.5638775549373016 335.079640248888,339.0742258420153,343.06964504247185,347.06450136278863,351.06008802777797,355.0552634774748,359.05090448595223,363.0460501216005,367.04192138453635,371.0372710840635,375.03307086379635,379.0285585420372,383.0244022472499,387.01987092611336,391.0155253886252,395.0109475700691,399.0067373440016,403.00200769144385,406.9976105932593,410.9924845861574,414.9881480255948,418.9833291467393,422.9785371578159,426.97331759350305,430.9683353639305
7.789032e-03 3.197839e-05 7.629140e-03 2779.36 0.45521556788182194 -0.039904260753459896 0.15073045934878118 0.5647520898792676 334.9911003687045,338.98478867167665,342.9788537149161,346.97272478842353,350.9672442256206,354.96123936213513,358.9557648750665,362.95000938847875,366.9446816030952,370.93907232397845,374.9336720138863,378.9280944215451,382.9228084558857,386.917138693986,390.9119276230374,394.9063064078089,398.9008056664546,402.8951073812842,406.88958825427125,410.8837504597678,414.8780658324865,418.8720679269807,422.86623156022483,426.8599787103442,430.8543545537266
2.140040e-03 2.007821e-05 2.039649e-03 2780.24 0.45450601261465895 -0.03985917924654979 0.15138006999132336 0.5624766178994142 335.08626187855805,339.0811019641583,343.0763891679774,347.0713791168339,351.06700282572757,355.0622453208374,359.0579682651457,363.05334028034144,367.0491586177226,371.0446595630745,375.0405619046869,379.03613917738954,383.0319911031438,387.0276066795035,391.023433386025,395.01884029034574,399.0147138043084,403.01018918337996,407.0058622524334,411.0012517676177,414.9966845346237,418.99190581969407,422.98714414396835,426.9820706630348,430.97760695887507
4.025044e-03 2.854726e-05 3.882308e-03 2777.94 0.4532643963317413 -0.03983030612876393 0.15292055509508462 0.5643720436959775 335.01552494731857,339.0094365781155,343.00401659987875,346.99814937843325,350.9928862663761,354.98717192398004,358.98210348398226,362.97665449790827,366.9715460505548,370.96621642692344,374.9612433105783,378.955934120935,382.95099213975317,386.9457063474342,390.94074019979047,394.93536400103255,398.93032019957394,402.92488055150676,406.9196815093161,410.91425652517324,414.90886720351335,418.90306948617746,422.89757920773087,426.89165854931304,430.88614114203773
1.504756e-03 2.506440e-05 1.379434e-03 2780.24 0.45571124876537483 -0.03990801217909294 0.15016497058089104 0.5653060165640651 335.0446878533118,339.03884655752506,343.0336984484026,347.02813852061774,351.02321733100507,355.0179429823054,359.0130906173697,363.0079106629456,367.00321319026955,370.9982344543757,374.993498740814,378.9885524176232,382.98390630805665,386.97888959823405,390.9742036039755,394.96919633888217,398.96437574031916,402.959332690811,406.95441226659,410.94916217203723,414.94409197227026,418.93876537109617,422.933556654741,426.9279126540896
1.522216e-03 2.163485e-05 1.414042e-03 2781.32 0.4551737190812194 -0.03988345986947517 0.15169244339572352 0.5638325501828706 335.0740404937143,339.06859930941675,343.0637493246029,347.0586709239119,351.05413119765285,355.0490730466744,359.0447025416488,363.03975557484097,367.0355426988937,371.0308328628964,375.0265964235124,379.0219655478132,383.01775084257997,387.0130879724873,391.00870545016244,395.0041192922844,398.99967798542315,402.9949540847276,406.9906755986459,410.9856312804446,414.9810198977409,418.9759816528526,422.97095664741937,426.9658905319609,430.9613509392785
5.084926e-03 2.942795e-05 4.937786e-03 2781.32 0.45315510345285237 -0.039829676834384424 0.1526768821468156 0.5632348724057856 335.00717599470005,339.00107200586206,342.99545568592634,346.98955312800973,350.98410407912303,354.9784641922279,358.97318265383564,362.96772242541374,366.96257997712667,370.95714412927254,374.95200145268376,378.94664687746683,382.94163406679337,386.9361989891494,390.9311816811761,394.92574312123145,398.92062660590125,402.9151035553217,406.9098276022985,410.90426960332894,414.8987284150891,418.8930272018526,422.88744977000925,426.88139119433873,430.8757719274318
5.084439e-03 1.731301e-05 4.997874e-03 2779.36 0.45585258393473416 -0.039898076869939174 0.15105939696882087 0.5637700777559476 335.1134593153415,339.10846487210233,343.1041109387963,347.09948290529434,351.0952917809245,355.09086616628394,359.08687675250627,363.08251360985764,367.0786783483075,371.0744664398784,375.07074934936486,379.0665093991315,383.06272302366244,387.05854390719264,391.05467838948795,395.05053348731866,399.04665084716726,403.0423935876115,407.03836860393244,411.03393788129404,415.02980013302664,419.02528735741726,423.0207599534299,427.016025098163
3.676494e-03 1.823515e-05 3.585318e-03 2780.24 0.4541194955235566 -0.03984202978069542 0.15230759171733405 0.5622088214020268 335.1033361338254,339.09833391327646,343.093905616175,347.08920606085513,351.084926721569,355.0804166886779,359.07637477873004,363.0720146562616,367.0680175550702,371.0638221111173,375.0597960754293,379.05566929807947,383.05173647561344,387.0474951058564,391.0436018734317,395.03932832245795,399.0353644185068,403.0310372351988,407.0268382626424,411.02249584192066,415.01821705413516,419.01353097869077,423.0090623862473,427.0042857948188,430.99965154291715
1.541600e-03 2.444763e-05 1.419362e-03 2780.28 0.452355359524719 -0.03979325095022534 0.15453933591249563 0.562221773518381 335.0465998710855,339.04097105309165,343.0359589366204,347.0305440079734,351.0257554015375,355.020439238577,359.01579727635476,363.0107269268284,367.0060676970957,371.00108680910296,374.99651725518413,378.99166196256806,382.9871007318027,386.98217560953714,390.97759471521914,394.9726272690925,398.9679865449782,402.96303397520825,406.9582398984907,410.95309769218096,414.948164023831,418.94288383969524,422.9378049646567,426.9322814411092,430.9267277499722
2.797463e-03 2.725050e-05 2.661210e-03 2780.24 0.45532920219712913 -0.039901558138727755 0.15055634589872025 0.5634699548408499 335.0240090975318,339.0179655752835,343.012644059883,347.0069188542762,351.0017115567805,354.9961534410198,358.9911066490881,362.9857594160414,366.98082420674547,370.9755251805337,374.9706943444429,378.9655080326034,382.96059528578706,386.95533561405864,390.9504668207928,394.94521700889794,398.9402250300669,402.93495728668626,406.9299051657608,410.92436573746494,414.91907550083835,418.9135696337331,422.90808438884824,426.90232704729476
3.238408e-03 1.925122e-05 3.142152e-03 2779.96 0.4565515476448987 -0.039925300314826655 0.15127750354536498 0.5647727384203709 331.0995487316433,335.0955346196902,339.0903708618947,343.0858755582589,347.08086712484186,351.07644812556345,355.0718227606712,359.06761901068353,363.0631374935856,367.05899643840723,371.0545217007691,375.05048285450147,379.04609395051216,383.0421327810648,387.0376169630686,391.033659199747,395.029303179157,399.0249983993909,403.02054909050923,407.0162674017256,411.0118064206762,415.00729730010653,419.0024667130635,422.9978763369116,426.9928417232186
1.946065e-03 2.037497e-05 1.844190e-03 2781.62 0.45467955027063517 -0.039864883425226615 0.1530454357119266 0.5630279070927321 335.0832524962902,339.07800869870186,343.0732775656747,347.0682514657431,351.0637645861272,355.059022828813,359.0546215918384,363.049955415234,367.0457514574963,371.04120387196764,375.0370149327381,379.03248054674856,383.02831613206445,387.0238736114789,391.0196836775393,395.0152486187721,399.0108924948728,403.0063438810747,407.0019598378719,410.9972685860754,414.9927762965484,418.9878206958422,422.9831086054323,426.9780356582817,430.97381511785784
1.524329e-03 2.504271e-05 1.399115e-03 2780.24 0.45597582551509835 -0.03991816839330755 0.1504873078755105 0.5646310899650434 335.0438681161406,339.03805339156804,343.0329061567495,347.0274325484099,351.0224784951197,355.01715112509527,359.01233756661964,363.007208067494,367.0025341582158,370.997386948969,374.99276174891696,378.98774019404755,382.9831675345931,386.9781537498801,390.9734846915919,394.968376808398,398.9637629909177,402.95851995877115,406.95372167238133,410.9484669918018,414.94344321965775,418.9380410181283,422.93282026322026,426.92715811925177
1.278404e-03 2.214509e-05 1.167678e-03 2780.24 0.45572931731787525 -0.039906344889252564 0.1505490638406033 0.5627550086898464 335.0658317095704,339.060352248352,343.05544456121686,347.0502891530534,351.04557680986943,355.0405035940304,359.03604085015616,363.0310898151135,367.0266621527831,371.0219706708828,375.0175805920853,379.01285303385686,383.00850934717255,387.0038020742851,390.99939482538934,394.9947551196717,398.9902891817218,402.98544925117204,406.98092421644947,410.9759750872529,414.9711799912442,418.96606821764505,422.96120264667906,426.955900472336
1.903677e-03 2.602880e-05 1.773533e-03 2780.24 0.45535713965931235 -0.0398980729448335 0.1502789745594807 0.5648203068533619 335.0362639058528,339.0303325147674,343.025158677575,347.01953964854425,351.01446741918613,355.00910424590984,359.00417469252653,362.99892771082233,366.9941587973954,370.9889875023252,374.984249510544,378.9790733045684,382.97439659391057,386.9693688968378,390.9645692709322,394.9594633514941,398.954539783277,402.94934037991555,406.9444030631162,410.9390416640307,414.9338907487684,418.9285127487888,422.9230555334301,426.9173615708515
1.302207e-03 2.279296e-05 1.188242e-03 2780.24 0.45374813592682056 -0.03983822741473725 0.1513432097972368 0.5625003692451659 335.06278090537717,339.05727728096053,343.0523425023326,347.04709512414433,351.0423478167066,355.0373288388852,359.03276752816663,363.02792229366855,367.0234710777611,371.018723694189,375.0142456749718,379.00956876377086,383.0051304776734,387.00037131715146,390.995976180081,394.9911927164259,398.98669334165504,402.98186854713924,406.9772484888393,410.9723489675078,414.9674864141611,418.96239732204026,422.9574734379536,426.95214752568234,430.94696788817635
7.049374e+00 1.434635e-01 6.332057e+00 2780.24 0.4564098324384143 -0.039927681178627654 0.15108978506308068 0.5630159554223081 334.76537689923254,339.11101990678316,343.71810640258,348.4000965427819,353.00079053270395,357.3329720062498,361.3461497700947,365.4510019961923,369.90382660323263,374.55296814561854,379.2266726613048,383.76117935387396,387.97512989985194,391.95911133561606,396.17871022849926,400.7169751809955,405.39161278054945,410.0396861139144,414.48877834023875,418.59023583854565,422.60586345720145,426.9426927469234
2.372417e-03 1.987957e-05 2.273019e-03 2780.24 0.455692334624886 -0.039898114546091476 0.1507018873951066 0.5640565044590704 335.08870267614,339.0834184383348,343.07879566972645,347.073817305179,351.0693641474125,355.06467809029965,359.06037458610905,363.05572658927696,367.0516516848887,371.047035988057,375.04289829670944,379.0385195724809,383.03439879873656,387.0299518735591,391.0258140557146,395.02129983582967,399.0171318744546,403.0125351767302,407.00828929852736,411.00356481403264,414.999093177879,418.99421330355335,422.989507614559,426.98445885777306
1.310703e-03 2.197716e-05 1.200817e-03 2780.24 0.45589934095978724 -0.03991204730580014 0.15151086889195908 0.562529167800123 335.067413591051,339.0619487266904,343.0570684599073,347.0518143222103,351.04714150506504,355.0421249045536,359.03766777924244,363.03275126952377,367.02836934960567,371.02364097057864,375.0192588377392,379.01456370903117,383.01026591744346,387.0055413303225,391.0011884579933,394.996450098916,398.9920821911804,402.9872665477445,406.982673856798,410.97769597267114,414.9730528267035,418.96798420679676,422.96312933008795,426.9578388046266
2.696837e-03 1.944576e-05 2.599609e-03 2781.32 0.4560436294338217 -0.03990922553163751 0.15145947590126022 0.5639490321568816 335.09265258103005,339.08745708343645,343.0828096484862,347.07788344594513,351.0735634774582,355.06878535791543,359.06457048962307,363.0600074474982,367.0558445477154,371.05149275766115,375.04731238175816,379.04295865058765,383.0388263672698,387.03449950379405,391.0304091615238,395.0259243211791,399.02182271587236,403.0173095047229,407.0129910697978,411.00837236522335,415.00399396897285,418.9991429513981,422.994561422152,426.9894477041752
1.855629e-03 2.051646e-05 1.753047e-03 2780.24 0.4558466928199717 -0.03990672099696528 0.15052812348183348 0.5625992322173987 335.0810233546291,339.07566157256736,343.0709570053206,347.0658462622212,351.06139725189774,355.0565213782886,359.0522196012446,363.04747260957487,367.04324916418614,371.0387451930216,375.03448612730824,379.0298482781485,383.02577129604043,387.02127225038095,391.01699793571083,395.01248558865643,399.00828651554815,403.003557269288,406.9991802408424,410.9944556554861,414.98988261505366,418.9849776501605,422.98018882930427,426.97506818386046
1.210679e-03 2.276844e-05 1.096836e-03 2780.24 0.45542269753690395 -0.03989764357223254 0.15160569395679593 0.5622700284958891 335.0596648227682,339.05396720399654,343.0489757657862,347.0437689253774,351.0390672130217,355.03385680611433,359.02928218430384,363.02427028728437,367.01989597233637,371.01502504331984,375.0105608068696,379.00582693179723,383.0014122270582,386.9965842805098,390.9922220936456,394.9873880418473,398.98285007276485,402.97798173901964,406.9732876753262,410.9684025250345,414.9635086167645,418.958442806685,422.95345637680936,426.9480168395811
2.857499e-03 2.732704e-05 2.720864e-03 2780.55 0.4556213178777466 -0.03991237348131245 0.15003425010795637 0.5633393803831972 335.02330881900156,339.0173316477907,343.0119137466716,347.00617428886363,351.00094611201774,354.99540164208673,358.9904125232179,362.9849856939837,366.9801482594313,370.97492219012685,374.9699200810759,378.9646483330419,382.9597964123672,386.9546182877262,390.9497412497158,394.944404675341,398.9394767359951,402.9341956509374,406.9290215423199,410.92359432045106,414.9183129812033,418.9127540254653,422.9072241165228,426.9014788850252
4.300357e-03 2.864115e-05 4.157151e-03 2780.24 0.4549042312013043 -0.03988978455601956 0.15078727407014103 0.5632372960224012 335.0133215691131,339.007079056623,343.00170464491066,346.9958041557179,350.990459463478,354.98495356506993,358.9795919061168,362.97421054429236,366.96910962064663,370.96364006973533,374.9586655357824,378.9534221895791,382.94839164817495,386.9429559188082,390.93799158833207,394.93258703579386,398.9275705639369,402.9221229083809,406.9169247387846,410.911320478435,414.90601137006485,418.9002875468807,422.89462028547285,426.8887305488339,430.88388903458673
2.376015e-03 1.982706e-05 2.276880e-03 2778.90 0.4525644968501656 -0.03978881173140497 0.15527825760648745 0.5631875507500301 335.08938764911096,339.08430415694386,343.07973478536127,347.0748349443184,351.070498545752,355.06569039623446,359.06146287229325,363.05697766248863,367.0528404724203,371.048404762257,375.04435825157486,379.0399361029057,383.0358748827328,387.0313817126349,391.02750701115434,395.022973892112,399.0188297287057,403.0142921285915,407.0099877233955,411.00527219890404,415.0008606582879,418.99611127411237,422.9914644468172,426.9864071097766,430.9814652182602
3.147064e-03 1.848565e-05 3.054636e-03 2780.24 0.4547157883743291 -0.03986538497488055 0.15246883553511076 0.5607724097701647 335.09845454235824,339.0933051590482,343.0888169266684,347.084078613186,351.0798036435877,355.07520068629134,359.0709924205907,363.06652011277083,367.06253050966336,371.0581085400025,375.05423905470735,379.04988460731977,383.0459318300699,387.04163908633194,391.0376591446927,395.0334022195274,399.0293124729136,403.0249984984335,407.02073354329207,411.01631746484446,415.01197425969247,419.0073794436369,423.0028660893363,426.99796744596296,430.99404019913965
7.009641e+00 1.429295e-01 6.294994e+00 2781.32 0.45671987497546085 -0.03994615603682787 0.15034967666513305 0.5656561146089848 334.7138497806407,339.05953524524125,343.66628891529655,348.3475610988278,352.94717841768363,357.27778018312495,361.2899096320078,365.3949213602174,369.8477373200516,374.4964300291533,379.1692912105004,383.70253035647664,387.91477617058575,391.89813782597446,396.11815867104605,400.656317654971,405.3303757605078,409.97741989506534,414.4249870366364,418.52482188030774,422.5403633278064,426.87766089891574
2.545118e-03 2.698403e-05 2.410198e-03 2780.24 0.4559055998760264 -0.03992018133710472 0.15019110100974 0.5641864516325396 335.02714021886146,339.0211182504188,343.01569834878,347.0100170558364,351.00490174887597,354.99931851328813,358.9943345971359,362.98902956973626,366.984112480809,370.97884061928016,374.9739691839836,378.9688284980192,382.9639352279478,386.9587303580561,390.9539771296784,394.94869673702107,398.94375829315027,402.9384532988627,406.9334174485399,410.92801648390525,414.9227515159823,418.91718637353716,422.9117055260348,426.9059374857064
1.454100e-03 2.144108e-05 1.346895e-03 2780.55 0.4548893445915022 -0.039877090249756886 0.15045469356338528 0.5616847526656747 335.0720117096145,339.06669823666124,343.0619083933023,347.05670572509644,351.05208155463777,355.0471764710882,359.04274502991,363.0379293107764,367.0335807389272,371.0289178410993,375.02467520913325,379.0200600501797,383.01571797546706,387.0111854716851,391.0068610473514,395.0022151879549,398.99785160456236,402.9931499241143,406.98863726950043,410.9837123198386,414.97914705725674,418.97417692472555,422.9692898071449,426.9640486462491,430.95995749811124
6.838094e-03 1.654231e-05 6.755382e-03 2781.32 0.4571766674146316 -0.039941205573791556 0.1507158109536413 0.5642020602163741 331.1264599055385,335.12247339577146,339.11758523398026,343.113439668292,347.10876654275677,351.10473415785555,355.10039625003327,359.0965182159042,363.09226049950274,367.0884515420674,371.0844151965001,375.0806086957422,379.07661578978843,383.07284019851085,387.0687912762714,391.0650750533872,395.06093811088925,399.057104091222,403.05305343925505,407.04899267532056,411.0447163558774,415.04065590653903,419.0361322951237,423.0318640425141,427.0271782930659
7.000015e+00 1.433583e-01 6.283223e+00 2780.24 0.4554518866029089 -0.0399092701491592 0.15046823764437708 0.5626385192528401 334.68508765142747,338.9898910635128,343.5760137004794,348.25545894779714,352.87255076388027,357.2439437782086,361.2803983503771,365.34847817287925,369.7625009278979,374.3959511378708,379.0730272228948,383.6335938977415,387.8930361448053,391.88038487066297,396.05197368753517,400.55659911934936,405.2213230716311,409.8800697562205,414.36643410758643,418.51226136026156,422.5068329311129,426.79207692016
6.290703e-03 1.621323e-05 6.209637e-03 2781.32 0.45338354035332235 -0.03981178365626859 0.1534236982211712 0.5618488384605134 335.1224390092324,339.1176412791513,343.11344328173095,347.1089057196567,351.1049433679441,355.1006940551091,359.096815113465,363.09256152084305,367.0888803951131,371.08482454731484,375.0811378295649,379.0771152474534,383.0735263493474,387.0695660912109,391.06576612463584,395.06177498181484,399.05801855907396,403.0539232273585,407.0500926783861,411.0458792995847,415.0418572210887,419.0375395583038,423.03324919667386,427.028659605021,431.0244742306916
5.363995e-03 1.681573e-05 5.279916e-03 2780.24 0.45500945351314437 -0.03987059858625061 0.15228418217767642 0.5613341232615706 335.11653616457244,339.1116350200765,343.10748128613704,347.1027326676634,351.0987232533184,355.0942939623621,359.09032571865424,363.08610317319807,367.0823575904572,371.07821330494363,375.07445267853916,379.0703540025896,383.0665284797544,387.06256721626414,391.058766145878,395.05467184052895,399.0507947648774,403.04658717347723,407.04264664333317,411.0383013337901,415.0341905253945,419.02975589994816,423.0254446473146,427.02077289217607,431.0171113743389
1.614095e-03 2.067857e-05 1.510702e-03 2780.24 0.45325168455973863 -0.039820303869034936 0.1531445514971766 0.5598848415848977 335.0766488632329,339.0712781621387,343.06653714824677,347.06151659197496,351.05701055306696,355.05217314779867,359.04779498996845,363.04306572193804,367.0387810910867,371.034128770226,375.02999238704905,379.02542936846123,383.02133780458234,387.01676067069883,391.01263285306777,395.00801980908176,399.0037758822221,402.9991466925155,406.9948581155527,410.99006772737187,414.98553307419775,418.9806609840927,422.9758563334333,426.97077468008524,430.96603355567964
1.301753e-03 2.220045e-05 1.190751e-03 2780.55 0.4547588140247782 -0.03987453209736581 0.15102705336107466 0.5615810138337137 335.06439425800556,339.0588752353312,343.0539959445566,347.0487112691578,351.0440888666006,355.03901282943724,359.03456315296484,363.0296478032264,367.0251972678418,371.02047671880473,375.0161109991139,379.0114162479179,383.00706063425787,387.0024074427508,390.99785948133865,394.99328624722096,398.988835977,402.98402248926357,406.9794398969499,410.9745481195021,414.9697653258014,418.9646750901928,422.9597373185078,426.9543951658708,430.9503475315879
1.777719e-03 2.521635e-05 1.651637e-03 2780.24 0.45524752521022915 -0.039895812303747745 0.15075251722291252 0.562363134079804 335.0418382380249,339.03604501474393,343.03111291972425,347.02549152823684,351.0205487898052,355.01519845500803,359.0103784202854,363.0051636487059,367.0004156515752,370.9954055192263,374.99085534375206,378.98581775866404,382.9811589472558,386.97629253264233,390.97154520766765,394.96654770490255,398.96179547425294,402.95664469804194,406.95178902829525,410.94666728243163,414.94155846776914,418.93622127747625,422.93101934162365,426.92551935521305,430.9200799920283
2.090809e-03 2.006626e-05 1.990477e-03 2780.24 0.4542870218722149 -0.039852659745451165 0.1523137456461294 0.5614276032880878 335.08552178982217,339.08026565938195,343.07557960343576,347.0706131926422,351.06621671793005,355.0614017648589,359.05714088182884,363.05253773378985,367.0484313323482,371.04387182232233,375.03976879346095,379.0353908448358,383.0312770149718,387.02683468620404,391.02273156356244,395.0182508680648,399.0140210443252,403.00945986320204,407.0051316110692,411.0004826716412,414.99596794380966,418.99126000258127,422.9865289950019,426.98144976314626,430.97669076996755
1.499962e-03 2.122644e-05 1.393830e-03 2780.24 0.45538463286905584 -0.03989303335447534 0.15123994521976364 0.5620553966754027 335.0735523189554,339.0682029282598,343.0634382697367,347.0583387154462,351.0537213320632,355.04876141327327,359.044338056785,363.03961841645184,367.03529007143004,371.03056614786897,375.0262892317779,379.0217011735438,383.01740825065053,387.0128770203764,391.00857601743877,395.0039803405772,398.99954294840785,402.99488771695377,406.9904321879142,410.9856214580457,414.9809936374467,418.97595169495713,422.97101315001674,426.9659568287138
1.590203e-03 2.117326e-05 1.484337e-03 2779.36 0.45417924909677243 -0.0398500585059423 0.15240297852548232 0.5622240175469623 335.0759298931279,339.0705913959659,343.0658113078466,347.06073130777713,351.0561224062178,355.05125724341326,359.0469051268921,363.04218809534717,367.03787529706193,371.0332443134648,375.02901450343455,379.0244513231539,383.0202396956475,387.0156243945689,391.0114441638027,395.0069166541826,399.00248252157695,402.9978478484334,406.99344362884676,410.9886056301187,414.98405279205883,418.9791797930943,422.97426620803213,426.9691160389122,430.96416568082014
7.037430e+00 1.440693e-01 6.317083e+00 2780.55 0.45559454517991355 -0.039901047821914414 0.1506044830802221 0.5619290520444988 334.7442425612543,339.0430210912882,343.62638839724843,348.3062164638689,352.9267726083245,357.305416088776,361.3472222295615,365.41053995010736,369.8188154030116,374.45041461620394,379.128842786304,383.69443700310404,387.96240189508035,391.9521068074968,396.1167499254855,400.61637560948077,405.28016133233155,409.9413736706066,414.4345123035319,418.5889691222871,422.5819128592972,426.8593923175596
3.708582e-03 1.863350e-05 3.615415e-03 2779.63 0.45671485938937106 -0.03993127163154905 0.15159846064215426 0.5634070671254913 331.10378943877583,335.09995176651796,339.09492192860915,343.09039747520364,347.08550524746715,351.08121478565016,355.076557374559,359.07236538993334,363.06795569174164,367.0639356732743,371.05955641675075,375.0555548275413,379.05126497124314,383.047362627654,387.0429952265521,391.03902320731817,395.0345965216278,399.03054808137097,403.026132410599,407.02195177427154,411.0174165661449,415.013047202999,419.00838013280054,423.0037970776894,426.9988805750727
1.749867e-03 2.545581e-05 1.622588e-03 2781.32 0.455534905169683 -0.039904877159587154 0.1517658554012933 0.563610620005091 335.0385963564794,339.03284613671406,343.02757803686956,347.02194635679143,351.01697563913,355.01158830364886,359.0068125133797,363.0015363404524,366.99676625379885,370.9917211649762,374.9869892482972,378.9819460962835,382.97725911760307,386.9722788862933,390.9676041452703,394.96246306844455,398.95769048409295,402.9525760047006,406.94760874091565,410.94238691699144,414.93727879536124,418.9318157341606,422.92655046595115,426.9208755837299
1.304439e-03 2.313983e-05 1.188740e-03 2780.24 0.455120667033788 -0.03988636472428674 0.1514319688664555 0.5630480466773692 335.0594801444825,339.05396636286883,343.04895999174744,347.04361015404953,351.03886121513534,355.0337440080124,359.02924458806416,363.02432634010603,367.01969786376543,371.0148886898566,375.0104065878961,379.00557549715745,383.00116953124126,386.99642694048094,390.9919788289188,394.9871315319742,398.98261222276557,402.9776488797728,406.9729873018381,410.96797408116515,414.9631947952174,418.95796628062874,422.95296226081274,426.94754033324654,430.94310494857666
4.389981e-03 1.772941e-05 4.301334e-03 2778.68 0.4542968434931267 -0.03984583999170679 0.15355464566447496 0.5625916701540232 335.109416519212,339.1044472988001,343.1001857529314,347.09538778321325,351.0913032875784,355.0867519060644,359.0827802220961,363.078426439542,367.0745409710768,371.0702781214152,375.0664564112419,379.0622771688364,383.05844753177183,387.05428893184717,391.0505580744613,395.04620803881363,399.0423330333909,403.0380617734318,407.0340320818465,411.0295896328316,415.0253964220148,419.02078693827616,423.01637424161515,427.0115733054467,431.00721500319696
6.846717e-03 1.620837e-05 6.765676e-03 2781.32 0.4553414911280486 -0.03987737212128209 0.15184228719519233 0.5636520536684299 335.1246645751543,339.1198428006718,343.11562710866804,347.1110169193697,351.1070870001067,355.1028435453878,359.09902729292355,363.0947410703366,367.09107820026463,371.0869777957383,375.0832943010175,379.0792675320249,383.0755700232596,387.0716461573357,391.0678604312086,395.06377301184546,399.0600739595418,403.05595511988497,407.05207678587794,411.04782606256504,415.0437997060965,419.039305173399,423.03501813923236,427.03041592011846
1.268661e-03 2.252457e-05 1.156038e-03 2779.96 0.451723080747668 -0.039770632689060045 0.1553507344209189 0.5597480901203691 335.0587738498566,339.0532012080053,343.0482971159934,347.04305552251,351.03828746699895,355.03329664982067,359.0287628656182,363.0238864110546,367.0193617175807,371.01462134554356,375.01017687787504,379.005473427339,383.0010908477099,386.9964034890061,390.99200955142925,394.98727151452596,398.98279868760784,402.9780188451593,406.9735149099389,410.9684934526218,414.96375374834224,418.9587317967099,422.9537490958136,426.94847375863804,430.9433337420206
3.767624e-03 1.812880e-05 3.676980e-03 2780.24 0.45562954203377903 -0.039894300048773784 0.1516189769300847 0.5624701583372343 335.10307702900207,339.09789165403026,343.0935427178957,347.0887620699858,351.08454244412775,355.0799383907992,359.0758757025696,363.0714494985012,367.06747690290723,371.0631819419943,375.0592683521297,379.0549849503353,383.05107325782575,387.0469037932351,391.04285014752725,395.0386319143912,399.034516546323,403.0301951563348,407.02608886886395,411.0216658972608,415.01732891432687,419.0126664143207,423.00819854255104,427.00344850062567
1.582781e-03 2.101813e-05 1.477690e-03 2780.55 0.45619600748423017 -0.039921480321602566 0.15015934007170534 0.5617330540767137 335.0756322979349,339.0701557041273,343.06546833665556,347.0603690314522,351.0558068456006,355.0509669325202,359.04650327280285,363.0417480099603,367.0373901578146,371.03277578782087,375.02847988467437,379.0238971095054,383.0197124197862,387.01515729049464,391.0109158416647,395.00613734175766,399.0019567905731,402.9971819212767,406.9927638492578,410.98803045850053,414.9833749436052,418.97846660082183,422.9736102622969,426.9683616190146
1.786164e-03 2.036416e-05 1.684343e-03 2780.55 0.4545112808594529 -0.03986262619723512 0.15145562076433272 0.5607976495669068 335.0803080562878,339.07504390820986,343.07029202200783,347.06517617124047,351.0608290847069,355.0559690667505,359.0516559362757,363.0470092008133,367.04275598817446,371.0381947452229,375.03401057304114,379.0294980784736,383.02538776556963,387.02086930431824,391.0166549104159,395.01217483413564,399.0078878271914,403.0033407912971,406.9989428951626,410.9941804699301,414.98974831554455,418.984918300691,422.98020547343754,426.97518838095755,430.9706743603077
1.326470e-03 2.354954e-05 1.208722e-03 2780.24 0.454432298767346 -0.03986244896387533 0.15111727269470865 0.5635575482990605 335.0568046438857,339.05121546525487,343.0461908624684,347.04081921677454,351.0360706512494,355.03090312757723,359.02626500483785,363.0212862046684,367.01676727343744,371.01192130123314,375.0073814629935,379.0026086814449,382.9981395208826,386.99329730129716,390.9887915015737,394.9839959496466,398.97936627603536,402.97451952868977,406.9697456112798,410.96471162026774,414.9599199104019,418.95472152658897,422.94956773654746,426.9441761549504,430.9391490709562
1.944537e-03 2.038386e-05 1.842618e-03 2780.24 0.45404677371250596 -0.039844155362054656 0.15245159877675848 0.5620093917937488 335.0830705191528,339.0777803211887,343.07316956386427,347.06821553056005,351.063730702167,355.058976788524,359.05460354406296,363.0499594267842,367.0457806878849,371.04128347051136,375.03720439726015,379.0326374945895,383.02853513637734,387.02405238398967,391.0199326185415,395.015472462578,399.01119171193614,403.006609959918,407.00217998978985,410.9975681009563,414.9930212738471,418.9881615416914,422.98346849451036,426.9784025763419,430.97348183647887
1.404696e-03 2.386520e-05 1.285370e-03 2780.24 0.4546820743003195 -0.03987356492435419 0.1510482045418903 0.5624017464337495 335.051807730472,339.04617973290084,343.04108694669867,347.0356218938251,351.03083572044955,355.02565773589123,359.02098349016865,363.01590483788976,367.0113015405367,371.00644920561325,375.00192001828316,378.99703013178726,382.9925325619081,386.9876602708659,390.98307169767037,394.9782112611513,398.973546084043,402.96857806620153,406.96384506705994,410.9588104414344,414.9538487543817,418.9486012306811,422.94354734088967,426.93806720947583,430.9335038807861
2.729184e-03 2.670336e-05 2.595667e-03 2780.55 0.4536277963407732 -0.03984356847128741 0.15156331050959282 0.5614845337883034 335.0277418981078,339.02174738306286,343.0164475530018,347.01080599657587,351.0057078668539,355.00025115861104,358.99526121384616,362.9899430537786,366.98514007906044,370.97989918127104,374.9750863842566,378.96995857010387,382.9651420465374,386.9599702853788,390.95516635467976,394.94999271899087,398.9451810480141,402.93989273238105,406.9348498066226,410.9294806024508,414.924402772121,418.9189076874074,422.9135931682117,426.90783698490867,430.9023132331239
7.116385e-03 1.595234e-05 7.036623e-03 2781.62 0.45412164143561073 -0.03983574246167772 0.15352104302873115 0.5623711923487142 335.12747389123007,339.1226188157481,343.1185604477479,347.1140844803245,351.11012508370493,355.1058742446813,359.1021166067314,363.09791566327283,367.0942364129546,371.09028739677296,375.08653917243856,379.0827053616477,383.0790991742196,387.0751191219607,391.0714545643321,395.0675674352063,399.06381142803775,403.0597916057689,407.0559558025356,411.05173361942235,415.0478354531322,419.0433193499355,423.03917621060094,427.0346913312765,431.0302818555496
1.775146e-03 2.050444e-05 1.672623e-03 2781.32 0.4548757615296076 -0.03987395876251454 0.15302847330534158 0.5616473698698258 335.08017274219503,339.07478180665686,343.07013834423554,347.0650458492875,351.06048522779,355.05563285998676,359.0513749491547,363.0466879011636,367.04237827255406,371.03780838880783,375.0336479166428,379.02911697167474,383.0249913647463,387.02038592301375,391.01628075479067,395.0116969704868,399.00734812554975,403.00275497885013,406.99835831648033,410.99359106766127,414.98918214690764,418.9842109885675,422.9795297489543,426.9743160161891,430.9704222122473
1.666553e-03 2.491754e-05 1.541965e-03 2779.36 0.45460640305280114 -0.03987122170180207 0.1515755244986691 0.563698679041979 335.04439992236945,339.03867177994306,343.03353711057775,347.0279989041818,351.0231098021431,355.0177873741795,359.01300136651776,363.0078884215871,367.0031235169805,370.9982109968471,374.9934950684323,378.9885058119057,382.983948524148,386.9789345117567,390.9743391780171,394.9693785015229,398.9646587073728,402.9595900810973,406.95466751799916,410.94951184813203,414.94456068712753,418.9391754064119,422.93389663479473,426.928328089128,430.9235721506282
3.026024e-03 2.719157e-05 2.890066e-03 2781.32 0.4523818565528925 -0.039800391149974315 0.1539268015268673 0.5614710173141106 335.02425500830714,339.0183107533682,343.0129439829989,347.00724987318375,351.00215460985555,354.9966941520327,358.99171344414907,362.9864121125926,366.98146452117527,370.9762470186385,374.97145491213365,378.96630883243193,382.9614833818208,386.9563131250371,390.95144980267963,394.9462568636285,398.9413572148373,402.93607169962775,406.93085434613243,410.9256337692255,414.9203741527561,418.914814359662,422.9094308355367,426.90366422882187,430.8978903006072
2.342631e-03 2.602640e-05 2.212499e-03 2773.33 0.4528184738584401 -0.03981353634517014 0.15578324202648405 0.5613572285871345 335.0321529340705,339.0262112490903,343.02100321302134,347.0154884626558,351.0104006960328,355.0049912932978,359.0001452403984,362.99490139937166,366.9900767677718,370.9850413741186,374.98028367734133,378.9751444970475,382.9704519863849,386.965386023132,390.9606876636867,394.95567075391267,398.95088538284705,402.9456082663504,406.9406226778055,410.9354592571821,414.93033119583185,418.92488537883656,422.919577978481,426.91385101104015,430.9083822494777
1.402110e-03 2.374919e-05 1.283364e-03 2781.32 0.45201197816529265 -0.039781495713552176 0.1540265479035573 0.5610246625375274 335.05088325591055,339.0452569779249,343.0402088896166,347.03493815113364,351.0301102274102,355.0249890991815,359.02030883210307,363.01525985834115,367.0106556335361,371.00585357718,375.0013039233809,378.99633558750315,382.99187063744404,386.9871284901,390.9825779962559,394.97769924208177,398.9731159379425,402.96821324552434,406.9634964565496,410.9583579255297,414.9534993792668,418.94839746652315,422.9434011610507,426.9378834154048,430.9325412128292
1.368992e-03 2.422873e-05 1.247849e-03 2780.24 0.45558548859841785 -0.03990603981938728 0.1514893222853361 0.5622514520575455 335.04781887722055,339.0420886684227,343.036927788024,347.0315492314739,351.0265709973218,355.0214069972082,359.0166368252973,363.0115042937678,367.0069291810817,371.00194592285794,374.9973424144251,378.9924086741653,382.9878388260199,386.98299437900613,390.97841908608785,394.97345246856133,398.9687141144071,402.963739691702,406.95885306805184,410.9537878773527,414.9488737315781,418.94349715262996,422.93841221996985,426.93282868099436
2.071807e-03 2.555161e-05 1.944049e-03 2773.93 0.4530966231604883 -0.03982193511713641 0.15501660617881968 0.5619084895960517 335.0361855258397,339.0303591748259,343.02533852342225,347.0195981819881,351.0144683602871,355.0092693778405,359.004344781358,362.9991599259653,366.9944212991055,370.98940257879116,374.98470889415864,378.97964622096237,382.97499267371757,386.969909786187,390.9652534931187,394.96022270324966,398.9553985920926,402.95039809492914,406.9454913918639,410.9400749659572,414.9351544127073,418.9297038598149,422.9245015157185,426.9188303391013,430.91356820607723
1.336125e-03 2.234901e-05 1.224380e-03 2781.32 0.4542746537053639 -0.03985513087742974 0.15257553635777238 0.562900597076006 335.06644799642874,339.0609059942717,343.0561222763648,347.0508825553615,351.04621354019514,355.0412530472111,359.0367557053646,363.03189900148277,367.0274207286795,371.02275194818526,375.0183408727435,379.01361451264665,383.00933119828835,387.0047003514366,391.00031499303986,394.99557437482355,398.9911631356914,402.9863746026971,406.98167903815875,410.97686090918285,414.972208015436,418.9670406260121,422.96209589997653,426.9568533307057,430.951752577536
4.332549e-03 1.770754e-05 4.244012e-03 2779.36 0.4552423047751369 -0.03988005140679709 0.1525139892387625 0.5614068604130126 335.1089804757484,339.10400808324255,343.09963023039177,347.09491726760916,351.0907856287287,355.08627926661944,359.08227320535883,363.0779676225693,367.0739593150963,371.069840860006,375.0660445699825,379.0618278703722,383.0579537390812,387.05375947671916,391.04988624187285,395.0457058152079,399.0418394913728,403.0375267614113,407.03345394743104,411.02909695925695,415.024845388639,419.0202627368879,423.015947236864,427.0112690186989,431.00663102448704
1.796235e-03 2.503971e-05 1.671037e-03 2778.04 0.45245307736777535 -0.03979844315056727 0.15648436998149548 0.5613890889733121 335.0407491185122,339.03501959953917,343.0298859205261,347.02436633252665,351.0194307540726,355.0142040828294,359.00942020064656,363.00434322975536,366.9996827554367,370.9946667311218,374.9900177681409,378.98498117133425,382.98035902369526,386.9754674521007,390.9707758328042,394.96578729902467,398.961044876554,402.95597211634635,406.9511279225798,410.9459842826413,414.94105736141125,418.9356504011222,422.93046948460733,426.92489542121444,430.9193966585818
1.417843e-03 2.116409e-05 1.312022e-03 2780.24 0.45194773450249737 -0.03977633483021337 0.1545549204866668 0.5594181366253946 335.0709073200223,339.065723775472,343.06097494093433,347.0558261167948,351.0512904957504,355.0464786858515,359.0419885076218,363.0372575117024,367.0328989665177,371.0282301566884,375.02404228827663,379.0194121723615,383.0151810275759,387.01065135125634,391.00643880446427,395.0018037480555,398.9974858121058,402.992799868918,406.9884736760925,410.9836953116062,414.97911966510827,418.9741096007859,422.96931844464666,426.9642650593836,430.9591077857738
1.713212e-03 2.086054e-05 1.608910e-03 2773.87 0.4542923775761476 -0.03985300918366271 0.15469146243836987 0.562253090049781 335.0788066647995,339.07343521995347,343.06868104690955,347.063657067389,351.0591512293297,355.0542998751509,359.04997989196283,363.04523341075094,367.04094115891405,371.03638949400386,375.0321381465349,379.0276222648151,383.02342381267,387.01890269712914,391.01477079220524,395.0101852987085,399.0059060690485,403.00120243329457,406.9968886754029,410.99214392272705,414.9876248261867,418.98263997728196,422.9777835691555,426.9727468095371,430.96781085328746
1.320366e-03 2.166702e-05 1.212031e-03 2780.24 0.4527366302217628 -0.039805489173324736 0.15407776942508883 0.5589062526563016 335.06674156203314,339.06133324909564,343.05651442347687,347.05140113030546,351.0467492281406,355.04175014643357,359.03733850464494,363.03259382052585,367.028229941377,371.0235586880641,375.019225024581,379.01461965493615,383.0103367009875,387.00576762264717,391.0014229794882,394.9968305758649,398.9925014379224,402.9877068506616,406.98324706260547,410.9783499531172,414.97377809592496,418.9688573828167,422.96393496377146,426.95864295454044,430.95362339479846
1.338445e-03 2.168728e-05 1.230009e-03 2781.32 0.4531649426457141 -0.039818615841507726 0.15380219600819076 0.5605651711065878 335.0675395827215,339.06209369582547,343.0572553694206,347.0521501614392,351.047487534134,355.04250505115334,359.0380610258241,363.03326708091106,367.0289205933675,371.02415362898614,375.0198902182286,379.01523501715207,383.01093581580443,387.00636261501575,391.0020747690693,394.99742612281125,398.99299735758166,402.988335601503,406.98383531725966,410.978953942345,414.97427380287326,418.9692784675389,422.96438514333727,426.95928841073174,430.9544068060772
3.142747e-03 1.847941e-05 3.050350e-03 2779.63 0.45337869321426644 -0.03981868963992709 0.15419416451598322 0.5606018234874413 335.09824150773454,339.09318537679115,343.08862898285133,347.0838646897178,351.07968770836965,355.0750992588456,359.0709771760355,363.06647824740173,367.06245710176285,371.05815039321675,375.0542243902256,379.04995304835876,383.04602507967303,387.0417196313166,391.037755475028,395.0334824811368,399.0294647730839,403.0250623463712,407.0209647298204,411.0164911363055,415.0121805314335,419.00755971794035,423.0030060105966,426.9982634342795,430.9937044175245
2.204285e-03 2.571535e-05 2.075709e-03 2780.24 0.45310365322873275 -0.039823610103669596 0.15292351947346805 0.5612008310594336 335.0341949504926,339.0283528019602,343.0230677346078,347.01748203127255,351.01246383441696,355.0071370050263,359.00212378608103,362.99696176026384,366.9921501370809,370.9870564710576,374.98237713478744,378.97726778835835,382.97262148902786,386.9676239598334,390.9629286489129,394.95785761473076,398.9530534695987,402.9479404216941,406.94303317140293,410.9377445490888,414.93269594721863,418.9272126454126,422.9220150789131,426.9163245587821,430.9110559532328
1.647498e-03 2.460879e-05 1.524454e-03 2780.40 0.45334678990239285 -0.03982850412351006 0.15423748120266434 0.5621961097149871 335.04419239759,339.03845697993097,343.0332695643435,347.02779455531504,351.0230011779751,355.0176624911893,359.01285951464473,363.00774889961826,367.0031408544496,370.998111482851,374.99350804862183,378.98854947355625,382.98396860141116,386.97909311944517,390.9743950147896,394.9694341358997,398.9647485879737,402.95977324063824,406.95499333850927,410.94985010829026,414.94486769584927,418.9396254947704,422.9344517430962,426.928847558175,430.92372696246576
2.338979e-03 2.607627e-05 2.208598e-03 2779.96 0.4523101012044659 -0.03979586468167287 0.15506522907600478 0.5612399702277475 335.03215493371346,339.02644570246537,343.0212231890476,347.015512366125,351.0104716679087,355.0051155570407,359.00020777751325,362.99505146398144,366.9903152729093,370.98507506224,374.98040513232485,378.97540444284544,382.97051010804347,386.9655086958376,390.96083248748823,394.9556723797902,398.9508099764389,402.9457340719187,406.9408138383902,410.9354821452297,414.9303591670404,418.9249205194678,422.9196456268828,426.91402266500046,430.90834448031404
2.840595e-03 2.686118e-05 2.706289e-03 2779.63 0.45334476324443235 -0.03983298499313507 0.1533501968355717 0.5621933118850733 335.0265401952799,339.0204897079229,343.0152117960517,347.00951435711846,351.0043718283176,354.99893288618335,358.9938919405483,362.9886098717795,366.9837416138992,370.9784854729328,374.9736015242452,378.9684660118583,382.96374031731006,386.958591105629,390.9537886491333,394.9485592615009,398.94358570530704,402.9383835261401,406.93342634763667,410.9280004124525,414.9228451958632,418.9172597962882,422.91193541789806,426.9061549445375,430.90081334284554
7.033084e+00 1.443162e-01 6.311503e+00 2780.24 0.4566636602050077 -0.03993757613548508 0.15037310762824624 0.5622526024116761 334.7352940739211,339.01678929578395,343.5905927541926,348.26892155378397,352.8957934070216,357.2907947471717,361.34500279260783,365.39472700128084,369.78600214696735,374.4102626763834,379.0895495055798,383.6652223791172,387.95273816041663,391.94758815098356,396.09283956387776,400.577308080422,405.236204153674,409.90117871642957,414.40899435719194,418.58388126005696,422.5720327870904,426.8274388607911
7.016160e+00 1.430777e-01 6.300771e+00 2778.20 0.45673906484915666 -0.03994732414454075 0.15083479982039036 0.5638054386032316 334.7216822240576,339.06373374180595,343.6688123325428,348.3501694428212,352.9517336220056,357.2864579632635,361.3007550386341,365.4021896346737,369.8515536575609,374.49905108146686,379.1725645447744,383.7086994890169,387.9255500178041,391.90900509655916,396.12451624949205,400.6597917282791,405.3332454336293,409.9817134370598,414.43333269620996,418.5375287291146,422.55074332902853,426.88325964277544
1.288874e-03 2.260587e-05 1.175844e-03 2779.96 0.4533141047386594 -0.03982350352782133 0.15394545851115785 0.5619819994670096 335.06194037948785,339.0564086959732,343.05153925085693,347.0461981807818,351.041483594656,355.03649675398196,359.0319001860753,363.02696935408085,367.0226263798694,371.0178028039186,375.0133988909265,379.00865753079495,383.00420587839676,386.9995467951118,390.9951320622726,394.99040257699704,398.98588434357544,402.98109714550554,406.9765088533756,410.9715256179025,414.96682961331794,418.96175978075166,422.9567779316136,426.9515086563221,430.94642109496465
3.442505e-03 2.750130e-05 3.304998e-03 2780.24 0.4530914739818845 -0.039826022937292 0.1528030977159735 0.561629825332551 335.02014862441933,339.01417838637275,343.00872876221933,347.0030069251703,350.99783572647965,354.99223326146034,358.9871083086534,362.9817887577599,366.97687614473233,370.97161183771266,374.96668646602427,378.9615322584027,382.956625733614,386.95143408904556,390.94652626234733,394.94131502491325,398.93631868454736,402.9309970361183,406.92595945377076,410.9205757998096,414.9152449066281,418.9096530485459,422.9042282287092,426.8984585381063,430.8929459950854
2.093955e-03 1.961481e-05 1.995881e-03 2781.62 0.451390903295302 -0.0397525418547414 0.15587179605525914 0.559725035564344 335.08529469876424,339.0801383049546,343.075530471374,347.0706348899364,351.0662831915844,355.06154641950457,359.057337550399,363.05273270069654,367.0487279815509,371.0441823895842,375.04019652512756,379.03573964392297,383.0317422715277,387.0273438056886,391.02325132336375,395.0188138815484,399.01470354682124,403.0101562043877,407.0059396729832,411.0013349932876,414.9969344970406,418.9921188186095,422.98750842489693,426.9824749829165,430.97774489400666
1.349061e-03 2.343273e-05 1.231897e-03 2778.20 0.45479404520824374 -0.039876786814685816 0.15224910398031855 0.5623556923107985 335.0541982609309,339.0485583637641,343.0435793641271,347.03819980729594,351.03344690819506,355.0282612924398,359.02355745198355,363.0185047391506,367.01397281484157,371.00907242221814,375.00456132685355,378.99974220517197,382.99532379726577,386.99043723447033,390.9859088271485,394.981115610709,398.9764945560814,402.971609217062,406.96686694488415,410.96175944719937,414.9569706343901,418.95171884734384,422.9466576532958,426.9412978826428,430.9369970978842
1.404476e-03 2.394835e-05 1.284734e-03 2780.55 0.45494241954223724 -0.03988172069702155 0.15021895787768735 0.5635102522481156 335.05215214040123,339.046483880397,343.04151927331003,347.0360358633773,351.0312198440146,355.0260423921786,359.02138428161544,363.0163150078412,367.0117709287703,371.00684594353794,375.00220667725824,378.99735759202576,382.99281554319293,386.9880360713104,390.98334897689574,394.97854474861447,398.9739166787433,402.96883139357266,406.96400587418157,410.95903870268216,414.95409482617106,418.94879256144884,422.9437029260947,426.93822021666875,430.93390497567566
2.081010e-03 2.584951e-05 1.951762e-03 2780.24 0.45414586798150725 -0.039858376155183825 0.15206372720448388 0.5624344221480977 335.03654039871884,339.03057966374394,343.0253153373266,347.01985049329204,351.01482293399687,355.0094297953726,359.0046698068815,362.99937194418834,366.99454521718354,370.9894908853132,374.984861976158,378.97981948827,382.9750127497002,386.97006047706566,390.96532338903694,394.9602477948858,398.95546467025184,402.95028507835144,406.9454955293292,410.94010799582077,414.93501314471655,418.9295659514513,422.92435550487494,426.9185784133397,430.91322806092893
1.359635e-03 2.193725e-05 1.249949e-03 2780.24 0.45447443226298617 -0.039863219515574866 0.1515891410780181 0.5616565676446966 335.0681906515176,339.0627374712872,343.0578823392043,347.05268880127454,351.048079213957,355.043025867718,359.0385545515076,363.03373573445595,367.02937956257153,371.02467919984554,375.0203920378685,379.01573145935737,383.0113374571479,387.0067569874155,391.002411905887,394.9977468786082,398.99336326912385,402.9885730073313,406.9840245660801,410.97925309935397,414.9744160170876,418.9694016227742,422.96461803068905,426.95927615911626,430.95453685842523
3.321418e-03 2.731183e-05 3.184858e-03 2781.32 0.4529885293991972 -0.03982276084135967 0.15385782586141303 0.561089578266018 335.02119645287695,339.0152121273988,343.00977806332145,347.00408312820383,350.99884135571716,354.9932628526476,358.9883739010164,362.98294236867616,366.9780533354144,370.9728214275766,374.9679596371735,378.9627436396144,382.9579390060652,386.95271867229144,390.94783672468407,394.9426512575289,398.93772169756573,402.9324001252603,406.92733876939934,410.92192944135064,414.916791433683,418.91106255076494,422.90579490093495,426.89993421476765,430.8943504167576
1.566232e-03 2.441527e-05 1.444156e-03 2778.04 0.45265412525811183 -0.03980470191619335 0.1553000253024277 0.5612936214653932 335.0457967537613,339.04016357532674,343.03503175424146,347.0295984773939,351.0247635590135,355.0195952464591,359.0148172332259,363.0097032473306,367.00511576128775,371.0001723858564,374.9955984793977,378.9906946448622,382.9861385776042,386.9812577506196,390.97665267973224,394.9717452815585,398.9671457239603,402.9620549625445,406.9573448888094,410.9522667489008,414.9472424766197,418.9419411864088,422.9368723061705,426.93135658269654,430.92589285051895
1.941510e-03 2.526924e-05 1.815163e-03 2775.39 0.4532414001427412 -0.039826329017458174 0.1547871132379868 0.5619260383212229 335.0383736801517,339.0326441627579,343.02737921105825,347.0218421019222,351.0168597494034,355.0115276980806,359.00668377288775,363.00146865360966,366.996780393338,370.99172239943744,374.9870530057961,378.9820396723971,382.97732070854465,386.97240982690505,390.9677632897952,394.962705480298,398.95794862554555,402.9528208509439,406.94804619845195,410.9427599402514,414.9376924425788,418.93228886265877,422.9272288650993,426.9215774408768,430.9163763173628
1.277328e-03 2.222362e-05 1.166210e-03 2779.96 0.4517401095262454 -0.039769316294878516 0.15507291988721142 0.560618870448313 335.0626275442199,339.0572321778341,343.0523175784875,347.04708450853565,351.0424291205555,355.03735431031294,359.0328594837034,363.0280261244684,367.023599420498,371.01889378401313,375.0145770471027,379.0098171115013,383.0055149887339,387.0008884940005,390.9965040601355,394.99178905546484,398.9873070863717,402.98259903254234,406.97807351212936,410.9731961775096,414.9684077139218,418.96336109671444,422.958538367739,426.95322682932954,430.94805162581935
7.181998e+00 1.434816e-01 6.464590e+00 2781.62 0.4535520954852373 -0.0398321258311909 0.1538599296465856 0.5622440678325716 334.9081794455316,339.41628364101064,344.0879945526812,348.75183573672007,353.23661957132447,357.3731554902962,361.37344321767085,365.67885770961203,370.2706920291301,374.9571199830957,379.5776640888595,383.9443065272961,387.97479934695457,392.0567321223275,396.4906962432507,401.1375932902749,405.81922765778535,410.37001705157087,414.6030440777547,418.58792350014215,422.79628863614784,427.33176424163304
7.096855e+00 1.429420e-01 6.382145e+00 2781.32 0.4546749234749131 -0.03987002108045735 0.15251947581478745 0.5626729323899606 334.82443016328057,339.2614773272942,343.9083838245394,348.58625009276625,353.13336364167816,357.3617510099932,361.3466835805682,365.5539417186859,370.08782426619223,374.76287453994934,379.4157040260313,383.87010850916926,387.9762865165675,391.9898310399317,396.32658016397,400.9307656384493,405.6162213324199,410.2224902896177,414.56365612636756,418.57967411768544,422.6819527876094,427.1327890996735
1.496153e-03 2.079807e-05 1.392162e-03 2781.32 0.45082741342091365 -0.03973633511627881 0.1557818427447086 0.5590609181042884 335.0735856131493,339.06814849425126,343.0634912765827,347.0584174615712,351.05396012233354,355.04906175243025,359.0447268687147,363.04004675353974,367.03577315664455,371.03111915068763,375.0270666854266,379.0224443570664,383.0182404562969,387.0136507699291,391.0095207130025,395.00495976122176,399.00064986888333,402.99599054604437,406.99158808694233,410.9868787762011,414.98238449032675,418.9774895254622,422.97279549091746,426.96759080881304,430.9626823711912
1.808615e-03 2.063967e-05 1.705417e-03 2781.32 0.4536888350449935 -0.03983274182743782 0.15330298324358038 0.5615510076383646 335.080614060115,339.07532237789843,343.0706774749044,347.06567737242904,351.06117648494114,355.05637380947,359.0520207731179,363.0473684870467,367.04306760691605,371.0385136617224,375.034343104221,379.0298944991791,383.02578185002693,387.02120984033604,391.0170550776478,395.0124887224761,399.0081575548257,403.00352676907914,406.9992175935035,410.99450126428707,414.9899545502397,418.9850797999566,422.9803416883222,426.9751929155596,430.9704001254502
4.054725e-03 2.851385e-05 3.912156e-03 2780.24 0.45426767137311574 -0.03986759725836102 0.1510843441019145 0.5625697043120365 335.0151349205509,339.0090123947183,343.003567096003,346.99765026270325,350.9923717102044,354.9868028385178,358.98175419186987,362.9762596328442,366.9712422487404,370.96582739910133,374.96086387323146,378.95558798265205,382.9507381530846,386.9453582248334,390.94040325761694,394.93509247886556,398.929996147304,402.92463530952966,406.9194396233514,410.91385232898216,414.9086149236415,418.9029200233074,422.8972839853993,426.89139696353425,430.8857296635464
1.507441e-03 2.397445e-05 1.387568e-03 2779.13 0.4516285983196367 -0.03976954522739443 0.155886721705984 0.5601758164356438 335.04680728805147,339.04120931323996,343.0360416558172,347.03062378498515,351.0258779604515,355.0205852013895,359.01594533111876,363.0109172838819,367.0062974209141,371.00135517146055,374.99684835980867,378.99196125812574,382.98743558394693,386.9826298665346,390.9781296046285,394.97324506298514,398.9686568404104,402.9636935097338,406.9589785186239,410.9538492880563,414.9489244071307,418.94367137360854,422.93869495593685,426.9332108882552,430.9278009659965
3.894860e-03 2.789760e-05 3.755372e-03 2778.04 0.45172236243918334 -0.03977963991013725 0.15585466873970108 0.5608127593627185 335.01587777373607,339.0098538716662,343.00436427768653,346.9985648490546,350.99337547239685,354.9878042549882,358.982655060046,362.97722819983755,366.9722327309982,370.96693392755975,374.96203479865267,378.9568393383808,382.9519221375053,386.9467052291196,390.9417877589335,394.93649859976483,398.93152049582704,402.92620538892703,406.9210899724,410.9155960750091,414.91031100069074,418.9047166304164,422.8992592757382,426.893321425637,430.8876499824352
1.292743e-03 2.188057e-05 1.183340e-03 2779.96 0.4514320049626638 -0.03975884570362808 0.15574289906928568 0.5597673321393684 335.0648602154013,339.05943977032643,343.0546431582624,347.0494680375662,351.044844599329,355.0398557287173,359.03534499293124,363.0305163160935,367.02619237441075,371.0216043203248,375.01716047256184,379.0125429739757,383.0083018189646,387.0037425479326,390.99931038644473,394.9947871178319,398.99024599009414,402.98550357702976,406.9810599993094,410.9762576760906,414.9715369418357,418.96646592880046,422.9616191886565,426.95638412347535,430.9512394361818
7.797735e+00 1.506559e-01 7.044455e+00 2781.32 0.4514238152882176 -0.039756296088863136 0.1553723369356255 0.5594031242907909 334.99925344989407,339.5454654602433,344.22792749003315,348.878476100404,353.31876760494873,357.4053346200895,361.4335479314743,365.7973708634319,370.4183551308367,375.10678795138034,379.70120700091456,384.0087462116121,388.00991075404426,392.14782590887324,396.63454231352745,401.30084000912024,405.9740946771067,410.4826020504659,414.64988976917294,418.6414800457674,422.91957961085177,427.4976691582026,432.1853612012197
2.110330e-03 2.564020e-05 1.982129e-03 2779.63 0.4521185547954664 -0.03978882642270573 0.15439139253228448 0.5611948847472796 335.0354702196912,339.0296165115519,343.02446721398326,347.01895247807175,351.01398806111746,355.0086297880259,359.00380032642306,362.9984630242176,366.9937402669779,370.9887279551675,374.98402799742644,378.9789795261398,382.97425017569446,386.9693094940845,390.9644981004498,394.95954303544744,398.9546558942029,402.9495573218748,406.944678143956,410.93941536025636,414.9345376628522,418.92895325666984,422.9238699378095,426.918126710176,430.9125682134145
7.805233e+00 1.493693e-01 7.058387e+00 2781.32 0.4523155304600758 -0.03978907773522219 0.1547992440943346 0.5600914779904003 334.9537532037623,339.4805578707869,344.15781317627074,348.81589431351966,353.28029427833235,357.3924965788666,361.404444168293,365.73787206097757,370.34416567994276,375.03210441449187,379.6410219556061,383.980292055575,387.9951851989702,392.102535677192,396.562200484086,401.2189508428551,405.89730870276185,410.4290027146788,414.6307954183436,418.61646060059064,422.8576511161434,427.4142018123806,432.0977986389312
2.177031e-03 2.005965e-05 2.076732e-03 2780.24 0.4554378471006842 -0.03989056898004742 0.15083811887860932 0.5633613279604572 335.08593865325673,339.0808041678029,343.0760649586824,347.071055099446,351.0667251428271,355.06183520451765,359.0575479164298,363.0529327923255,367.04870476603674,371.0442037810707,375.0400247358493,379.0355148788872,383.0314283504761,387.0269736922884,391.0228425139522,395.0182490566109,399.01401664052884,403.00940492037927,407.0051228855491,411.00041013487765,414.99597962783866,418.99108328297007,422.9863620498459,426.981289388597
1.500136e-03 2.127537e-05 1.393759e-03 2779.96 0.45277742217839045 -0.03980245381627898 0.1541627018402031 0.5614768471472581 335.07347128353,339.06810930782706,343.06342131495654,347.0583019989148,351.05371212267505,355.048837964621,359.0444124203342,363.0396600639579,367.03534313912235,371.0307773214877,375.02655171256174,379.0219092892832,383.0177609992507,387.01318652024196,391.0088964604686,395.0042990715794,398.9999547005663,402.995216227111,406.9908790921445,410.98611964161205,414.9814720097033,418.97651983393666,422.9717585358867,426.96645569377614,430.9614557773912
1.930015e-03 2.013055e-05 1.829362e-03 2781.32 0.4532208185501635 -0.03981642138621456 0.1539339220371546 0.5609215105159311 335.08294693137907,339.077549056419,343.0729504405081,347.0679494903881,351.0634974717447,355.0587831353384,359.05443480671545,363.0498008564721,367.04563188586167,371.04110807677324,375.03689987661426,379.0324938935773,383.0283253317021,387.02391290657897,391.0197807518201,395.0153618253,399.01103979880304,403.00653526549917,407.0021888905569,410.99761348104335,414.993114263657,418.98822200401656,422.9835488878424,426.97859580567615,430.973742886606
4.410506e-03 1.749096e-05 4.323051e-03 2780.24 0.45396161230849497 -0.039836867119190586 0.1527535485941046 0.5602346184542502 335.10942402882085,339.10441124764935,343.10013444002175,347.0954505827889,351.09132974315645,355.08691977182525,359.082920338199,363.07859288203014,367.0746973523221,371.0704722342297,375.06667962115466,379.0625049761128,383.0587339614786,387.0545719291421,391.05080860909794,395.0466351904784,399.0427658184819,403.0384827401044,407.03437700564325,411.0301287220589,415.0259797928924,419.0214015971908,423.01702341980985,427.0122614777659,431.00766512202824
1.394978e-03 2.133275e-05 1.288314e-03 2781.32 0.45092691311633787 -0.03974003573203314 0.15500256432609327 0.5599607491811229 335.0701670737536,339.0647095236102,343.0599658922164,347.05487946828134,351.0503108429685,355.04545163019185,359.04103809417506,363.0362537625091,367.03191837450737,371.02725093182573,375.02300858753114,379.0184394415146,383.0141630082188,387.0096526683386,391.0053891003224,395.0007171292468,398.99637720559423,402.99170514662507,406.9872026043669,410.9824228049441,414.9778567645756,418.9729290514366,422.9681376279296,426.9628913908729,430.9579315833676
2.356221e-03 1.947158e-05 2.258863e-03 2781.32 0.45275365319664795 -0.03979912428152069 0.1541173840974512 0.5604705934402031 335.0890953556337,339.08397878556246,343.07939988333425,347.07443715328316,351.07019662989234,355.06546701185806,359.0613008193172,363.0566875897518,367.05263885055155,371.0482040783099,375.04417874493197,379.0397584004028,383.0357980678712,387.03138329137363,391.0274149822828,395.022987310196,399.01878389725795,403.0144096419314,407.0100570100766,411.00556837334415,415.00112062423926,418.9963386664741,422.99172772369013,426.98678483656323,430.98190524073624
1.730964e-03 2.475638e-05 1.607182e-03 2778.06 0.45232226223443034 -0.03979502599917823 0.15547610597280168 0.560496098935531 335.0417086831774,339.0360830236406,343.0310288385333,347.0254418915054,351.0206684637869,355.01531281267324,359.01056123726937,363.00549190671836,367.00081482346724,370.9958374798585,374.9911876273785,378.9862710309497,382.98166896453654,386.97672524231285,390.97213940381295,394.9671001274257,398.9626464223779,402.9574988955566,406.9526056696506,410.9474796789441,414.94254496504146,418.9371673285803,422.93207357771695,426.92650584651597,430.9210483685696
5.546621e-03 1.668451e-05 5.463199e-03 2780.55 0.4534752817798033 -0.03981711354731303 0.15180756238220697 0.5610641639829687 335.11761163837815,339.11282000171013,343.1085508492236,347.10403833688906,351.0999556683406,355.0956081052856,359.09161521095274,363.0874409594423,367.0836466386018,371.0795809858752,375.0757944450876,379.0717404059229,383.0680821235566,387.06391321391646,391.0603025627079,395.0561673718847,399.05234787988707,403.0482626887459,407.0442787659167,411.03999011717644,415.03597015926886,419.031536593802,423.02730277230404,427.02262364487297,431.01824353298554
7.804620e+00 1.493292e-01 7.057974e+00 2779.96 0.4524539807262423 -0.03979142622749301 0.15451582922866663 0.5609292491139022 334.95518929184357,339.48068967102046,344.15762283019745,348.8162507311113,353.2822880055502,357.39639442150593,361.40741076065086,365.73873608109693,370.3440444231913,375.0319712003367,379.64189102880886,383.98329277123935,387.9993198697349,392.10474602289173,396.56255318174465,401.218675572494,405.8974014589069,410.4306846174447,414.63488081512855,418.6203787397911,422.85912058804684,427.4141835122531,432.09761951150455
1.312643e-03 2.314204e-05 1.196933e-03 2780.13 0.4516515719841175 -0.03976733553855971 0.15714427259848573 0.5609759587178781 335.0549724247793,339.04942086053774,343.0444662258322,347.0390993555501,351.03442993160894,355.02926591217846,359.0246154458444,363.01960275918844,367.01520937693283,371.0102631943003,375.0058590274944,379.0011242796615,382.9966440151472,386.9919608302838,390.98743337369984,394.9826993370388,398.9781992406174,402.9732949402897,406.9686143581759,410.96362483327295,414.958804889292,418.9537275859383,422.94867427461105,426.9433572266849,430.9380491640261
2.853900e-03 1.850803e-05 2.761360e-03 2779.96 0.4506251500441961 -0.03972359747810161 0.1561979966226305 0.5593795806296368 335.09509905990245,339.0899368002679,343.0854191768316,347.0806185549003,351.0763371007991,355.0718250993003,359.0677205712741,363.0631522734112,367.059258096283,371.0547877498463,375.05087225284416,379.04663343808295,383.04268911022507,387.03846463057914,391.03449171893277,395.03018311031997,399.0262530542403,403.02177231825044,407.0177175600639,411.01315682405834,415.0088776157025,419.00423715745086,422.9997709553912,426.9949505863071,430.9902934629313
1.396744e-03 2.094442e-05 1.292021e-03 2779.96 0.44779389660793045 -0.03963107562013289 0.15833137201867864 0.5572633200566703 335.06915949525325,339.0642141064773,343.05948455437095,347.05444809424614,351.0499777054249,355.04513522821424,359.04081094380115,363.03602584475806,367.03187096619877,371.0272589988538,375.023011336382,379.0184642548686,383.0142632650468,387.0098093416032,391.0055545902337,395.0010318293899,398.9967807239281,402.99214373422654,406.98781558240375,410.98309218648006,414.97858483097195,418.9736452811686,422.9689371716202,426.9637781488485,430.95890226196025,434.95419259696877
7.813672e+00 1.494272e-01 7.066536e+00 2781.32 0.451947385980065 -0.03978480699973298 0.15488501930330092 0.5602033437858959 334.9293106244737,339.463040979522,344.14180740092434,348.7965779238157,353.25147396398705,357.35315027668213,361.3703556707962,365.7149535341928,370.32638737112774,375.0140538019467,379.61705953115154,383.9438763471802,387.9525640165352,392.0707742251283,396.54037452887155,401.2003220991615,405.87630305667994,410.39884471708274,414.58684906083187,418.5736558198383,422.8284393454094,427.39283388365993,432.07743238947626
1.474177e-03 2.106195e-05 1.368868e-03 2779.96 0.45137468671344916 -0.03975489836415544 0.155408841357029 0.5599081712242954 335.07289730082937,339.06745801188094,343.06276049766655,347.05757830773956,351.053141181562,355.0482505019501,359.0438414163658,363.0391952226742,367.0348779745602,371.0302786867299,375.0261455683714,379.0215131477555,383.0172846500932,387.01282890429394,391.00859665914294,395.0039939350134,398.9996803668165,402.99505389969994,406.99067798829844,410.9857998383959,414.9812399969677,418.97631882624523,422.9715297529877,426.96635865571875,430.96138000126246
1.447748e-03 2.055475e-05 1.344974e-03 2773.87 0.4481702961132597 -0.03964315838287939 0.15917582357489635 0.5580912933389501 335.07221053683213,339.06691782673846,343.0622504758291,347.05716146383554,351.05271454958387,355.0479199792214,359.0435655729751,363.03898560843334,367.0347160600065,371.03016627503393,375.02603532400417,379.02142505661294,383.0172566077477,387.01280533922426,391.00855982263494,395.0040380644084,398.99981068925126,402.99521237118194,406.99083919833276,410.9860997079338,414.98153778691994,418.97672769588803,422.97203917970353,426.96694492492276,430.96210498992326
7.811368e+00 1.491558e-01 7.065589e+00 2781.62 0.4528422243891868 -0.03980872903825886 0.15435508301239656 0.5616971238028949 334.93359668961557,339.4597779082466,344.1366930567327,348.7946954729206,353.2592832550408,357.3718618050844,361.38326983736107,365.7156733663452,370.3213970846897,375.0090388247886,379.6179772597363,383.9574317771517,387.97239461919725,392.07906156794763,396.5378688546652,401.1941864610066,405.8723831434007,410.404333007942,414.6064304910855,418.59178157477015,422.8321185807668,427.387893209523,432.0715209908905
1.362232e-03 2.162805e-05 1.254091e-03 2781.62 0.4515172810146703 -0.03975973242742177 0.15515617083852584 0.5609920151055477 335.06871876208294,339.063283274782,343.05847836824137,347.0533366572076,351.0486687767874,355.04371797216766,359.0393473945117,363.03453494316113,367.0301837014073,371.0254891116872,375.0212471179617,379.0167099593781,383.0123938646461,387.0078398620536,391.0035271468005,394.99894738105326,398.9945064885732,402.9898780810219,406.9853253623735,410.980542346585,414.9758193721431,418.97083163621045,422.96597855104227,426.9607266008168,430.95575104414945
1.315845e-03 2.200652e-05 1.205813e-03 2781.32 0.4524317259733245 -0.0397937589857454 0.15443895974435082 0.5600550104706756 335.0659951816373,339.06050502440274,343.0557091400136,347.05054958501665,351.04586015099113,355.04098718875537,359.0365102441838,363.0316951985731,367.0273319168658,371.0226334614698,375.0183071091926,379.01370783041125,383.0093421941348,387.00473966529034,391.0003185444684,394.99571990115686,398.99128575961544,402.98659645167555,406.9820128189111,410.9771621240739,414.97245226013945,418.9674239698843,422.9625329871837,426.9573126338164,430.9521215045237
1.790503e-03 1.970474e-05 1.691979e-03 2779.96 0.44926730816745725 -0.03968128841163184 0.15773103349143974 0.5574181969225285 335.07989292584733,339.07495292782306,343.07046446392127,347.06546649760764,351.0610351855706,355.0563285816416,359.0521138499044,363.04748848515794,367.0433947745021,371.03883645031885,375.0347717264157,379.030272072985,383.02620430970893,387.0218168660064,391.0177467299429,395.0133419628136,399.00923770453306,403.0046644315102,407.0004665213915,410.99583081432075,414.9913787416533,418.986547297622,422.98196039158,426.97707218278197,430.9721650367676
1.327364e-03 2.335037e-05 1.210612e-03 2779.63 0.4527171581178789 -0.039805882555647466 0.15436615277062427 0.5607670049190561 335.0541006209644,339.04852584335794,343.04360478133685,347.0382367209975,351.03353524640534,355.02838952180605,359.0237591227203,363.01881330028124,367.0143016599748,371.00951033050166,375.0050019482261,379.00023891724203,382.9957994845939,386.99104075392523,390.98659219242285,394.9817789705278,398.9772070542484,402.97229791077683,406.9675814508612,410.9626032054109,414.9578215496558,418.95249888451235,422.947575265557,426.942235053847,430.9368766704413
7.804765e+00 1.499570e-01 7.054980e+00 2781.32 0.4513435677828353 -0.03975835470428746 0.15503499211467497 0.5598418303916527 334.9608824626514,339.4997192704199,344.18009249058093,348.83331397749345,353.28244260840194,357.3781146247618,361.39961722951,365.7518781836673,370.36726590669326,375.0553510331423,379.6550578291551,383.97415794474654,387.979682109315,392.1057770663942,396.58233460681816,401.244976350025,405.920025175512,410.43713789990136,414.61689314176357,418.6053872302281,422.86945814926156,427.4394536578962,432.1255065859646
1.311981e-03 2.147940e-05 1.204584e-03 2780.24 0.4500761551974819 -0.039712228538895944 0.1552902475048864 0.5586144047589696 335.06668673356086,339.0612092233779,343.0564745320898,347.05130231044797,351.04671008541436,355.04175461443486,359.0372979885425,363.0325757978547,367.0283186189893,371.02360954720376,375.01936002147283,379.0147485906966,383.0105218669624,387.0059760061553,391.0016732860279,394.9970616265813,398.99273907169766,402.9880275038563,406.9835249302725,410.97874333643887,414.9740721811831,418.9690870289924,422.9642308208543,426.9591010139709,430.95403150431525
1.323180e-03 2.331704e-05 1.206594e-03 2779.96 0.4530977332475617 -0.0398181497459162 0.153944056022375 0.561664939529514 335.0549898678398,339.04935951937847,343.0444075415186,347.0391307910767,351.03425801776024,355.02916520545676,359.0245235076562,363.0194714579011,367.01505269021885,371.01017565775885,375.00574159886145,379.00094982521625,382.9965435333519,386.9917696640611,390.987227035595,394.98234134839373,398.97788090850634,402.9730296529307,406.9683794088207,410.96330791441954,414.9585175401881,418.9533128956032,422.948338307525,426.942844561186,430.9377186766642
2.300431e-03 1.890895e-05 2.205887e-03 2777.72 0.4489427655894857 -0.03966654628577091 0.15938491218132675 0.5581333811946123 335.08800336563337,339.0830479221087,343.0786055409299,347.0736842054122,351.0693744512538,355.06471060223674,359.0605339875958,363.05605425432213,367.05192101920164,371.04759456039625,375.04361774198964,379.03923937420916,383.0352841160289,387.03093363976774,391.0270142269378,395.0226946665792,399.0185663200295,403.01428211352476,407.0100415897702,411.005534004296,415.00109633811115,418.9964880082534,422.99196886386295,426.98700793670275,430.9822860747468
1.781233e-03 2.044179e-05 1.679024e-03 2781.32 0.4525783111286435 -0.039795375928336305 0.15421495380233038 0.5602343114388745 335.0799652077049,339.0747450377696,343.07019644496717,347.0650888586828,351.0606145352875,355.0558403648654,359.05161843861475,363.04694790753996,367.0427589112194,371.03823246076536,375.03408798048656,379.02964816028964,383.0254706752441,387.020944952535,391.0168534879684,395.0122894783718,399.00812999850143,403.00340165073624,406.9991551316308,410.9944344645992,414.9899360765607,418.98502889576116,422.9803242405997,426.9753373919852,430.9702396478292
1.783483e-03 2.068235e-05 1.680071e-03 2780.24 0.454617040108406 -0.039864513729471696 0.15206094204594084 0.562281545990602 335.0802707667182,339.0749288762188,343.0702139069386,347.06510717198074,351.06063861068384,355.0558726814611,359.0514741433044,363.04676370457486,367.042487937128,371.0379606167723,375.0337554343674,379.0291851661789,383.02502054434,387.0205318038436,391.0163261391375,395.0117634328766,399.00739389917936,403.0028599768079,406.99846863202134,410.9937427048253,414.98921640264825,418.98423828984056,422.9794989347648,426.9743690910978,430.96993937293786
1.794033e-03 2.052310e-05 1.691418e-03 2781.62 0.4521727513420853 -0.03977963914808791 0.154826069836073 0.5612899894699751 335.08023969923323,339.0750706686696,343.07043577126024,347.06540788420875,351.0608826260071,355.0560560672633,359.05175022228116,363.04714706946345,367.0429315098823,371.03836800815407,375.034254358664,379.0297370301888,383.0256335162005,387.021059551863,391.0168598407452,395.0124362026089,399.0081356130281,403.003540544088,406.9991707107765,410.99451773762274,414.9899400011096,418.98513505039733,422.9804115425983,426.9753377598781,430.9702309395963
1.356882e-03 2.348723e-05 1.239446e-03 2780.24 0.45301769989962737 -0.03981683125523638 0.15247646732799303 0.5607714601467023 335.05275786379855,339.0471103702883,343.04218463581714,347.03680614817256,351.03194519655585,355.02688202149955,359.02223507864056,363.0172342679201,367.0127046605795,371.0079102077458,375.0033911585035,378.99851810305574,382.9940639677579,386.98927636780826,390.98473058139007,394.9799519232894,398.9754024175784,402.9704374135071,406.96576672856145,410.9606910225706,414.9559407348064,418.95072362908104,422.94571471278704,426.94029044497233,430.93508476230306
7.806887e+00 1.498878e-01 7.057448e+00 2781.32 0.45142189169190505 -0.039762522826111375 0.15498560519133817 0.5600603705681357 334.95308300929656,339.49205217751415,344.1723755790152,348.825391908159,353.2741362781837,357.36938998173406,361.3909858910526,365.7435064344035,370.3589445496187,375.0469088263246,379.6463118878637,383.9648970565037,387.9701558081613,392.09654968850805,396.57332697175883,401.23597079491225,405.9108374776104,410.42755957116424,414.6067699981604,418.59524552352684,422.8596899358554,427.429818480001,432.11577958449533
7.798212e+00 1.511370e-01 7.042527e+00 2781.32 0.45046704071861154 -0.03972447358994525 0.15549506494163925 0.5592818191064363 335.0072427890577,339.5619318210595,344.2462646888788,348.89264545995826,353.32109144219726,357.39614561450634,361.4329174152229,365.8106338858968,370.4377765750084,375.1257993511996,379.71260000015974,384.0050017673808,388.0010189990706,392.153592224396,396.6523542003228,401.32241995874375,405.99257274088876,410.4893238634677,414.64078891373737,418.6368378509597,422.93192414923163,427.51925015818915,432.20804204118133
1.863841e-03 1.999435e-05 1.763869e-03 2773.93 0.45108904531696653 -0.0397427891526245 0.15703542869162654 0.559545346027993 335.0816033190584,339.07635777850606,343.0716573927515,347.0667529148539,351.0623832682738,355.05756794349577,359.05330336600366,363.0487578879083,367.04445448843813,371.0400449423084,375.0358684461451,379.03150668654865,383.02739623225835,387.0229730579587,391.0187998013936,395.0143717995487,399.0102084382557,403.0055506936968,407.00135046194606,410.9966573263895,414.99223445604235,418.98746440518573,422.982709432961,426.9777527311562,430.9728822556305
2.220716e-03 1.909264e-05 2.125252e-03 2775.39 0.4494210459213311 -0.039683835861018237 0.15818482526063052 0.5582403446230362 335.08682820474945,339.08187926096207,343.0773480826436,347.07261778241156,351.06826835837023,355.0635834005367,359.05941780462297,363.0549629450535,367.05080960861824,371.04634178149547,375.0424215303634,379.0381187118107,383.03408992608917,387.0297520772423,391.0255909100272,395.02134023874436,399.01712616494575,403.01271108983093,407.0085955470144,411.0039785321804,414.9996561862478,418.99498364744403,422.99045473539184,426.98557997066945,430.9807973056371
1.430390e-03 2.391881e-05 1.310796e-03 2781.32 0.4547043192376266 -0.03987393532625891 0.15255683426124134 0.5627363812514291 335.0508018753343,339.04508694280923,343.03996080038695,347.0344872110401,351.0297312039313,355.0245040361678,359.01981964304247,363.01475506653725,367.0101641592204,371.005194598422,375.0006190394848,378.99573241515776,382.99123508283316,386.9863757698424,390.98184349945353,394.9769482979706,398.9722160811436,402.96739595533387,406.96261774598275,410.95746430983394,414.9525243157284,418.9472895962316,422.942262350525,426.93672936665274,430.93223650651265
2.147716e-03 1.981594e-05 2.048636e-03 2779.96 0.45216555359650334 -0.03977868462180091 0.155022077242919 0.5607281325738702 335.0861735706512,339.08098297406923,343.0764181638929,347.07157056799593,351.067106019172,355.06239555977976,359.0581173274838,363.0535806062342,367.04946808525295,371.04500221057526,375.0408878634171,379.0364769239776,383.0324404572207,387.0279746554317,391.0239252483964,395.01934302915004,399.01521272472144,403.0107444968397,407.0064542729677,411.00185038323065,414.99750601665664,418.99267114215945,422.9880191312225,426.9829770402033,430.9780149426729
3.065625e-03 1.888175e-05 2.971216e-03 2780.24 0.45397071656921345 -0.039838491876262004 0.15221134922708734 0.5617649282328542 335.097505311244,339.0924322363985,343.0879399216018,347.08307962975897,351.07890868186115,355.07421324841573,359.07013065343546,363.0656840802066,367.06161928058737,371.0572447978197,375.05322546298333,379.04904940318835,383.0450069095128,387.04070266417085,391.0367114836721,395.03244290777945,399.028343087256,403.0239067761621,407.0197478414497,411.01522119981763,415.01092403612074,419.0061397604956,423.00168280541095,426.99677679838766,430.9919515549814
1.593548e-03 2.452688e-05 1.470914e-03 2780.24 0.4536082275878359 -0.03983893180492958 0.1522281784576081 0.5610688788429636 335.0455044982411,339.0397855049184,343.03466904003625,347.029211408988,351.0243293357408,355.01910270957666,359.0142949775438,363.0092043248279,367.0046522001692,370.9995774540269,374.9950724807213,378.99019437036173,382.98549743001206,386.98058277033203,390.97596432744865,394.9711284008408,398.96631497192243,402.9613240641657,406.9566001538227,410.9514631376977,414.9465581612743,418.94114332128515,422.93603635898177,426.9305919569931,430.92531117738145
1.540464e-03 2.094736e-05 1.435727e-03 2779.36 0.45301222855098133 -0.03981126443010948 0.15368358674568489 0.5606766947964383 335.07477358735434,339.0693868098841,343.06466517857467,347.0595045252606,351.0550223653528,355.05013395708903,359.0457772564666,363.0409735834846,367.0367610747124,371.0321638529668,375.02793603798006,379.02334395922014,383.01925121259677,387.01462845495627,391.01043488766936,395.00586121504506,399.00154646823745,402.9969667742218,406.9925250231969,410.98772102630346,414.98311945506936,418.97826681753855,422.9735352663499,426.96841332228075,430.9634322548884
1.438273e-03 2.388623e-05 1.318842e-03 2780.24 0.45227268330362147 -0.03979181148912024 0.15402368471012182 0.5601977796574018 335.0493266682462,339.0437042905121,343.0386689258722,347.033434796345,351.0285570552413,355.02333711216096,359.01876020702605,363.013635426666,367.00911019640154,371.00415307377415,374.999719242591,378.99479963862507,382.9903028172891,386.9854664281504,390.9808975102388,394.97601290747156,398.9714436020935,402.96646830583563,406.96175107908306,410.9566868875264,414.951823106588,418.9466024974061,422.94160174882774,426.9361089268443,430.930716561742
2.039778e-03 1.995790e-05 1.939989e-03 2781.32 0.4529156614601613 -0.03980525932670235 0.1536955280029714 0.5608729296193528 335.08456843137924,339.0793268602086,343.0747975694653,347.06980841314476,351.0654168402162,355.0606041769546,359.0563829770079,363.051797266978,367.0476290041145,371.0431743539726,375.039081857648,379.0345211990127,383.03050978191493,387.02611140708404,391.021941573022,395.01747722867873,399.0133325372816,403.0087787439138,407.0044592771343,410.99990922651534,414.9953335799363,418.990543263304,422.9858476070272,426.98095013451774,430.97606812789826
1.292209e-03 2.274727e-05 1.178473e-03 2780.24 0.4537483615972616 -0.03983909850258498 0.15268130944595257 0.561834707562553 335.0617373621329,339.05622589755507,343.05131569268707,347.04614136897555,351.0413434409157,355.03637506996284,359.0317739216411,363.02687008490034,367.02242399682325,371.01756176172626,375.01317172082076,379.0084802922882,383.0041169555156,386.99931934409653,390.9949487815175,394.99013617062565,398.9857141396848,402.9808304554294,406.9762486297523,410.9712402381209,414.9666119441576,418.96138891535026,422.9564917782959,426.95115121127606,430.94597976064824
1.437400e-03 2.124372e-05 1.331182e-03 2779.36 0.45228602362235826 -0.03978754735282797 0.15426556535245667 0.5598206170846963 335.07153725189266,339.06630580642593,343.061505776035,347.05637748775115,351.05183695929003,355.04693198064035,359.04262842772005,363.0378465871208,367.0334431338188,371.02888893043087,375.02461400378456,379.02005157366114,383.0158161693121,387.0112031712948,391.0069353774219,395.00228152917146,398.997976295226,402.9933171577978,406.98888694181454,410.9841373197164,414.97960001805086,418.9746232850058,422.97005277998664,426.9646095116248,430.95948260889935
7.708838e+00 1.435869e-01 6.990904e+00 2780.24 0.4537480366195669 -0.039844850246066627 0.1520654660643473 0.5611794915803989 334.76811366483145,339.15882170568557,343.7865008842252,348.46770400404756,353.0444117892439,357.3268145081738,361.3203894302913,365.47254404649254,369.9661922686359,374.6293200715877,379.2945908638223,383.7928618145634,387.952856685006,391.9439333108038,396.2200856215384,400.7922307480865,405.473746508015,410.1039010471967,414.50322925213493,418.5579091632924,422.60919989751943,427.0028409174291,431.63193733516084
1.534625e-03 2.419712e-05 1.413639e-03 2780.24 0.45300995084473017 -0.03981787024629958 0.15272507597157062 0.5611539312898409 335.0465776689793,339.040836821424,343.0357557446674,347.0303618656591,351.02550635970283,355.02019528156086,359.01557994674783,363.01046130820987,367.00586215646734,371.00090471272426,374.99641219545794,378.9914860077035,382.986950457393,386.98204906809025,390.9774856930123,394.97266872353913,398.96803122791744,402.96292818902486,406.95821127980065,410.9531665691728,414.94822192485594,418.94293189028417,422.937853446145,426.93234203954404,430.9271134186392
7.834057e+00 1.469818e-01 7.099148e+00 2780.24 0.45184481518242675 -0.0397738276354342 0.15382497662338865 0.5599534958675325 334.88107896327756,339.36154599925715,344.0244594826089,348.6954662018062,353.2076764450034,357.3811930762238,361.3706532245841,365.63593552363926,370.205803872221,374.88906853648285,379.52472095879443,383.9292422958038,387.98755612134715,392.0375038361074,396.43301717978153,401.06430401176874,405.74925178347974,410.32525752360107,414.60349282057524,418.59525961788984,422.7582444377102,427.2612264827319,431.9306069218206
1.286225e-03 2.285699e-05 1.171940e-03 2780.24 0.453857728541587 -0.03984431078580483 0.15179679470736313 0.5611681771902374 335.06006913978223,339.0544908517864,343.04952992155467,347.0443379326466,351.03957188059,355.0345004217145,359.0300156399983,363.0251041831974,367.0205418781032,371.0158302971989,375.01136972339356,379.0066228349955,383.00225012947095,386.99752793699633,390.9931415872781,394.98834209504747,398.98387118166977,402.97897886519183,406.9743334343928,410.9693549853324,414.96461357943326,418.9595013369196,422.95456942615465,426.9491503042717,430.94402847669295
1.294631e-03 2.288151e-05 1.180223e-03 2780.55 0.4550457487162429 -0.03988493238633615 0.15054707969256576 0.5618892010850816 335.0602935907954,339.0547811898789,343.04981559549503,347.044492036476,351.03977218764254,355.0347499329314,359.03013584378147,363.02518579519557,367.020645173671,371.01593446481854,375.01145981878904,379.0067120821358,383.0021935849919,386.9976514264622,390.9930350679094,394.9882770578846,398.9837002802985,402.97881058522404,406.97428108641964,410.9692793192211,414.9643732591686,418.9592458438056,422.95422963511623,426.94889231438293,430.94462383903607
1.835904e-03 2.046264e-05 1.733591e-03 2780.24 0.45494193790867454 -0.039876105928490745 0.15109929132265756 0.5619419499126993 335.0813248708764,339.0759876008763,343.07123192663477,347.06620001305976,351.0617459156523,355.0569768289664,359.05254025094973,363.0479295631657,367.04362225132587,371.0391169302872,375.0349131111313,379.03026964640816,383.02621892105867,387.0216715966426,391.0174571647346,395.0129433855461,399.0086230772532,403.0040719063464,406.99962979395656,410.9948717272468,414.9904247502357,418.98544293922754,422.98075372350576,426.97568464656786,430.97173952131266
1.280526e-03 2.223803e-05 1.169336e-03 2780.24 0.4532692423568138 -0.03982422956347854 0.1527818444794131 0.5598992987731217 335.0627479990334,339.0571683944406,343.05222296626397,347.04705853911264,351.0424020244782,355.0373198219179,359.03284629871393,363.02800574498576,367.0235565902637,371.01873392807073,375.0144179348331,379.00968849026026,383.0053645371201,387.00069592416264,390.9963468172379,394.9915955006901,398.98716733100275,402.9824072214821,406.97784554511657,410.97292496322814,414.96821168477493,418.96312768546227,422.9582151361436,426.9530780286161,430.9480810423475
7.016843e+00 1.434381e-01 6.299653e+00 2780.55 0.4546720430515615 -0.03987615187754573 0.15061833502217042 0.5625605453580926 334.7166093832814,339.03490584644925,343.62815253599024,348.30872719645294,352.92087980513224,357.2799307196532,361.3082134214123,365.3877575553962,369.81475208187436,374.45361621746224,379.12991917928036,383.682453167877,387.92729929294893,391.91262482908166,396.0996424356041,400.6156885525443,405.28399963366155,409.93969086252906,414.41440825718774,418.54556500754273,422.54596517951825,426.84810102974586
1.568966e-03 2.089288e-05 1.464501e-03 2779.36 0.453028810985849 -0.0398114043521746 0.1534334045295171 0.5608631232795813 335.0754983465172,339.070086262293,343.0654543217608,347.0602612642479,351.0558092938471,355.05086955368535,359.0464852828853,363.04185480888333,367.0375406776611,371.0329978141234,375.0287454847225,379.0242366762735,383.0199521429538,387.01549716391725,391.0112144436734,395.00665144637117,399.00239505247424,402.99781091676056,406.9933072156042,410.9885881653522,414.9840155602222,418.9791347030828,422.97432276881125,426.96923851868763,430.9643976092521
7.797778e+00 1.515339e-01 7.040108e+00 2781.32 0.4507619843946913 -0.03973437615629909 0.1556798184858853 0.5592601680300923 335.02041413236043,339.58055086451265,344.26610734583886,348.90981610059134,353.3304863762894,357.3985543993217,361.4413192673256,365.82783949958605,370.45895910564275,375.14673445926854,379.7285936175212,384.0112177230181,388.0045211199528,392.16678640948015,396.6731891941678,401.3456594309734,406.0137880836709,410.50279781744035,414.6444019993151,418.6440145709163,422.9499554778055,427.5431685019407,432.2328206622811
1.506538e-03 2.126918e-05 1.400192e-03 2780.24 0.4534642621091213 -0.03982711781818569 0.1527294789502046 0.5613811238681897 335.0736604572304,339.0682386432238,343.0635617408341,347.05844675832105,351.05390118746016,355.04902223623014,359.0446640613555,363.03983459954827,367.03555395352276,371.03089542703304,375.0266535701238,379.0221084476567,383.01787576883305,387.0131726223787,391.00897265209716,395.0043753844404,399.000037398652,402.99531998739974,406.99086736200377,410.9861469006421,414.981552041425,418.9765954966664,422.97172839918784,426.96659764837926,430.9617209250628
1.351378e-03 2.151981e-05 1.243779e-03 2781.62 0.45104992142185596 -0.039744401266774844 0.15598190758365008 0.5599330988426752 335.0683135612913,339.06288178600437,343.05810467785665,347.0529436562861,351.0484496670166,355.04348839954423,359.03908942175525,363.0343432068992,367.02996859446563,371.0252928655981,375.0210735541184,379.0164788801214,383.0121955131932,387.007585999266,391.00334022963307,394.99870208503614,398.99429390984335,402.98956112080555,406.9850968217764,410.9802752280531,414.9757138469383,418.97069197836174,422.9658451548841,426.9606890096269,430.9557011387529
7.842213e+00 1.464724e-01 7.109851e+00 2780.24 0.45240644509559214 -0.03979243611953147 0.15356421963913647 0.5602250192869712 334.8686876606212,339.33669684912275,343.9952424764335,348.66872038387464,353.19196392714684,357.3817373898702,361.3685116179514,365.6165667107003,370.17622183472906,374.857486930713,379.49880080904427,383.9189243770006,387.9906252127747,392.0284157674831,396.4069509809898,401.03072301934367,405.7163428082625,410.30205718277097,414.59959687408656,418.5969163325861,422.74100415887983,427.2292193860503,431.8938588871822
7.023097e+00 1.436096e-01 6.305048e+00 2780.55 0.45481364297098875 -0.039878866567692545 0.15060619475732823 0.5623828643653993 334.72505832659954,339.0385605494654,343.6293906920944,348.30983959189683,352.9241651131699,357.2882428627387,361.31977869908513,365.3951358966822,369.8175607418342,374.45467865117473,379.1315852903584,383.6874570555124,387.93817224560433,391.9243924794883,396.1057310129773,400.6178006845949,405.2850712509338,409.9422479732051,414.42165988361296,418.5586530883926,422.556967032264,426.85289974507623
1.283316e-03 2.245097e-05 1.171061e-03 2781.32 0.4526810395195007 -0.03980239777351286 0.15406226697771136 0.5610688515542862 335.06247058083875,339.0570758527891,343.05222113967784,347.0469745183556,351.0423020250836,355.03731914198966,359.03284680360684,363.0279626311953,367.0235021297081,371.01878733272554,375.0144483137432,379.00977364541257,383.005438169505,387.00081162820817,390.99626922239855,394.9916216975861,398.9871722289927,402.9823147110549,406.97780063895357,410.97279897789383,414.96817804577734,418.96305557307454,422.95808207110514,426.95277464380143,430.9476473727519
1.290803e-03 2.287908e-05 1.176408e-03 2779.36 0.45424864175243074 -0.03985635941915946 0.1523824769383683 0.5621228818752997 335.06067833477425,339.0551421842782,343.0502904092003,347.04486946359117,351.0402206839665,355.0351130868999,359.03058827007345,363.02565303941026,367.02122980676984,371.01638947527454,375.0119983980427,379.00723313832583,383.00290902894875,386.9981341104449,390.9937266824774,394.98883950605483,398.9843658238352,402.97959477157264,406.97499937657915,410.96996247454143,414.965143967479,418.96010176506155,422.95503349130865,426.9496651678314,430.9446917902199
1.328909e-03 2.324920e-05 1.212663e-03 2779.36 0.4519087474025701 -0.039777889432508894 0.15418887464413453 0.5605661127835287 335.0537732578726,339.04827954203694,343.04333275097224,347.03800049091666,351.03320294744407,355.0280090843447,359.0234204550952,363.01848176781067,367.0139703157366,371.0090889979415,375.0046769169559,378.99988431221374,382.99536961367124,386.99062068101534,390.9861707202381,394.98136149686843,398.97690316152625,402.9719439786431,406.9672894029682,410.96222944445447,414.9575072005428,418.95240112839645,422.9473105002791,426.9419416437385,430.93665857607255
7.861341e+00 1.457809e-01 7.132436e+00 2780.24 0.4532613732642754 -0.03982397699255853 0.15320920949551303 0.5607092973363326 334.84149342016286,339.29436818342737,343.94732930537816,348.6231498322567,353.15844736551355,357.3672374069004,361.3521990392536,365.5798692583025,370.1270092383526,374.80538540034007,379.4526510535186,383.88999784730345,387.97827249981196,392.0032031399382,396.36109926472574,400.97543638072176,405.6611985413226,410.2574552558235,414.5767086770887,418.5822619433634,422.7051310813794,427.1750699596884,431.83414139647687
1.289393e-03 2.301277e-05 1.174329e-03 2781.32 0.4524748242159626 -0.03979663365895732 0.15439078991417418 0.5606311556223805 335.0573540018966,339.0519047350721,343.0469346101769,347.041726288768,351.0370108307908,355.03193557303956,359.02741453007405,363.0224442710839,367.0179230112312,371.01313812444636,375.0087494651725,379.0039111983543,382.9996239792273,386.99473231560324,390.9903661608309,394.9856130887139,398.981084903097,402.97624755954905,406.9715355157655,410.96664622881707,414.96178610979723,418.95663817342574,422.9516793282146,426.9463240223808,430.94108377438204
7.122406e+00 1.430816e-01 6.406998e+00 2779.36 0.4537686255652385 -0.039838547902920275 0.15302405625583723 0.5614970654852525 334.8488929612274,339.3003016299108,343.9528218627497,348.6289496708406,353.1655088704838,357.3760779953602,361.3610768594706,365.5871308956329,370.13315447906473,374.811361643158,379.4592639956749,383.8984087704575,387.98830953922425,392.01220069049333,396.36842154050913,400.9819308574791,405.667773946261,410.2650106046182,414.5864635901861,418.59293967048205,422.71395244602473,427.1824494965011
1.279046e-03 2.257019e-05 1.166195e-03 2779.96 0.45286323990560245 -0.03980859528103077 0.1541540964423218 0.5614220610811005 335.061230189955,339.05576563674805,343.05087487456404,347.0456552251202,351.04091161410406,355.0359572819535,359.03131234026847,363.02643754249357,367.0220180238928,371.0172179406292,375.0130127542885,379.00820704318556,383.00384486364624,386.999113091435,390.99475252600257,394.99004376368833,398.9855912675194,402.9807279310592,406.9760689792942,410.9711747667986,414.96639927549035,418.96130336758335,422.9563892982395,426.9511792103043,430.94593889329775
1.312436e-03 2.327027e-05 1.196085e-03 2780.24 0.453531466961534 -0.039833345309763506 0.15271069363293327 0.5614267516370095 335.05658300995066,339.0510725854513,343.0460764483538,347.0408048832131,351.03596671682214,355.030898152909,359.0262116415956,363.0212801783025,367.0167662998055,371.0118613830941,375.0073811499561,379.0025866089879,382.99819363416816,386.9933692514635,390.9889806723537,394.9840949501597,398.9796630240938,402.974701914573,406.96996883803286,410.9649390154357,414.96024258637414,418.9550458483568,422.949960584992,426.9446286673556,430.93954332088055
1.416089e-03 2.145451e-05 1.308816e-03 2779.36 0.4530350220399677 -0.03981274670232346 0.15357789335564886 0.5609914603740648 335.07082372660847,339.0653874387266,343.0606462162595,347.0554720796998,351.050983190598,355.0459659719835,359.0415153074723,363.0367513264099,367.03247925227913,371.0277798257428,375.0235064487572,379.01888082316384,383.01463379877947,387.0100582642469,391.0057968934045,395.0011998583744,398.9968488427286,402.992099571526,406.98767511408056,410.9828775840822,414.9781491705146,418.97323599669244,422.968389489617,426.96325615574614,430.9582761059294
1.403656e-03 2.144803e-05 1.296416e-03 2775.42 0.45133867838649727 -0.03975329335334866 0.15621188258934235 0.5607292640829435 335.0704007235446,339.06494639170927,343.060221279836,347.05514395568434,351.0505345729599,355.045616309993,359.04126485398353,363.036476022338,367.0321232945117,371.02749852037044,375.0233597186661,379.0186457223872,383.01448097519614,387.0099971020778,391.0057206792181,395.00105401398844,398.99657966686704,402.99203014862036,406.98754325774973,410.98267551042017,414.97797833659735,418.9731140171452,422.9682842385778,426.96302887385303,430.9579906645462
1.288976e-03 2.288844e-05 1.174534e-03 2780.24 0.45407566277853584 -0.03985118125705077 0.15248341964192566 0.5617060206759839 335.0604731072636,339.05487645273803,343.04997048989895,347.04465264990586,351.03996005001244,355.03489666075876,359.03028748675337,363.02540397188415,367.02099656287317,371.0161788201918,375.0117597358995,379.0070321783149,383.00270846494425,386.9979240140458,390.9935637388421,394.9887374676732,398.98421905919076,402.97907351166174,406.97475535649886,410.96974953898155,414.96496200190495,418.95989863036186,422.95490143061784,426.94960322032347,430.9442538123083
1.364010e-03 2.155451e-05 1.256237e-03 2781.32 0.4519974188870284 -0.03977781369104749 0.15452171299756168 0.5601151997371563 335.0687880569665,339.06340699953745,343.05861339418146,347.0534234411629,351.04884889453376,355.04395652736986,359.0394535580227,363.03467292048333,367.0303669312425,371.0256456935281,375.0213085599689,379.0167123398949,383.0124482113534,387.00793358934976,391.00357302711905,394.99898921854003,398.99462462781776,402.9899680861819,406.98544274542434,410.9806210592218,414.97598633022375,418.97102522723776,422.96621655340346,426.96106681244277,430.9558219074957
1.296403e-03 2.254571e-05 1.183674e-03 2781.32 0.4535101755371935 -0.03983038199412128 0.1532936760788416 0.5617830128337997 335.06298430349216,339.0574836620415,343.05265710510463,347.04734417300637,351.0427279627492,355.03772847091847,359.0331314634768,363.02818401099086,367.0238565369044,371.01891052373725,375.01461851683985,379.00992465126205,383.005594602674,387.0007286544524,390.9963659791161,394.9916744564917,398.98707846258867,402.9823433503922,406.97775159661495,410.9727789991108,414.9680762465341,418.96305368729514,422.958105073154,426.9528058538158,430.9477462389318
1.811049e-03 2.018277e-05 1.710136e-03 2779.96 0.45146209636147705 -0.03975598824850027 0.1553984888587714 0.5600441202428835 335.08066269723747,339.0753260957881,343.0707803566366,347.0657257461267,351.0612468700121,355.0565284821342,359.05225497928575,363.0475712645642,367.04341212770566,371.0389013319082,375.03481129425904,379.0303840655459,383.02624877139607,387.0218528708426,391.01772758144057,395.01322147687586,399.0089564309907,403.0043923427468,407.0001455271774,410.99541112216434,414.9909227110143,418.98607325443265,422.981488741839,426.9762797299395,430.9715028727535
1.290796e-03 2.297761e-05 1.175908e-03 2779.36 0.453014866616005 -0.0398144964044205 0.15327717113726186 0.5614163963494072 335.0581447732557,339.0525807053362,343.047668191537,347.04238719643433,351.03763412141734,355.03271912210045,359.0279423589331,363.023042877406,367.0185715030432,371.0137202807468,375.0093051908236,379.0045165012029,383.00013932913504,386.99538190434697,390.99088572731125,394.9861536300839,398.98167773718836,402.976756934149,406.9722033427314,410.9671740045684,414.9624606186209,418.9571943295878,422.95236951026334,426.94686287149057,430.94178965650354
1.539987e-03 2.123305e-05 1.433821e-03 2781.32 0.4526073245634783 -0.039796454380114435 0.15405555967538975 0.5612882378497054 335.0745318257003,339.0692072006325,343.06444044262054,347.05945250747374,351.0548544622752,355.0499749133451,359.04564323588625,363.04091975096463,367.0366376862678,371.03199420008195,375.02777574670915,379.02318176471397,383.0190017263384,387.01439083434167,391.0102247078657,395.00571254740635,399.0013767525788,402.99658889604314,406.99218897705634,410.98739534257305,414.9828648602144,418.97786270222326,422.9729214672452,426.96785648117964,430.9627739435908
7.807149e+00 1.494023e-01 7.060137e+00 2781.62 0.45267685087528936 -0.03980137475484209 0.1544563342678121 0.5615198551062803 334.9475667906202,339.4765249628337,344.1542810315739,348.8114254305018,353.27294605372026,357.38204747700297,361.39553837448756,365.7322203685181,370.34012070328004,375.0280187237887,379.6352194650497,383.9706421338809,387.98361194774134,392.09428059885806,396.55693272022785,401.2147125160697,405.8924135495021,410.42143783088915,414.61899633708566,418.6049080205632,422.85023824826794,427.409171951484,432.09351030186434
1.542903e-03 2.107791e-05 1.437514e-03 2781.32 0.4527966101737036 -0.03980346405589516 0.1539061199076474 0.5611476203669127 335.07466246887145,339.06933051465614,343.0646695632174,347.05954634449284,351.05505237509175,355.0501093684577,359.04581162861183,363.04109466205944,367.0368270290052,371.03221916689756,375.0279170875414,379.02340048099785,383.01920355760967,387.01473368616007,391.01042775093714,395.0059030859999,399.0015631213235,402.99694684522615,406.99239944847375,410.9876720306736,414.9831092885418,418.978215859256,422.97341171282267,426.9682568267219,430.9632181106675
1.268866e-03 2.243636e-05 1.156684e-03 2778.04 0.4512389802575615 -0.03975272285727206 0.1562839664396469 0.5601376076804135 335.0607895854979,339.0551921189597,343.05037957284793,347.0451150823982,351.04044697477525,355.03536731499537,359.03092165847823,363.02600202618294,367.02163099695076,371.01686327511896,375.01252719580447,379.00782149285106,383.00343202913547,386.9988361273898,390.99439727290553,394.9897062586138,398.9852061648386,402.9805120191414,406.97584023433524,410.9708941318547,414.96619643625223,418.9610784427576,422.9561339371064,426.9508895033695,430.94578706296363
7.809373e+00 1.491109e-01 7.063819e+00 2779.96 0.452558461851422 -0.03979842551265252 0.15456349935343236 0.5606852416088632 334.93928673950967,339.4631019369954,344.1394379045062,348.7984391512103,353.2660916290537,357.3821339215995,361.39191616312695,365.72065831924215,370.32460328777245,375.01226225851565,379.6230549716471,383.9666278131888,387.983746888029,392.0868203061606,396.5423014908162,401.19746971165466,405.8763639268706,410.41120976298623,414.6179179080848,418.60305925532646,422.8388184481997,427.3919371635176,432.0749035042265
1.276765e-03 2.248102e-05 1.164360e-03 2778.89 0.4520210695786171 -0.039779254856452055 0.1551380926238468 0.5609541033333054 335.06119755588804,339.05577404872366,343.05089686358673,347.0455700112377,351.0409334644643,355.03588761185017,359.0313622213141,363.02651768214594,367.0220073822157,371.0172887844003,375.0128523202306,379.0081543835355,383.00380487360474,386.9991280029194,390.99464133492074,394.9900298253154,398.98554281110916,402.98067872518016,406.976132487224,410.97117502947145,414.96643177848244,418.96142133636215,422.95656670914997,426.95124714625433,430.945998174698
1.314711e-03 2.309237e-05 1.199249e-03 2778.04 0.4507643278476014 -0.039737506532627705 0.15652532211957684 0.560170722906123 335.05447934078416,339.0487806149546,343.0437983191617,347.03854750108263,351.03371832620655,355.02872880284133,359.0241536357984,363.0191638888445,367.01464118202273,371.00976571885343,375.0053614949615,379.00058537824714,382.99610851966895,386.9913699266313,390.9869161780773,394.9821457637601,398.97759842259006,402.9726860884316,406.968106533983,410.9631208772924,414.9583205422339,418.9531186854472,422.9481737022021,426.94287601648506,430.9376392421524
1.297140e-03 2.234060e-05 1.185437e-03 2780.24 0.4542606010022885 -0.03985741308995649 0.15252059888860975 0.5611402573634883 335.0639625831548,339.058431745876,343.0535285659196,347.04827397824465,351.0435786718662,355.03866830304344,359.0341644088806,363.02927647509216,367.02489357003674,371.0200517443418,375.01579653334335,379.0110740296263,383.0066375252417,387.0020681462381,390.9976111364,394.9928957444507,398.988431775277,402.9837111740353,406.9791228612252,410.97419585810553,414.9695250610675,418.96435086242207,422.95955239007674,426.95421965369667,430.9491534585363
7.103960e+00 1.429758e-01 6.389081e+00 2781.32 0.454230629166983 -0.03985485434675489 0.15267535060194207 0.5621899729359073 334.8314653508132,339.27320962957685,343.92195686555175,348.5992752348911,353.14300992294505,357.36559362301233,361.3504106851974,365.5637717838793,370.101646519991,374.77773768566846,379.42897352648527,383.8784394072696,387.97919490382014,391.99597167327653,396.3391373987476,400.94642918388985,405.63205373680034,410.23542320802903,414.57018823655164,418.5828839323374,422.69114478073294,427.14781999463105
1.282632e-03 2.229693e-05 1.171147e-03 2778.68 0.45207843122315394 -0.03978102123783854 0.15518013618341336 0.5609723606152326 335.06283235143576,339.0574663364996,343.05266905059943,347.0473937922175,351.0427443795712,355.037624728777,359.0331918911482,363.0283546117523,367.0239251842232,371.0191512525956,375.0147666794876,379.0101209500649,383.0057863889281,387.0010921518255,390.9967539548375,394.9919464255477,398.9875797563824,402.983100438523,406.9782735923821,410.9733238772526,414.96867762262593,418.96358528429806,422.95869512736374,426.9534370935323,430.9481808442603
7.216719e+00 1.437941e-01 6.497748e+00 2778.68 0.4533133406091894 -0.039823126907265236 0.15427196540686586 0.5619337881626959 334.93712691874777,339.45967333239895,344.1356793627025,348.79505274547,353.26403776600955,357.3814628715593,361.39044601002286,365.7175469157459,370.32060782417864,375.00819979193875,379.6197500335112,383.9650888822335,387.9831237497563,392.08458468620586,396.53850138581026,401.1930478109348,405.87211954708283,410.40812137354544,414.61665104299294,418.601693901522,422.8355869415109,427.387484544975
7.814858e+00 1.489827e-01 7.069945e+00 2779.96 0.45255766083074317 -0.03980114384605265 0.154358353323964 0.5614788875926428 334.9233108309239,339.4477724502265,344.1241101056112,348.78255127857295,353.24892803768915,357.36354602752186,361.37373599019867,365.7036293074765,370.3080186869848,374.9954757444451,379.6054074857428,383.94735316968354,387.9635194110816,392.06767479391283,396.5241837400126,401.1795676396691,405.85801579837914,410.39161536689164,414.5965208627526,418.5815602380344,422.8187507716271,427.3726576377624,432.05558988266483
1.377812e-03 2.168516e-05 1.269386e-03 2778.68 0.45237320307752255 -0.03978969262706345 0.15515288596139992 0.5608938861314602 335.06917395419754,339.0638264436422,343.05896650121736,347.05390657537464,351.04924999052844,355.04434754622406,359.0399171609987,363.035125054751,367.03074139800333,371.02604253407884,375.0217962984852,379.0172122116379,383.01286167257786,387.0082729310141,391.004007973517,394.9993530065157,398.99499560585446,402.99030216263407,406.98573992573466,410.98088644644724,414.9762737540755,418.9713340431657,422.96641723456474,426.96128174710486,430.95607808216505
1.340988e-03 2.360465e-05 1.222965e-03 2780.24 0.45385576249737186 -0.03984504782645112 0.15238254764519807 0.5615132325539716 335.0545927058363,339.0489238579769,343.04403661460486,347.03872306712793,351.033842503424,355.02872895538127,359.02412095140994,363.01915220402975,367.0146738483363,371.0097525391834,375.00526046636895,379.0004167630872,382.995945744034,386.991103805368,390.9866744650405,394.9817347414445,398.9771535004314,402.97238922976067,406.96758180537574,410.9626545353632,414.9577372555888,418.9524418394631,422.9474638178987,426.94205931589556,430.93673747319883
1.309882e-03 2.232901e-05 1.198237e-03 2779.36 0.45376299546734045 -0.03983911464428445 0.1530879677839349 0.5614288672180601 335.0648944224621,339.05934198092194,343.0543923755023,347.0493505558866,351.04459848997493,355.0395674347747,359.0351319452813,363.0302393830482,367.02583290333234,371.021069368975,375.0167800223018,379.0120486474513,383.007648109459,387.00292350923354,390.9985799100343,394.99381458597077,398.98950890739377,402.98465279367207,406.98013908388833,410.9751649149539,414.97050501033556,418.965410796551,422.96036737851335,426.9552336734875,430.9501744767893
1.291401e-03 2.303036e-05 1.176249e-03 2780.24 0.4541722029409748 -0.03985449494502105 0.15147531360932429 0.5617575906074941 335.0595795969336,339.0540909809051,343.04907198301413,347.04381301822235,351.03910288954853,355.0340725384008,359.02940460274345,363.0245168728704,367.0200697158139,371.01521245371606,375.01076528986414,379.0060443261222,383.00164193621515,386.99696741791394,390.9925741267239,394.98775490685387,398.9831958616351,402.9784271031979,406.9737362433729,410.9687750557267,414.9639030805812,418.95886172962514,422.9537520558823,426.9483713636575,430.94315427639066
1.392216e-03 2.374780e-05 1.273477e-03 2781.32 0.45314075932452613 -0.03981982835459165 0.15329753175894972 0.5622707705027943 335.05167962592395,339.0460468757916,343.0410088920862,347.0355702657823,351.03077459974816,355.0256319802888,359.0209374259139,363.0159729499956,367.0113574098184,371.0064243732226,375.00190491945165,378.99716322479713,382.9926061880948,386.98777462019353,390.9832710996285,394.9783557555578,398.97386428987534,402.9688912598188,406.9640673569548,410.95917598057844,414.95420194835526,418.949057289568,422.9439866550714,426.9384799340235,430.9333407522346
1.283399e-03 2.290918e-05 1.168853e-03 2781.32 0.4525119503417265 -0.03979736428099885 0.15406335720488398 0.5608046716961596 335.05856426091196,339.05307066320233,343.04817628388645,347.0428988093871,351.0382433498116,355.03319050724025,359.0285392945312,363.0237404386457,367.01923592521376,371.014424731891,375.01001913036714,379.00531330929357,383.00093525459243,386.99613011422133,390.99169639205684,394.9869549055603,398.9824569817319,402.977534667623,406.97292416343765,410.96796000982783,414.96318062756967,418.9580655208144,422.95322723520746,426.9478032447502,430.94245547424805
7.808750e+00 1.489916e-01 7.063791e+00 2779.96 0.4526248574807634 -0.039798194507341414 0.15431181391837942 0.5612779931964044 334.94028349525007,339.4609169681785,344.1364159968559,348.79661912415224,353.2680965800629,357.38859126004326,361.39625908070883,365.7200864903204,370.3216184190335,375.0091806591913,379.6222542457743,383.97090294508627,387.9908111958267,392.0893366629807,396.54035373433715,401.193930990451,405.87359557108715,410.4120771851487,414.6244932387957,418.60940552975876,422.8393672008489,427.3888847191465,432.07115616987704
7.805332e+00 1.500289e-01 7.055187e+00 2779.96 0.4520800492486287 -0.039783361389273506 0.15480001257262915 0.5610780788974054 334.95908247525784,339.50005829918507,344.18086214911415,348.83305172297776,353.27938403064724,357.3719899422957,361.39530312948193,365.75107432180823,370.36796430370305,375.0559408932301,379.653775520534,383.9692526289305,387.9731738206089,392.102643149567,396.582282719525,401.24586136881925,405.9201539635241,410.43436357917847,414.61012316000836,418.5993571815352,422.8675993999189,427.4399778032467,432.12627357444194
1.295162e-03 2.257552e-05 1.182285e-03 2779.96 0.45354523335315483 -0.03983157763651293 0.15360704207496292 0.5618033066989796 335.0627994094097,339.0572427823077,343.05229844834537,347.0471317990656,351.04243671192023,355.03736458992336,359.03282240470816,363.0280132292976,367.02348157746894,371.01873262496775,375.01431861516807,379.0095236893185,383.00516221142715,387.00042581352307,390.9961133369619,394.9913306573202,398.98687468897424,402.9820293087806,406.9774563300164,410.9724058632446,414.96777481230635,418.96267262275836,422.95781057896176,426.9523791726364,430.9474493298743
7.216926e+00 1.437703e-01 6.498074e+00 2778.89 0.45342237459555623 -0.03982603003227806 0.15427407134390075 0.5616635834600967 334.93587369273325,339.4540784455296,344.12890299023115,348.7898296570222,353.26391463251656,357.38730075391544,361.39348025569245,365.7139797948465,370.31372452611237,375.00112559735487,379.61566577495614,383.96782502751773,387.98964155070615,392.08496709356604,396.5328539368438,401.1851968383335,405.8652461518618,410.40605282456465,414.62231223114173,418.6071160308502,422.8331119855103,427.38011105626816
1.328835e-03 2.317748e-05 1.212948e-03 2775.42 0.4508214848710817 -0.039739323316466665 0.1566520595630669 0.5602754645847813 335.0535804956141,339.0478427976246,343.0429023947542,347.03758808402097,351.0328792726478,355.02779140221213,359.02308104401044,363.01826048913915,367.0136526635438,371.00882587666337,375.0044865844772,378.9995680452659,382.9951396018966,386.990344205107,390.98586510417687,394.9810890467561,398.9765507890198,402.9716726869881,406.9669766836821,410.9619686190199,414.95719527148117,418.95209259146753,422.947099115302,426.9418098331828,430.93651180980225
7.801693e+00 1.504238e-01 7.049574e+00 2779.96 0.451631430905288 -0.03976656305033967 0.15503645453111076 0.5605498813127022 334.9773199200697,339.5231088717939,344.2052294658361,348.8555235087579,353.2957376196133,357.3821696896199,361.40997940738964,365.77335629371544,370.39392144039675,375.082031480446,379.6762242190629,383.98370124137796,387.9846726711262,392.1221206661535,396.60840710690974,401.27433674701297,405.94730764355785,410.45565772001396,414.622854012315,418.6141394076637,422.8918002906864,427.46945860506054,432.15675322358715
1.269094e-03 2.248823e-05 1.156653e-03 2778.89 0.4515156522203348 -0.039762495549325594 0.1557241579372108 0.5601767244637724 335.0605002946351,339.0550698869505,343.05007740173556,347.04486626564625,351.0400924805061,355.0350994790227,359.0306124176145,363.0257449446033,367.0213370631878,371.0164495851174,375.01219692755234,379.00745284943235,383.0030155584053,386.9984901164046,390.9941003272737,394.9894105020421,398.98492239260713,402.98013927733234,406.9755259400637,410.9706223283546,414.9660320940621,418.9607556046552,422.95588791328345,426.95056004221686,430.94516487447686
7.806098e+00 1.496144e-01 7.058026e+00 2779.96 0.45245181815891594 -0.039795838738547154 0.15483761466187632 0.5604640691712108 334.95287927296897,339.4856780552126,344.1644432478429,348.82010034443016,353.2769407486141,357.38082312064,361.39727351982316,365.74000609826794,370.35081050849936,375.0388178368858,379.6431917195651,383.9724908479236,387.9824884107833,392.09891898279005,396.56697047052575,401.2266409475904,405.9033669773189,410.427858350243,414.6186513625276,418.6053922008392,422.8578367164979,427.42109314376796,432.1061093942713
1.270298e-03 2.248368e-05 1.157880e-03 2776.10 0.45074883038811775 -0.03973472113366378 0.1572065026401874 0.5606046693671758 335.06008904816804,339.05447856563023,343.0495806987777,347.0442380177122,351.03965290885276,355.0346152942527,359.03009537441176,363.02522497674386,367.02080369558047,371.0160087627644,375.01165507157276,379.00687751838865,383.00246257710063,386.9978374398578,390.99335619379946,394.98866727101336,398.98416897923386,402.9794041778893,406.9747975877299,410.9698744802652,414.9651987740114,418.9601068885909,422.9552181391717,426.94986445846814,430.94481017004773
1.285236e-03 2.285596e-05 1.170956e-03 2778.06 0.45193469422064736 -0.03977726400554522 0.15550936945391855 0.560676117602295 335.0573033173006,339.0518162735324,343.046944449751,347.0416269165001,351.03700220814255,355.0319317088217,359.0272382356713,363.0222992366841,367.01791372712654,371.0130472069526,375.0085719380618,379.00379890401825,382.9994676251291,386.9947564375838,390.99023760749486,394.9854714636225,398.98101185495693,402.97620471685707,406.97149334092205,410.9666667602072,414.96185559760124,418.956771389635,422.95174054885996,426.94651268518703,430.94114864935716
1.393766e-03 2.143875e-05 1.286572e-03 2780.40 0.4518232534402667 -0.03977043613014676 0.1555598706797625 0.5607192580163306 335.0701060743402,339.06465806302685,343.0598452460373,347.05469254622477,351.0501493108557,355.045236985242,359.0406853302122,363.0359772805888,367.0316716276497,371.0270731928512,375.02271347980076,379.0181042892299,383.0138442703697,387.0092833791018,391.0050176787906,395.00046258178963,398.99607098503185,402.9913511206691,406.9868372003857,410.98211879136244,414.9775252673119,418.9726180274207,422.9676801791454,426.9625143350113,430.9574062584616
7.810082e+00 1.493806e-01 7.063179e+00 2781.62 0.4527373466740302 -0.039806198927788174 0.15452204745038228 0.5614322418214164 334.9387553967436,339.4691619960956,344.14720131356455,348.8036074815811,353.2630703628913,357.36991274138506,361.38446122607445,365.7234386396385,370.3323806669322,375.02016963358443,379.6260660942678,383.9587771471636,387.97037099360665,392.0833135780796,396.548032304728,401.20645482752695,405.88361540496226,410.41066868018163,414.6052664697615,418.5913583045086,422.8395133808297,427.4000535057471,432.0846304721028
1.297650e-03 2.305166e-05 1.182391e-03 2781.32 0.453452818772893 -0.03983000601081662 0.15360858976411068 0.5613889436141427 335.05756129974003,339.0519889772948,343.0471369884432,347.0417971596139,351.0369251898221,355.0319459631247,359.0273168304299,363.02231548405246,367.01781807609314,371.01296463101596,375.0086541676672,379.0037742370275,382.99938986444295,386.9945729315447,390.99007199811336,394.98533403569024,398.98088191489006,402.9759904087886,406.9712934092945,410.96630871215046,414.96158812096274,418.95641735881514,422.9514708301054,426.94603797108465,430.9409635457325
1.350551e-03 2.184666e-05 1.241317e-03 2779.63 0.45300769492337867 -0.03981188604293648 0.15391441188535188 0.5614902904208102 335.06792150072454,339.06238081447816,343.05763409845895,347.05249197073647,351.0478277320395,355.0428473763958,359.03835047998734,363.0335519763611,367.02924976873237,371.02454912233554,375.0201715291431,379.0154641056562,383.0112569788308,387.006623110031,391.0022420997127,394.9977080749386,398.9931929704008,402.98850228098365,406.98406174444824,410.9790729374583,414.9745403808267,418.96940224202444,422.9645206270976,426.9593610765474,430.95438284143154
1.475897e-03 2.380294e-05 1.356882e-03 2780.40 0.45077705270961466 -0.03973984550617891 0.15634316590356767 0.5599715973991857 335.04760062982666,339.0419086416602,343.03685228579354,347.03153662888303,351.026682503234,355.02155539798764,359.0168496457789,363.0118780319644,367.00729256690596,371.00240378039314,374.99786807991427,378.99296966815285,382.9884236933287,386.9835999859553,390.97901325670733,394.9741701395357,398.96964205810184,402.96464604464177,406.95992401261213,410.9548582270435,414.950006036243,418.9448241850408,422.9397710211033,426.9343796372337,430.92908152198174
1.272576e-03 2.262248e-05 1.159463e-03 2778.04 0.45159439964161885 -0.03976493165913989 0.15582629446264262 0.5607214867332613 335.05940140833076,339.05398523971365,343.0489983667988,347.0437442659325,351.0389974534999,355.0339812454139,359.02939232614386,363.02456352030686,367.0200418133722,371.0153041121847,375.01093291765216,379.0062518532929,383.0018583125812,386.9971374772342,390.99282310514616,394.9879666487517,398.9835197457536,402.97872200239624,406.9741853364152,410.96918704079593,414.96440318726457,418.9593424010498,422.9543757231138,426.9490470869311,430.94391211045667
1.284318e-03 2.242209e-05 1.172208e-03 2779.96 0.4529730059132086 -0.03981222953080888 0.15408556208186983 0.5613948578401026 335.06248859350643,339.05709000649847,343.05225322358984,347.0469458404903,351.0422943346176,355.0372550674536,359.03275425454456,363.02787126690026,367.02348019043484,371.0186946988183,375.01436150982266,379.0096117369524,383.0053035842154,387.00057194638674,390.99625100334856,394.9914900607022,398.9869840287384,402.98227081902013,406.9776395523855,410.97272670757764,414.96800113519276,418.9629506107284,422.9579557624231,426.9528746118056,430.94752760315214
1.490765e-03 2.427257e-05 1.369402e-03 2779.63 0.45365936865622536 -0.03983919557664295 0.15358259732449273 0.5616371664525623 335.04845815894333,339.04281115993933,343.0377411561507,347.03231676012297,351.0274233308729,355.0222252988829,359.0174594331915,363.0124838613308,367.00787405478485,371.00290352475224,374.99834426779506,378.9933952049294,382.9889188040779,386.9839887714396,390.9794014263618,394.9745584614002,398.96983729649554,402.96490223116814,406.96012822750276,410.954993056615,414.9500337553581,418.94479902682144,422.93970041751004,426.93425385032833,430.92892467540673
1.306535e-03 2.186964e-05 1.197187e-03 2775.42 0.4516889341657632 -0.039767022270562176 0.15616698554590056 0.560615276610912 335.06569436559715,339.0602873252898,343.05537101608087,347.0502222813036,351.0455632727027,355.04061813215435,359.0361923773012,363.03139730860636,367.02701834662736,371.0223202910692,375.01802120338857,379.013310602861,383.0090717282241,387.0043834137125,391.00009816554837,394.9954719436617,398.9910732230316,402.986258419158,406.9817963037219,410.9769564996859,414.97229648466384,418.9672969712874,422.96240364675924,426.9571525855425,430.9520394158947
1.278974e-03 2.233143e-05 1.167317e-03 2781.62 0.4520063533503097 -0.039778643254815366 0.1551649475096253 0.560661901563386 335.06223495269273,339.05670484017367,343.051908303119,347.04665123673345,351.0419548444154,355.03689171870525,359.0324574092759,363.02748505924075,367.0231077305432,371.0183577699148,375.01404205282967,379.009261070627,383.00491998105326,387.0001617802364,390.99581626990124,394.9911951887671,398.98664260135297,402.9819160653554,406.9773155724291,410.9724605604044,414.9677309467937,418.9626797877018,422.95779497603337,426.95254762607095,430.947325084572
1.275895e-03 2.251159e-05 1.163337e-03 2781.62 0.4522069636202045 -0.039786230459750924 0.1550619113877809 0.5607395795487834 335.0609841866412,339.05560575452887,343.0507708082847,347.0454345299336,351.04072988136966,355.0357160054645,359.0312469345838,363.02631333732893,367.0218841730164,371.01718798386946,375.0128462996383,379.00802480027477,383.0036067708933,386.9989163700626,390.99453810518366,394.9898055937411,398.9854002278806,402.9805723525583,406.97595219196666,410.97106007550883,414.9663790383554,418.96123345184725,422.9563688503263,426.95113723523417,430.94573680577787
7.809377e+00 1.495006e-01 7.061874e+00 2778.89 0.4527088008634932 -0.03980517818907912 0.15455052794466573 0.5615388947031499 334.94164761103553,339.47423506099796,344.15284880190603,348.8084122336708,353.26519730519453,357.3690947790189,361.3853360416752,365.7277117150816,370.3382980451447,375.0261395642629,379.63042035082515,383.9595944208119,387.96950575285274,392.08576697570913,396.55354257740777,401.2130412873085,405.88964156762154,410.41411729139736,414.60482625740235,418.591404504381,422.84363712411863,427.40661779986925,432.0916605308558
1.279642e-03 2.257015e-05 1.166792e-03 2781.32 0.4526326686452363 -0.03980086246103339 0.15421119140561357 0.5610248932632557 335.0615846415382,339.0560840242925,343.05122077855293,347.0459771703786,351.04129583696425,355.03631532694163,359.03173022608337,363.0269832373023,367.02248273143056,371.0177455860891,375.0134482212196,379.0086920026551,383.00424702302394,386.9996740530489,390.99523114572776,394.99050844426574,398.9860010287002,402.98123039914907,406.9766336651869,410.9716772318771,414.96690044093657,418.961784153471,422.95688070031076,426.95162385149143,430.9463769046321
1.286307e-03 2.274922e-05 1.172561e-03 2780.24 0.453689345290106 -0.03983790953831771 0.1528354214570483 0.5611572713425433 335.0608173147032,339.0553489754671,343.0503550258489,347.0451516075202,351.0404580842986,355.0353744203534,359.0307509836109,363.02586578113215,367.02149391847615,371.01671569020994,375.01225014491376,379.0075007443772,383.003074958846,386.99841571827767,390.9940007766905,394.9891651557589,398.9846644640319,402.9798460214557,406.97536153734364,410.97032456815583,414.96549039256126,418.9605255070565,422.9555250235148,426.95015387859394,430.9450393560965
1.270718e-03 2.208815e-05 1.160278e-03 2778.68 0.45118745664159887 -0.039750878570699734 0.1561725549267082 0.5598770101094567 335.06261959321887,339.0571040250943,343.05225822509914,347.0470827387336,351.04245918968496,355.03754955929907,359.0330652658799,363.0281719447069,367.0237381530363,371.0190001050847,375.014683344393,379.01003740513454,383.0058156843561,387.00109774523713,390.9967662305803,394.9920611072419,398.9876186131285,402.98290121169504,406.9782819234087,410.9733156164757,414.9687660360095,418.9636043723573,422.95879724713956,426.95358333322247,430.94855791220306
1.415501e-03 2.129415e-05 1.309031e-03 2778.04 0.4518244686050878 -0.03977059395698526 0.15598876113571805 0.5605685163278857 335.0709155547932,339.0655613103265,343.0606997556141,347.0556296911219,351.0511047750681,355.0461711610983,359.0417372656335,363.036957804685,367.032693740669,371.0279921797771,375.0237923770713,379.01918394563495,383.01497143842636,387.010352452741,391.0061537575206,395.00152555491564,398.9971976468819,402.9925439577085,406.98806595040026,410.98333274362955,414.978731273092,418.9737163888259,422.96901218401337,426.9637710298405,430.9586442938025
1.301390e-03 2.294719e-05 1.186654e-03 2773.93 0.45085058261626243 -0.03973981242640601 0.15675226510936363 0.5603609967347807 335.055267379802,339.04964317889915,343.0447676778685,347.03943787373953,351.03472890930664,355.02961014753333,359.0250764656427,363.0200394490763,367.01558795804755,371.01076563038043,375.0063161936319,379.00158076343075,382.997065392089,386.9923946226783,390.98785912367015,394.98310459862853,398.9786274328039,402.97375824846534,406.9691202412481,410.9641410647189,414.9593447730652,418.954282603298,422.94932277776405,426.9439164538797,430.93890360486773
1.305869e-03 2.308764e-05 1.190431e-03 2775.39 0.4511569330670457 -0.03975072510742436 0.1562524281211326 0.560648178631984 335.05513801569083,339.0494765955772,343.0445047890223,347.0392524661565,351.0344678076463,355.0294014820353,359.02486502167244,363.01994592166153,367.0155152728558,371.01063391302574,375.0061523406085,379.00136803958225,382.99698144652996,386.99219317507294,390.987794963332,394.9830113114952,398.9784304683603,402.9736258182023,406.9688735799228,410.963925024239,414.9590996079968,418.95396898068117,422.94898656197586,426.943656818914,430.93850419463257
1.300080e-03 2.197573e-05 1.190201e-03 2776.10 0.4512024663626845 -0.03974934993341428 0.15682911121018783 0.5607130706301487 335.0651469786507,339.0596931789327,343.05480868054235,347.0495839553045,351.0450289228828,355.03997180405935,359.03561113017554,363.0308236768658,367.0263066267948,371.0216692154124,375.01740176814127,379.0128386156474,383.00854384126,387.00380395162983,390.99948436007145,394.99476073868635,398.9903879810848,402.9855814232825,406.98104582813164,410.9762985689839,414.9715409043722,418.9664988301898,422.9615678483539,426.95638848073366,430.95137405834527
1.289196e-03 2.292928e-05 1.174549e-03 2772.33 0.45097519946159303 -0.03974322911127905 0.15652044987419314 0.5608752214175795 335.0569520530648,339.05137087788466,343.0464724189895,347.0411273763646,351.03649759146515,355.03136849500595,359.026814246829,363.02190101816626,367.0175021203399,371.01264482146195,375.0082068609924,379.00349963221095,382.9990326852297,386.99423919230185,390.98975676373186,394.9850643824672,398.98052265145424,402.9756260201847,406.9710193876898,410.9660619543839,414.9612914036106,418.95610087332085,422.9512143124115,426.9459073040647,430.94074833265137
1.282931e-03 2.278680e-05 1.168997e-03 2781.62 0.45243822006607304 -0.039793825457246045 0.15475405593492012 0.5612352376906483 335.06030750204684,339.054831493312,343.0499259010628,347.04469708197524,351.0398507216377,355.03495795067465,359.0303792759687,363.0254474792965,367.02104120837083,371.0163012432077,375.01182252819683,379.007086822925,383.0026957038266,386.9980004310754,390.9935879802379,394.98877104147687,398.9843081696424,402.97953068522753,406.9749120047117,410.9698592848951,414.96521711357354,418.9600311428619,422.9550729092051,426.9497931640453,430.9444676980895
7.807369e+00 1.494901e-01 7.059919e+00 2779.96 0.4523984217802627 -0.039793413121400244 0.15467539140653846 0.5608592316075669 334.94770720740365,339.47876822532515,344.15705283788947,348.8133416560483,353.27228624735125,357.3784481736603,361.3935122558017,365.73353815171487,370.34298929965587,375.0308963224179,379.63646695361956,383.96849257124006,387.979748054572,392.0935508311055,396.559215447652,401.2180153628482,405.8951489186308,410.4216203149794,414.6154594151115,418.6017780472845,422.85096262109545,427.4122673133234,432.09678014527213
1.292252e-03 2.184805e-05 1.183012e-03 2778.04 0.45092830530672157 -0.03974104866291191 0.15655051891974478 0.559820190982139 335.0648759066403,339.05933331112504,343.0544978992879,347.0493452829883,351.0448124069406,355.039792333825,359.0353555960441,363.0305947914855,367.02621367386485,371.02149761981775,375.01717484986943,379.0125103637344,383.00815415685224,387.00348324663827,390.99925610165604,394.9945697007652,398.9901978064974,402.9853694607143,406.98090502804837,410.9760523678096,414.9713896640594,418.96640200300425,422.9615431453192,426.95632600955616,430.951297480365
1.275616e-03 2.275854e-05 1.161823e-03 2778.68 0.45141327069275206 -0.03975913379263438 0.15564300196397768 0.5606170312615604 335.0578628521579,339.0523031961067,343.04736513663823,347.0421086134659,351.0374532332419,355.03241887666064,359.02783103412196,363.02292767773486,367.01847017462825,371.0137280123431,375.00930629548367,379.00458812476114,383.0002547859183,386.99549431114076,390.99116245205624,394.98627374352776,398.98183080830154,402.9770495535842,406.97233218259123,410.96741001481837,414.9626722231466,418.9574705331169,422.95256172844967,426.947334832042,430.94206427860837
1.298095e-03 2.238415e-05 1.186174e-03 2778.04 0.45263582723051476 -0.03979930994052217 0.1548919986029067 0.5617055374249709 335.0638689974291,339.05849816340987,343.0536370593435,347.0484066602021,351.0437702064946,355.03876912979075,359.034308078723,363.02934039026803,367.02494321169456,371.02021684539574,375.0159379303383,379.0111628140148,383.00684417792627,387.00220716328806,390.99781923250987,394.9930661821192,398.9885598782558,402.98379137262344,406.9792578835768,410.9743650491429,414.96955813995453,418.9645676013672,422.9596246186777,426.95440959496915,430.94910510794824
1.279505e-03 2.273736e-05 1.165818e-03 2773.93 0.45099479262406 -0.03974426497598018 0.15652443373556119 0.560516836116464 335.05759304257015,339.0519646338381,343.0470077443834,347.0417799787296,351.0370750401822,355.0319796227899,359.02744105067745,363.0225095711975,367.018097672645,371.0133359483804,375.0088020214762,379.0041266185318,382.999712426306,386.9949502702944,390.99056147574595,394.98581637414,398.9812955933968,402.97649971798796,406.9717956842598,410.9667981716518,414.962213271773,418.9569542706577,422.95210285475514,426.9467208147443,430.94180494693495
1.271133e-03 2.260215e-05 1.158122e-03 2778.04 0.450304839211361 -0.039721099025165824 0.157000842973032 0.5594576316898691 335.05710182742837,339.0515303883977,343.04646277215477,347.0413645308454,351.0366120512798,355.0315231668474,359.0270174445747,363.0220043907146,367.0176019738983,371.01282741781506,375.00843667894287,379.0037265190239,382.9993645879393,386.994635114584,390.9902300067317,394.9855429366159,398.98110605652937,402.9762327741407,406.97169122299505,410.96674530724135,414.9619450887082,418.95692265446723,422.95191914172,426.94660715373266,430.9414308644332
1.277887e-03 2.267413e-05 1.164516e-03 2778.89 0.45210114018088676 -0.039782561693390055 0.15521529459474276 0.5607678214800716 335.05975029989474,339.0543436694093,343.04946451819507,347.04418880496786,351.03951172292415,355.0344618439203,359.02989422846514,363.02494693120815,367.0205025709053,371.01568696799137,375.0113872663461,379.0065644220721,383.00215815304665,386.9974247516883,390.99309348057284,394.98829978357236,398.98388892196266,402.9789163497729,406.9743768628794,410.96951740084234,414.964754895405,418.95967113583265,422.954755175251,426.9493517180037,430.94414751293107
1.274696e-03 2.274735e-05 1.160959e-03 2778.68 0.4514445436619048 -0.03976000293848381 0.15562154719004404 0.5605317186508569 335.05858358807484,339.0530020832961,343.0481487652979,347.0428762092331,351.03821457534707,355.03313462280965,359.0285720011587,363.0236751698817,367.0192607184592,371.01447548240293,375.00998427803194,379.00536578978824,383.0010241311322,386.99623248493936,390.9919187433267,394.9871087753421,398.9826291517135,402.97779739984014,406.9732545871548,410.9682343591633,414.9634295839311,418.9583245722019,422.9533841226672,426.94801965690186,430.9428433786742
1.372420e-03 2.367688e-05 1.254035e-03 2781.32 0.45225154535739925 -0.03978940705351596 0.154267526344656 0.5611579005348564 335.05220204313457,339.04674220930406,343.04170616532195,347.0362988009569,351.0315173217843,355.0264146452987,359.0217003616146,363.01674531230634,367.01224944568446,371.0073324643039,375.00279509778596,378.9979589883152,382.9935379008512,386.9886921728397,390.9841966981811,394.97930197724077,398.97468009944015,402.96978151130975,406.9650624685294,410.9601695762173,414.9552929468513,418.95001420507526,422.9450095161633,426.93951569374065,430.93414354321646
1.271212e-03 2.251749e-05 1.158624e-03 2778.04 0.4517153891117761 -0.0397687356536208 0.15561813604847913 0.5611031709595631 335.0601977351592,339.0545831050827,343.04977656814407,347.04446484758466,351.0397778174316,355.03472980385175,359.0302216024996,363.0253021973874,367.0209065472806,371.01610977077416,375.01172067555467,379.007005054245,383.0026375007052,386.99792477647867,390.9935420145596,394.98874804600604,398.9843588502176,402.97961632710224,406.9750386374636,410.9700656792372,414.9653053566857,418.9603142009593,422.9553508828461,426.9499778109693,430.9447788805875
1.286420e-03 2.289762e-05 1.171932e-03 2778.89 0.4520553421262556 -0.0397810580748156 0.15504516554985928 0.5610781329720556 335.05802775541855,339.0525438513502,343.0476878059542,347.042479947116,351.0376170837875,355.03256445101283,359.0279997515961,363.0230030681754,367.01859150009363,371.0137434570461,375.009406987724,379.0045278092991,383.00012721441107,386.9953923245549,390.99098972670095,394.98623243149285,398.9817295888352,402.9768964009139,406.97214299767023,410.9673149758347,414.9625335375793,418.95746538122245,422.95245900151144,426.94714403210276,430.9417875278413
1.350658e-03 2.325396e-05 1.234388e-03 2773.87 0.4503853844279112 -0.03972430761425872 0.15721380081151054 0.5600630617816196 335.0522284349335,339.04649510336606,343.04153510462214,347.03624444866864,351.0314769345545,355.02633081674446,359.02169674397277,363.0166507526818,367.012152035915,371.0073115571786,375.002865762408,378.9981012248388,382.99363065423665,386.9889139451929,390.9843673677787,394.9795822867686,398.97500135077064,402.9701382574014,406.9655542150314,410.96044674986285,414.95569794398557,418.95052870750374,422.945533517723,426.9401906421261,430.934884491639
1.271834e-03 2.266202e-05 1.158524e-03 2780.40 0.4513251017679645 -0.03975553376014406 0.15585923891969353 0.5606720463951513 335.0593226819661,339.0536984338695,343.0488692737347,347.0436543555438,351.0389360375115,355.0338882726372,359.0293376491832,363.02452923678726,367.0200685436526,371.01530809599996,375.010874743188,379.0061896194989,383.00182005539136,386.9970589257148,390.9927669291679,394.987978985191,398.9835129617039,402.97864446534777,406.97409735412197,410.9691900041884,414.96434148787887,418.95917000481256,422.9542482639078,426.94901303273434,430.9438071824259
1.314503e-03 2.333870e-05 1.197809e-03 2779.63 0.45274433594981595 -0.03980562931444261 0.15396113077770276 0.5614554068539346 335.0555423783505,339.04992870210367,343.0449146463782,347.0397510818515,351.03502493696794,355.0298732380909,359.0252711223965,363.020353345487,367.0158367650567,371.01095966124797,375.00650117556404,379.00176169793974,382.9973354301671,386.99256379951606,390.98804624446194,394.98319074481554,398.9787240793583,402.9738470475584,406.9691474497706,410.96408740849535,414.95932737057984,418.95411652278216,422.94915031919436,426.94367599756725,430.9383730630957
