4.304429e-07 4.304429e-07 1.509621e-01 0.00 0.4549704742202371 -0.0397827163256654 0.1545960967133817 0.5647692899377309 335.39994814909414,339.3982649261136,343.3973595104334,347.39586777827077,351.39513120199183,355.39417958089194,359.39355240115265,363.39266381563726,367.39214085575617,371.3913952760867,375.3909924760088,379.3903157425391,383.3899404874613,387.38926890142193,391.3889663413675,395.38831542537184,399.38791777244654,403.3873049015583,407.38682738685,411.38597954827605,415.38554090127417,419.3846104503021,423.3838948538461,427.38277850116015,431.3828775867163
3.316254e-04 3.316254e-04 6.256933e-02 0.00 0.4661395238308662 -0.0397827163256654 0.1620831089105045 0.5647692899377309 328.9548459450171,332.9725174788531,336.99009310834316,341.0070891480038,345.02485097708706,349.04233022967645,353.06048939863814,357.07815976972785,361.0964048987081,365.1143477898382,369.13268751716606,373.150765936109,377.1693446453048,381.1873933644318,385.20596882434506,389.22413305396157,393.24272406411137,397.26089031621336,401.27950566314416,405.2976267835804,409.31608154291627,413.3340359993242,417.35242710081354,421.3704012473733,425.388534691949
1.275304e-05 1.275304e-05 3.907830e-02 0.00 0.4574173209124116 -0.0397827163256654 0.15400764110576995 0.5647692899377309 331.751680857442,335.754883618929,339.75754737465184,343.760683338717,347.76359838357115,351.76706638166894,355.7701015690473,359.77382312096296,363.77710177002444,367.78080397817126,371.78411734864926,375.78810348163194,379.79160531053697,383.7954533759035,387.7990280098962,391.80295381108573,395.8065182590165,399.81030768101004,403.813856734121,407.8176243837562,411.8210576281606,415.82477647202336,419.8280814880396,423.8315456082881,427.8347704738038
1.155477e-04 1.155477e-04 1.528523e-01 0.00 0.4492137753917526 -0.0397827163256654 0.15612732716415748 0.5647692899377309 334.5504763509193,338.53903080492984,342.52788830530704,346.5165021480973,350.5057475041071,354.49458075952344,358.4838908021532,362.47284716363527,366.46233796567213,370.4514608234722,374.4409237257604,378.430205373376,382.41983026866114,386.4091831752853,390.39876644772846,394.3880402644429,398.37767567282987,402.36693917469614,406.3562916527612,410.3454643493947,414.3347819759073,418.32373603686693,422.31293635472053,426.301696851636,430.29076333251584
8.620681e-06 8.620681e-06 2.649456e-02 0.00 0.4536541721299195 -0.0397827163256654 0.15670088488769515 0.5647692899377309 335.2082863490942,339.2043437511379,343.2010655484625,347.19753019664813,351.19447891724576,355.1911017483927,359.18825309164475,363.18499131484646,367.18232490277836,371.1792755916009,375.176489392249,379.1735734885174,383.1709701432915,387.1680367790641,391.1653904572689,395.16249238971415,399.15986478344945,403.1569040395548,407.1542176497309,411.1511235265305,415.1483206003085,419.14510772431385,423.14213145079134,427.13878143380754,431.1358286345992
4.154881e-04 4.154881e-04 2.053847e-01 0.00 0.4674604241165585 -0.0397827163256654 0.15657004543395808 0.5647692899377309 329.1334020335264,333.15234850100296,337.17204546798104,341.1913057896311,345.211426816735,349.23086887901206,353.2511847670292,357.2709752580307,361.291421953697,365.31149715527465,369.3320455648379,373.35234071872446,377.37295821455797,381.3934324999057,385.41401985068313,389.4343551670352,393.4550933640171,397.47552609933507,401.4960969379916,405.51654562936903,409.5370557816023,413.55716720841957,417.5778677974217,421.59800605915024,425.61837413570856
1.704172e-04 1.704172e-04 2.816735e-02 0.00 0.44790110851876014 -0.0397827163256654 0.16243439040249566 0.5647692899377309 334.3557676934527,338.342473527835,342.32907817490354,346.3153154862087,350.3022603549774,354.2888381009951,358.2758643285333,362.2625925750249,366.249678338441,370.2365884321691,374.22380897176294,378.2107549364845,382.19799815402433,386.18498042578375,390.17227833301814,394.1592323648521,398.14658984338433,402.13342253559495,406.1205287000565,410.10753463694635,414.0943584355515,418.0811678197314,422.0679627187105,426.05446254484946,430.04117265113064,434.02845890119966
1.796770e-04 1.796770e-04 1.924893e-02 0.00 0.44772159362295955 -0.0397827163256654 0.15389198877276955 0.5647692899377309 334.32574983032407,338.31236839951026,342.2986824491967,346.2846906266535,350.27110148502163,354.2573582780649,358.2440310015359,362.23031658420393,366.2171458132283,370.20367810682455,374.19049722388513,378.17711281022946,382.1642163688039,386.15076660178136,390.13771823431165,394.1243216888736,398.11123397974364,402.09789085981924,406.08462590639544,410.0710480340841,414.05776557267427,418.0440336857678,422.03063596218703,426.0167377201469,430.00310947248505,433.9899478440067
5.229218e-05 5.229218e-05 2.867687e-02 0.00 0.4595607120688697 -0.0397827163256654 0.15941478473715076 0.5647692899377309 332.0573862474546,336.06384572084585,340.07010387132783,344.0769844497215,348.0834416319673,352.09048783961765,356.09743123226093,360.10474520243923,364.11159198087915,368.11911123387574,372.12605040661157,376.1335344634748,380.14068525105677,384.1483755174481,388.15551770971456,392.1631663539264,396.17035875049356,400.1778602287401,404.18505294961903,408.192461034118,412.1994490310375,416.2068165539571,420.21393606922373,424.221071134979,428.2278592021545
1.015885e-04 1.015885e-04 2.081162e-01 0.00 0.4495874155029333 -0.0397827163256654 0.15706392912215997 0.5647692899377309 334.60678198758256,338.5959155299711,342.58560667124516,346.57481779122435,350.5647422257186,354.5542286210995,358.5442649172991,362.5338606031227,366.5240129191016,370.51384357352873,374.5040767937994,378.49397711005236,382.4841138941748,386.47412203755255,390.46436983911275,394.4542802868647,398.4445611356782,402.4344456351511,406.4245453529225,410.41437064200795,414.40442769246505,418.394190885047,422.38394067312964,426.3734789981945,430.3630785397873
1.452373e-06 1.452373e-06 1.113020e-01 0.00 0.4546315235927868 -0.0397827163256654 0.1627578794731167 0.5647692899377309 335.35370604839096,339.3515442083072,343.3499268522132,347.34797035495274,351.3467980418534,355.3450966269663,359.3439786464505,363.34241895344013,367.34144419070833,371.3401577259001,375.3393112077435,379.3380238437752,383.3371433869884,387.335877113712,391.33505669457605,395.3338793829809,399.3330062468058,403.3317204478365,407.33071011885403,411.32939235966035,415.32831055717304,419.3268010008892,423.32558955619464,427.3239331590569,431.3229279765443
1.958229e-05 1.958229e-05 8.563606e-04 0.00 0.45280281219752083 -0.0397827163256654 0.15937504794368543 0.5647692899377309 335.08393539298976,339.07855656660894,343.0738140233153,347.0686834826731,351.0641917689124,355.05940971691894,359.0550689348566,363.05042408741315,367.04613361515095,371.04168863685265,375.0374956649118,379.0331183061128,383.029079391302,387.0246958872931,391.02053789097323,395.01620602878324,399.0120976779935,403.00763054721733,407.0034128309477,410.9989309756057,414.9945463367806,418.9897611761527,422.9854097801527,426.98053140077707,430.9757441204966
6.896288e-05 6.896288e-05 7.492763e-02 0.00 0.46021210118668193 -0.0397827163256654 0.15379486420502342 0.5647692899377309 332.14669989777667,336.15425603785934,340.1614031401213,344.1693875822423,348.17692873797495,352.18514509338814,356.19298467424676,360.20129727742267,364.2092401349686,368.2177298312652,372.225900896368,376.2345448247706,380.2427344580595,384.25135280894074,388.25968218814046,392.2682135536281,396.27653141543993,400.2851671484479,404.2933965952578,408.30204681161706,412.31012386405996,416.3185441592829,420.3266795189647,424.3348711339453,428.34276332292296
1.209621e-04 1.209621e-04 1.346588e-01 0.00 0.4490592073600087 -0.0397827163256654 0.16064961834466956 0.5647692899377309 334.5297512319618,338.5178962949587,342.5066176071584,346.4949053170587,350.48391325389326,354.4724475754777,358.4615601010191,362.4502237446011,366.4395188935992,370.42845677301415,374.417793842658,378.4067105076916,382.39605310401816,386.3851989296666,390.3745543563513,394.3634664046885,398.3528429874962,402.3418897293364,406.33108881136985,410.3198990762753,414.3089451266166,418.29769291306945,422.28673597607207,426.2752722889545,430.2638701646767
4.091899e-04 4.091899e-04 2.013820e-01 0.00 0.4439173739416865 -0.0397827163256654 0.15643158527343662 0.5647692899377309 337.7295472544277,341.70905161174187,345.6882288123689,349.6679314878507,353.6473597080975,357.62721156917587,361.6067836686086,365.5867416107581,369.56634033169445,373.54639415417,377.52617377793837,381.5062215073544,385.48603139372227,389.46618971067545,393.4459191503499,397.4260345640171,401.4058278566485,405.3857144993521,409.36527701937746,413.3451088576344,417.3244418033384,421.3043497567808,425.2837447283243,429.26331960434936,433.2424529926976
3.789859e-04 3.789859e-04 2.492863e-01 0.00 0.44432867092751704 -0.0397827163256654 0.16270540009482176 0.5647692899377309 337.7955688026721,341.77585709875115,345.75575410330566,349.73621832797835,353.71631382599656,357.69699635442095,361.67736288441495,365.6581045765272,369.63852730257946,373.619341149278,377.5998614163063,381.58068912885653,385.5612195968422,389.5421172757008,393.52269193528105,397.5035227044859,401.48404598222,405.4648067619558,409.4453288198647,413.4258818206368,417.40616512608665,421.3865133560022,425.36657170847,429.346842558198,433.3266393875435
9.628106e-06 9.628106e-06 2.117442e-02 0.00 0.45354351850565455 -0.0397827163256654 0.15778953511616392 0.5647692899377309 335.1934548568949,339.1892412204372,343.1858202586859,347.18208084103725,351.1788567232458,355.17533241050074,359.1722231804757,363.1688073925256,367.16599495846106,371.16278322612015,375.15992889783917,379.15669391744365,383.15399450353675,387.1509563932335,391.1481427900153,395.1451636137171,399.14227013402564,403.13922120936377,407.136243147169,411.1330380344764,415.13003912740373,419.1266891209821,423.1235269677715,427.11994957024706,431.11692364055466
1.236967e-05 1.236967e-05 1.116420e-02 0.00 0.45330162527177414 -0.0397827163256654 0.16264868767033278 0.5647692899377309 335.1590066426086,339.1544704757057,343.15055061875,347.1463702148356,351.1427095288861,355.13884216182737,359.1353302287735,363.13156496645684,367.12833315151613,371.12454838075666,375.121348174157,379.11790024386244,383.1146274140748,387.11125415059587,391.10800622423034,395.1044124628163,399.10130323086787,403.097696077744,407.0944239957552,411.09083139916663,415.0873128846372,419.0835593035355,423.07995757436134,427.07613904947993,431.07243630724554
9.728725e-06 9.728725e-06 5.808594e-02 0.00 0.45715610208490887 -0.0397827163256654 0.15687318288248045 0.5647692899377309 331.7143928217647,335.7175203477652,339.71968936465225,343.7224225637552,347.724842082783,351.72786455422573,355.7304909386833,359.73371010585737,363.73645514866115,367.73988653564436,371.742758387379,375.74621201794565,379.74933258845385,383.75261738645855,387.75589820720523,391.7592770644087,395.7624088659536,399.7658729536617,403.76877186041526,407.77217738180144,411.77519383634296,415.7784605860345,419.7813204308101,423.78424774947723,427.7869675652726
1.336375e-04 1.336375e-04 1.742645e-01 0.00 0.4621225049705896 -0.0397827163256654 0.15732040275533715 0.5647692899377309 332.41578895151736,336.42666280743134,340.43711873799776,344.44826728638,348.4590811328819,352.47045317032774,356.4816127304649,360.4932397101374,364.50442937134915,368.51610028898165,372.5275713095473,376.5393943328221,380.5509391485809,384.56263988202306,388.5741399923888,392.58609348880094,396.597622710763,400.6093897006498,404.62094317243657,408.6327608269228,412.64401073884545,416.6556688628898,420.6668660027151,424.6784001510795,428.6904124430188
4.652847e-05 4.652847e-05 1.682740e-02 0.00 0.45930904017856033 -0.0397827163256654 0.16323678310347645 0.5647692899377309 332.02278287233383,336.02923101722206,340.03488998285184,344.04140487326924,348.04752680978225,352.05412676707635,356.06059401330697,360.06755799163375,364.07399640559714,368.0809607043956,372.0876026638263,376.094823517326,380.10150936590276,384.1086965485,388.11541129331835,392.1225501568223,396.1294447353767,400.1365614531994,404.14343475650907,408.1504000583102,412.15714434842295,416.1641215725565,420.17047602295315,424.177313166364,428.18367846941214
3.541471e-04 3.541471e-04 9.332440e-02 0.00 0.46649834643030097 -0.0397827163256654 0.1642179395547628 0.5647692899377309 329.00432481890294,333.0224188698866,337.040429764306,341.0582495276692,345.07669253981,349.09474187287395,353.1134787105217,357.13175279609294,361.150616532495,365.1691362380176,369.18808856970446,373.20683864547664,377.2259234576577,381.2446111961613,385.2637188207861,389.28254667127794,393.30161652003267,397.3204360496455,401.3395423677082,405.3584069255276,409.3774783107249,413.3963537543648,417.415024273842,421.4336360665326,425.45248877520544
1.157606e-06 1.157606e-06 1.967846e-01 0.00 0.45594090472080173 -0.0397827163256654 0.16025646530444954 0.5647692899377309 335.5431851263453,339.543204504792,343.5438938809908,347.54425303081274,351.5451975522985,355.54577855154184,359.5468709473371,363.54773207258035,367.5489278688148,371.5499336206459,375.5511705077803,379.5521158630874,383.5535813516413,387.55459281159216,391.55604851219533,395.5569392873667,399.55845991466236,403.5592917794615,407.5606324171234,411.5614758373925,415.5627287592706,419.563560968653,423.56449737914966,427.5652235643039
3.564941e-05 3.564941e-05 2.765300e-03 0.00 0.4588035100035711 -0.0397827163256654 0.16332502157207346 0.5647692899377309 331.95180548902573,335.95742945016264,339.9623293822229,343.9679439662237,347.9731902096037,351.97904375772004,355.98459703333646,359.99051372050917,363.9962555896828,368.0024276318945,372.0081656200021,376.01448556676746,380.02044717312526,384.0266506551573,388.03272590782314,392.03894176387877,396.04492396073414,400.0511338875668,404.05707525500117,408.063278598072,412.0690727667531,416.0750968944967,420.08092387218954,424.0867699752259,428.09240716913644
4.094122e-04 4.094122e-04 1.936988e-01 0.00 0.4673981155492433 -0.0397827163256654 0.15102957382779778 0.5647692899377309 329.12224666874295,333.14105473232024,337.1605545633248,341.17985870750573,345.1997109595524,349.2191034104683,353.23917521730925,357.25885643019404,361.27910197532395,365.29910006656365,369.3194556774684,373.33952255047734,377.36006466727224,381.38030305779716,385.4009328250097,389.4211254429246,393.44172196531963,397.4618677914733,401.48245237074906,405.50266474256847,409.52297380312734,413.54310746854406,417.5635355495558,421.5834580852019,425.60372229723055
9.751660e-05 9.751660e-05 2.249808e-01 0.00 0.44969309282950315 -0.0397827163256654 0.15360483408443698 0.5647692899377309 334.6222448721942,338.6115366228412,342.60141210074306,346.5908835252161,350.580982370729,354.57071891381304,358.56095416220506,362.5507203565431,366.5411057379441,370.5309810348007,374.5214996493401,378.5115966462177,382.5019906266613,386.49201091155976,390.48256897564863,394.4726131017899,398.46302955367446,402.4531427429251,406.44341757588177,410.4335497225121,414.42371119697344,418.4135761654879,422.4036927769368,426.39350564483783,430.3833927265958
2.434362e-05 2.434362e-05 4.671337e-03 0.00 0.45821550495958707 -0.0397827163256654 0.1573374321107417 0.5647692899377309 331.86580236528715,335.8702379241154,339.87406471750916,343.87871283459793,347.88293680937915,351.88757577178643,355.89126594349335,359.89716638364195,363.90179895324803,367.9069622959225,371.9117189099805,375.9168543714447,379.92175352056466,383.92695352514176,387.9320391554937,391.9372002239916,395.9421495700677,399.9471835566994,403.95233727613703,407.95733271653756,411.9621681272469,415.9672146907656,419.9718858304387,423.97675045268926,427.98115672089904
1.875455e-05 1.875455e-05 2.091753e-03 0.00 0.4528341527645465 -0.0397827163256654 0.15280626623295965 0.5647692899377309 335.08692471682843,339.0816131661413,343.07692611366554,347.0718831132976,351.06731862409447,355.06260740811297,359.0582888721936,363.0537386572617,367.04951451318755,371.0450545873089,375.04105330499345,379.03664410838485,383.0325574965066,387.02814512755964,391.02413979146075,395.01967888190916,399.01568972659516,403.01134949883607,407.0070779653945,411.00263133860796,414.99826237742906,418.993781147135,422.9894000561459,426.9845223235733,430.9797420931076
2.057624e-04 2.057624e-04 2.776008e-02 0.00 0.4637869189811061 -0.0397827163256654 0.15746795186995535 0.5647692899377309 332.6477918561115,336.66150158347324,340.6747011451556,344.6886790758461,348.7022699138777,352.716415724871,356.7302626465523,360.74479435051217,364.75880313454024,368.77325417650513,372.7875011701163,376.80195038312047,380.81645380650326,384.8309150565719,388.84519660068077,392.85981713228267,396.8742009753112,400.88876773519854,404.9030193171767,408.9176379086647,412.9317553698952,416.94614246448975,420.96035995186406,424.97473541231807
5.199477e-04 5.199477e-04 4.505102e-02 0.00 0.44252454276845854 -0.0397827163256654 0.15514662985836725 0.5647692899377309 337.5134829455288,341.49044631946225,345.46695221834847,349.4442011618879,353.42104977155776,357.3984541350487,361.375480814582,365.3529422201492,369.3300806529851,373.30753769322223,377.2847076674234,381.2623010841026,385.23951301508276,389.21715309367534,393.1944432513224,397.1721733402634,401.14918314993025,405.12651400772535,409.10365388268076,413.0808931646062,417.0578648784952,421.0350857124014,425.0118367291756,428.98878243542276,432.96538938706806
2.931975e-05 2.931975e-05 1.198177e-03 0.00 0.45848913214008175 -0.0397827163256654 0.15909746335003822 0.5647692899377309 331.90551276650604,335.91043724289733,339.9148447555379,343.91987860688874,347.9246280211422,351.9299437907081,355.93472512382687,359.94035808378845,363.94547672468883,367.95105381629503,371.9563088875649,375.9620335920169,379.96732983878286,383.97317752084325,387.978527993078,391.98421738225534,395.98962124190746,399.9952678033473,404.0007198280753,408.0063408091254,412.01166021558765,416.0170983829875,420.0223258968907,424.02767481569697,428.03263083619584
1.135151e-05 1.135151e-05 1.442046e-02 0.00 0.453408461912908 -0.0397827163256654 0.15529834332123188 0.5647692899377309 335.17147752823314,339.1671172227122,343.16344128368945,347.15942827404524,351.1559454535972,355.15207898734985,359.14880011219896,363.1451876663543,367.14198798322667,371.1385842577277,375.13535503645784,379.1319260182031,383.1289489683997,387.1256159194739,391.12261565436467,395.1192874819122,399.11616355428345,403.11269550013867,407.10965140139217,411.1061586020336,415.1027931560061,419.0993403694361,423.09582526153645,427.09204906999963,431.0885989501998
1.643216e-05 1.643216e-05 3.183332e-03 0.00 0.45299365250458046 -0.0397827163256654 0.165015529289787 0.5647692899377309 335.1145366805364,339.10960249285955,343.10520818299676,347.10055435152344,351.096469511775,355.09196263952117,359.08799790857927,363.0836386461287,367.079837634968,371.0757272950781,375.07199171382786,379.06789441790806,383.06421797282263,387.0601680258333,391.05649653140983,395.0524976690767,399.04858213967,403.0445592863518,407.0406405180431,411.0364973362243,415.0325716167041,419.02821974231307,423.024071854132,427.0197371382381,431.0153621863421
4.874183e-04 4.874183e-04 7.382851e-02 0.00 0.44291824412264913 -0.0397827163256654 0.15693046782866527 0.5647692899377309 337.5754833428876,341.55321472653145,345.5305636688997,349.5084143905657,353.48599575172165,357.46401435090775,361.4418167865738,365.42001200912273,369.39785632126035,373.3761421739371,377.35405859293377,381.33235386535426,385.31034344737884,389.2885692227086,393.2665427422304,397.2448600028226,401.2228533198047,405.2009346422426,409.1787803476636,413.15687429032363,417.13448456808965,421.1123229513515,425.0898614593746,429.06749392941634,433.0448244137637
3.060244e-04 3.060244e-04 9.381477e-02 0.00 0.4454327888378555 -0.0397827163256654 0.15619361831368048 0.5647692899377309 337.9636934867202,341.94595318214016,345.92774136219816,349.9102135790851,353.8923649050609,357.8750642667001,361.85731538090704,365.8399666584849,369.8224764094229,373.8051841926702,377.7877064573285,381.7705138954758,385.7530923086348,389.7359223703055,393.718439117579,397.70124860419395,401.6837057231546,405.6665416754171,409.6489063958582,413.6314296230641,417.61379552120076,421.5961344799626,425.5780718479958,429.56039890888684,433.54210687126266
2.967735e-05 2.967735e-05 1.117740e-03 0.00 0.45851666577909533 -0.0397827163256654 0.1579656790323266 0.5647692899377309 331.90860524231147,335.9134926345063,339.9179276478483,343.9230534462523,347.9277856028865,351.9330012006892,355.93806775993767,359.943488187361,363.9486894718648,367.954302084873,371.95967649954144,375.9652685557471,379.9707120886323,383.97651932608636,387.9819908286269,391.9877075177503,395.9931828728012,399.99887973484346,404.0042592960935,408.00997167996564,412.0152806994046,416.0207781667876,420.0260212612929,424.0314019967157,428.0364350099011
4.054530e-04 4.054530e-04 1.861868e-01 0.00 0.46731922552422644 -0.0397827163256654 0.16000253592837455 0.5647692899377309 329.11467194277503,333.1334922253547,337.15300758008965,341.1721086792519,345.191861369424,349.2112717598428,353.2311515994217,357.25084754257637,361.2710131694436,365.2907784515572,369.3111735176986,373.3311669924084,377.35160761846527,381.37176282448775,385.3922327525537,389.41227838267685,393.4328799708261,397.4528790361365,401.4733992768702,405.49344550352305,409.5138488782128,413.53385763131894,417.5540936131377,421.57392873756305,425.59392683871886
1.799769e-06 1.799769e-06 1.022532e-01 0.00 0.4545692159931684 -0.0397827163256654 0.15750419182146613 0.5647692899377309 335.34190214271337,339.33955480359,343.337864053373,347.3357829958193,351.3343955558297,355.33269934784227,359.3313408792266,363.3298078241263,367.3286128552382,371.32711462385794,375.3261111091611,379.3247259023646,383.3236861293073,387.32235417801246,391.32135824845636,395.32003974790103,399.31893752138774,403.317584581461,407.31649725860495,411.31492034724323,415.31375112475854,419.312187341131,423.31075148060717,427.3090380013573,431.3077874096329
3.452170e-04 3.452170e-04 1.703389e-01 0.00 0.44483128589014376 -0.0397827163256654 0.15477727371211236 0.5647692899377309 337.87050689082673,341.85168475433744,345.8325209128273,349.81388865077804,353.79496611614843,357.7763040374794,361.75745853283803,365.73914786648044,369.7204519244377,373.70218962520295,377.6836006022606,381.665389650976,385.6469764877381,389.628629575171,393.61008114824716,397.59174245921906,401.57305428543583,405.5547589166529,409.5360179799606,413.51750344803594,417.49877900415726,421.48004240296746,425.46094970514133,429.4422388042441,433.4229584657919
1.356194e-05 1.356194e-05 8.104764e-03 0.00 0.4532106453586722 -0.0397827163256654 0.16333917910842252 0.5647692899377309 335.14519192158156,339.1404793212361,343.13649954893117,347.13212714749386,351.12835636187305,355.1242335596007,359.120709728226,363.11670016395016,367.1133310160641,371.10952692956164,375.1060023574851,379.1024026758048,383.0989775925549,387.0953446511756,391.09194991887347,395.088337909511,399.0849658140436,403.0809743615324,407.0777517976471,411.0739910073481,415.07048616915404,419.0665212604173,423.062758068582,427.05860320547674,431.05480396454584
4.196395e-04 4.196395e-04 1.736332e-01 0.00 0.4437794414740801 -0.0397827163256654 0.16199735036282684 0.5647692899377309 337.7105981645109,341.6899336624749,345.66880602896845,349.6483230059621,353.6274744348787,357.6072296488447,361.586547346625,365.5661676034675,369.54570851662544,373.5255594919597,377.5050490256038,381.4849044341151,385.4645252001577,389.44438960432683,393.4238743830603,397.4038338550612,401.3833370484461,405.3630226516793,409.3424545618816,413.3220067560723,417.3012655819463,421.2807300951178,425.2599139207005,429.2391609388659,433.2181769617747
8.778991e-05 8.778991e-05 2.306624e-01 0.00 0.44999103873472074 -0.0397827163256654 0.15227900729772725 0.5647692899377309 334.6661951168948,338.6559162001861,342.6462411263295,346.63620032446465,350.6266879693335,354.6170062212159,358.6077020105854,362.5980933590589,366.5890034378925,370.57952151224384,374.5704975997077,378.56106941601274,382.5521243914923,386.54280593446947,390.5336123357005,394.5244422658179,398.51521251869036,402.5058821099921,406.49682184359705,410.48717202470084,414.4779206160257,418.4685181585973,422.45879913045763,426.4491847227849,430.4393097037365
3.423413e-04 3.423413e-04 1.716136e-01 0.00 0.4448898967572765 -0.0397827163256654 0.15592546930104256 0.5647692899377309 337.8799417196465,341.8613045545831,345.842079285611,349.82364177473227,353.8047069493569,357.7863487898268,361.767578248225,365.74936974199227,369.730821915362,373.7125230507591,377.69410615752867,381.67613322345755,385.6576045534068,389.63947239344816,393.62104960809245,397.60283029684615,401.5843067151861,405.5660257346771,409.5473233716546,413.5290760542271,417.51027885357314,421.49180893580444,425.4730577137321,429.45414577545625,433.43495866790454
2.649559e-04 2.649559e-04 4.046544e-02 0.00 0.4460944443124118 -0.0397827163256654 0.16462632439731245 0.5647692899377309 338.0685996321183,342.05202774065975,346.03508586641993,350.018714565677,354.0020392258935,357.9859486396764,361.96938540740564,365.9534129474351,369.93704279049996,373.9211100796635,377.90486036959123,381.8889584569549,385.8727724161459,389.8569041134595,393.84063636100115,397.82453090321025,401.8082028723075,405.7922361860454,409.7757713756576,413.7596427640188,417.74314693850096,421.72679848259423,425.71019949100986,429.69370548888395,433.67686211795046
3.022822e-05 3.022822e-05 1.059784e-03 0.00 0.4585440063194219 -0.0397827163256654 0.1530875119409093 0.5647692899377309 331.9117334766011,335.91678518010474,339.9211819268598,343.9262898746004,347.9310738362952,351.9364640711706,355.9415477764467,359.9470197267864,363.95232621374447,367.9578954336767,371.963260195369,375.96900333721015,379.9744448378358,383.9802960240033,387.98578325082497,391.9915769934766,395.99703640050825,400.0028508322628,404.00827978113284,408.0139914800853,412.0193541110749,416.02482509814683,420.0301926396871,424.03564612521177,428.0408487277008
2.941068e-04 2.941068e-04 7.518656e-02 0.00 0.445603573609098 -0.0397827163256654 0.1616237593022807 0.5647692899377309 337.9920871243371,341.97458751414655,345.9567739182988,349.9396738000829,353.92215514983764,357.9051855209175,361.8876806972518,365.87086426656606,369.85361106426757,373.83667836024836,377.8194714522168,381.8026916844112,385.78554847268305,389.76866117711853,393.75153156440615,397.73462827437055,401.7175451595308,405.70064045111104,409.68331566238584,413.66632726233695,417.648829614349,421.63159972233586,425.61400905489575,429.5966481785309,433.5786432089559
3.961637e-06 3.961637e-06 6.627547e-02 0.00 0.45419367636891733 -0.0397827163256654 0.1624841247469615 0.5647692899377309 335.2888312610023,339.2859797489291,343.2837065017823,347.28103609390195,351.27893801773075,355.2765631761704,359.27470678046404,363.272499371574,367.2706626856349,371.26859484642716,375.2668591944162,379.2648904019509,383.2632826549511,387.2612573433076,391.2596507792849,395.25766917833937,399.2560694849515,403.2539789368382,407.25221603682354,411.2500140467951,415.24815683538134,419.24602809340706,423.2439623713254,427.2414903365728,431.2393332023882
1.478477e-04 1.478477e-04 6.472889e-02 0.00 0.44841799367407686 -0.0397827163256654 0.1533711488308846 0.5647692899377309 334.43082129419014,338.41766602144924,342.40519779602954,346.392326595067,350.3801530561516,354.3675426476388,358.3556196502119,362.343080642454,366.3311779215059,370.31909463222354,374.3071754811835,378.29484952908274,382.2830147111404,386.27085602292044,390.2590674947238,394.2468562235046,398.2349143857887,402.2227465639713,406.2108298365093,410.19863828194883,414.1866292235419,418.17418291214926,422.1618741247967,426.1494189101631,430.1369335337631
2.890732e-04 2.890732e-04 6.734461e-02 0.00 0.4456967935797115 -0.0397827163256654 0.16015814124457234 0.5647692899377309 338.0053691312092,341.988034436839,345.9703689437589,349.9532551550102,353.9358759513231,357.9189812931556,361.90179586677306,365.8849726288543,369.8679023250311,373.8512046539606,377.83417574209545,381.8175899697227,385.8006128834327,389.7838920142858,393.76683243590304,397.7501473691865,401.7332284458826,405.7163662346138,409.6991424852667,413.6823857973244,417.6648556887172,421.6480846970245,425.6304677390179,429.6132333530029,433.59543223844554
3.832402e-05 3.832402e-05 2.708601e-02 0.00 0.4517779411254041 -0.0397827163256654 0.1637744035027819 0.5647692899377309 334.9346342959015,338.92745810112075,342.92093315674805,346.91403874167867,350.9077972927777,354.9012212571063,358.89506677555215,362.8887959957585,366.88278756929134,370.87646250583134,374.8705196041696,378.8643064335753,382.858447971287,386.85230223144293,390.84651065394695,394.8404077487806,398.8344821354517,402.82833579356617,406.82230932523225,410.8160704145876,414.8098606834076,418.80340262491893,422.7971775818488,426.79046826594214,430.7841115304615
1.621578e-06 1.621578e-06 1.800955e-01 0.00 0.45605855063089834 -0.0397827163256654 0.16038617882631281 0.5647692899377309 335.55948882040076,339.5598130977859,343.5606969418563,347.56121508029076,351.5623806218185,355.56313994724394,359.5645224222319,363.56548857585096,367.56682262628607,371.56801700502916,375.56962337327593,379.57066357095766,383.5723320782298,387.57362176575134,391.57503680647284,395.5763586130553,399.57798174872454,403.57916348218953,407.5805218250021,411.58157696579127,415.58299991718417,419.5839336602789,423.5853371770423,427.5860917203894
8.141661e-06 8.141661e-06 2.928156e-02 0.00 0.4536910235315288 -0.0397827163256654 0.16017246208259164 0.5647692899377309 335.2154365307315,339.21152246632846,343.20841910622534,347.2047945675636,351.20191984872713,355.19853081035,359.1958349455257,363.19282504903174,367.19014004282946,371.1870941479356,375.18464978084216,379.1816354800781,383.1791484351474,387.17621894060136,391.17385196622473,395.17087265193334,399.16849701545294,403.1655381474454,407.16279470249947,411.1598992814882,415.1572210189619,419.15401357308576,423.1511225570094,427.14785359734356,431.1449581881863
5.840705e-06 5.840705e-06 9.628502e-02 0.00 0.45673172739750023 -0.0397827163256654 0.16109654421845288 0.5647692899377309 331.65515823102896,335.65791857386563,339.65936255157374,343.6613282473892,347.66304828356965,351.6653613656819,355.66723105808563,359.66985301898364,363.67199041314456,367.6745523242072,371.67687864645995,375.679547013149,379.6818881169074,383.68444352495317,387.68697545700616,391.68973633283656,395.69210709834647,399.6949253538136,403.6971833075569,407.699867591408,411.702089926037,415.7045970860074,419.7068241718045,423.709137696156,427.7110915132794
1.109014e-06 1.109014e-06 1.214788e-01 0.00 0.45472594337032574 -0.0397827163256654 0.1605130758986139 0.5647692899377309 335.3663016322634,339.36425337807043,343.3628660364284,347.36115448783437,351.35997192864335,355.3585349374318,359.35750864460596,363.3561376183076,367.3553329231341,371.35421936200845,375.35343306278673,379.3523254665826,383.35158309603406,387.3504659565418,391.3498050183658,395.3487202275129,399.3480200519804,403.3469869474445,407.34606269298166,411.34486168977196,415.34395785835136,419.3428643465924,423.3414098677303,427.34005787015155,431.33932238399115
2.749767e-07 2.749767e-07 2.486748e-01 0.00 0.45561919043561716 -0.0397827163256654 0.16001788007990425 0.5647692899377309 335.49612558014996,339.4956493477649,343.4958198035362,347.49561235967656,351.49598211810076,355.49596026103126,359.4966124406108,363.49681547518156,367.49746994661433,371.4978377587402,375.4986575023283,379.49911749783604,383.4998186188044,387.5003842173401,391.501239288235,395.5016398282517,399.5023953138413,403.502831459174,407.5036569795602,411.50408683440105,415.5046175236987,419.5047061397013,423.50518749013935,427.50516538739265
6.669855e-07 6.669855e-07 2.201083e-01 0.00 0.4557915640772339 -0.0397827163256654 0.16104845973282075 0.5647692899377309 335.5213539015204,339.52112222633167,343.52163678351206,347.52172919495774,351.52235399568104,355.52275289742335,359.523591457646,363.52407491054237,367.52499348547855,371.5257233101349,375.5267997853934,379.5275379983924,383.52863441472476,387.5294556843641,391.53053747038456,395.5313845377775,399.5324175891482,403.53315996955536,407.53419244748426,411.5346980204918,415.53565811639726,419.5363525558358,423.53700973061325,427.53732415060074
2.233969e-05 2.233969e-05 9.261090e-04 0.00 0.45262303148933747 -0.0397827163256654 0.1606848123491917 0.5647692899377309 335.0584183978844,339.0528493196398,343.0478849532519,347.04240286888745,351.0377233735941,355.03245648573824,359.0279130318973,363.02303794017337,367.01842999153985,371.0136367179816,375.009166919843,379.00438540111867,383.000147271331,386.99534500068245,390.99103049492123,394.9863000438223,398.9818347649388,402.9771355711734,406.9725453076031,410.967684472053,414.9630511448595,418.9581994936815,422.9534076201242,426.94822398399685,430.943164452503
1.962814e-05 1.962814e-05 1.302398e-02 0.00 0.4579109275820352 -0.0397827163256654 0.16235304754472518 0.5647692899377309 331.8242637394329,335.82812801192375,339.83157691484683,343.83572312988224,347.8392512488728,351.84369935578405,355.84758671520314,359.85213687365035,363.85628845306513,367.8608451781745,371.86517810397,375.86997132956657,379.874198901896,383.8790196331328,387.88352168067894,391.88811689045866,395.89262858995676,399.8972537693543,403.90167194889256,407.90637150513675,411.91060962679654,415.91510427649655,419.91926688800385,423.923736019456,427.9276808474183
5.636509e-08 5.636509e-08 1.915659e-01 0.00 0.4552366073681804 -0.0397827163256654 0.15993023729419173 0.5647692899377309 335.4413699527329,339.44021836222515,343.4397772483494,347.4388394688915,351.4386365281805,355.4380719638959,359.4379258313871,363.43759064781824,367.43750902743466,371.4372535341406,375.4374254449243,379.4371377960538,383.4373660453448,387.43708889520246,391.43732581078353,395.43719105050695,399.43728614007176,403.4371154133927,407.43717735454294,411.4369125943101,415.4367921179234,419.43643194137826,423.4361282160326,427.43561648173943,431.435880565051
2.105783e-05 2.105783e-05 6.725650e-04 0.00 0.4527058571724157 -0.0397827163256654 0.15915172307885533 0.5647692899377309 335.0698434828208,339.0642775465754,343.05937867624664,347.0542478548617,351.049544119247,355.0445378680862,359.0400004748029,363.0352241710502,367.0308419561958,371.0259621564261,375.0219107395517,379.01732960550123,383.01298597622116,387.00847737467603,391.00420515097466,394.99963552507904,398.9952447246565,402.99069147731507,406.98627337830277,410.98163558206153,414.97714851777084,418.9723512016306,422.96762076273103,426.962682196604,430.9577475913007
4.554159e-07 4.554159e-07 2.337468e-01 0.00 0.45570517497314983 -0.0397827163256654 0.16034454454003 0.5647692899377309 335.50912913905853,339.5087440978101,343.5090099445249,347.50900839846986,351.5095497048754,355.50974082324103,359.5105165021675,363.51081882479616,367.51163857259877,371.5121807826868,375.5131190832291,379.51375979239225,383.51480195022,387.5153269652467,391.51636070354374,395.5168651931917,399.51788606183527,403.51848008734584,407.5193542125037,411.519888972664,415.5206124220817,419.520931646345,423.5215138439316,427.5218811518274
2.050881e-05 2.050881e-05 1.092271e-02 0.00 0.4579776165928613 -0.0397827163256654 0.16025913339308995 0.5647692899377309 331.83277874426295,335.83673607519427,339.8402669415213,343.8444305375697,347.8482351515389,351.8525923404652,355.856798828242,359.8613280063004,363.86559115288776,367.870325578946,371.8747132124849,375.8794076154495,379.8840061631524,383.8887615933679,387.8933199548056,391.8982231867753,395.90277260662367,399.907486994871,403.9120351661088,407.91687154150685,411.9210830698225,415.92575085566966,419.93004586452605,423.9344938150466,427.93857292129326
1.738776e-07 1.738776e-07 2.401571e-01 0.00 0.45554530942521937 -0.0397827163256654 0.16031505595507375 0.5647692899377309 335.4863851666286,339.4858676388827,343.4858891382072,347.48563590625844,351.4858184619156,355.48591956120663,359.48630087919656,363.48634910447646,367.4869698732944,371.48716482408247,375.48788955225325,379.488107760053,383.4888570337877,387.48931217650187,391.48998653277647,395.4903609948141,399.4909733261249,403.4913062392722,407.4918809984724,411.49223164128347,415.49260334102183,419.4928111247163,423.4930883981871,427.4929988785577
7.767426e-06 7.767426e-06 3.161194e-02 0.00 0.4537357971734768 -0.0397827163256654 0.15960274504821703 0.5647692899377309 335.22109980943446,339.2174325678651,343.2143231166356,347.21084688478027,351.20799462258213,355.2046811465336,359.2020423588166,363.1989468060475,367.19639887533555,371.1934872609414,375.1909540975691,379.18806767588916,383.1857910880301,387.18295640770276,391.1804543654376,395.17770098207217,399.17513977935977,403.1722673883623,407.1698447737361,411.1668667983026,415.1642630429704,419.16101495695244,423.15827340750474,427.15523158554873,431.15222418867125
2.287654e-05 2.287654e-05 6.710059e-03 0.00 0.45811025435102415 -0.0397827163256654 0.1605684902198998 0.5647692899377309 331.8529606128385,335.857115419111,339.8610020349056,343.86540827479865,347.86944254376874,351.8742155541655,355.8784334601848,359.8832321991295,363.8878045585709,367.8928891079675,371.89738938460886,375.9025369707917,379.9072494854054,383.9122857918469,387.9171777773391,391.92225394980414,395.926976318782,399.9320989053861,403.9367555810381,407.94178590220014,411.94651305101877,415.951213902288,419.95584984711076,423.9605050648741,427.9649391914104
1.293609e-05 1.293609e-05 9.609910e-03 0.00 0.4532583125630917 -0.0397827163256654 0.1608594174910897 0.5647692899377309 335.15223572361015,339.1476079333005,343.14373811658146,347.1394617524429,351.1357134300622,355.1316797543243,359.12819526136525,363.1243665197881,367.1209131529932,371.11724923722903,375.1140116130164,379.11020348818266,383.1070294129795,387.1034400679467,391.1002566540831,395.09660699577785,399.0933176069978,403.08963054923777,407.0864023444387,411.0826615399801,415.07905584187824,419.0752317387837,423.0716823824414,427.0675419919624,431.06393649590865
1.216708e-07 1.216708e-07 1.759380e-01 0.00 0.45513917605174514 -0.0397827163256654 0.1604966988276601 0.5647692899377309 335.4265579262347,339.42522399436433,343.42457751598414,347.4235639243494,351.42308777934994,355.42222355035574,359.4219945785758,363.4213173276537,367.42125553330914,371.42062961426507,375.42084272990064,379.4203227050847,383.42030614090055,387.4199480440432,391.4198053703362,395.4196675820424,399.41954057117164,403.41908585793834,407.41905223708517,411.41857629640924,415.418331425561,419.4176578953846,423.41729359395583,427.41668128117647,431.41692219213996
2.382140e-06 2.382140e-06 1.574426e-01 0.00 0.4562185985210927 -0.0397827163256654 0.15902816909153328 0.5647692899377309 335.58308210095885,339.583684894504,343.5848192751612,347.5856088372772,351.58710754947055,355.58815772975515,359.58974626441665,363.59104653313705,367.59264258017373,371.5940963820171,375.5958050276383,379.5974112451192,383.59919852639615,387.6007349925301,391.60262316105985,395.6041341512913,399.60595756489914,403.60742936564094,407.60917015380033,411.6105437614567,415.6121345415378,419.61346887825454,423.6148464366835,427.6160403543097
2.123175e-05 2.123175e-05 9.449794e-03 0.00 0.4580177963698634 -0.0397827163256654 0.16185052626555632 0.5647692899377309 331.83931575576196,335.843212145909,339.84685051833833,343.8511116753671,347.85503461089485,351.859566967959,355.86362361448914,359.86840863473265,363.87271968380776,367.87736555391774,371.8820096657527,375.88681885387166,379.8913870422713,383.8962807767801,387.90100123893353,391.90595924010995,395.9104792230953,399.91548684160244,403.9199491974196,407.92466988928794,411.9292703487186,415.93393499871235,419.9382819638519,423.94273108316895,427.94699951189546
5.586453e-05 5.586453e-05 3.756171e-02 0.00 0.4597107002492298 -0.0397827163256654 0.16046179272469405 0.5647692899377309 332.0784442882306,336.08523165660824,340.091696913629,344.0987756700644,348.1056575175094,352.1129873879608,356.1199240110386,360.1273865273831,364.13462660057434,368.14228954323465,372.1496979342398,376.15736681263724,380.1647588440955,384.1725905127414,388.1800573791239,392.187958308642,396.19540578490376,400.2031061673136,404.2105260782155,408.2183323748769,412.22555615553586,416.23307533457387,420.2404137634773,424.2478022056831,428.2547883279475
7.337356e-06 7.337356e-06 7.946088e-02 0.00 0.456912820367971 -0.0397827163256654 0.1548476407197052 0.5647692899377309 331.6792696639596,335.68229593006276,339.6839373267559,343.68638601663736,347.68844749169034,351.69091193149035,355.69309533160765,359.6959344848431,363.69831843084404,367.7012543754733,371.7038288985776,375.7067954088031,379.709539933893,383.71248768409015,387.715151297284,391.7182996930878,395.7209047387348,399.72386780556855,403.7266342147814,407.729492290336,411.73207745973485,415.7348489377923,419.737309568056,423.7399411900773,427.74222927312616
5.920577e-06 5.920577e-06 4.562574e-02 0.00 0.4539415480941379 -0.0397827163256654 0.16077173439647546 0.5647692899377309 335.25167862424354,339.248370225526,343.2456821701586,347.24247839095625,351.23998289717076,355.2371032141524,359.2348382691508,363.2321114354281,367.2298420984999,371.2273703438531,375.22521246821975,379.22272638890917,383.2206618505171,387.2182092596094,391.216011739205,395.21368348074157,399.21150432506636,403.2090578992004,407.206872765003,411.20436296207606,415.2020068549067,419.1993037067559,423.19684850256704,427.1939914105472,431.19143311806715
6.537518e-07 6.537518e-07 1.382803e-01 0.00 0.45486217918942484 -0.0397827163256654 0.16003182794971982 0.5647692899377309 335.38617637319567,339.3843437519803,343.3831775236101,347.38178559543604,351.3807917327081,355.37950208086306,359.3787263609308,363.3776507250162,367.37699367201174,371.3760316254726,375.37557336254474,379.3746830762536,383.37413291524456,387.37339286468693,391.37287936058254,395.3720144537199,399.3715078257787,403.3706819064318,407.3700109030311,411.36911827824525,415.3684340979441,419.3673654620639,423.3664403339617,427.3653280067428,431.36499310064585
1.087506e-05 1.087506e-05 1.615128e-02 0.00 0.4534401781600564 -0.0397827163256654 0.1585980687358272 0.5647692899377309 335.1776411021017,339.17330976038915,343.1697309626834,347.1657783192559,351.1622332239958,355.1585447746191,359.1553731307812,363.1516851959409,367.1485483140069,371.14520065069695,375.1420712974805,379.1388918913625,383.1359834151537,387.1326113689127,391.1296820668501,395.12641290660923,399.12340707526795,403.1199745285044,407.1169511214989,411.1135094964702,415.11036146866803,419.1068639601953,423.1034411056922,427.09974582009863,431.09641525478594
1.210398e-05 1.210398e-05 4.238422e-02 0.00 0.4573630996908841 -0.0397827163256654 0.15958673033905793 0.5647692899377309 331.7447025878002,335.7478419800774,339.75033880827453,343.7535285123448,347.75623324910924,351.7596363932034,355.7626141186871,359.76618614405965,363.76936715635776,367.77306649435343,371.77641022825253,375.7801017955841,379.7835635137344,383.78734840345265,387.79082555261533,391.7946564161079,395.7981483601865,399.80194270133455,403.8054386186981,407.8090675558621,411.8123018562763,415.81601771382884,419.819208574353,423.82259176666827,427.8255056904121
7.472826e-05 7.472826e-05 1.664138e-01 0.00 0.4503859184033465 -0.0397827163256654 0.1596806790717493 0.5647692899377309 334.72777688026866,338.71802654865377,342.7091550758351,346.6997495481113,350.69096775684324,354.68188872524655,358.6734244777426,362.664470331955,366.65615528073556,370.64738533660983,374.6390602693817,378.63035789109307,382.6221503434749,386.6135129549547,390.6053212082797,394.5964907788297,398.58819781826395,402.57964764486013,406.57121522655456,410.56246958175666,414.55377544929047,418.5448993497243,422.5361678104366,426.52709080620195,430.51819682179826
4.852564e-08 4.852564e-08 1.897518e-01 0.00 0.4552306271903006 -0.0397827163256654 0.16109045344092815 0.5647692899377309 335.44031287405915,339.4390110823842,343.4386352232015,347.4376932128429,351.4375022608701,355.4368270248329,359.43674449919456,363.43619407189533,367.4362663312236,371.43589150835913,375.4359506525746,379.4357923361648,383.4359401938295,387.43571045200906,391.4359333350091,395.4357250631651,399.4359065048942,403.43560936313037,407.43564852202815,411.43542507759616,415.4352616407054,419.4347996885001,423.43450465286054,427.43407961514725,431.4342308593956
6.535814e-08 6.535814e-08 2.224692e-01 0.00 0.4554507522305661 -0.0397827163256654 0.15575825742212882 0.5647692899377309 335.4707841160871,339.4699745036897,343.46978764441633,347.46926116483377,351.4694658037882,355.4692224091226,359.46941678903585,363.4693032455745,367.4696948273327,371.4697307221035,375.47038243532313,379.4704167475928,383.47094388900786,387.47121988293924,391.471715971353,395.47191727267966,399.4724285238203,403.4724783884649,407.47292914125455,411.4730039811661,415.473176993154,419.47314132395684,423.4733019764202,427.4730845135182
1.595743e-05 1.595743e-05 3.775590e-03 0.00 0.453048626465377 -0.0397827163256654 0.15580109361150965 0.5647692899377309 335.1193020332334,339.11442128921243,343.1101077991756,347.1054358473218,351.1013180902457,355.09688664827513,359.0930493065275,363.08880116797366,367.08506587752885,371.08088202821637,375.0773184774416,379.07321225403825,383.0694903099643,387.06548668451165,391.06201875323984,395.0580331217711,399.05434387290353,403.05025468756037,407.0464633907359,411.0423414833962,415.038465930874,419.03415732318507,423.03021605729606,427.0257259925384,431.02154538414936
1.014486e-07 1.014486e-07 2.298451e-01 0.00 0.4555046221296707 -0.0397827163256654 0.15449335648395737 0.5647692899377309 335.47745311294483,339.4766431499135,343.4766433355328,347.47632399749335,351.47638360222885,355.47623515095694,359.4765265342536,363.47657301352297,367.47702744863386,371.4772396895444,375.47765021658927,379.4779609472271,383.47852222315737,387.47877633813874,391.4794018865963,395.4796564429025,399.4801313943355,403.48042417794176,407.4809100244331,411.48105392686773,415.48139330408253,419.4815011788252,423.481672007957,427.4814010675119
2.812745e-08 2.812745e-08 1.999458e-01 0.00 0.4553185629922445 -0.0397827163256654 0.1535117327777459 0.5647692899377309 335.4499838156076,339.44903420585416,343.4486088502753,347.4478986156504,351.44765774092855,355.44718767566013,359.4471715730296,363.44681473439454,367.44697012227994,371.4468076685347,375.447055150976,379.44683730996,383.4471531598499,387.44702297448134,391.44733909615553,395.44729819589327,399.4474715313689,403.44743939802936,407.44754531869927,411.4472602833526,415.44735471948565,419.44721456006334,423.44688233358454,427.4464593807012,431.4465245112221
1.202866e-06 1.202866e-06 1.946278e-01 0.00 0.4559792150998639 -0.0397827163256654 0.15109179108437415 0.5647692899377309 335.5452737640745,339.54535226392534,343.54606549209467,347.54642879530036,351.5473910105525,355.5479960674787,359.5490788194904,363.54995083288344,367.55115017708783,371.55210883105013,375.5535911563035,379.55452388231515,383.55592980244745,387.55698044676006,391.55849248917787,395.5595157750619,399.56083424876823,403.5618356509397,407.56323146673674,411.56414211550987,415.56526442102887,419.5660746849711,423.5670918065325,427.5677588441891
3.368948e-06 3.368948e-06 7.421875e-02 0.00 0.4543022096632098 -0.0397827163256654 0.15382983546440213 0.5647692899377309 335.3017267969147,339.2988586007055,343.2966881163864,347.2942825714273,351.29223096611804,355.29005892331236,359.2883197351037,363.28618211464794,367.28457311541433,371.28272731858976,375.281092731024,379.27910276339315,383.2778313815461,387.2759539170355,391.2745102948833,395.27264644885776,399.2711517797673,403.2693565426998,407.26769367330127,411.2656990130207,415.2640501455065,419.2619275955826,423.26012957032356,427.25778291870336,431.2557309632038
4.693927e-08 4.693927e-08 1.900137e-01 0.00 0.45524802821695876 -0.0397827163256654 0.15411832494361694 0.5647692899377309 335.44067140864735,339.4393298887839,343.4388356265047,347.43796518821733,351.4376565046917,355.4370142920499,359.4369615795658,363.436473285559,367.4364872104677,371.43628485117955,375.43627459641897,379.43608293081763,383.43619240884505,387.4360494700045,391.4361192327902,395.4360409132388,399.4361843462862,403.4359040970992,407.43586420455625,411.43565673827453,415.43565395300107,419.4351969953994,423.4350169442488,427.43434556371824,431.43457609926963
1.994135e-07 1.994135e-07 1.667279e-01 0.00 0.4550849630907597 -0.0397827163256654 0.15462406232856904 0.5647692899377309 335.41711336119846,339.415575390374,343.4148966660762,347.4137190733782,351.41315130594677,355.41219383056364,359.4118163195987,363.4110748244523,367.4108934566353,371.4102535357856,375.4101179358915,379.4096498247946,383.40948386120095,387.4090566809269,391.40896348560443,395.40841402702506,399.40828126960395,403.4078540423746,407.40765135103607,411.40703171213204,415.4066292473707,419.40588691272916,423.40547257278683,427.40468178624036,431.4048869600137
2.578088e-05 2.578088e-05 3.142941e-03 0.00 0.4583064283551184 -0.0397827163256654 0.15491634628075732 0.5647692899377309 331.8778655121714,335.88234628014266,339.88650216853534,343.8911362378929,347.89552121787045,351.9005150477235,355.9050956906167,359.910209373768,363.9150565003659,367.9203699706641,371.9252250404342,375.93055236200394,379.93553617257004,383.9410262602353,387.94609357587024,391.95152033592854,395.9565183478617,399.96195889332387,403.96692658813146,407.97230689776234,411.97713444911454,415.9823321787112,419.98715800889545,423.9920858937132,427.99693768097126
1.177370e-06 1.177370e-06 1.962952e-01 0.00 0.45596016691348346 -0.0397827163256654 0.15339069499015928 0.5647692899377309 335.5436664456494,339.5436748789926,343.54440843298454,347.54474150774143,351.5457275239216,355.54625136300643,359.5473779843551,363.5481760602395,367.5494338800975,371.5503523320902,375.5516632865881,379.5526928472937,383.554125991499,387.55514157780203,391.55652408527914,395.55760433470755,399.558971683003,403.5598857001045,407.5611761315913,411.5620890244253,415.56336400335414,419.5640846122125,423.56513267095136,427.56588289958364
1.050595e-05 1.050595e-05 1.770421e-02 0.00 0.45348531430652217 -0.0397827163256654 0.15530801161674054 0.5647692899377309 335.1827047302454,339.17847294617053,343.17499053709173,347.171050900548,351.16778002857444,355.16392366659113,359.1608818998072,363.15739097914354,367.15430561608906,371.1509944200438,375.14798115915175,379.1446678113491,383.1418072409782,387.13853642508843,391.13564774844093,395.13240410703486,399.1295791421794,403.12622675959193,407.1231545949317,411.11983785774163,415.1166693875112,419.11325275896723,423.10995754928837,427.10626639041703,431.1029568655036
6.883840e-06 6.883840e-06 3.779515e-02 0.00 0.45384576508159946 -0.0397827163256654 0.15385635126020303 0.5647692899377309 335.2353256821843,339.23165638501683,343.2287883969227,347.22539355085115,351.2227557674954,355.21975876280976,359.21723605903287,363.21430169659976,367.2118435224162,371.20911455782306,375.206841471419,379.20423682050387,383.2019842472561,387.19926937799687,391.1969390267787,395.1943735269459,399.1920881380421,403.1893860481906,407.18702530840454,411.18424629349016,415.18205629091875,419.17892829720114,423.1761487132059,427.1731529537429,431.1704314124813
7.948411e-05 7.948411e-05 1.104517e-01 0.00 0.46055343074877175 -0.0397827163256654 0.15471233470999884 0.5647692899377309 332.1962365396179,336.2044083869575,340.2123216022374,344.2208536820615,348.22905502131596,352.23777737796416,356.2460995464421,360.2551928107973,364.2637705392171,368.27287746899407,372.28155766734665,376.2908324852536,380.29958608796187,384.3088127110233,388.3177920340457,392.3269490576066,396.33596792872726,400.345095113823,404.3540739996719,408.3632333455838,412.37190178668254,416.38103226612617,420.3895253839745,424.3984321045579,428.4071137439665
1.493401e-05 1.493401e-05 2.855385e-02 0.00 0.457591897431802 -0.0397827163256654 0.15555135226467656 0.5647692899377309 331.77649871501495,335.77989169292397,339.78272445438074,343.7862183971227,347.78939810225563,351.79312401487397,355.7965274431133,359.80043962875214,363.80411846490705,367.808087977677,371.8118678972646,375.81595365932003,379.81981400436376,383.82395678174635,387.8277821073733,391.83205321892825,395.8357378369673,399.83998251669874,403.84385383280073,407.84790653761735,411.8515817005172,415.8554742140581,419.859199722921,423.8629620937037,427.8664503664971
1.468109e-07 1.468109e-07 2.363902e-01 0.00 0.45554025386293356 -0.0397827163256654 0.15477819602600482 0.5647692899377309 335.4831982001173,339.48262033522394,343.4825797722824,347.48233762847303,351.4824315047449,355.48233326693344,359.48277330463964,363.48280025220464,367.4833815676014,371.483572324765,375.48422942637814,379.4844084030008,383.4850549636375,387.48539349085615,391.4861365601826,395.4865204505967,399.48704846802394,403.48736082983316,407.4877868544543,411.48830303951496,415.488569141718,419.48868153211885,423.48891154238527,427.4888791388998
1.964558e-06 1.964558e-06 1.688365e-01 0.00 0.4561466006641865 -0.0397827163256654 0.15567561715733916 0.5647692899377309 335.5710940720641,339.5715394139894,343.5726539804645,347.5732572020035,351.5745781669552,355.57541028872515,359.57695384094046,363.577893086571,367.5794666767123,371.58079944409747,375.5824346009418,379.583692238078,383.58549004971013,387.58681963498276,391.58848672925114,395.5898727592378,399.5916424261856,403.5929002080015,407.59443177333134,411.59574613007834,415.5972203582904,419.59850506302166,423.599739447204,427.6006910669965
4.467637e-06 4.467637e-06 5.973800e-02 0.00 0.45413670223067754 -0.0397827163256654 0.15275340714317032 0.5647692899377309 335.2778226662871,339.27473984901013,343.2723364074004,347.2694644825787,351.2672906834006,355.2648271037516,359.26273588206743,363.260487142565,367.25851423489115,371.25632098145087,375.2544220524708,379.25234435218437,383.25050991399814,387.24846454720137,391.2467255960231,395.244629622904,399.2428440997413,403.24067096507133,407.23872663532325,411.2364325586386,415.23448410043056,419.2322095517663,423.2300799571139,427.2275424317119,431.2251057165144
8.713597e-05 8.713597e-05 1.395154e-01 0.00 0.4608100559585823 -0.0397827163256654 0.15173114186082806 0.5647692899377309 332.2310272866366,336.2397271898359,340.24800613097295,344.2569756981226,348.2656159958346,352.27483813606256,356.28367709128287,360.29299286466323,364.3020937489009,368.31168094571353,372.3207120139192,376.3303730298951,380.3395552852589,384.34918135126736,388.35856877106374,392.3682674035682,396.3776635301333,400.387193678937,404.3965070936978,408.4059559541216,412.415189907877,416.4245872897594,420.43374765449596,424.44299821770664,428.4521218574901
7.888897e-06 7.888897e-06 3.789489e-02 0.00 0.453736871048698 -0.0397827163256654 0.15471829239855597 0.5647692899377309 335.22003171439155,339.2163328544255,343.21306681426495,347.2097115577122,351.2066999780769,355.20344139928625,359.2007746814833,363.19771514821355,367.19514874852223,371.1921650732302,375.18970957034,379.1867901486113,383.1843111891837,387.1815757802525,391.1793087229968,395.1762716320494,399.17388531145394,403.17096157197767,407.16841550683574,411.1655081754683,415.1627750553285,419.1597998818018,423.15693167810485,427.1537993319689,431.15084924810276
2.367008e-06 2.367008e-06 1.582495e-01 0.00 0.45622643250425976 -0.0397827163256654 0.15442448811050502 0.5647692899377309 335.5821735138324,339.58283715397033,343.58397866949576,347.58481802427855,351.58617354122254,355.5872409875797,359.58885127190666,363.59001408354976,367.59170538114216,371.5931280521531,375.5949299625028,379.5963602121713,383.5982191131609,387.599704949728,391.6015916141839,395.60309514783467,399.6048867417513,403.6062774082324,407.6081023376194,411.6093808545975,415.61119157925475,419.6123696509204,423.6139333123627,427.6149373565517
5.335360e-06 5.335360e-06 5.107949e-02 0.00 0.45402782543358866 -0.0397827163256654 0.15584739304736933 0.5647692899377309 335.262269531085,339.2590152344209,343.2563118587274,347.25326287956625,351.25105439553346,355.24827037356573,359.2461041634401,363.2435068750696,367.24144370960454,371.2389748965591,375.23692377421395,379.23466139820636,383.232701773218,387.2305253441988,391.22845824001746,395.2260776772214,399.2241490520356,403.22183420928377,407.21971964329606,411.2173498626391,415.21505001734243,419.2125168073895,423.2102467590642,427.2074178239375,431.2049326060747
7.222439e-06 7.222439e-06 8.088541e-02 0.00 0.4568953751513162 -0.0397827163256654 0.15433531753745472 0.5647692899377309 331.67706825192386,335.6800595504255,339.6817871186409,343.684089819397,347.6860008842875,351.68854104914334,355.6908527670332,359.6935825152621,363.69605198442514,367.69887351463365,371.70141484279276,375.70443739698476,379.7069241222673,383.70995862505964,387.71277889130454,391.71572391607805,395.7182785273304,399.72135089711077,403.72395126901904,407.7268936965618,411.72955161804185,415.73225563585675,419.7345970004618,423.73724061343233,427.7395076989295
3.823432e-05 3.823432e-05 2.699245e-02 0.00 0.45179530737791723 -0.0397827163256654 0.15590785869336757 0.5647692899377309 334.934826740662,338.92773603310314,342.92126337053236,346.9143776003925,350.9081239316946,354.90144698134264,358.8954007514599,362.8889868606532,366.88300745017744,370.8766355940617,374.8708604028429,378.8646437866845,382.8587977017573,386.8525477707014,390.846816077725,394.8405816908776,398.83484428931195,402.82856834785355,406.82254754076155,410.8162499457609,414.81022575308634,418.80370567308705,422.79747276835934,426.79087397528764,430.78448170764904
2.930409e-06 2.930409e-06 1.447181e-01 0.00 0.4563277700099358 -0.0397827163256654 0.15314252012586052 0.5647692899377309 335.5971209682262,339.59776933349565,343.5992219187395,347.6001648332519,351.6017780115674,355.60295270951275,359.6047437214293,363.6061033087329,367.6079726174975,371.6094877961228,375.61153971603864,379.613146098241,383.6152251312106,387.6168617096175,391.61885376846925,395.6205717416358,399.6225381347842,403.6241542347692,407.6260648224224,411.6278537831971,415.62945699625044,419.6310298185068,423.63256243040826,427.6338319121974
1.008436e-05 1.008436e-05 5.544700e-02 0.00 0.4571884010173855 -0.0397827163256654 0.1565059216687221 0.5647692899377309 331.7191681727796,335.7223131757428,339.72445660915656,343.7272460665876,347.7298403441951,351.7327865513434,355.7356004704008,359.7388237641268,363.74175426926837,367.74499562775867,371.7480965123056,375.751504669143,379.75473934733833,383.7582944367169,387.76133009464735,391.7648188079297,395.767997054319,399.77150607706074,403.77462372657993,407.7780060763156,411.7810839942268,415.7842652178906,419.78722853336757,423.79027890085507,427.7930428046959
1.316197e-05 1.316197e-05 8.927379e-03 0.00 0.45323004638441533 -0.0397827163256654 0.15324192477203355 0.5647692899377309 335.1454510857854,339.1408571218015,343.1368585917385,347.13248328690554,351.128706098214,355.1245960900878,359.12091630104607,363.117063804928,367.1136517132286,371.10969978339114,375.10641005144663,379.10272718420526,383.0992523251405,387.0957309955795,391.0924056561965,395.0888026004943,399.0852283905525,403.0817064082623,407.0781279588863,411.07451153401405,415.07084387993007,419.066910349212,423.06332381597707,427.0591190742169,431.05527553438935
1.993614e-06 1.993614e-06 1.678112e-01 0.00 0.4561537402737927 -0.0397827163256654 0.15625387742425687 0.5647692899377309 335.5721853844777,339.5725903459529,343.5735767122349,347.5743312931986,351.5755215766519,355.5765265656095,359.57802521296804,363.57907167595766,367.5807082426035,371.5819240009055,375.583574299876,379.5850271448131,383.586697474371,387.58800354746825,391.5898250541237,395.59122111971834,399.59284142245053,403.5943106786033,407.59574753258283,411.59702568302026,415.5986038984615,419.5997648253072,423.60100620978244,427.601994576074
3.547556e-06 3.547556e-06 1.320361e-01 0.00 0.45641779583673125 -0.0397827163256654 0.1580225684900152 0.5647692899377309 331.6108175677183,335.6123262741143,339.6131347996952,343.61458486357645,347.6158692636506,351.6175862214668,355.6190138363106,359.6209171260324,363.6226433004112,367.6246291581331,371.62636645539135,375.6285695508586,379.63020914761165,383.63249782328114,387.63441924119576,391.6365993588514,395.6384784886873,399.64059709441483,403.6424438028733,407.6445836427283,411.6463410746622,415.6482016984643,419.64993240690137,423.65176945826795,427.65310527866586
1.764187e-05 1.764187e-05 1.885257e-02 0.00 0.45778407481474914 -0.0397827163256654 0.1530988390995807 0.5647692899377309 331.8039074311364,335.8075272925358,339.8106719666889,343.8145298404956,347.81801903622585,351.8220794678542,355.82572874935187,359.83009583612875,363.8340590126227,367.83838398517446,371.8424695590045,375.84695128537885,379.8510219816609,383.85558166444844,387.8597971346657,391.8642858181781,395.8683796544975,399.8729855952879,403.8770852486717,407.8815738412941,411.88556635207215,415.88985809104736,419.89379852786004,423.8979345629533,427.90179906749887
1.812089e-06 1.812089e-06 1.017697e-01 0.00 0.45456183943130546 -0.0397827163256654 0.154818760201282 0.5647692899377309 335.3412050984587,339.3387592521925,343.33718557720647,347.33518196665875,351.3337137154959,355.3319227605036,359.3306148062019,363.32898733147107,367.3278215165208,371.32637015354237,375.3253023900275,379.3239498643572,383.32298817911385,387.32162373826657,391.3206293471245,395.31921355855184,399.31823246525704,403.3168555762637,407.3156748090575,411.314223140912,415.31291699789847,419.31150580086876,423.309974455695,427.3082323660449,431.3070058875832
5.487656e-05 5.487656e-05 8.167634e-02 0.00 0.4510786771254651 -0.0397827163256654 0.16199219959004485 0.5647692899377309 334.83141509943107,338.8229803588973,342.815180639098,346.8071161054334,350.7996257602943,354.79173959244787,358.7845856653999,362.7768194636647,366.76965301029657,370.7621620960242,374.7550643132894,378.74757477957985,382.74048446150704,386.73318386100226,390.7260454689719,394.71852900855754,398.71141740808673,402.7041983612576,406.6968218486687,410.68941157866817,414.682085685884,418.6743981417384,422.66695419525064,426.6591010367206,430.65152657524163
2.886610e-05 2.886610e-05 7.252225e-03 0.00 0.4522546339279019 -0.0397827163256654 0.15798633923232103 0.5647692899377309 335.0033928386105,338.997198272571,342.9914790305824,346.9854426395354,350.97998275950016,354.97428843154876,358.9689967289501,362.96330338353977,366.9581486051409,370.9526406482909,374.94761733419756,378.9421389392445,382.93708845964187,386.93166038998703,390.9268152498278,394.9214673711702,398.91633851489064,402.9110281099458,406.9058099852037,410.90034367431775,414.8950522937373,418.88950906249073,422.8840977226603,426.87827862633696,430.8725033594956
5.390581e-05 5.390581e-05 7.840956e-02 0.00 0.4511301423442986 -0.0397827163256654 0.15358100558691673 0.5647692899377309 334.83624492402845,338.82776835628283,342.8201622663956,346.8121124853366,350.80472213827704,354.7970338011452,358.78979519090973,362.78214441644377,366.77507420709765,370.76749475322555,374.76047081904943,378.75319304067136,382.74609962879316,386.7386941597662,390.73175624528363,394.7244534061161,398.71731880392247,402.70990333239666,406.7028030987173,410.6953582401556,414.68812143564315,418.6806105423017,422.67313702728467,426.6654048068551,430.6579429198685
1.260617e-04 1.260617e-04 2.022353e-01 0.00 0.46191059257946 -0.0397827163256654 0.15986924158604565 0.5647692899377309 332.3878359338454,336.3983466251949,340.4084622135538,344.4193521728732,348.42986694414014,352.44093700036024,356.4515897019237,360.46291057964135,364.473764714824,368.4852793035451,372.4962375573143,376.5077474110481,380.51899761540744,384.53051393203265,388.54168252088004,392.55328226867334,396.5644751193316,400.5759150476084,404.5870497535569,408.598540201136,412.6095022153663,416.62087647111156,420.6318727578812,424.6429920804829,428.65435461410635
1.670043e-06 1.670043e-06 1.785535e-01 0.00 0.456074616384984 -0.0397827163256654 0.1544495802098483 0.5647692899377309 335.5611055104129,339.56129829379637,343.5622334873789,347.5628095288502,351.5639793751175,355.5647729315097,359.5661450486607,363.56712888144654,367.5685611163739,371.56975217411605,375.5711894615479,379.5725164053012,383.5741057758113,387.5753350542377,391.5768655470724,395.57815121750366,399.57981329659816,403.5810228245479,407.58244065116025,411.58363507866534,415.5848531004209,419.5859962856065,423.587294650917,427.5880254101775
2.118644e-05 2.118644e-05 6.847804e-04 0.00 0.45270402535467347 -0.0397827163256654 0.1542425902206662 0.5647692899377309 335.06827420568885,339.0628114865178,343.057828425406,347.05253559432066,351.047899507621,355.0428817502767,359.0384159419392,363.03352928676185,367.02925068875356,371.02451689636626,375.0201638742017,379.01551934299476,383.0112119939442,387.0067520738153,391.00241941232395,394.9978657034955,398.99364609762864,402.9888713622988,406.98441184186805,410.9798461070166,414.9752112797097,418.97043158626644,422.96580485956827,426.96079781431337,430.95586748955
1.451021e-06 1.451021e-06 1.859866e-01 0.00 0.4560167753441785 -0.0397827163256654 0.15701904489648955 0.5647692899377309 335.5535576694257,339.5537207698237,343.55465185656095,347.5551708168608,351.5562113190186,355.5569638092909,359.55812113645754,363.55913759858635,367.56047705034774,371.5614784959409,375.5629186188892,379.5640925568056,383.5656207018613,387.56669219186205,391.5682423533328,395.5694396525527,399.5709302411722,403.57206333391696,407.57347314214604,411.5745133126967,415.57570918432566,419.576572164699,423.5779034856918,427.5786275594928
3.137915e-08 3.137915e-08 2.069924e-01 0.00 0.4553395010500881 -0.0397827163256654 0.1623850739750149 0.5647692899377309 335.4566225796188,339.45572415235137,343.4552941998495,347.45472526265695,351.45452634586707,355.454220296896,359.4543177827839,363.4540611284311,367.4542676971965,371.45409669556255,375.45436456348943,379.45441577608403,383.45467411099855,387.4546899166555,391.45504743902285,395.4550758749,399.4553449120189,403.45547694283744,407.4556472358006,411.45541665209197,415.45570492392346,419.4554454461367,423.45516504279925,427.4547943138911,431.4547591304687
2.361049e-06 2.361049e-06 1.579097e-01 0.00 0.45620694939490675 -0.0397827163256654 0.16266330635824158 0.5647692899377309 335.5826439259997,339.5832517254199,343.5844336970237,347.5851065412333,351.5865490519279,355.58760155010924,359.58919483592496,363.59045233286315,367.5921669458894,371.59350735103374,375.59534723049495,379.5968760097391,383.59862491055776,387.6001840786559,391.6020056363192,395.6035222879839,399.6053475987798,403.60671464009215,407.60859161210493,411.6099049320022,415.611578991322,419.6128185325574,423.6142047954502,427.61540664116296
1.951076e-06 1.951076e-06 1.689295e-01 0.00 0.4561269251401392 -0.0397827163256654 0.1643260600777199 0.5647692899377309 335.57098052137707,339.57139734236284,343.5724512579598,347.57309469775777,351.5743508521339,355.57532505700453,359.57675124122585,363.5778770302394,367.57946268230194,371.58069369931263,375.58233503574365,379.5836354469368,383.5853399988243,387.58674878252964,391.58836212359364,395.5898262336669,399.59141952050476,403.5927608038828,407.5944373162029,411.59569348371406,415.59717047972003,419.5982654310241,423.599531992388,427.60051974832874
6.906311e-07 6.906311e-07 2.185351e-01 0.00 0.4557969171461353 -0.0397827163256654 0.1612826954527718 0.5647692899377309 335.5226953370474,339.5226050754038,343.52297962724185,347.52315239354704,351.52392853546985,355.5242393740839,359.5251211643218,363.5256808710116,367.5266327650258,371.52736887906326,375.52838185153007,379.5291707145606,383.5302914668111,387.53107591262915,391.53220765313205,395.53296424885957,399.53416222600754,403.53484300655373,407.53593615227,411.5365885392433,415.5375259543298,419.5379919459391,423.53876279514503,427.539174301024
4.819675e-06 4.819675e-06 5.641224e-02 0.00 0.45407364090836644 -0.0397827163256654 0.1622444304843685 0.5647692899377309 335.27204959444146,339.26884123414993,343.2664691124113,347.26353165014785,351.26130669634955,355.258605545707,359.25655860283854,363.2541682646924,367.25216963343473,371.2497139701775,375.2479164315165,379.2457461725635,383.24393050731953,387.24171953980647,391.2398077991504,395.23773291023207,399.23588314581275,403.233582019982,407.23151615673913,411.22944805506614,415.22722587837904,419.2247162966919,423.2225390808798,427.2199157491096,431.21748341611215
1.398141e-05 1.398141e-05 3.258743e-02 0.00 0.4575114003297766 -0.0397827163256654 0.16048532164831997 0.5647692899377309 331.76655285493416,335.769929200767,339.7726605989913,343.77600175020376,347.77899083855533,351.7826790584532,355.78591278236615,359.78984641833773,363.793277963915,367.79715472278565,371.80072663144284,375.8047260116182,379.80843081031304,383.8125201011335,387.8162320964129,391.82030328030334,395.82404341700595,399.8280337187499,403.83178302729516,407.8356098459475,411.8392161961431,415.84303456594495,419.8466766013034,423.85028458849,427.8535707029796
8.248938e-05 8.248938e-05 1.223302e-01 0.00 0.46064363877132375 -0.0397827163256654 0.16464278835473228 0.5647692899377309 332.21112702382754,336.2195239513498,340.2275092573409,344.23630780942483,348.2445733421433,352.25346870939643,356.2622006517436,360.2712651057691,364.28005947564577,368.2893036034324,372.29823226083863,376.3076615016116,380.316587878101,384.32606257426505,388.3351488861796,392.3444417959144,396.3536036115921,400.3628921209618,404.371927298998,408.38123419642955,412.39014843296854,416.39933485172673,420.4082247608441,424.41714670314286,428.42614464649216
3.114724e-04 3.114724e-04 4.058077e-02 0.00 0.4657921534346463 -0.0397827163256654 0.15517549136228312 0.5647692899377309 332.92340088062633,336.9403466549311,340.95704271947506,344.97424992545643,348.99112768035417,353.00854106411646,357.025707031026,361.0433677728999,365.060645447494,369.07845401021615,373.0959258626922,377.1138444733514,381.1313495916011,385.14923793170897,389.166982589676,393.18503225179325,397.20256207123026,401.22053372931333,405.2381997996746,409.255876204603,413.27345215748574,417.2911425850038,421.3086820535627,425.32618980282894
1.544254e-05 1.544254e-05 2.640029e-02 0.00 0.45763776466723194 -0.0397827163256654 0.15344856343140012 0.5647692899377309 331.78214341187936,335.7855824642026,339.78844500154537,343.79212248128835,347.7952569147236,351.7991292002827,355.8025970346261,359.8064906936941,363.81021467238514,367.81429540277674,371.81801747241445,375.8222230256749,379.8261943029286,383.83050004506504,387.83425341742867,391.8385571874629,395.84246029664223,399.8467415345422,403.8505883171502,407.85471943261786,411.85853581401034,415.8626330235157,419.86632005387554,423.8701227349649,427.87357552430626
2.160813e-05 2.160813e-05 7.345588e-04 0.00 0.4526676558033215 -0.0397827163256654 0.16076359038168897 0.5647692899377309 335.06512067110805,339.05954171467255,343.05460746710173,347.0493550506716,351.0446142167992,355.0396308364218,359.03500544210476,363.03005874734555,367.0256888310397,371.02100136684516,375.01660384025945,379.0119420928354,383.0076135972281,387.0029878469273,390.9986364125883,394.9940902984253,398.98978780235063,402.9850925606038,406.9805582832164,410.9757524728002,414.97137120181833,418.9664671990705,422.96173425690534,426.9566772184126,430.9516409016413
8.888416e-07 8.888416e-07 1.290966e-01 0.00 0.4547988042186508 -0.0397827163256654 0.15501957965692903 0.5647692899377309 335.37494699022915,339.373038914367,343.3717243475091,347.3702295901798,351.36901420048474,355.36767035877057,359.36684244121625,363.36558568926483,367.36483149866626,371.3637188465394,375.3630529601087,379.3620720897672,383.36146127739073,387.360602794625,391.35982225832987,395.3589107039425,399.3582428311967,403.35731836289773,407.3564979866305,411.3553822692634,415.35461502500027,419.35346860369793,423.35241897766304,427.35112648895756,431.35080810090966
1.205633e-05 1.205633e-05 4.285525e-02 0.00 0.457354183006948 -0.0397827163256654 0.15872649327772756 0.5647692899377309 331.74363868643485,335.74694266176135,339.74939538940396,343.7525548008026,347.75526140264367,351.75859588921577,355.7615393718298,359.7651030274577,363.76827514498075,367.7720048371182,371.7752991029624,375.77899896351073,379.78245035088594,383.7862588434216,387.78979913769354,391.79351949661833,395.79694877096034,399.80070358612545,403.80411584385354,407.8078579637842,411.8111926862771,415.814707550581,419.8179463880971,423.821400245717,427.8243828790234
7.425487e-08 7.425487e-08 2.245206e-01 0.00 0.45547852028396424 -0.0397827163256654 0.15242976233491026 0.5647692899377309 335.47271498882253,339.4718894620697,343.47183039504915,347.47132696675203,351.4714172844149,355.47124905338103,359.4714317404579,363.47143268215115,367.4717591318655,371.47187829911985,375.4723290274129,379.4725089609972,383.4730995923674,387.47324866276057,391.47379908184666,395.47404463982934,399.4745278376493,403.4747484147229,407.47513866617425,411.4753351700873,415.4755256465441,419.47547005755786,423.4756323203795,427.4753457121971
1.609081e-06 1.609081e-06 1.074177e-01 0.00 0.4546294514218434 -0.0397827163256654 0.15143131305318394 0.5647692899377309 335.34870364984573,339.346438427172,343.34488397696066,347.34288676050596,351.34150104099723,355.3397782473347,359.33856465449304,363.33711253787055,367.3359886876988,371.33460088959987,375.3336718863622,379.3323208161486,383.3314336605257,387.3301860229926,391.3292241901342,395.32795580280714,399.3270468220807,403.32573166291695,407.32473429817253,411.32331580141,415.32213395002236,419.32070210202767,423.3193022603109,427.3175941926718,431.316406883378
1.434710e-06 1.434710e-06 1.862063e-01 0.00 0.45603324014784347 -0.0397827163256654 0.15209963790121636 0.5647692899377309 335.55346206196447,339.55358631373326,343.5544185291386,347.55493139037907,351.5559510801359,355.55670068219706,359.5579960962691,363.55883895437677,367.56017846766326,371.5612473653933,375.56268324297577,379.56380568412675,383.56529426879257,387.5664943061319,391.5680442688757,395.56914861074597,399.57072245534744,403.57180966054415,407.57315419670186,411.57415499407796,415.57552983687634,419.57653391897156,423.577489333444,427.57829247016554
7.907833e-06 7.907833e-06 7.358260e-02 0.00 0.45696537950959776 -0.0397827163256654 0.16184416602515206 0.5647692899377309 331.68842059677155,335.6913886373327,339.69330925786085,343.69571095917337,347.6979266987783,351.7005743546684,355.7029334618309,359.70580692693767,363.70823490474396,367.71126529387186,371.71390642502695,375.71696320054457,379.7197696470938,383.7229626439869,387.72578698195247,391.728877264048,395.73173733240776,399.73484937266596,403.73762212069755,407.7405696033755,411.7432762858915,415.74613373724435,419.7487095904337,423.75140037556196,427.75383217909655
5.273412e-06 5.273412e-06 5.182494e-02 0.00 0.45402560710763273 -0.0397827163256654 0.1592023037647485 0.5647692899377309 335.26360748349964,339.2603241864952,343.25777951950727,347.2547434979792,351.2524751732001,355.2497310537628,359.24752860899076,363.2449909559794,367.24293029932255,371.2404403883573,375.2387303412725,379.2362481071683,383.23429897991036,387.23200814304437,391.2300709805093,395.2278128088192,399.2258893824223,403.22351508449657,407.22146424036737,411.21901237016544,415.2168540052856,419.2142712669667,423.2119318742343,427.20922211581524,431.20661344490463
1.644755e-05 1.644755e-05 3.094462e-03 0.00 0.4530144251883611 -0.0397827163256654 0.1531605585952113 0.5647692899377309 335.11383531446495,339.10881812467426,343.1044098159264,347.099714904692,351.0955430946446,355.0910693844313,359.08712227167354,363.0827638511431,367.0790145488136,371.07475526244866,375.07115925929565,379.0669861425587,383.06335135321166,387.0593059922123,391.05556410230844,395.0514829541982,399.0477300651225,403.0438101942632,407.03982865048766,411.03557903383484,415.031784770046,419.02742921923135,423.0233602601154,427.0187587891664,431.0145684413945
5.141443e-08 5.141443e-08 2.173609e-01 0.00 0.4554347884928214 -0.0397827163256654 0.1543793589634053 0.5647692899377309 335.4674059786504,339.46652460913674,343.4664149261339,347.46584821815514,351.46584137300357,355.46561717413294,359.4657480118911,363.46566376925983,367.4659729072288,371.4659667392138,375.46652746386997,379.4664664258696,383.4670566583064,387.46714778956084,391.46774112691503,395.46769529823615,399.46819126940125,403.4683354554277,407.4686940193037,411.4687370508073,415.4689270903776,419.46888587610914,423.4690485584646,427.4686138140965
2.639380e-05 2.639380e-05 5.379082e-03 0.00 0.45835899011976144 -0.0397827163256654 0.1549731567265718 0.5647692899377309 331.8855170529832,335.89010033222655,339.89425034612583,343.8990957866176,347.9035431502425,351.90854422807865,355.91334882820655,359.9185299260908,363.9234584430083,367.928778340527,371.933824286338,375.9392887129653,379.944431843655,383.95002183284095,387.95501650435483,391.96051277641857,395.96568191845427,399.97110921597505,403.9762380883952,407.9816576315347,411.98667895817766,415.9918604404775,419.99684506777197,424.0019278183723,428.0068501621731
3.876001e-07 3.876001e-07 1.539662e-01 0.00 0.4549924946198079 -0.0397827163256654 0.15466731152125282 0.5647692899377309 335.40332010205145,339.40158522556226,343.40067432205916,347.39936337332796,351.3986422552262,355.39755564767506,359.39696434762453,363.3961839593553,367.3957676603894,371.39494321399974,375.39467199225277,379.3939463170696,383.3936878871178,387.39307534856886,391.3928382339661,395.3921897718158,399.3919758893062,403.39123334434095,407.39082612727583,411.3901533092631,415.38949077540246,419.38872883913433,423.38792309545505,427.386986270409,431.3871238421532
2.613382e-05 2.613382e-05 2.942701e-03 0.00 0.45831716627018637 -0.0397827163256654 0.15308222651323591 0.5647692899377309 331.87977600174395,335.8842964308545,339.8883448743141,343.8930092744272,347.89760220520844,351.9023735918215,355.9070198478571,359.9123359504836,363.9170863803867,367.922412126379,371.92730043369164,375.93276659333594,379.93772372703364,383.94316596424943,387.94838812914946,391.9536610100659,395.9588786322899,399.9640985777671,403.96927422213025,407.97455462001494,411.97953328096406,415.98474580862813,419.9896232160456,423.99470920024464,427.9994873080605
4.411951e-06 4.411951e-06 6.064326e-02 0.00 0.4541463443399654 -0.0397827163256654 0.1534597694331398 0.5647692899377309 335.27941155307826,339.2763732715427,343.274016296126,347.2711293434263,351.26902134790834,355.2664784416682,359.2644350909038,363.2620830105302,367.2602355570961,371.257983421432,375.2562748163982,379.25419191506,383.252360663601,387.2503418210151,391.2485234474113,395.24652877284524,399.24464652854033,403.24256149448564,407.2405991502092,411.2384435829551,415.23655675870884,419.2340929020052,423.2318925942117,427.2294937694579,431.2270589584696
9.873214e-06 9.873214e-06 2.048808e-02 0.00 0.4535272922981479 -0.0397827163256654 0.1623782131596835 0.5647692899377309 335.1913968009951,339.1873491740441,343.1838447160526,347.18007999569414,351.1768107940592,355.17325166912855,359.17029330216906,363.166711200617,367.16377414250286,371.16060624264463,375.1577395007666,379.15457445804714,383.1516021340748,387.1485744958508,391.1456770705334,395.14276435786894,399.1398530028109,403.1366491423396,407.1337205772618,411.13046926884005,415.1274662776186,419.12412282947804,423.1207734807567,427.1173625229712,431.1139852680435
1.155259e-05 1.155259e-05 1.379506e-02 0.00 0.45338298244293446 -0.0397827163256654 0.15606890661767261 0.5647692899377309 335.16915414896545,339.1646652623665,343.1610068362869,347.1569488555429,351.153521983476,355.1495525463647,359.1462925198077,363.1426141225837,367.1394557218391,371.13592959182387,375.1329067300509,379.1293878982598,383.12634515448667,387.12300789715005,391.119928097285,395.1165652189839,399.1134951271852,403.11002051311846,407.1069185753007,411.1034373321675,415.1001150909502,419.09641800495046,423.093055320363,427.0890268857103,431.08563823346384
5.048903e-05 5.048903e-05 6.531419e-02 0.00 0.4512847253416074 -0.0397827163256654 0.15158843167846522 0.5647692899377309 334.8570601209704,338.8488829591791,342.84145933280627,346.8337645592852,350.82658145372153,354.819007046235,358.81208562095713,362.80464735761547,366.7977418527875,370.7906884055128,374.7837037787394,378.776620383948,382.76990679890827,386.7627934807391,390.7561168518245,394.7489085863647,398.74204280183625,402.7350385709715,406.728043181144,410.72076229295703,414.71382573569497,418.7064757732323,422.69937221355474,426.69174022297557,430.6845403979477
2.409438e-07 2.409438e-07 2.473236e-01 0.00 0.45559625377916685 -0.0397827163256654 0.16026451962763602 0.5647692899377309 335.49261084444043,339.4921314532214,343.49224001849177,347.49209538029294,351.49237934811293,355.492286731311,359.4929205547503,363.49307645969014,367.49370299934634,371.49394721104096,375.494785863365,379.49517815075285,383.49587466220817,387.49637842201645,391.497165278794,395.4977195065671,399.4982543585479,403.49877601024076,407.4995154977912,411.49977369173627,415.50036338586085,419.50047482917586,423.5009323282925,427.50092388725955
6.663624e-06 6.663624e-06 8.693009e-02 0.00 0.45682208789238127 -0.0397827163256654 0.1594860705371888 0.5647692899377309 331.6682080333862,335.67119780064525,339.6725486447314,343.67491227059725,347.6768229174864,351.67919734626116,355.68134360955844,359.6839458921627,363.68626846436945,367.68906493896424,371.6915540905738,375.6943370516625,379.6968598947198,383.6998141104909,387.70230124142313,391.7052699055682,395.70768388074373,399.7106622314708,403.71316414624715,407.7159489528197,411.7184488408882,415.7211315540096,419.7234546361796,423.72603434873633,427.7279998547986
1.003687e-06 1.003687e-06 2.030040e-01 0.00 0.4559013919848303 -0.0397827163256654 0.1595069322812885 0.5647692899377309 335.5372090625616,339.5371559572349,343.5377838543865,347.53812203097795,351.53896422537036,355.53951183700565,359.5405216026486,363.5413041721807,367.54248901520305,371.5433283059986,375.5445094175486,379.54551322458116,383.5467424433024,387.5476977727457,391.549110480619,395.5499856316531,399.5512917962428,403.55220073950625,407.553530662298,411.5542548537507,415.55542876364416,419.5560392174758,423.5570117895014,427.55751096444186
1.604097e-05 1.604097e-05 2.406082e-02 0.00 0.4576548441788015 -0.0397827163256654 0.1617008006932973 0.5647692899377309 331.7884863326767,335.7918798754991,339.79486926504245,343.79858452004805,347.8019542292163,351.8057972961932,355.8093241141012,359.8133725871685,363.8171076989135,367.8212765210233,371.82519868325403,375.8294646189259,379.83339088180617,383.8376678393253,387.8417504262135,391.84615131209443,395.85004952951533,399.8543595763362,403.8584111650804,407.8626499335034,411.8665434883123,415.8705158014261,419.87430875922814,423.8782115375469,427.8816797430651
1.017115e-05 1.017115e-05 1.893831e-02 0.00 0.45350025253860854 -0.0397827163256654 0.1598338962942632 0.5647692899377309 335.1866349450825,339.1824509307626,343.1788984953579,347.1751299081729,351.17182481882884,355.1681753764443,359.16499599128116,363.16163353262743,367.158640554546,371.15525226394595,375.15242519052856,379.1491215314836,383.1463324289567,387.14315887085473,391.1401457699979,395.1370627519758,399.1341851140076,403.1308996314177,407.1280257683765,411.12467615509433,415.12153973684184,419.1181015818622,423.1148951913004,427.11128776267157,431.10811329152756
5.809133e-06 5.809133e-06 9.683983e-02 0.00 0.45674270667487954 -0.0397827163256654 0.15423228554762447 0.5647692899377309 331.65434359877565,335.657222188284,339.6585950811658,343.6605757495649,347.662269402241,351.66458548755014,355.6665138880425,359.6690104570795,363.6711874901131,367.67370233433815,371.6759349729556,375.67866352160655,379.6809651739707,383.6836883754578,387.6859867394127,391.68887626353256,395.69117657803923,399.69395617042517,403.696260531981,407.6989783812133,411.70109567867456,415.70368858972415,419.70586171599587,423.70821680219024,427.71017051013996
1.734847e-06 1.734847e-06 1.038148e-01 0.00 0.45457432802613257 -0.0397827163256654 0.16103400969811102 0.5647692899377309 335.34394444267883,339.3416222831476,343.3400074374934,347.3379562096278,351.33654041172605,355.3347537820866,359.3334877175112,363.3319935402874,367.33089386914753,371.3294818802019,375.3284190627145,379.3270369581983,383.3260939415355,387.32470798514925,391.3238054804785,395.32245205389825,399.3214468815717,403.32009764832736,407.3189007601409,411.3174925607402,415.3162833416874,419.31475644021623,423.31338836782965,427.31168764878583,431.31040632505955
7.394677e-05 7.394677e-05 1.631323e-01 0.00 0.4504227750019957 -0.0397827163256654 0.15598264344446067 0.5647692899377309 334.7312633905923,338.7215817264541,342.71271145084745,346.7034674264407,350.6946640938321,354.6856528442887,358.67709461797665,362.66833983110365,366.65984164477055,370.6511138527421,374.64291884173394,378.63423472639994,382.6260164974802,386.61742665224,390.6092123076053,394.6004705761808,398.592232272158,402.58370330827654,406.5752271941433,410.5666581838989,414.55811305694425,418.54922699263403,422.5404781003157,426.5316129598998,430.5226353263536
2.975002e-05 2.975002e-05 1.103197e-03 0.00 0.4585207570223981 -0.0397827163256654 0.15651524758213473 0.5647692899377309 331.9091647447038,335.9140621542831,339.9186974866995,343.9236638270709,347.92839493996536,351.93374741003373,355.93869097302917,359.94419558332027,363.94945246494973,367.95505635163727,371.960408985665,375.96602270800076,379.97145595875736,383.97728453630236,387.98256216575925,391.98843716837433,395.99390544204374,399.99959916486137,404.00507513008324,408.0106834622458,412.0160278312081,416.0216173007495,420.02678367025544,424.0321877524481,428.03725813106166
4.893871e-07 4.893871e-07 2.322428e-01 0.00 0.4557282426897979 -0.0397827163256654 0.15269037367217633 0.5647692899377309 335.510322438453,339.5100393581201,343.51039457719116,347.51028698118427,351.5109622127447,355.51109324568034,359.51175670545865,363.5121543209062,367.5129922588765,371.5135954967704,375.5145789469165,379.515205997534,383.5161593837557,387.51682170111,391.51789018229977,395.5185313668381,399.51948995570893,403.52015137575785,407.52099383738937,411.52151206324606,415.52234403772553,419.5227038214806,423.52329493729945,427.5235800646958
5.123904e-07 5.123904e-07 2.294954e-01 0.00 0.4557308986956279 -0.0397827163256654 0.1610553478118828 0.5647692899377309 335.5128411468829,339.51263147845356,343.51291874875875,347.5129259003482,351.5134840062881,355.5138457711811,359.5144801599897,363.5149954538836,367.51582940282907,371.51636350906927,375.5173694931073,379.5180011494607,383.5190413113145,387.51961553572914,391.52071056843323,395.52130627523434,399.5224159532248,403.5230277326148,407.5239188542149,411.5244819235027,415.5252774332926,419.52561083806194,423.5263774896516,427.526504973692
4.711928e-06 4.711928e-06 5.738046e-02 0.00 0.4541085955910267 -0.0397827163256654 0.15446046446278952 0.5647692899377309 335.273736566219,339.27057052823625,343.2680964994568,347.2652118385625,351.2631321052449,355.260491700387,359.2584429506226,363.2559300792546,367.25407205146655,371.2517783042592,375.2498844919315,379.247684905892,383.24585203106375,387.2436707992868,391.2418414355755,395.2396525125817,399.2377607714859,403.2356253116565,407.2336786411557,411.2314009667851,415.22945690111953,419.22702993518874,423.2248436539091,427.2221079344829,431.21977871724636
2.265690e-06 2.265690e-06 1.604977e-01 0.00 0.456204655902226 -0.0397827163256654 0.15525764081992643 0.5647692899377309 335.5798300461122,339.58031453579446,343.5814446038898,347.58225804847865,351.5836873752589,355.58468490844297,359.5862850936879,363.58743948538637,367.5891634155353,371.5904298907679,375.59226151132015,379.5937255224813,383.5954486640177,387.5969293237055,391.5987975255291,395.6003155537605,399.60197665880446,403.60354295311464,407.60509111504297,411.6064777132843,415.6080746516022,419.60943844211056,423.6107873966645,427.61183190938004
1.363222e-06 1.363222e-06 1.882590e-01 0.00 0.45601683514214025 -0.0397827163256654 0.1544983092907616 0.5647692899377309 335.55139298787776,339.55162705524685,343.55245819098724,347.55284742698234,351.55387657863935,355.5546039815165,359.55579862108203,363.5566587700931,367.55798322986635,371.55901457966826,375.56043996095474,379.5615606340473,383.5630404678048,387.5641482563049,391.56563690410667,395.5667544311412,399.56831419488725,403.5693189546383,407.57070958063537,411.5717217316546,415.57302469183463,419.5740135692831,423.574863771747,427.57560607843476
2.830456e-07 2.830456e-07 1.610471e-01 0.00 0.45504341624681927 -0.0397827163256654 0.15337879475920835 0.5647692899377309 335.41085906789635,339.4092996962707,343.4084563010484,347.4072395719349,351.40665288744805,355.4055903463276,359.40512255736735,363.40435770749303,367.40405627586875,371.40330105511634,375.40311622473456,379.40260903622027,383.4024041337911,387.402054366727,391.4015856082495,395.40109013673884,399.40093985279594,403.4004239533758,407.4000438947035,411.39945642508115,415.3989900219693,419.3982424276951,423.3976401197023,427.39667383870875,431.39687040663813
5.466022e-07 5.466022e-07 2.276641e-01 0.00 0.4557658707661504 -0.0397827163256654 0.15264886156564622 0.5647692899377309 335.51448609394504,339.5142109286221,343.51458933878587,347.5144942000356,351.515188301444,355.5154078614203,359.5162516440529,363.5167190093397,367.5176082221371,371.51815359148065,375.51918055685127,379.5198743825218,383.52091967233974,387.52142025740653,391.5226167255517,395.52334269214793,399.5243208204596,403.5249621662397,407.5260205962301,411.5264907839596,415.5272794456813,419.52771874249845,423.5283505497876,427.52872150037484
7.707426e-06 7.707426e-06 3.204160e-02 0.00 0.45376200541504164 -0.0397827163256654 0.15270743710157667 0.5647692899377309 335.222373257024,339.21840886422535,343.2153201470927,347.2118889552148,351.20904023373674,355.2058916604078,359.2031297478473,363.2000903775835,367.19746159212576,371.1945795002707,375.19220803621613,379.1893231604126,383.18682917208224,387.184092279577,391.18169361427226,395.1788665378467,399.17640421708177,403.17361125786573,407.1710265047347,411.1681097607018,415.16538548416753,419.16252823529504,423.159607294717,427.15639999233605,431.15363431494
1.071020e-04 1.071020e-04 2.247364e-01 0.00 0.46141802857387637 -0.0397827163256654 0.15499857330614586 0.5647692899377309 332.31641385866305,336.3260767697107,340.3353972511506,344.34539614321034,348.35507202035114,352.3652155095464,356.37504248108445,360.38542828689725,364.3955373252434,368.4059953044732,372.41623608476147,376.42682933725644,380.4370679087152,384.44769818284084,388.4579928612111,392.4687997268357,396.47900211184714,400.4897035211395,404.500011930217,408.51062705578096,412.5208366157139,416.53111783734244,420.54134774053665,424.5517949048069,428.56163513935996
3.180540e-06 3.180540e-06 7.709316e-02 0.00 0.45431839752511716 -0.0397827163256654 0.15894786599648106 0.5647692899377309 335.3061193335455,339.3034138182466,343.3012271946097,347.29883046441086,351.2968862971268,355.2947614701027,359.2930723056733,363.2910386513514,367.28951772350445,371.28753517504924,375.2861233779212,379.28429017040696,383.28288831090185,387.28111583498423,391.279769118568,395.2778968147386,399.27644030819675,403.2747293360656,407.27298279371274,411.27119551753196,415.26936297390597,419.26738063545207,423.2657466791024,427.26343542908126,431.2614294859589
6.299074e-05 6.299074e-05 1.147819e-01 0.00 0.4507869405484908 -0.0397827163256654 0.16085103816651683 0.5647692899377309 334.78646313113467,338.7775026620223,342.7691761321285,346.760680407679,350.75258305228084,354.74422918382396,358.7363509024255,362.7280538452426,366.72041935748985,370.7122678622378,374.7046537706294,378.6966742093235,382.6891752516615,386.68114588926517,390.67352082675586,394.66558135206185,398.6579803104769,402.65008193398825,406.6421601255471,410.63426132772264,414.6263163114714,418.6182062228874,422.61010389765,426.60183182311766,430.5939021122766
5.180108e-05 5.180108e-05 2.750937e-02 0.00 0.4595624146005224 -0.0397827163256654 0.151838454856918 0.5647692899377309 332.0543397101828,336.0607920420816,340.0670949470489,344.0738298808653,348.0804013187999,352.08732360219926,356.0941616974213,360.1013963819338,364.10835109501454,368.11572961742627,372.1227132581881,376.13012754682757,380.1374178220192,384.1448333310313,388.1519467578767,392.1595377377384,396.1666677404988,400.17416042867274,404.18136172397084,408.18872594825723,412.19589995279256,416.20318101087275,420.2101265053616,424.2173851983032,428.22390059528516
1.538422e-05 1.538422e-05 4.589204e-03 0.00 0.4530946689324612 -0.0397827163256654 0.15424374531266705 0.5647692899377309 335.12514984782626,339.1203657537219,343.11607957780967,347.1113961869715,351.1074399730837,355.10313510741804,359.09931876020033,363.095079180785,367.09135904954945,371.087318604106,375.08371278675577,379.07977972537503,383.0762674851374,387.0722408961533,391.0686698793995,395.0648968424959,399.06113993049826,403.0572214300673,407.05346280263444,411.0495319548304,415.0456537439971,419.0415500517837,423.03755377344385,427.03313299915385,431.02911073800686
6.564000e-07 6.564000e-07 1.389024e-01 0.00 0.4548736023598945 -0.0397827163256654 0.15408595822364507 0.5647692899377309 335.3863964826698,339.384663834054,343.3834376347,347.38198174671555,351.3809788757783,355.379727145101,359.37905064684344,363.37794624732055,367.3773191123057,371.3763822375173,375.37583892178935,379.37498586954234,383.3744471122873,387.3736699313416,391.3732626604344,395.37235387759307,399.3718505361994,403.371076681461,407.37047292619184,411.3695089662919,415.3687942111622,419.367724410828,423.3668006607834,427.36568705394143,431.3655672250889
2.567351e-06 2.567351e-06 1.524826e-01 0.00 0.45627289801875587 -0.0397827163256654 0.15452449328293189 0.5647692899377309 335.5885849080419,339.5891780236363,343.5904039681251,347.5911412869984,351.5927163911167,355.59391266881113,359.5955464878139,363.59689763887957,367.59856043798715,371.6001500521125,375.60190474837225,379.60352211192145,383.60537561762146,387.6069315327766,391.6088001566301,395.6104782402903,399.61243441135605,403.6138620586739,407.6156145585124,411.61717014051465,415.61880077241915,419.6201144912585,423.6216493807386,427.62276921939883
9.248718e-07 9.248718e-07 2.067294e-01 0.00 0.45588641159245163 -0.0397827163256654 0.1571724234580338 0.5647692899377309 335.5337492988742,339.5336871095811,343.53420903727067,347.5344832242521,351.5352711338029,355.53580764225256,359.5368445944508,363.53744220887654,367.5385709558267,371.5394179988986,375.5406514667187,379.541476865523,383.54278295752675,387.5436408940738,391.54491566509125,395.54584455642396,399.54709338618295,403.54800275415624,407.5492163361843,411.55010718900064,415.5510441845055,419.5516490919384,423.5526003394329,427.5530338319309
4.114095e-08 4.114095e-08 2.164477e-01 0.00 0.45541177698672886 -0.0397827163256654 0.15576230625058723 0.5647692899377309 335.4652848457436,339.46440492310336,343.4642479567778,347.46369734718905,351.463754976077,355.46340661709087,359.46357622359136,363.4634697001337,367.46370960146925,371.46382450099225,375.46415432215474,379.4641665639274,383.4647367422427,387.4648638617585,391.46530168981263,395.465402366776,399.46585753705205,403.46577944424575,407.46622747542915,411.46622085635306,415.46652053859736,419.46633056217075,423.4663917303324,427.4662104169522
3.690000e-07 3.690000e-07 1.549692e-01 0.00 0.45499279364093115 -0.0397827163256654 0.1561592902323537 0.5647692899377309 335.4043207442526,339.40271632157624,343.4017375913491,347.40046031479847,351.39973587651315,355.3987510547825,359.39817822554414,363.3972906561981,367.3969304552048,371.39612812712784,375.3958142843609,379.3951664055445,383.3949174363365,387.3943745317816,391.39411402695566,395.39362547626905,399.3931971541676,403.3925616305536,407.3920996958628,411.3914024504272,415.39088608775705,419.39011520356456,423.3893572966398,427.38836306254444,431.3886218411344
5.380465e-05 5.380465e-05 3.244456e-02 0.00 0.4596306241839322 -0.0397827163256654 0.15929771997994355 0.5647692899377309 332.06665052417526,336.0732985958795,340.07962387605824,344.08663822913024,348.09321333547757,352.1005084222839,356.1072992512757,360.11466644590075,364.12179842236316,368.12928564264706,372.13648724784963,376.14405588443606,380.15140601093157,384.1590517329077,388.1664283859334,392.17403886806227,396.181347767448,400.18904519339594,404.1962891408447,408.20382185709013,412.2110527673327,416.2184858667657,420.22555258319994,424.2328179857082,428.2396956454761
2.949384e-08 2.949384e-08 2.068748e-01 0.00 0.4553395255534793 -0.0397827163256654 0.1612133228103673 0.5647692899377309 335.45648957333003,339.45554728343245,343.4551812538164,347.4545854886711,351.4545061162483,355.45394692091554,359.4541310139526,363.4538660789119,367.45411555279395,371.4540329541566,375.4542312076793,379.45428834733787,383.4544856816186,387.454570922976,391.4548687181353,395.45497542245596,399.4553044539044,403.45522967898364,407.4554243892675,411.4553096619002,415.4554942740854,419.4553127578919,423.4552633999644,427.45472407035123,431.4546268323631
9.515488e-07 9.515488e-07 2.054878e-01 0.00 0.4558773231632043 -0.0397827163256654 0.16301396091648496 0.5647692899377309 335.5348960800424,339.5348304776292,343.53535365412677,347.53567493592345,351.536606999578,355.537021184814,359.5380828396441,363.53869779870826,367.53980297039413,371.54068390302757,375.54185648343866,379.5428415058547,383.5441686295963,387.5450221413851,391.54630066409044,395.5473139824351,399.54854954623,403.5494286246258,407.55056101144584,411.5513828498356,415.55247717669266,419.5531594561021,423.5540411833017,427.554573482226
1.658079e-06 1.658079e-06 1.780782e-01 0.00 0.4560674338229078 -0.0397827163256654 0.16138364652032924 0.5647692899377309 335.56168999286035,339.56197646995867,343.56279152483637,347.56341586214285,351.5645379632101,355.56534406647495,359.5666262818107,363.56773597296194,367.56914296763387,371.57037369360614,375.5718283830407,379.57307141002354,383.574648288383,387.5758989166367,391.57757097486115,395.57885408954735,399.5802864922962,403.5815145247745,407.58304148495114,411.5841437674846,415.58547881773586,419.5864511808718,423.5877007409117,427.58865919766464
7.516265e-05 7.516265e-05 9.568499e-02 0.00 0.4604043049792697 -0.0397827163256654 0.1617599783636145 0.5647692899377309 332.1768595413579,336.18477210943774,340.1924075726365,344.20064433088965,348.20871790258184,352.2171712151029,356.2253886560996,360.2340721557286,364.2424947112208,368.2513424155295,372.2597566205068,376.2687433729344,380.2773856949186,384.2863583133297,388.295043875515,392.30396087278183,396.3126610525304,400.32154502862346,404.33016325068166,408.33907092784983,412.34776009362906,416.35634724629983,420.3648563218589,424.37348187384475,428.3818028025875
2.419863e-05 2.419863e-05 1.899197e-03 0.00 0.45251824706998334 -0.0397827163256654 0.16122742310264027 0.5647692899377309 335.04251917809023,339.0366867327208,343.0314180845067,347.0259545313855,351.0209154093187,355.01555575409776,359.0107198122853,363.00556202402385,367.00098592984256,370.9959036640251,374.99126517468795,378.9863076433017,382.9816999567713,386.97685457243466,390.9722647906237,394.96736275465554,398.96269486237304,402.9577884578257,406.9530347045848,410.9481500696464,414.94325787713126,418.9380553867621,422.9331285664699,426.92781163220724,430.92250012305766
1.316828e-06 1.316828e-06 1.903652e-01 0.00 0.45598580180671977 -0.0397827163256654 0.16115354846938212 0.5647692899377309 335.5493956613698,339.54953588716836,343.5502645831685,347.5507966214463,351.55174576439305,355.55241123422235,359.55361915861215,363.5544892250204,367.55578923876897,371.5567185928838,375.55816247035307,379.559260980423,383.5606759887924,387.5618317220557,391.5633039486017,395.56438431955553,399.5655981610467,403.5668301111151,407.56819560934196,411.56921712516123,415.5703945731833,419.57120568223354,423.572372795603,427.5731269842216
6.135316e-07 6.135316e-07 1.403366e-01 0.00 0.45487829002270097 -0.0397827163256654 0.15974571807890073 0.5647692899377309 335.3884783628266,339.38672184238294,343.3856283790169,347.3841618440719,351.3831859716576,355.3819306104589,359.38116004035874,363.3801244485851,367.37964776680406,371.37862271254414,375.378127570259,379.37738147497726,383.3768475512346,387.3760091226578,391.3756090358811,395.3748515862172,399.3742671668433,403.37350801755,407.3728689454463,411.3720630036067,415.37129262508324,419.370261915189,423.36938424320243,427.36819235515827,431.36810234390305
1.268981e-05 1.268981e-05 1.022277e-02 0.00 0.4532916260978782 -0.0397827163256654 0.15731642800618748 0.5647692899377309 335.1550156935617,339.1504818141308,343.14651499463776,347.14231795897945,351.13861881384315,355.1346530657268,359.13108168600974,363.1272439055465,367.1238870300374,371.1202656100247,375.116887667556,379.1133954409051,383.1100978000127,387.1065308542819,391.1033771359168,395.09974545575017,399.0965416694355,403.0929430494637,407.089469621013,411.08598805696096,415.0824632649364,419.07856019014577,423.07496453642096,427.0710685646454,431.0674151476657
2.031154e-05 2.031154e-05 1.163560e-02 0.00 0.4579602002523522 -0.0397827163256654 0.15482010846688313 0.5647692899377309 331.82976028243667,335.83357450124,339.8371137283743,343.8412645908495,347.84503923578075,351.849467254913,355.85341002406625,359.85803761120366,363.86229608653565,367.8669140925,371.87130802572926,375.87610502682736,379.8805628846399,383.8854252509894,387.88982302377354,391.8946581928784,395.89909852509345,399.9039623574145,403.9084544779372,407.913233337245,411.91748387659044,415.92211168462967,419.92646108557653,423.93087475083104,427.9348790596388
5.651060e-05 5.651060e-05 8.789233e-02 0.00 0.45104232743132505 -0.0397827163256654 0.15435446667879962 0.5647692899377309 334.8223220512023,338.813887199193,342.8059538407467,346.79779630456966,350.79019223654586,354.78221336623307,358.7748535078786,362.76714148580993,366.7598032417442,370.7521191883201,374.7449319671635,378.73734942128283,382.7301457444369,386.7226851585643,390.715424786223,394.7079578012642,398.70076238588905,402.6931418588565,406.6857758288566,410.6782658448724,414.6707261987363,418.66309064514763,422.6555022421977,426.647612540752,430.63983390030194
7.027266e-06 7.027266e-06 8.268108e-02 0.00 0.456871469780905 -0.0397827163256654 0.15976836037735678 0.5647692899377309 331.6744764623564,335.6774479416502,339.6790155916062,343.68144113448596,347.6834103473959,351.685848245811,355.68795650288126,359.6907195314557,363.69318859943934,367.69603302817956,371.6984725525401,375.7015614495747,379.70394761721474,383.7069446367385,387.7096184962089,391.71252322485134,395.7149243323832,399.71819589538836,403.72070340993724,407.7236472415144,411.72589941331944,415.72877250713645,419.7313432041896,423.73385596544125,427.73600930086855
6.948595e-06 6.948595e-06 8.362924e-02 0.00 0.4568708575919125 -0.0397827163256654 0.15329475377381194 0.5647692899377309 331.6730214223958,335.67604022296564,339.6776495021202,343.6799016714545,347.68181842590093,351.6843399144346,355.68655600761053,359.6892554477694,363.69158858900465,367.6943818831398,371.69683192831883,375.69970918121663,379.70237914075324,383.7052835406721,387.7079376840533,391.7108764213596,395.71351967635417,399.71651860781174,403.7190093291601,407.7218559616251,411.72435531961696,415.72707730789836,419.7295812528101,423.73205055605024,427.73425179640526
1.035201e-05 1.035201e-05 1.827360e-02 0.00 0.45347936789886373 -0.0397827163256654 0.1613670749993082 0.5647692899377309 335.1846261152595,339.1803214171091,343.1768918461966,347.17304194743053,351.1695332714512,355.1659508659065,359.16274446277265,363.15926918922116,367.1563006102923,371.1529099481059,375.15008342602266,379.1468236328876,383.1439010985719,387.1406933057059,391.13785710479783,395.13455863209845,399.1317455163095,403.12836534125825,407.12542481121824,411.1220844634502,415.11895653389695,419.11551430349067,423.1122296825749,427.10859581344675,431.10535964626604
6.190745e-07 6.190745e-07 2.238202e-01 0.00 0.4557704002365534 -0.0397827163256654 0.15664571930411084 0.5647692899377309 335.51784278573604,339.51765619367455,343.518109340784,347.5180069432725,351.51874547859114,355.5190443250301,359.51992263535936,363.5203587196337,367.5213476488907,371.5218754607486,375.5230133009912,379.5237307819216,383.5248038670021,387.5256347312475,391.5266190812796,395.52734218325367,399.5284114578052,403.5291719806435,407.5301039775989,411.53076150597866,415.5315220554517,419.53212512234757,423.5327798657411,427.53323942569284
6.658727e-07 6.658727e-07 2.202699e-01 0.00 0.45580407799802974 -0.0397827163256654 0.1559104929012937 0.5647692899377309 335.5212208733467,339.52100173330507,343.5214353646832,347.5215513206208,351.52220274600126,355.5225270344308,359.52337114964405,363.52396852485214,367.52491681973726,371.52555920746823,375.5266167473583,379.5273416416952,383.5284154102042,387.52927563744555,391.53029965303034,395.53124183408744,399.5322315604165,403.53296511334133,407.5340445146538,411.5346383240868,415.5354963501491,419.5361168239893,423.5368356161805,427.5371488840256
8.811125e-06 8.811125e-06 2.540808e-02 0.00 0.453635178484477 -0.0397827163256654 0.15654506959764342 0.5647692899377309 335.2053997652371,339.2014908142766,343.19812323663814,347.1944778766482,351.1914008071289,355.18805961055676,359.1851119492223,363.1818452168883,367.1792007306298,371.17600366023635,375.1732985599897,379.1703165132477,383.16776700117083,387.1647029017938,391.16200598068605,395.1590512342102,399.1564573732028,403.1533877778987,407.1507287654281,411.1475467703861,415.14472431762465,419.141522997046,423.1384651863921,427.1351151622024,431.13215428322866
1.134997e-05 1.134997e-05 1.444160e-02 0.00 0.453408986353702 -0.0397827163256654 0.15573861771406128 0.5647692899377309 335.1715857125826,339.1672716577461,343.1636391957687,347.1594529605896,351.15594837894986,355.15212682867656,359.1489166652617,363.1452780026385,367.14210984468826,371.1385986496193,375.13552505766967,379.13213458523137,383.1291169910965,387.12567083036373,391.12270896953856,395.1193399566321,399.11623277602035,403.1127936500762,407.1097293070245,411.1061900083556,415.10293777934885,419.0993714002571,423.0958795491095,427.09212018859495,431.0887177984187
3.290214e-05 3.290214e-05 1.399266e-03 0.00 0.4586918524131521 -0.0397827163256654 0.1565286662436497 0.5647692899377309 331.9329866174355,335.9384105134567,339.9430918070318,343.94852653206806,347.95350920490694,351.9591291073349,355.964417677184,359.9702058358118,363.97571306425783,367.9815571751417,371.98712508788213,375.99319998501227,379.9989042166951,384.00490128887304,388.0106248985088,392.0166941285962,396.0224934668768,400.02841919951504,404.03415920302405,408.0401137673935,412.04567415924015,416.05158305009115,420.05708079060724,424.06261165136,428.0680761812547
8.860920e-06 8.860920e-06 2.507809e-02 0.00 0.45363501893050934 -0.0397827163256654 0.15438327481314326 0.5647692899377309 335.2045129803415,339.200516505027,343.1972619068717,347.1935989311798,351.190433498661,355.1870298371162,359.18413178448645,363.18088330159924,367.17811958984356,371.17497337803803,375.1723528798994,379.1693282053404,383.1666460632478,387.1636840962437,391.1610414618721,395.15802527105626,399.1553656641752,403.15228108349055,407.14961996754306,411.1465583918183,415.1436500971025,419.14041262970045,423.1373846311275,427.133967379533,431.1310686526642
1.539743e-06 1.539743e-06 1.090713e-01 0.00 0.45461212168802284 -0.0397827163256654 0.16264571208605724 0.5647692899377309 335.3507939521882,339.34858676094353,343.34701339438544,347.3450975403023,351.34374990998054,355.34216185884077,359.3409286626268,363.33935831906336,367.3383091154913,371.33700974025305,375.3361194013129,379.33477283839545,383.33386218440984,387.3327279612738,391.3317370794071,395.3305708527452,399.3295626683463,403.32835586417576,407.3272475508725,411.32585963066595,415.3246284723912,419.3233275334809,423.3219423892438,427.32028149982875,431.31924844780303
3.980692e-07 3.980692e-07 2.386431e-01 0.00 0.45568354465611327 -0.0397827163256654 0.15552789636327782 0.5647692899377309 335.50468163688674,339.50440524074315,343.5045664949777,347.5045107112261,351.5050017476833,355.5050858424624,359.5058920576124,363.50611905151413,367.5069676356008,371.5074305995041,375.5082623180068,379.50885044299065,383.50971112238176,387.51035238936373,391.5112463731685,395.51197097676044,399.5127256855725,403.5133062075252,407.51413774742554,411.51461102775903,415.5153710778109,419.5157080028192,423.51618387822145,427.5163716497892
2.464406e-08 2.464406e-08 1.982454e-01 0.00 0.4552856405981141 -0.0397827163256654 0.15942081808195022 0.5647692899377309 335.4483029936746,339.44730551039197,343.4468736567186,347.44610543980184,351.4459676889334,355.44545485101827,359.4453558401353,363.4450610061542,367.44513885395844,371.4450145477079,375.4451669042055,379.44498385616976,383.4452728275712,387.44522865369623,391.4454301335974,395.4453230695043,399.4455247737654,403.4454568809065,407.4455981045353,411.4452944970927,415.4454706173121,419.4450706827171,423.44497565901366,427.44449747180914,431.4446065521811
1.553782e-07 1.553782e-07 2.372662e-01 0.00 0.4555283106949545 -0.0397827163256654 0.1602618946236065 0.5647692899377309 335.4838759162804,339.4832442689019,343.48336226151133,347.4828803014331,351.4831605043503,355.48316032852006,359.4835053498769,363.48353916771345,367.4841365083389,371.4843247361679,375.4849728557362,379.4853397709799,383.4860109255207,387.4863575702073,391.4871009701822,395.48736352540453,399.4880188536797,403.48840121425815,407.48892680955714,411.4890494922048,415.4895957733153,419.4896267210255,423.4898282614533,427.48982952459846
8.841177e-07 8.841177e-07 2.085449e-01 0.00 0.45587029849805716 -0.0397827163256654 0.15956235016229148 0.5647692899377309 335.53198413170753,339.53193827392954,343.5325880802304,347.5326918606863,351.53351582630376,355.53395858980315,359.5349783740519,363.5355120407657,367.5367474993078,371.53758185147495,375.5387080329359,379.5395852704209,383.5408889693763,387.5417529429404,391.5429706173777,395.5438401101036,399.5451543300053,403.5459329332124,407.54715046103865,411.5478723101885,415.5488952916578,419.5495959944756,423.55041019298466,427.55088937938865
3.024648e-05 3.024648e-05 9.443427e-03 0.00 0.4521839712133208 -0.0397827163256654 0.15934289778075544 0.5647692899377309 334.99286753597823,338.9864825919678,342.9807414023892,346.97450238447044,350.96888433110587,354.96297216127346,358.9576135452606,362.95188383620206,366.9465902039796,370.9408764462414,374.93574068659774,378.93022505631365,382.9250734444567,386.91962003105044,390.9143802716103,394.9089214312644,398.9037295472302,402.8982682497775,406.8929993342018,410.8873053602142,414.88197073459804,418.8761636874665,422.870699176694,426.86478584496206,430.8588802045352
1.747872e-06 1.747872e-06 1.033188e-01 0.00 0.45455996011642597 -0.0397827163256654 0.16162252411097205 0.5647692899377309 335.3431917518535,339.340944726539,343.33925545939417,347.3372170765988,351.3358008155358,355.3340610240965,359.332779683963,363.3312562798005,367.33013221148934,371.3286288865391,375.3276120081403,379.32630809207535,383.325324279667,387.3240022389807,391.32303203786995,395.32157966903037,399.3206596858994,403.3192076825842,407.31817268878433,411.3167640647973,415.3155728290701,419.31400479165654,423.31266277742253,427.310804037693,431.3096624329674
5.052238e-05 5.052238e-05 2.489710e-02 0.00 0.4594827262288383 -0.0397827163256654 0.16024529358781137 0.5647692899377309 332.04729935886223,336.05381679100776,340.05985534570846,344.06664409167325,348.07299772497174,352.0800633380001,356.08665993967486,360.0938444123986,364.10064926369427,368.1079913687902,372.1149713235337,376.1222232526233,380.1293532081859,384.13674085334486,388.1438802173275,392.1514055855744,396.1584782049476,400.165878806478,404.17296938340604,408.18027430195747,412.1872113504771,416.19445094894246,420.2013731501065,424.2083473652692,428.2148939710646
3.994319e-07 3.994319e-07 2.377849e-01 0.00 0.4556848755146257 -0.0397827163256654 0.1596470920973238 0.5647692899377309 335.50547784692964,339.50522906083876,343.5054330122863,347.50532447903794,351.50584604446675,355.50593406389896,359.506713369007,363.5070211151828,367.50781164350815,371.50823816929204,375.509143271371,379.5097350814203,383.5106129330349,387.5112610597056,391.51217127031674,395.51276495332775,399.5136626144957,403.5142502803724,407.51509555713545,411.5154942526227,415.5161912853119,419.51657762006613,423.5170341676659,427.5172772621285
1.763762e-07 1.763762e-07 1.697755e-01 0.00 0.4550969550180054 -0.0397827163256654 0.15942638007321328 0.5647692899377309 335.4202985882347,339.41876874922093,343.41814040735346,347.4171480250762,351.41646362623067,355.4155369903444,359.4153164283696,363.41461618848194,367.4144325191619,371.4138560718837,375.41362083453015,379.4132540940081,383.4130743486645,387.4126969897083,391.4126229298435,395.41219362796625,399.4120991606847,403.41162935382323,407.4112997994871,411.41084379707877,415.41047967477385,419.409826037375,423.40948695373294,427.40859508211906,431.40873889483964
3.044591e-08 3.044591e-08 2.071179e-01 0.00 0.4553551906819258 -0.0397827163256654 0.15902412823735276 0.5647692899377309 335.4571836160594,339.45621577274875,343.45580401202847,347.45522238007436,351.45525932932463,355.45472367391335,359.4547942192588,363.45454339111933,367.4548223799577,371.4546553940321,375.4550232467438,379.45484769162994,383.4553560240263,387.45536538169165,391.45568099005243,395.45568222637934,399.4561799479559,403.4560599665199,407.45620235667354,411.4560758662105,415.45617481574976,419.45595028723164,423.4558801009632,427.4555363143129,431.45542224722095
9.213955e-07 9.213955e-07 2.072013e-01 0.00 0.45587518425620815 -0.0397827163256654 0.15883604636809787 0.5647692899377309 335.5333175095449,339.53319681522805,343.5337968746385,347.5340221780111,351.5348133698779,355.53536379341926,359.53629948520967,363.536961983418,367.53814475074995,371.53893233760226,375.5400200860486,379.5409880058382,383.5422882512692,387.54320185547584,391.5444548028164,395.54534021683685,399.5465515123976,403.5475280419007,407.5487356763272,411.54945935327,415.5504295476384,419.55104481159907,423.5520229418639,427.5526305091625
1.645515e-06 1.645515e-06 1.785743e-01 0.00 0.45607175945496353 -0.0397827163256654 0.15892015773378707 0.5647692899377309 335.56114829653296,339.56143260301013,343.56232830725867,347.56292899950625,351.564035429166,355.5647779893556,359.56603445377334,363.5672390954006,367.56856738354827,371.5697654983321,375.5712286680863,379.57242129108863,383.574080092313,387.57531387701465,391.5769666544452,395.57813148246896,399.5797859173719,403.5809884668511,407.5823956543627,411.5835106985785,415.5849892104588,419.58585031265477,423.5871026743234,427.58796548770744
1.144103e-04 1.144103e-04 1.564912e-01 0.00 0.4492355060063631 -0.0397827163256654 0.15842871655687119 0.5647692899377309 334.5545320611303,338.5430766965974,342.5320146382617,346.520685655993,350.509944808092,354.4987185924566,358.488076478069,362.4771872118594,366.4666653681953,370.45588756528184,374.44541899305125,378.4347086834961,382.42449827504817,386.4137877142933,390.40341635766765,394.3927838170408,398.38230425268904,402.37161366614697,406.3611939690708,410.3504344443442,414.33976031438436,418.3288604701441,422.31799950600293,426.3068973067834,430.2959442387295
4.264002e-05 4.264002e-05 3.946697e-02 0.00 0.4515950126447113 -0.0397827163256654 0.15890758325364063 0.5647692899377309 334.9055539719056,338.89788840393226,342.8911141410027,346.8838763181989,350.87730090899277,354.8703446999831,358.8639813190197,362.857147770744,366.85089690564433,370.8441873901081,374.83795884059,378.8314020792719,382.82512465496546,386.81862895362326,390.8125860797043,394.8060240184026,398.7998755933911,402.7931207647037,406.7869385543454,410.78032882717486,414.77384212707085,418.7670378433962,422.7603665956793,426.75353121165466,430.7467022268968
5.803964e-08 5.803964e-08 2.214164e-01 0.00 0.45543635588983783 -0.0397827163256654 0.16038438223377857 0.5647692899377309 335.4698469252982,339.46902864539845,343.4689113799184,347.4684404925965,351.4683651999134,355.468219582606,359.46848383985457,363.4684843146224,367.46875419115287,371.4687965721154,375.4692334942746,379.4694302121299,383.4698327279652,387.4701472112755,391.4706361399179,395.47072268686554,399.4711958009887,403.47140021670157,407.47176391260587,411.4717897842187,415.47198720208723,419.47194929793676,423.4719749426104,427.47175978095805
4.182874e-06 4.182874e-06 1.204490e-01 0.00 0.45650977395910575 -0.0397827163256654 0.16020406287400565 0.5647692899377309 331.62423432126064,335.62623839071705,339.6273172694264,343.62906385153485,347.6302663874433,351.63227496399094,355.63392918070593,359.6359233772121,363.63775761885455,367.63996260053983,371.64180320413715,375.6442090386197,379.6461424142931,383.64852378024483,387.65057413021736,391.65295588932594,395.6549522478468,399.6573031430667,403.659267689985,407.6615452580934,411.66355460102744,415.66560974105994,419.66721419945804,423.66934048989174,427.67091314082955
2.624564e-05 2.624564e-05 3.802327e-03 0.00 0.4523941186553878 -0.0397827163256654 0.15985636600755881 0.5647692899377309 335.0247128642631,339.0187629477658,343.01323577268187,347.0074651209847,351.0023475198823,354.99685568004014,358.9918016977284,362.9864219213174,366.9814808250325,370.97627116071794,374.9713971014742,378.9662735892873,382.9614014244431,386.95643806399863,390.9515492452933,394.9464427801717,398.94167334058795,402.9364722068173,406.93183754015394,410.92638890880147,414.92141583012466,418.9160895917048,422.9107920022784,426.90537216408336,430.89979891758145
1.989821e-05 1.989821e-05 1.260523e-02 0.00 0.4579211622076543 -0.0397827163256654 0.1615630930116566 0.5647692899377309 331.8258954195555,335.82965932217354,339.8331276746508,343.83719426526244,347.8409498481495,351.8453179111299,355.84934838108364,359.8537663559819,363.8579915753557,367.86262343435027,371.86691308863357,375.8718926370082,379.87620317023044,383.8807972231328,387.88531375924117,391.8901138018984,395.8945471712693,399.8993672367944,403.9036126344901,407.90831673353955,411.91265619256626,415.917198786323,419.92147418209777,423.92593576885065,427.9298771864157
2.425779e-07 2.425779e-07 1.643587e-01 0.00 0.4550583149818076 -0.0397827163256654 0.16037832682132266 0.5647692899377309 335.4143988406323,339.4129189544431,343.412048291669,347.410966522487,351.4102651632629,355.4093327636832,359.40903427451315,363.40825041867157,367.4079309003122,371.4073085152471,375.40708888434125,379.40658409124717,383.4064469984527,387.40598884614406,391.40571923177134,395.4053373983946,399.4050560177792,403.40450868201987,407.40435077427725,411.4036945553816,415.4031497682727,419.4025865853864,423.4020408278345,427.401111857087,431.40133720826003
1.076046e-07 1.076046e-07 2.309195e-01 0.00 0.4555009782696718 -0.0397827163256654 0.15953225312176683 0.5647692899377309 335.47844830129276,339.47769650142754,343.47756569314197,347.47723908395034,351.4774495127447,355.4772772177696,359.4775669555557,363.4776030027494,367.47807775215813,371.4782134793389,375.47883737390913,379.4790055710811,383.4795780998857,387.4798832684766,391.48049114142833,395.4807224317012,399.4813046444616,403.4815851648471,407.4820026345196,411.4823114011959,415.48261869487834,419.4826724822206,423.4828058346712,427.4827024936895
1.071394e-05 1.071394e-05 5.165452e-02 0.00 0.4572261300540685 -0.0397827163256654 0.15865542770979746 0.5647692899377309 331.72614762462365,335.7292660023186,339.73154237409926,343.734501033468,347.73705042215227,351.74033599385564,355.74299627541143,359.7463124854171,363.7493334329375,367.7527358597216,371.7558572638769,375.75942245949597,379.76263082149825,383.76621037457613,387.76947671951154,391.7731074050303,395.77638319814366,399.77992608629177,403.7830993291747,407.7866247867985,411.7896985835561,415.79303863682526,419.7961769545412,423.79938869734514,427.80220961636724
1.531589e-05 1.531589e-05 4.638476e-03 0.00 0.45305099362334644 -0.0397827163256654 0.16026599023146665 0.5647692899377309 335.1216759476405,339.11685695548516,343.11259986412847,347.10800623543287,351.1038967850487,355.09956928992824,359.09557485485806,363.0914565607961,367.0876900366654,371.08359753257963,375.0799715648607,379.07593576936534,383.0723876963357,387.06842033685933,391.0647538160456,395.0609259926586,399.0570736658068,403.05313275536133,407.0494830379159,411.0454175017603,415.0414797939291,419.03731778766274,423.0333786828246,427.0288040621079,431.02475801029505
7.521328e-08 7.521328e-08 1.834093e-01 0.00 0.45519719096071737 -0.0397827163256654 0.1583223687790586 0.5647692899377309 335.43402152673906,339.43271099555267,343.43209565825174,347.4311874176471,351.43089955193716,355.43020792350165,359.43008544336186,363.42947961199843,367.4294286864433,371.42903979976296,375.42911800974025,379.42882567809346,383.4287474742211,387.42846920563,391.42861088887855,395.428409069582,399.4283675940897,403.4281463917855,407.4280971493602,411.42784066897775,415.4275288614776,419.4271018614982,423.42665753620787,427.4261668595655,431.4263695528514
1.922573e-05 1.922573e-05 9.337952e-04 0.00 0.45281557391864724 -0.0397827163256654 0.15815263739065982 0.5647692899377309 335.08597470307654,339.08068617586775,343.0759635803078,347.0709776555733,351.06644862467533,355.06173050261447,359.0573266060664,363.05271986675746,367.04858886541524,371.0440681830959,375.0400483403595,379.0356200575409,383.03157266315156,387.0272681795479,391.02302555496817,395.01878569223004,399.01467156093634,403.01022141430764,407.0061339020548,411.0015423425456,414.9972041605851,418.99268632498786,422.9881109120185,426.983396851334,430.9788569056868
3.297811e-06 3.297811e-06 1.369669e-01 0.00 0.456378765239737 -0.0397827163256654 0.15798594873751945 0.5647692899377309 331.60536756672707,335.60648708919433,339.60729864174874,343.60877867946266,347.61001089825476,351.6115981279555,355.61288413314657,359.61476314782203,363.6163376427345,367.61835585359484,371.6199503673954,375.6220443147141,379.62382939665076,383.62587759869706,387.62772383823517,391.62976151832527,395.63159625440073,399.6337709423822,403.6355780235861,407.6376744936031,411.63913207585205,415.64121642971566,419.64263089546444,423.6445092189186,427.64579879986275
6.101894e-07 6.101894e-07 2.243491e-01 0.00 0.45576271933399504 -0.0397827163256654 0.1594089007014258 0.5647692899377309 335.5173674135542,339.51714778988196,343.5175074103306,347.51762217912886,351.518211267279,355.5186038804761,359.5193512924111,363.51984915685443,367.52077457892466,371.52141711340397,375.52246895051036,379.5231408737584,383.52427610517304,387.5249716553979,391.5259923159484,395.52671621571517,399.5279331756684,403.5285015912146,407.52966471333156,411.5301146170272,415.53119312575836,419.5315030409993,423.5321682795324,427.5325278861094
3.476538e-07 3.476538e-07 2.423744e-01 0.00 0.4556591436801261 -0.0397827163256654 0.1586519277541336 0.5647692899377309 335.5015439358308,339.50115929980376,343.5013070665088,347.50117333017545,351.5016245506264,355.50166081656346,359.5023405115567,363.502701782596,367.5034737326208,371.5038335974388,375.504736028875,379.50521596005007,383.5061253557177,387.5066108553306,391.507502307625,395.5080891359223,399.50885116022357,403.50937246811844,407.51020937786575,411.5105917972528,415.51126161359133,419.5115554822945,423.51206013510864,427.5123071650676
4.036612e-04 4.036612e-04 2.060949e-01 0.00 0.44401908933385636 -0.0397827163256654 0.1520162268453922 0.5647692899377309 337.744057867041,341.72368878170147,345.70297943285067,349.6828361188457,353.66238359860057,357.64243782521635,361.6221552936985,365.60230497689633,369.58219745021177,373.5623813981535,377.54230304387096,381.5225326991053,385.5025784825463,389.48284634270664,393.4627896380015,397.4429841798977,401.42289281988303,405.4031500717813,409.38286424951696,413.36288595167,417.3425356031919,421.32234831827606,425.3018621430173,429.2815780794275,433.26091887162704
3.910306e-05 3.910306e-05 5.800569e-03 0.00 0.45898137189964927 -0.0397827163256654 0.15829362898266477 0.5647692899377309 331.9749375029204,335.98079015713614,339.98598897837115,343.9918457628201,347.99741545342835,352.0034894532138,356.0093276733166,360.01555847355127,364.02151330851007,368.0279726351154,372.0340657473476,376.0406314545721,380.04688727054605,384.05334259610237,388.0596568999792,392.0662147264586,396.0725902708621,400.0789433148035,404.08521208038854,408.09169632852695,412.0977549975715,416.1040526611224,420.1101781142431,424.11636115317145,428.1221931152448
7.395266e-07 7.395266e-07 1.348474e-01 0.00 0.4548361637377662 -0.0397827163256654 0.1612843456615784 0.5647692899377309 335.3822663079776,339.38029799704714,343.37912497912345,347.3776013281241,351.3765856181078,355.3753390647161,359.3745382256472,363.3733791796213,367.3727287465762,371.3716817416766,375.3711265265832,379.3702744216003,383.36971522597906,387.36888615099235,391.3683260688029,395.3674327133117,399.3669000583085,403.36592627566154,407.36523338724743,411.364293554181,415.3635504366317,419.36239257229863,423.3614179943995,427.3601835650511,431.35992146153114
6.876075e-06 6.876075e-06 3.777239e-02 0.00 0.4538304066994852 -0.0397827163256654 0.15882890007319064 0.5647692899377309 335.2352346784418,339.2317027040034,343.2286662700504,347.22551459632734,351.22281272025134,355.2196659039671,359.21717021285235,363.2142734688605,367.21189754823075,371.2090934231392,375.2068271313886,379.2042355284653,383.20193824073937,387.19917009630296,391.1969364491972,395.1943167330935,399.1919598092278,403.189426653193,407.18694153552275,411.18420672729076,415.18159169589694,419.178852411351,423.17612945786436,427.17317127555293,431.17035821283423
2.624991e-05 2.624991e-05 2.744116e-03 0.00 0.4583202730610998 -0.0397827163256654 0.1612449640815117 0.5647692899377309 331.88173607334977,335.8862569088238,339.8903740468745,343.8951731167236,347.8994621121461,351.9045761487089,355.9092992381569,359.91445254918386,363.919253995919,367.924568428552,371.92957217136467,375.9350365986748,379.9400425493238,383.94551106838003,387.95065621567227,391.95601873969,395.9609970912604,399.9665213465749,403.971506486365,407.97682716605397,411.9818723962525,415.98721914604744,419.9919752362406,423.99698401943334,428.00190864018936
7.260507e-06 7.260507e-06 3.521097e-02 0.00 0.45379445620625297 -0.0397827163256654 0.1589706709751449 0.5647692899377309 335.22954999874185,339.2259283076626,343.222885994482,347.2196148504059,351.2167567191508,355.21363079730787,359.2109876226382,363.20801951364206,367.2055690699281,371.202815918661,375.20045883651017,379.197723893138,383.1953867076499,387.1926115269441,391.1902492162284,395.1876343102373,399.1852176675333,403.182447170011,407.18004694585017,411.17719569385747,415.1746169239573,419.17163378093045,423.1688943847002,427.16576150569085,431.1630111696677
7.509004e-05 7.509004e-05 1.679268e-01 0.00 0.45037499841470147 -0.0397827163256654 0.16334294756859274 0.5647692899377309 334.72619760108495,338.7165507921342,342.70754156576885,346.6981389969548,350.6894619807088,354.68040461947794,358.6718343277343,362.6628751752892,366.65438580710685,370.64566262346005,374.637340998506,378.6286826666016,382.62032664285533,386.6117438345464,390.60334247295094,394.5947850217904,398.5862879531205,402.57781219565146,406.5692216172037,410.5603655764737,414.5518601295202,418.54293856942354,422.5342011882497,426.5250800973328,430.5162034124522
2.113268e-06 2.113268e-06 1.647100e-01 0.00 0.4561543934522583 -0.0397827163256654 0.1618553471506949 0.5647692899377309 335.57527998675874,339.57574002141814,343.57681895042947,347.57760803591754,351.5788584310604,355.5799495019602,359.58144875037283,363.58256755173494,367.58421382707434,371.58555459302215,375.58728850868806,379.58862127866973,383.59036433140926,387.59178157270026,391.5935737516435,395.5950234810298,399.5966902082133,403.59816213523334,407.5997770370551,411.601093841772,415.60267128694034,419.6038028789999,423.6051279793015,427.6061443921143
2.543009e-07 2.543009e-07 2.487579e-01 0.00 0.4555970589994857 -0.0397827163256654 0.16031769047279634 0.5647692899377309 335.4939056952935,339.4933921596517,343.49343774033065,347.4934147646455,351.4936008798624,355.4935691848193,359.4942043257391,363.49437254076696,367.4949572893033,371.4953201834416,375.4961134815247,379.49660050591746,383.4973396572181,387.49781583523435,391.49861996622644,395.4990940581657,399.49993951767993,403.5002590225573,407.5009527316798,411.50126592745005,415.5017632870412,419.50215212390964,423.50240453736194,427.5024508965736
2.758259e-06 2.758259e-06 1.483940e-01 0.00 0.45628287125293227 -0.0397827163256654 0.16043449582922742 0.5647692899377309 335.5930573670722,339.5937266607281,343.5949713253523,347.5958987455364,351.5974148233628,355.5985427107842,359.6003569205024,363.60170598642856,367.6035720658598,371.6050104911438,375.6069483469277,379.60853036873624,383.61049316034024,387.61213592575155,391.6141396198472,395.61585440256135,399.61771086470077,403.619302978912,407.6210973248858,411.62269483920477,415.62434643250026,419.6257511977735,423.62735640726197,427.6286118623483
3.766964e-05 3.766964e-05 4.430658e-03 0.00 0.4589178436573358 -0.0397827163256654 0.15955282432909798 0.5647692899377309 331.96597455000335,335.9716888724389,339.9767228635997,343.98249717290213,347.9879390017703,351.993970205557,355.999607077701,360.00576576540084,364.01166281671885,368.01798684988916,372.02402579287696,376.03034537402453,380.0365095101699,384.0429956288456,388.0490963337692,392.05551819437727,396.0616446960436,400.06802749491106,404.07418633665185,408.08044770957395,412.0864868919604,416.0928694649745,420.09866909084644,424.10466375389177,428.1105021488132
1.579988e-05 1.579988e-05 3.970701e-03 0.00 0.4530508325398767 -0.0397827163256654 0.16037626423399137 0.5647692899377309 335.1207685558132,339.1159052497974,343.1115508367912,347.10690279273706,351.1029468864464,355.09845665499944,359.09461730441024,363.09037681105116,367.08659042473704,371.08251232872897,375.07894140111773,379.0748411204164,383.07126627164774,387.06722630135937,391.06363377164683,395.059607379747,399.0560429584491,403.0519702704286,407.0482396298802,411.04404010388794,415.04037149333277,419.03613850327116,423.03201912492443,427.0276652414291,431.0234020837591
4.038883e-07 4.038883e-07 1.515508e-01 0.00 0.45496955059493616 -0.0397827163256654 0.15755410262960587 0.5647692899377309 335.40085201979446,339.39936122585,343.3983065294862,347.39712919479524,351.3961703283927,355.39505248169047,359.3946425497535,363.3935992148875,367.39317993549287,371.39241919360023,375.39201725842946,379.3915036336096,383.3910774709277,387.3904839973101,391.39016504112874,395.38951190730256,399.3891556833735,403.38838430422015,407.38807195734444,411.387160851197,415.38666595041076,419.3857604400026,423.3850766118389,427.3840574657694,431.3841721963151
3.719166e-05 3.719166e-05 3.851539e-03 0.00 0.4588925028458563 -0.0397827163256654 0.1538993501400556 0.5647692899377309 331.9615126301598,335.967086068283,339.97212135627217,343.9779159535632,347.983270820643,351.9892714720554,355.99483444291224,360.0009645461933,364.00686303738684,368.01302017916345,372.01900519828655,376.02530203537833,380.0314702572758,384.03776974352786,388.04381558175885,392.05022067480616,396.05640876407,400.06272382080624,404.06879142642396,408.07513293557946,412.08106193996764,416.0873125653614,420.0931086210393,424.09929953996436,428.1048976581764
8.109224e-06 8.109224e-06 2.967087e-02 0.00 0.45369776527225264 -0.0397827163256654 0.1618747857126839 0.5647692899377309 335.2164362464455,339.2125597497416,343.20942600054144,347.205899568968,351.20294076894305,355.19968355314757,359.196994360604,363.19383999540025,367.1911729844864,371.1882577200023,375.1856552741093,379.182734441271,383.18022413533384,387.1774471077208,391.17501686793497,395.17206523791583,399.1694621154088,403.1666078090275,407.1640366107257,411.161136293396,415.158302642626,419.1552764475477,423.15237981879073,427.1490770281535,431.1460978199241
6.592331e-06 6.592331e-06 8.746832e-02 0.00 0.4568138327778853 -0.0397827163256654 0.1602434990505946 0.5647692899377309 331.66742916890894,335.6703264063694,339.67186154535165,343.67413220396776,347.6760122686207,351.6783856135226,355.68055878852533,359.68308213318693,363.68545920771254,367.68818637571263,371.6908768518257,375.69346440481513,379.6960020898299,383.69884670975694,387.7014513308163,391.70429190910306,395.70681238366393,399.70975347447586,403.7121975962338,407.7150001511382,411.71747085372203,415.7201685591432,419.72243685286054,423.7248828582898,427.7270656512591
1.022102e-05 1.022102e-05 1.871378e-02 0.00 0.453489837080786 -0.0397827163256654 0.1597259966682894 0.5647692899377309 335.1858501383251,339.1816948718129,343.1782225982839,347.1743735512877,351.17099791630767,355.1673468673313,359.16433424802096,363.1607679906505,367.15784520736975,371.1545033087099,375.15161741382025,379.14837053437986,383.14547736898135,387.14225294391184,391.1394476226229,395.1361678529507,399.1333286728842,403.1301724579768,407.127166331901,411.12381894441637,415.12064245043615,419.1172469349677,423.1140209328333,427.1104312022682,431.1071619934799
8.224937e-08 8.224937e-08 2.263278e-01 0.00 0.4554657138868385 -0.0397827163256654 0.16088280230780022 0.5647692899377309 335.47425949738494,339.47363294832564,343.47353176343336,347.47295915091655,351.4731321034536,355.47290758588855,359.4732176035671,363.4731565036706,367.4735043618857,371.473617522497,375.474295257611,379.4743514798445,383.4749454076258,387.47524401463824,391.4757724301028,395.47587454253113,399.4765830908255,403.47661337601266,407.4771086462435,411.4771484844831,415.4775151692181,419.4775099262166,423.47766992905645,427.4774610912286
3.117476e-06 3.117476e-06 7.809722e-02 0.00 0.4543252336102179 -0.0397827163256654 0.16104562383320317 0.5647692899377309 335.3076664226852,339.30495419713765,343.30274047510284,347.300400790996,351.2985483421023,355.29632951371616,359.294654927532,363.2927010036211,367.2911439413901,371.2893006594174,375.28786726452756,379.28605980099,383.2845844267918,387.28287954679007,391.28149541828236,395.2796983501805,399.27833393045216,403.27643626997803,407.27494444678973,411.27314802098255,415.2713374490895,419.2693003485084,423.26756247366893,427.2653921490356,431.2633636021252
1.493189e-06 1.493189e-06 1.840685e-01 0.00 0.4560483788352354 -0.0397827163256654 0.1511194179313611 0.5647692899377309 335.5556239220031,339.5557891030163,343.55664865233217,347.55717697401616,351.5581915334249,355.5589360282762,359.5601854174296,363.5611499549734,367.562492986494,371.56366436442056,375.5650887005892,379.5662061282633,383.5678015969213,387.56897822016157,391.570492864108,395.57167149069966,399.57314715971023,403.5742926436023,407.5757006537704,411.57685569628563,415.5780902738707,419.5791306035232,423.58021338018693,427.5809753376436
2.788666e-06 2.788666e-06 1.472904e-01 0.00 0.45629064670837094 -0.0397827163256654 0.1627816657828026 0.5647692899377309 335.5942720231275,339.5949939009581,343.5962616253403,347.59719221749265,351.5987639714113,355.59994058805694,359.6016085497669,363.6030550517394,367.6049134031174,371.6064109275883,375.60838666478537,379.6099678978739,383.61191223793145,387.6136232940485,391.61560003427144,395.6172814296871,399.619084763162,403.6207434288327,407.6226390875074,411.6241952824508,415.62578002667254,419.6272554036147,423.62883648221236,427.6301330413535
1.127096e-05 1.127096e-05 4.766513e-02 0.00 0.45728280563521834 -0.0397827163256654 0.1587410043135639 0.5647692899377309 331.7338493149018,335.7370639803269,339.73943264100046,343.7424480552315,347.74506687700386,351.7483282574022,355.7512600715218,359.75464186605745,363.75763927744987,367.76129722094834,371.76438442058776,375.76806863280143,379.7713419142649,383.7752013979657,387.77839656792065,391.78204744746955,395.7856184296986,399.7890756638826,403.7923945104673,407.7959355218804,411.7992573544413,415.80266988348444,419.8057840965005,423.80900133024846,427.81197102935954
4.832854e-08 4.832854e-08 2.192607e-01 0.00 0.4554230970167526 -0.0397827163256654 0.1602458618246518 0.5647692899377309 335.4679216503694,339.46710724561416,343.46695351480116,347.4664449660331,351.46642383020605,355.4661983554869,359.46636904217695,363.4662805815515,367.46663828178146,371.4666522314626,375.4670528259621,379.467180099863,383.4676327444299,387.4678057042578,391.46833093299466,395.46851077037024,399.46889623951273,403.4690226441031,407.4693018254167,411.46936198802945,415.46958705909975,419.4694605401348,423.4695689517876,427.46927644871874
1.604891e-05 1.604891e-05 2.410375e-02 0.00 0.4576546090019245 -0.0397827163256654 0.16111388198130466 0.5647692899377309 331.7883806700829,335.7917830617209,339.79485077033036,343.79849157872405,347.80169327323176,351.80560137665407,355.80914326056404,359.81326125608706,363.8170158703869,367.8211381827485,371.82501310447327,375.829366812386,379.8332775921097,383.8377042436845,387.8416865834011,391.8459662209017,395.8499359535242,399.85426086075904,403.8581333103027,407.86246084771926,411.8663279503881,415.87033211945476,419.8741521198199,423.8780836658904,427.8815918348944
1.387956e-06 1.387956e-06 1.124453e-01 0.00 0.45466390500658255 -0.0397827163256654 0.15430926133513623 0.5647692899377309 335.3551087437189,339.352835538578,343.351379635801,347.3495195405496,351.3482986048961,355.3465324261771,359.34548804675154,363.34403780299823,367.34301186572065,371.3417265345827,375.3408437264451,379.33962624422406,383.3387361421441,387.3375971388285,391.33667876903945,395.3355879336932,399.33467719041926,403.3334093948622,407.3324999706307,411.3312453139884,415.3300413124609,419.32869890455356,423.3274844177431,427.3258513852677,431.32494437220595
2.270166e-07 2.270166e-07 2.463452e-01 0.00 0.45559802858715404 -0.0397827163256654 0.15748092653639653 0.5647692899377309 335.4918201841041,339.49131777689354,343.4913465764662,347.4911820624447,351.49146328962655,355.4914061175176,359.4919758205404,363.4922180315022,367.4928548671002,371.49305030402525,375.49384804335887,379.49425999171353,383.49499000399464,387.495448183129,391.49621352093646,395.49663725669546,399.49736133238923,403.49774696054635,407.4985280339225,411.49867747620215,415.499276967543,419.49944753401655,423.4997708808585,427.4998327110954
1.911330e-05 1.911330e-05 1.462419e-02 0.00 0.45787314189010425 -0.0397827163256654 0.15732319623969399 0.5647692899377309 331.81823232884,335.8218651739622,339.8253464474335,343.82927271650965,347.8329737828512,351.8372080618633,355.84118774512893,359.8455253527047,363.84962194056493,367.85425736244747,371.8584793623978,375.8630766299432,379.86738867430705,383.87204503062287,387.8764590145822,391.88104529903154,395.88548885537494,399.890172448971,403.89449430426333,407.89906963050646,411.9032953744182,415.90770487532933,419.9118593022533,423.9162175331236,427.92013555864486
1.351182e-05 1.351182e-05 8.227931e-03 0.00 0.45322316426282 -0.0397827163256654 0.15762849109594013 0.5647692899377309 335.14570701392125,339.14121923340736,343.13713004146257,347.13272633085916,351.1289863729174,355.12486209018385,359.1213545445574,363.11740614153325,367.1138631358775,371.11014783486957,375.1066994619941,379.1030307293558,383.099666052972,387.096100716974,391.092691286982,395.08903560089493,399.08565881452887,403.0819190538409,407.0784874534674,411.07472434898773,415.0711438066557,419.0672290169367,423.06349042219927,427.0593220299133,431.0556119661759
3.567623e-06 3.567623e-06 1.308650e-01 0.00 0.4564395216336588 -0.0397827163256654 0.15664395924871205 0.5647692899377309 331.61225860114314,335.61386293181727,339.61468538477874,343.61611082331973,347.6172793954299,351.6191333991053,355.62064110216176,359.62250952412955,363.62413117434573,367.6261885044799,371.628018472247,375.63006107602405,379.63199655981543,383.6341405187239,387.63602502964795,391.6382384558126,395.64011940142893,399.64222967531765,403.644119757581,407.6462859786637,411.6480048090961,415.64966347838117,419.6516091413663,423.6533158451182,427.6548656829631
5.074278e-08 5.074278e-08 1.905589e-01 0.00 0.4552464207581899 -0.0397827163256654 0.15825133243768552 0.5647692899377309 335.4409926129601,339.43994930498405,343.4393480000052,347.4386480880202,351.4382942485631,355.43754281858844,359.4375807137402,363.4370561963689,367.437096183492,371.43678134520377,375.4368869687976,379.43663619238475,383.4368654018821,387.4366624207901,391.4368286229643,395.43664891145204,399.4368818559018,403.43659323253155,407.4364188532779,411.4364817260596,415.4362254956488,419.4358332121634,423.43552903504775,427.4349747446735,431.4352360309944
4.946116e-06 4.946116e-06 5.512351e-02 0.00 0.4540657939463151 -0.0397827163256654 0.1587438666765519 0.5647692899377309 335.2696929939862,339.26647510680783,343.2639379526534,347.26112202766245,351.2588686512644,355.2562844592402,359.25402428638023,363.25156485937435,367.24956190500967,371.24735515042585,375.24530247387116,379.2431572257728,383.2412679733029,387.23916379115514,391.2370862256334,395.23504102931025,399.2330758007716,403.2308631979098,407.22874658812356,411.2262771971896,415.22433845102944,419.22193134088957,423.21960166677906,427.2168836318595,431.21452831494315
6.826402e-05 6.826402e-05 1.370518e-01 0.00 0.45060186502946636 -0.0397827163256654 0.16079691061057358 0.5647692899377309 334.7598413175267,338.75053929916663,342.7418843941277,346.7329542888638,350.72464473713416,354.71593120519225,358.70775446351473,362.6992059762008,366.69120529618453,370.6828467947433,374.6748849771332,378.6665792232059,382.65862557359605,386.6504693177093,390.64242397806345,394.63430088514303,398.62622827471165,402.6180775045355,406.6099525533097,410.60156994310205,414.5934295333324,418.58490911218865,422.57645701076046,426.5678997264347,430.5593767140022
5.531207e-08 5.531207e-08 2.203854e-01 0.00 0.45544140110005604 -0.0397827163256654 0.16010030861389837 0.5647692899377309 335.47036244550196,339.4694593607275,343.4693930061454,347.4688177253277,351.4689048867613,355.46866740818336,359.46895554832173,363.46893238345314,367.4692576188112,371.46925185890353,375.46973517083273,379.46985680862633,383.47038490984005,387.47046791981126,391.47113374693004,395.47126813481174,399.47167837634555,403.47191322139616,407.47221887737976,411.47228924121174,415.47256629317127,419.47255266696845,423.4726916436563,427.4724463430063
3.553899e-07 3.553899e-07 2.415728e-01 0.00 0.4556598250303991 -0.0397827163256654 0.15952842210608414 0.5647692899377309 335.5022083297103,339.50185730092153,343.50202722556037,347.50195090512045,351.5023172364378,355.5025048851574,359.50307784729034,363.5034275286528,367.50415052190226,371.504613136703,375.5054093239929,379.5059852898902,383.5068529009531,387.50745581477236,391.50835147730567,395.5089166891888,399.50974070886224,403.51020886676685,407.5110442627515,411.5115442349126,415.5121879112905,419.51239411373234,423.5128931010104,427.51306644899336
6.571027e-06 6.571027e-06 4.026877e-02 0.00 0.45386529535564535 -0.0397827163256654 0.16125522976903053 0.5647692899377309 335.240658908473,339.2372203352455,343.2342994224539,347.2310399342878,351.2283845186946,355.22542879272055,359.22290007087406,363.22026735014566,367.2177943347857,371.215190102573,375.212844482406,379.2102352929014,383.2080383827652,387.20542640411514,391.2032134105374,395.20072212647284,399.19839386832746,403.19588266017746,407.1934952292368,411.19082690106217,415.18836619449235,419.1854838323015,423.18292322142787,427.1800171540658,431.17718881339385
4.495220e-05 4.495220e-05 1.407584e-02 0.00 0.45924888993699325 -0.0397827163256654 0.1606593281416936 0.5647692899377309 332.0131181406918,336.01931942203214,340.02512435317345,344.03146605604474,348.03747491776124,352.0440480585294,356.0500317795628,360.05696218496104,364.06342083569723,368.0703372013766,372.07682420525464,376.08368294601195,380.09048143986115,384.09747922804337,388.10420459308364,392.1111892702592,396.1178858541832,400.12487862510585,404.13151150803776,408.1386416550396,412.14507546174633,416.1518588410085,420.158293011765,424.164987702469,428.1712142736278
3.220203e-06 3.220203e-06 7.645534e-02 0.00 0.4543087358555724 -0.0397827163256654 0.15963578897633446 0.5647692899377309 335.3051541622523,339.30232892924283,343.3002867213319,347.29781584838884,351.29579466420336,355.29378902621374,359.29200099660034,363.2898821458115,367.2883957078175,371.2864492540059,375.28495340433676,379.2832080909791,383.28175144549306,387.2799658144871,391.27855854801857,395.27679189664264,399.27534630404347,403.2735272861835,407.2718356399939,411.269875338972,415.2682459858179,419.26630271766595,423.2644795450104,427.2622139932349,431.26015343867834
7.474938e-07 7.474938e-07 1.350483e-01 0.00 0.45482573440123875 -0.0397827163256654 0.16107112935476245 0.5647692899377309 335.3819595888345,339.38015347483145,343.37895737987145,347.3772409483573,351.376433862752,355.37500117236425,359.37429585713295,363.37311313350665,367.37249085502873,371.37147437221466,375.3708320717642,379.369968527108,383.36944777978294,387.36852478516204,391.36806400593576,395.36717044617075,399.3665511001017,403.3657710391636,407.3649848590708,411.36406289155207,415.3632425547356,419.3622002764399,423.3612664966263,427.3599039014499,431.35966753729065
6.020454e-06 6.020454e-06 9.431448e-02 0.00 0.4567514903581861 -0.0397827163256654 0.15978192432804053 0.5647692899377309 331.6577804199255,335.6605403206736,339.66217576404637,343.6641502605058,347.6659238742314,351.6682128575234,355.67030613416676,359.6726187289642,363.67484443304676,367.6775132593808,371.6797709248522,375.6825838708369,379.68503381417906,383.6877052780715,387.69021787432894,391.69294033982567,395.69534821269093,399.6981017425088,403.70051568827813,407.7030599089323,411.7054339408854,415.7080517772235,419.71032716383456,423.7126177699014,427.71467712902034
3.971693e-06 3.971693e-06 1.240139e-01 0.00 0.45648603105943886 -0.0397827163256654 0.15973858518879255 0.5647692899377309 331.6200233717045,335.6218709646203,339.6229630107508,343.62448775987707,347.6257985327501,351.62769921779113,355.629231636881,359.63127703561355,363.633096718956,367.6351866523668,371.6370383245183,375.63928094061583,379.641083045529,383.64352717784794,387.6455798519203,391.64780147102334,395.64980105930914,399.6521618883925,403.65393536792743,407.65624769995543,411.6580074937328,415.6601081236774,419.662023299199,423.66379465267676,427.66535338556855
2.690959e-06 2.690959e-06 8.462882e-02 0.00 0.4543804258129041 -0.0397827163256654 0.162766671113386 0.5647692899377309 335.31728958779405,339.31470513038505,343.3126733231862,347.31044011388224,351.30865213119466,355.30666349393067,359.3051472532976,363.3032215767977,367.301757459669,371.30005081502884,375.2986174372587,379.2970046708402,383.2957022326867,387.2940490427468,391.2927880450527,395.2911255900065,399.28984756575335,403.2881370389091,407.28678212962654,411.2849834348928,415.2834487500687,419.2815451001487,423.2799351595448,427.27784244994547,431.27602576231544
1.095419e-05 1.095419e-05 1.578131e-02 0.00 0.45342213822637456 -0.0397827163256654 0.15961316636608677 0.5647692899377309 335.1762556906314,339.17198720443434,343.1683106250974,347.1643626574359,351.1608773064524,355.15719738120936,359.15386126554324,363.1503395198761,367.14724052718634,371.1438427810711,375.14081853817316,379.13738472311223,383.1344599979397,387.1311949921675,391.1281713090076,395.12492683521333,399.121842597749,403.1184953395999,407.11532268598893,411.1120732271575,415.10877396091837,419.1052728927635,423.10192752173293,427.09811199472955,431.09484606462604
1.108986e-05 1.108986e-05 1.536592e-02 0.00 0.45342225213736614 -0.0397827163256654 0.15822231918309002 0.5647692899377309 335.17482513426893,339.1705732236163,343.16689061046554,347.162911825316,351.1592924482868,355.155577314692,359.1524243357899,363.1487748520957,367.14559702544875,371.14229007991486,375.13917745151196,379.1357658237116,383.1330204745519,387.12944892392596,391.1265411134183,395.1231145464551,399.12019432331255,403.1167490396879,407.11365042351076,411.11026082974377,415.1069921964257,419.1034645332908,423.100104912282,427.0962250240869,431.09297254224623
1.355293e-05 1.355293e-05 3.478107e-02 0.00 0.45746485401223114 -0.0397827163256654 0.16289333794900343 0.5647692899377309 331.76140948796956,335.7646295672417,339.7674059298536,343.7707916998443,347.77368709319734,351.777227688088,355.7804818799053,359.7841987291194,363.7875714933691,367.7914471580882,371.79495051125383,375.7989264443207,379.80250265006475,383.80656421100423,387.8102125550956,391.8142741974161,395.81788518761243,399.8218746122863,403.8254459730484,407.82944220919734,411.8328921722723,415.8366871980662,419.8402054212574,423.8438058904526,427.84700038990275
9.652499e-05 9.652499e-05 1.788755e-01 0.00 0.4610915959727348 -0.0397827163256654 0.15872942504233808 0.5647692899377309 332.2730253560904,336.28212241103876,340.2910569806723,344.30051970862223,348.3096232853625,352.3192198940272,356.32854756298974,360.33847387096824,364.3480058578236,368.3580391732522,372.3677789761301,376.37779486632763,380.38759506897867,384.39777220749903,388.4075396762049,392.4175722889367,396.4275510986661,400.4375980552248,404.4474090614383,408.4573927291103,412.46705706746536,416.47703757511715,420.4866569442574,424.4963609698229,428.50587116968285
1.200570e-07 1.200570e-07 1.775458e-01 0.00 0.45514860585123734 -0.0397827163256654 0.16047540300070068 0.5647692899377309 335.4279203689993,339.426780788405,343.4259842217843,347.4249181768391,351.4246287281052,355.42382577604656,359.42354190167765,363.42304759666496,367.42294331791146,371.4224091983394,375.42228595505907,379.421973146951,383.4218623420058,387.42174257247103,391.42158847418983,395.42128473702485,399.4213011608664,403.42088266242723,407.4207625000137,411.4203261525672,415.42018190607547,419.4195648005593,423.41912549360603,427.41842219562767,431.418783235552
3.684826e-06 3.684826e-06 6.996574e-02 0.00 0.4542342137013087 -0.0397827163256654 0.16143938240731667 0.5647692899377309 335.29498332370275,339.2920484729531,343.28978758829714,347.2873133100535,351.2853070062234,355.28289322645054,359.2811579659468,363.2789704216059,367.2773433184635,371.27518092854496,375.27366403918296,379.2717035431934,383.27009840899547,387.26823023465823,391.26667606956374,395.2647210275178,399.2631267249949,403.2611409458731,407.25947006695804,411.25744327643247,415.25560712436084,419.25347310354294,423.2516469030907,427.2492086131754,431.24698662016897
7.256730e-06 7.256730e-06 8.014849e-02 0.00 0.4568976055476047 -0.0397827163256654 0.16004281602674608 0.5647692899377309 331.67827307014915,335.681237606539,339.68301642329965,343.68534437195933,347.6872435817305,351.68979820294066,355.69202804946764,359.69485675049,363.69724354468593,367.7001994831765,371.70260245541795,375.7056683154038,379.70834503638525,383.71129325506934,387.71403938448174,391.71706481563075,395.7196818895262,399.72275571974143,403.72527224985777,407.7281901697998,411.730746254305,415.73345012554876,419.73598896042176,423.7386171019176,427.7408679824995
2.030855e-05 2.030855e-05 1.163869e-02 0.00 0.45794361839866105 -0.0397827163256654 0.16156203989102186 0.5647692899377309 331.8297763113741,335.83357851371744,339.83724537869017,343.84119576797065,347.8451001396063,351.84952861724497,355.85349360246903,359.85797063688455,363.8622047855512,367.86701079028137,371.8712047725256,375.8761240784494,379.88045079744523,383.8852823129433,387.88988343840776,391.89471264580067,395.89909145409695,399.9040122553526,403.90838526147525,407.9131939982259,411.91753704703353,415.922151683782,419.9262843613294,423.93083030925226,427.9349221745903
4.928685e-05 4.928685e-05 6.084630e-02 0.00 0.45131139916723295 -0.0397827163256654 0.16136816975909693 0.5647692899377309 334.86466523631947,338.85662350312487,342.84927134415557,346.8415808214473,350.8345645967449,354.82714394155647,358.820231431727,362.8128939146112,366.8061458915528,370.7990593693842,374.7923360226322,378.78533313639895,382.7784807243072,386.7715661066125,390.76486193339855,394.7578832121675,398.75116143725484,402.7440401501037,406.73723293159816,410.73007491854344,414.7231356650743,418.7158501116061,422.70877718250813,426.70136626539386,430.6942164381353
1.286364e-05 1.286364e-05 3.853808e-02 0.00 0.4574222039493524 -0.0397827163256654 0.1548298882127194 0.5647692899377309 331.7528638088199,335.75610883509296,339.75868089967304,343.7618864065602,347.7648389359964,351.7682848079092,355.77141922947243,359.7749849597645,363.7783150670216,367.7820240238022,371.7855256988503,375.7893024906912,379.792956276827,383.7967765913211,387.80043659362326,391.8043286743549,395.807939240048,399.8117234677673,403.8153264897385,407.81909859936377,411.82258263116745,415.82629639818305,419.8295570639923,423.83302479581,427.83630178213826
1.243066e-07 1.243066e-07 1.750380e-01 0.00 0.4551270639942367 -0.0397827163256654 0.16034313328664995 0.5647692899377309 335.42557216675664,339.4241517329203,343.423541087061,347.4225269521022,351.4221264468212,355.42134088174373,359.42107688504814,363.42032726274186,367.4202192060713,371.4197973685708,375.41962357671486,379.4192500763374,383.4192043650974,387.4188795751917,391.41879765302525,395.41851750152205,399.4184078371292,403.4180819942837,407.4179358409825,411.4174349811095,415.41723031139014,419.41657157590015,423.41620915487397,427.41552354504245,431.4157600387153
4.608575e-06 4.608575e-06 5.876067e-02 0.00 0.4541090822607363 -0.0397827163256654 0.1611870806383891 0.5647692899377309 335.2762033203154,339.2731049449091,343.2706672005116,347.2678867494521,351.265646104459,355.262993562161,359.26105015404084,363.25868041413037,367.25662273024096,371.25447963612993,375.2525789583722,379.2503729413119,383.24862025532747,387.2465879363731,391.24469094293937,395.24260651138957,399.2407667676788,403.23860355930117,407.236678285369,411.2344497609962,415.23229715757884,419.22999917543046,423.22788298860826,427.2252127502073,431.22281153998307
3.374824e-06 3.374824e-06 1.351689e-01 0.00 0.45639580718450334 -0.0397827163256654 0.1582937219412406 0.5647692899377309 331.607333241076,335.60855369130013,339.6094325129286,343.61096564163154,347.61212875512985,351.6138448099686,355.6151379472917,359.61699319208094,363.6185570071427,367.6205724856338,371.6223094600997,375.62437809951695,379.62627775124105,383.62838128573253,387.6301389400405,391.63233486821684,395.6341408822777,399.6362736210825,403.63795353266966,407.6400210334955,411.64178648069696,415.6436666031233,419.64527997436414,423.64715864703436,427.6483682931553
7.588369e-06 7.588369e-06 3.260262e-02 0.00 0.4537670190072127 -0.0397827163256654 0.15259170641103834 0.5647692899377309 335.2235843690159,339.21977333157974,343.2167727217593,347.2131644663517,351.210349613982,355.2071639353253,359.2045244578402,363.20154393196526,367.19891092514433,371.19605038018966,375.19356867275445,379.1907521347022,383.18833312222165,387.18568907629765,391.1832060326479,395.1804947723777,399.1779213748251,403.17520316758834,407.1726224363184,411.16989468310373,415.1671080648076,419.1641487244142,423.16137563774436,427.158171934322,431.15539309235965
6.005671e-05 6.005671e-05 1.021469e-01 0.00 0.45090566287952305 -0.0397827163256654 0.15514973258936599 0.5647692899377309 334.80278777336156,338.793917490214,342.78579578033094,346.77748453405275,350.7696606169248,354.7613598251313,358.753767000729,362.7457859947268,366.73834331601756,370.73032875949076,374.72297515314835,378.7150661561146,382.707634190443,386.6999362249745,390.69254565433016,394.6847665689462,398.67734096104283,402.66957168511914,406.66206370268634,410.65422613875364,414.6464742680481,418.6384995724655,422.6307783095175,426.62253461329357,430.614655238448
2.664857e-06 2.664857e-06 1.499708e-01 0.00 0.4562712793526066 -0.0397827163256654 0.1614106828623215 0.5647692899377309 335.5913210341231,339.59196217587754,343.59327106432437,347.5940632171957,351.5956741435655,355.5968078224366,359.5985015993899,363.5998660022955,367.601665659016,371.6030739607795,375.6050143183046,379.6066172929723,383.6085910221642,387.61013374977,391.6121470787302,395.6136134727541,399.6155687511017,403.61720220190153,407.6190406611802,411.6205486687991,415.62225032616385,419.6235615997575,423.62506978680756,427.62628454134324
1.581890e-05 1.581890e-05 2.509023e-02 0.00 0.45766201568702763 -0.0397827163256654 0.1529391447066763 0.5647692899377309 331.78571204456955,335.78911262451675,339.7921171922841,343.795794704216,347.7989142438992,351.8028288276062,355.80630245707016,359.8103370438195,363.81406450698177,367.81819711572774,371.8220982006654,375.82622705676783,379.83018808900965,383.8344770493855,387.83839360247146,391.84265670460417,395.84669377374667,399.850887458373,403.8548352455581,407.85900901021256,411.8629597502247,415.867107178774,419.870704107391,423.8746355528903,427.8782619887619
2.919288e-05 2.919288e-05 7.601627e-03 0.00 0.452245485059659 -0.0397827163256654 0.15983312853470216 0.5647692899377309 335.00174356415806,338.99543674823246,342.9897328137995,346.98364043937084,350.9781404363919,354.9724367194277,358.9670141799096,362.9614365426433,366.9563034269492,370.950760426496,374.9455812100021,378.9401774802931,382.9351564827458,386.929828710804,390.9247022778288,394.91931085377246,398.91410215264114,402.90880845984293,406.90365415518886,410.89815180089937,414.89286641933313,418.8872554032851,422.8817959223885,426.8759078476922,430.87010858100643
1.300609e-05 1.300609e-05 3.741641e-02 0.00 0.45743274381368604 -0.0397827163256654 0.16061942622089678 0.5647692899377309 331.7553849535423,335.7586462607288,339.7612422038757,343.7645175482799,347.76740060528925,351.770966255252,355.774009100006,359.7777317667185,363.78110042723443,367.7848626868436,371.78832761390134,375.79224599612786,379.79573866111997,383.79967600017886,387.8032825051704,391.8072482545981,395.81082615663814,399.8146491122272,403.81837200486433,407.8221103982836,411.8255926395766,415.8292807859847,419.83262062945954,423.8361422539188,427.8392735942419
1.587828e-04 1.587828e-04 1.049261e-01 0.00 0.4627436037144868 -0.0397827163256654 0.16206888901931038 0.5647692899377309 332.50362229797236,336.51555513611396,340.5269908822096,344.53926501161374,348.5510077113282,352.56348044745533,356.57564496949556,360.58827574185835,364.6005513806368,368.613211434752,372.62567649044166,376.6385370526404,380.6510411216856,384.66396390749264,388.6765495912374,392.6895404758042,396.702046114497,400.7149000651067,404.72753319769873,408.74028555241927,412.75280075855295,416.76539948853724,420.77773973223697,424.79037576374856
1.041712e-05 1.041712e-05 1.776615e-02 0.00 0.45347753014893016 -0.0397827163256654 0.1564425918141282 0.5647692899377309 335.1829609495969,339.1786544831681,343.17509816689557,347.1712268642588,351.1678437280374,355.16411534083096,359.1609584059045,363.15741809664587,367.1544587353706,371.1511780661828,375.1482642220112,379.1448653834294,383.14205373426023,387.13878107062385,391.1357550982608,395.13265969892694,399.1297247480226,403.1264635302316,407.12352759998447,411.1201960267542,415.1169178195505,419.1135197274171,423.1103173429173,427.10665752999944,431.1033220392109
1.986332e-05 1.986332e-05 7.729979e-04 0.00 0.4527622438688411 -0.0397827163256654 0.16466561131506932 0.5647692899377309 335.08088451653964,339.07548374240247,343.07079908024843,347.06564031732694,351.0611071216075,355.0562733333499,359.05196849541613,363.0472578640611,367.04299991987284,371.0384933592496,375.03429723925177,379.0299084781718,383.0257785712521,387.0213423719693,391.0172751938133,395.01272516683093,399.0087253311112,403.00416117784096,406.9999083674161,410.99530747303015,414.99101615665165,418.9861787777827,422.9817572600762,426.97697069821083,430.97195324444345
8.611575e-06 8.611575e-06 2.670890e-02 0.00 0.45364763899617505 -0.0397827163256654 0.16036487004626895 0.5647692899377309 335.20879534162793,339.2048994569836,343.2016453761574,347.1980101290512,351.1951395712259,355.19173410908485,359.18888713989537,363.18558462483156,367.18289176326016,371.1799201186747,375.17716264730103,379.1742976511988,383.1716110965065,387.16878060873694,391.1660159898676,395.1630982176855,399.160577526531,403.1575137992627,407.15487205242994,411.1518187253956,415.1489701291784,419.145846604017,423.1428851843242,427.1394380698818,431.13647733563727
7.690540e-07 7.690540e-07 2.146249e-01 0.00 0.45583661584949486 -0.0397827163256654 0.15481731337115845 0.5647692899377309 335.52630720896786,339.52617557758407,343.52674982590116,347.5268623907576,351.5275441020016,355.52795672396627,359.5289241554007,363.5294961237238,367.53055036910763,371.53124482905815,375.53230409019085,379.5331819599279,383.5343866779759,387.53526713015395,391.53638987605206,395.5373428138369,399.5383518553567,403.5392803207628,407.54027985363905,411.5409705411973,415.54196561747204,419.5425183753103,423.5432678214352,427.54377900731714
4.480306e-06 4.480306e-06 1.154213e-01 0.00 0.45656562005692664 -0.0397827163256654 0.15868254848960145 0.5647692899377309 331.63040915278384,335.632644971276,339.63377410311784,343.6355779302417,347.6369634209356,351.63889959679733,355.6405958306175,359.64276810558,363.6445692372795,367.6469200547646,371.64890110765435,375.65125423865277,379.65322277731394,383.6556181128277,387.65782527309193,391.660192280949,395.6623564535483,399.6647862012459,403.66678327013494,407.6692066664428,411.6710664287579,415.6733360551675,419.675126113065,423.677233220655,427.6789771742629
5.272329e-07 5.272329e-07 2.287665e-01 0.00 0.45573590268765657 -0.0397827163256654 0.1618579566329299 0.5647692899377309 335.5134771855539,339.5132294518122,343.51360176082505,347.5135646707945,351.51412377387135,355.51432978156157,359.5152132391907,363.51563399720885,367.5164980941068,371.5171089726781,375.5180847951368,379.51868702885247,383.51970519552947,387.52047192005546,391.5214986541318,395.5221182834279,399.52316644481715,403.523753696959,407.52469443768865,411.5253734833868,415.5260731217059,419.526534322492,423.52715607191226,427.5273337925625
1.112003e-05 1.112003e-05 2.125420e-02 0.00 0.453418944840069 -0.0397827163256654 0.1594485908568142 0.5647692899377309 335.1752536858586,339.17107224678244,343.167337358534,347.1632551421148,351.15988877391266,355.1562081838318,359.15293180598155,363.1494094936382,367.1462088639821,371.14276535568996,375.1396884072158,379.1364575447476,383.13331117248225,387.12999091957874,391.1271050853107,395.12377548939565,399.1206917574589,403.11733246481174,407.1143251412504,411.1109292006724,415.10761085485467,419.1041484552104,423.10069478961833,427.096950671332,431.09355146565645
5.738826e-06 5.738826e-06 4.702438e-02 0.00 0.45398042256292 -0.0397827163256654 0.15336893706461988 0.5647692899377309 335.25436575241645,339.2510171236201,343.24825482640415,347.245346693125,351.24287241847003,355.2400400404675,359.237726412442,363.23498863567806,367.2328002850046,371.23033813054167,375.22824875699723,379.2258946894406,383.22386751559947,387.22145944936494,391.2192287093054,395.21694317077686,399.21483150187686,403.2124619328762,407.21026850402114,411.2077823485758,415.20544911194594,419.20276567266757,423.20037071887805,427.19747780283427,431.19508630077706
2.262423e-05 2.262423e-05 7.107508e-03 0.00 0.4581057995888044 -0.0397827163256654 0.15827361923762787 0.5647692899377309 331.8508345331277,335.85498706268623,339.8588832951159,343.86318352715546,347.86728228472265,351.8720056150016,355.8761897574503,359.88092356168715,363.8855027527541,367.89040396871775,371.8950544651263,375.9000522920436,379.90470118140337,383.90975160486704,387.9144289652046,391.9196491931605,395.92435129735867,399.9293726804196,403.93402570913895,407.93906412515656,411.943746486059,415.9484839438891,419.9530186034167,423.9578617560769,427.96205169602916
4.100002e-05 4.100002e-05 8.160968e-03 0.00 0.45907747861529447 -0.0397827163256654 0.1555344282972692 0.5647692899377309 331.9879864504438,335.99388356500026,339.99923913477767,344.00537985989536,348.010981644627,352.01718384534223,356.0231435261715,360.02967608894625,364.03575716131303,368.04244719716894,372.0486094381141,376.05530564687075,380.0616541728268,384.0684610478675,388.07474063062017,392.08152770750974,396.0880004914792,400.09459248041475,404.1009222924642,408.10757430636204,412.11396299210384,416.1205830831433,420.12663416065607,424.1326980690859,428.1389289950424
9.597899e-06 9.597899e-06 2.140888e-02 0.00 0.4535506045788006 -0.0397827163256654 0.15732793033029932 0.5647692899377309 335.19420764915895,339.19002550391843,343.18657342264316,347.18279148958493,351.1796529937554,355.17600122632336,359.1730821723858,363.16966541547316,367.1668098617026,371.16358463100386,375.1607169829932,379.1576376479027,383.15485283386204,387.1517444331754,391.1489575447729,395.1459039475153,399.1430796943992,403.13987565654617,407.1370299161255,411.133860908495,415.13077700471337,419.1275877662891,423.124395157515,427.1208402600959,431.1177492414519
1.135984e-05 1.135984e-05 1.431633e-02 0.00 0.4533902676021126 -0.0397827163256654 0.16138218670957716 0.5647692899377309 335.1711409841327,339.16681838275287,343.1630161038138,347.1590717652548,351.1555138540708,355.1516872161981,359.14839781246224,363.14475514079095,367.141557384455,371.1380617246558,375.1350024042124,379.1316661901924,383.1285769644084,387.12513781947524,391.1220766023657,395.1187768798277,399.1157525297149,403.1123300581456,407.10924723256096,411.1055876926827,415.10232051697665,419.0987131352723,423.0954565668811,427.09160838587206,431.0881654413755
4.358044e-04 4.358044e-04 2.504221e-01 0.00 0.46775387794230944 -0.0397827163256654 0.1631053060551296 0.5647692899377309 329.17390996567383,333.19358495075784,337.2136303168775,341.2334340422809,345.25393069954004,349.2740112042417,353.2947246210883,357.3150789672212,361.3360207818649,365.35659962215004,369.3776806985973,373.39838356194974,377.41955159238915,381.44036517048403,385.4615352158344,389.4823766984332,393.5034464325209,397.52435660678105,401.5454878687374,405.56637524035847,409.5874529178008,413.608105736861,417.6291099414014,421.6499360033715,425.67083113918807
1.256973e-05 1.256973e-05 3.981963e-02 0.00 0.45739754792841336 -0.0397827163256654 0.16036419675180322 0.5647692899377309 331.7501023791898,335.7533423217971,339.7558742722152,343.7590877767024,347.76188629800686,351.7653679134635,355.76846619800074,359.7721108173025,363.7753136463699,367.77910122060877,371.7824831165574,375.78624927661883,379.7897462246944,383.7935927719228,387.7972815251565,391.80102835746663,395.8045536222224,399.8084078070446,403.81191420771864,407.81573784094707,411.81919256412084,415.82271196125356,419.82587868069163,423.8294682878257,427.8325777720228
2.227737e-05 2.227737e-05 7.691656e-03 0.00 0.45806604508135124 -0.0397827163256654 0.1636616417636639 0.5647692899377309 331.8477096239378,335.8517951581517,339.8555860911301,343.86003598977163,347.86391829302744,351.8686763416469,355.8728430313129,359.87761566456413,363.8820602539838,367.88691704518175,371.89153420938953,375.8965038771532,379.90115619661964,383.9062263962264,387.91094551632676,391.9159157519165,395.9207525156019,399.9256777977699,403.9304239208174,407.9353056186353,411.9398407925225,415.9446884351443,419.94916272072186,423.9537519249026,427.95819938068337
4.914424e-06 4.914424e-06 5.546156e-02 0.00 0.4540741612213366 -0.0397827163256654 0.15941906260682848 0.5647692899377309 335.27029998576694,339.267129153359,343.2645943853061,347.2617859496615,351.2594498907386,355.2569207650613,359.2548000971854,363.252301692914,367.25031012342333,371.2479311390009,375.2461271484556,379.2438538678336,383.2420071006118,387.23973656189287,391.2378759667286,395.2357831503044,399.23370285755186,403.231532604606,407.2293412563443,411.22721494006163,415.2250181705411,419.22254368192347,423.2204726191313,427.2177870495202,431.2152030775694
4.324158e-07 4.324158e-07 1.513135e-01 0.00 0.45497585259553974 -0.0397827163256654 0.15492654294120675 0.5647692899377309 335.4004799946656,339.39880280630524,343.3978285379429,347.39640129507296,351.39567777944535,355.3945365338229,359.39396728196755,363.3930092743714,367.3925249268931,371.3918545860298,375.3914284388537,379.3907626010905,383.39037358861447,387.3896598457033,391.389482186805,395.3887441157907,399.38835264981293,403.3877992565914,407.38732245249463,411.3865402099996,415.38594200441395,419.38509309661407,423.3842958300037,427.38329432101096,431.38345686579936
1.072972e-06 1.072972e-06 2.003305e-01 0.00 0.45591892031405945 -0.0397827163256654 0.1595836706955903 0.5647692899377309 335.53972860530655,339.5396992252293,343.54039054809283,347.5408763472937,351.54155559143976,355.5422345106882,359.5433089047713,363.5439587704737,367.5452371021851,371.5461009579573,375.54736889963846,379.5483688416708,383.54965779252024,387.5506483114946,391.55204135867604,395.55301520109504,399.5542941981858,403.55534527707806,407.55646012905794,411.5574070412998,415.5585080548951,419.5592352334445,423.5602673415934,427.5608525274364
2.294396e-06 2.294396e-06 9.214136e-02 0.00 0.45446183288906555 -0.0397827163256654 0.16155915411536298 0.5647692899377309 335.32806577195447,339.32567056377223,343.323840312626,347.32156799072374,351.32005514774295,355.31800729345565,359.3166304924828,363.3148699545627,367.3135380805529,371.31190001245034,375.3106936852176,379.3091647457412,383.30804997168076,387.3065013051274,391.30523743996673,395.3038030540593,399.30261583621024,403.3010412368824,407.29969751609195,411.2981807874373,415.2966623946128,419.2949976428269,423.29332692988146,427.29145873117375,431.2898983102779
4.876413e-05 4.876413e-05 5.932278e-02 0.00 0.45135166971988167 -0.0397827163256654 0.15141449688220396 0.5647692899377309 334.86722028974305,338.8592735734129,342.8518276557364,346.84426744457284,350.837223895836,354.8297682746372,358.8230268688233,362.81576686551597,366.8089479301011,370.8018988179756,374.79521721264024,378.7882676291904,382.78150879572075,386.7746139133697,390.7679707433888,394.76094337782496,398.75428683306654,402.7471817902393,406.740491852634,410.7333289828264,414.7263888036143,418.7192442510573,422.7121808322896,426.70483326282175,430.6975767566218
2.029493e-04 2.029493e-04 3.053364e-02 0.00 0.4637401208231974 -0.0397827163256654 0.15311427797762903 0.5647692899377309 332.6398173311315,336.65333787064753,340.66661526718053,344.6804766796366,348.69390115874,352.70789324253735,356.7217412270699,360.73598876411336,364.74997912938375,368.7644194033515,372.7784358166983,376.79291863456046,380.8071049742364,384.82159673775527,388.8358491996204,392.8504212945105,396.8645332774315,400.87919294644826,404.8933720616815,408.90770965515986,412.92183303273873,416.936279245302,420.95021869881003,424.96446032286894
1.000723e-04 1.000723e-04 2.146372e-01 0.00 0.4496229443448679 -0.0397827163256654 0.15934577187699217 0.5647692899377309 334.6127712619747,338.60205269803,342.5917537974462,346.581102099029,350.5711407525953,354.56061899654867,358.55070104889916,362.5404234212977,366.53067375359836,370.5206809679231,374.51092435376586,378.500744103489,382.49112386624756,386.4811855851403,390.47151298546993,394.46151753225155,398.45169146870666,402.4417585650959,406.4319110153799,410.4219930952618,414.4120236134657,418.40175517297246,422.3917358590741,426.38124529594023,430.3709623626634
2.798593e-05 2.798593e-05 1.665872e-03 0.00 0.45841727187129994 -0.0397827163256654 0.15974323556117279 0.5647692899377309 331.8953333817581,335.9001329519513,339.90437912717977,343.90929170353496,347.9138107727756,351.91892050254614,355.923815629792,359.9292354707769,363.9342798739021,367.93965162217125,371.9448351986562,375.95043058355293,379.9556264939934,383.9612139128368,387.96648229919396,391.9720271424452,395.9774179190052,399.9828731375817,403.988219347942,407.99368979890073,411.9988504346654,416.00419869499,420.00917257870407,424.01458065527453,428.0193598995873
4.755372e-05 4.755372e-05 5.516458e-02 0.00 0.45138526439343524 -0.0397827163256654 0.15693558893292253 0.5647692899377309 334.8746039270612,338.8666981198322,342.8594878786867,346.85191278387066,350.8449816677385,354.83756893104953,358.83085637036004,362.8237001948293,366.81717480779326,370.8100226512368,374.8033915557906,378.7966179260017,382.79004653985913,386.78309536802294,390.77651216188616,394.7696131121621,398.7630273162862,402.75615387203203,406.7494987191279,410.7424667904125,414.73564517099754,418.728564062512,422.7214410915874,426.71416440651257,430.70713582881
2.489874e-06 2.489874e-06 1.548379e-01 0.00 0.4562427703521814 -0.0397827163256654 0.15722234746708305 0.5647692899377309 335.5859372077024,339.58657702476086,343.5878561491967,347.58859091671894,351.58998586096885,355.5911477794148,359.5926583390306,363.59402931100885,367.5957675204752,371.5972101515128,375.59907704997374,379.60057354760386,383.6023774218173,387.60401233063186,391.6058436783132,395.60737641229787,399.6093129423579,403.6107132656275,407.6125485794591,411.6140444458805,415.6157227001138,419.61699362866466,423.61849406984595,427.61955266398417
1.772261e-07 1.772261e-07 1.707909e-01 0.00 0.4551019936321162 -0.0397827163256654 0.16064947054434806 0.5647692899377309 335.421072018242,339.4196969754224,343.41895612603605,347.4178708897593,351.41738431354685,355.4164205316658,359.4161283611515,363.4153159689317,367.4152629436729,371.41472302596605,375.41464129796395,379.41425899628166,383.41408401771463,387.41364839520156,391.4135341366817,395.41316566213254,399.41309872970595,403.4126429396871,407.41237968732145,411.41197727190934,415.41163929304855,419.41084620061434,423.41048679308966,427.4096083232243,431.4100066479664
1.551266e-05 1.551266e-05 2.633428e-02 0.00 0.4576290108473842 -0.0397827163256654 0.15425192449395986 0.5647692899377309 331.78226886801326,335.7857202406564,339.78854915525267,343.7921624305589,347.7953287780347,351.79920460564085,355.80269847408516,359.80670116637435,363.81031698214275,367.8144012441054,371.8181587932493,375.8223883011257,379.8263175181633,383.8306605312896,387.83451090598066,391.8388316412727,395.84279819038323,399.84701565052563,403.85086333998305,407.8549584951771,411.85882742864203,415.86274415868996,419.8666215410651,423.87041672447225,427.87383299523066
8.134210e-07 8.134210e-07 1.318688e-01 0.00 0.45481329640401724 -0.0397827163256654 0.15856672220215284 0.5647692899377309 335.3786849841958,339.37683364750177,343.3756639190691,347.37410934822947,351.3730491177655,355.3716747455514,359.3707468840417,363.3695670927882,367.36901849960486,371.36784574539354,375.3672815293955,379.3663026161126,383.3657799348987,387.3648387119481,391.3643174935842,395.36326321967175,399.36267989395174,403.3617849392309,407.36105655072635,411.36011591285677,415.3592606173529,419.35808539038413,423.3571630324922,427.35575924122014,431.3554791717415
3.453073e-05 3.453073e-05 2.071605e-03 0.00 0.4587508770715033 -0.0397827163256654 0.16167794098824712 0.5647692899377309 331.943869383313,335.94944267790567,339.9542207248039,343.9597139444953,347.96495579512043,351.9706191627674,355.97607645481907,359.9820690170141,363.9875600034497,367.99368228195084,371.99938556920756,376.0055136038937,380.01135927746924,384.01738627134915,388.0234634786622,392.02953919111263,396.0354245090878,400.0416173676744,404.04744587957623,408.0536234651681,412.05935020044143,416.065180800729,420.0709208096796,424.07668476298176,428.08221583446567
1.269708e-05 1.269708e-05 1.034556e-02 0.00 0.4532789637583885 -0.0397827163256654 0.16321393789126135 0.5647692899377309 335.1554517859688,339.150860220396,343.14708185408216,347.14289352316166,351.13911204285864,355.1351731239775,359.1316326951999,363.12783104624765,367.12452440449687,371.12083310052344,375.11755335222193,379.11399384835903,383.1107634720853,387.1071819688553,391.1039784258987,395.10039567439344,399.0970985046314,403.09352792317276,407.0902278416366,411.0865296902854,415.0830656259107,419.0793097883579,423.0756904066158,427.0716686518363,431.0679520418722
1.407832e-05 1.407832e-05 7.009314e-03 0.00 0.45319411624977335 -0.0397827163256654 0.15470511911492602 0.5647692899377309 335.13956667388226,339.1349187599573,343.13075491703955,347.1264094287444,351.12254613036373,355.1184077428974,359.11463813092473,363.1106375298523,367.1071018559934,371.1032533314581,375.09982726356,379.09606699925536,383.09259437825654,387.08894210034396,391.08552279856065,395.08181200338845,399.0783473825323,403.07441559059095,407.0709212087348,411.0671238431528,415.063546723417,419.05941384986824,423.0556849191977,427.05146741150185,431.04757035836064
2.072541e-06 2.072541e-06 1.654551e-01 0.00 0.45616314010550313 -0.0397827163256654 0.16030804014331992 0.5647692899377309 335.5746444589728,339.5750514305585,343.57614875708936,347.57684458249554,351.57813393108637,355.5792145203004,359.5805499130048,363.5818014568861,367.5834935225733,371.58462002006416,375.5865121038104,379.58777033538996,383.58950261397285,387.59087681282097,391.59266888139587,395.5940958854258,399.59580880254657,403.5971180269337,407.5987765603223,411.600076533463,415.60162119902844,419.6028030617477,423.6041333364581,427.6051222160969
1.712479e-05 1.712479e-05 2.370700e-03 0.00 0.4529602452835974 -0.0397827163256654 0.1600400758726185 0.5647692899377309 335.1070830960702,339.1020187098778,343.09756857623535,347.0927912857784,351.08851945578476,355.08396800007876,359.0798594435168,363.07559012524115,367.0716896048889,371.0673937705784,375.06354844470724,379.0593867009149,383.05564855487876,387.0514198881516,391.047701953952,395.04357926381067,399.03955813401507,403.0355725388731,407.0316391419016,411.0272999024983,415.0232295285537,419.0188995400177,423.0147806913595,427.01023239301645,431.0057832943281
4.111502e-05 4.111502e-05 8.233724e-03 0.00 0.45907746528865767 -0.0397827163256654 0.15621289665220553 0.5647692899377309 331.988301942922,335.9941820362568,339.99961979744575,344.0057170897629,348.0112118409111,352.01763903070224,356.0235919640187,360.03002297407073,364.03617141775703,368.0427307236156,372.0490537772281,376.0558229976746,380.0620504003916,384.06881038937064,388.07521542214965,392.0820036042975,396.0883366938377,400.0949874713808,404.1013329824045,408.10820402908047,412.1143323768114,416.1208881563422,420.1270146672431,424.1334514886402,428.1392315792362
4.787357e-07 4.787357e-07 1.476236e-01 0.00 0.45493884922059563 -0.0397827163256654 0.155901831565146 0.5647692899377309 335.3962117029291,339.39453740268686,343.3935265336125,347.3921359582635,351.39140589344817,355.39017232451454,359.3895195606925,363.3885556936056,367.3881216186771,371.3873219975514,375.3868259455171,379.3860473090103,383.38564445793895,387.3850468498609,391.3846569700852,395.3840547253759,399.3835766833566,403.38285945663944,407.38239807415766,411.38147830187324,415.3809621051016,419.3799588540465,423.37932949574156,427.3781611526997,431.378202308217
1.197918e-05 1.197918e-05 4.337496e-02 0.00 0.4573625828595416 -0.0397827163256654 0.15301006402882386 0.5647692899377309 331.7425660871825,335.7457710853383,339.748269566518,343.7514010108714,347.75398032779157,351.75744935275475,355.76052344547963,359.76392048335566,363.76717457275714,367.7707686195901,371.7740399567641,375.7778347201715,379.78110987214023,383.78499241940546,387.78847587854574,391.7922536835396,395.79573980419644,399.7994215667176,403.80290444566185,407.80653132280787,411.8098761372749,415.8134127038312,419.81662965222307,423.820016734525,427.8230304859898
2.460327e-06 2.460327e-06 1.555931e-01 0.00 0.4562199922830861 -0.0397827163256654 0.1625812134451984 0.5647692899377309 335.58497439553355,339.585686970793,343.58684098725354,347.58770476893636,351.5891017112849,355.59026148864746,359.5919456729763,363.5931451951089,367.59488430673645,371.5963210229871,375.598119327989,379.5995848061571,383.6014798379161,387.6030828216724,391.60484285799964,395.6064951140515,399.60827724341834,403.609858577999,407.61156613770163,411.6130583324165,415.6146216692231,419.615922644492,423.6174484635549,427.6185318172845
7.777807e-05 7.777807e-05 1.809820e-01 0.00 0.45028861203867515 -0.0397827163256654 0.1614343684525324 0.5647692899377309 334.71294562195766,338.7030967603892,342.6937874670735,346.684492936337,350.67560367407486,354.6663630879569,358.65764276667335,362.6485714614791,366.6398982988118,370.6310492773838,374.6224934900979,378.61361156200456,382.60518369391394,386.5964561631206,390.5879332460416,394.57910775187287,398.57065098925796,402.56175412262223,406.5531458113899,410.54418563543607,414.5353796845669,418.52644973194043,422.51739318872046,426.50831384983496,430.4991591661739
4.750744e-04 4.750744e-04 8.804827e-02 0.00 0.44307488914383986 -0.0397827163256654 0.15884463806452884 0.5647692899377309 337.59995094994116,341.5778050346773,345.55544116141954,349.53374493449803,353.5114957641979,357.4897986601845,361.46778375650837,365.4462848787782,369.4245888905878,373.4031684108269,377.3812500400116,381.35986957963877,385.3380563387386,389.31663579655464,393.294909617521,397.27336326158013,401.2516353641876,405.23012306735967,409.20829493948787,413.18656105819116,417.1645235296752,421.142638482437,425.1206443350034,429.0983831198772,433.07592265345824
3.151110e-05 3.151110e-05 1.070722e-03 0.00 0.4586110937284988 -0.0397827163256654 0.1580291208777426 0.5647692899377309 331.922465701519,335.9276810228831,339.93225598358487,343.93749767653645,347.94245343509266,351.94793997267766,355.95305332816974,359.9587042727107,363.9639573211608,367.96985758402417,371.97530928666976,375.9811540084789,379.9867208805814,383.99262988046763,387.99828910832287,392.0042807561279,396.0098376062638,400.01571728246967,404.02123649173666,408.0270553607334,412.0326839330383,416.03830085505103,420.043647861826,424.0492049900786,428.05444850064987
4.695569e-08 4.695569e-08 2.177055e-01 0.00 0.455413494603665 -0.0397827163256654 0.1578684834342805 0.5647692899377309 335.46652759265663,339.4656411566373,343.46543626276,347.46487785489876,351.4649147444873,355.46456100264385,359.46485083171945,363.4646765065291,367.4650637716416,371.4651121817398,375.4654791930925,379.4655755793114,383.4660949474418,387.4661491539442,391.4666822284875,395.4666533965674,399.46719346756953,403.46732202077,407.46763944830917,411.46760350051585,415.46795527762475,419.4678107722363,423.46765058709843,427.46761616281435
1.919204e-07 1.919204e-07 1.689086e-01 0.00 0.45509811398653205 -0.0397827163256654 0.15710276391714117 0.5647692899377309 335.41911543812637,339.41772423426215,343.41703422452696,347.41577757343896,351.41535613477885,355.4143572593931,359.41397985259925,363.4133501424255,367.4131757621175,371.41267664155123,375.4124290399768,379.41196501321747,383.4118019189269,387.41140874855824,391.41136101164716,395.4108109472037,399.410836860013,403.4102098975145,407.4100623312507,411.4095822233843,415.4091096730781,419.4084624241954,423.40800174858,427.407226209259,431.4074723739906
7.164587e-06 7.164587e-06 8.109994e-02 0.00 0.4568868009214072 -0.0397827163256654 0.1587676814445115 0.5647692899377309 331.67686647722326,335.67990460170785,339.68150619902275,343.68375905192704,347.6856659465313,351.6882966509405,355.6905876576111,359.6933418499631,363.6956989413549,367.69863822427243,371.701140304881,375.7040028585214,379.70663619152407,383.709728425871,387.712346509839,391.7152862319262,395.71797657515896,399.7209033049597,403.72368729630153,407.7265336758858,411.728973134188,415.73165691400834,419.7341903113807,423.7367138353776,427.73910468341495
2.430821e-06 2.430821e-06 8.922557e-02 0.00 0.45444221126791123 -0.0397827163256654 0.15762090678507448 0.5647692899377309 335.3240026162395,339.32143205470834,343.31960821647476,347.3173571178096,351.31568838736257,355.3137099041035,359.3121699314723,363.31030811536124,367.30903201903965,371.3073478384589,375.30610654782066,379.3045675168755,383.30331274835504,387.3016153073757,391.3005017071023,395.29889446047133,399.2977411330654,403.29603638983764,407.29470639680477,411.2930855725278,415.2916404883246,419.28986317003734,423.28827305592756,427.28631876090805,431.28461041217497
2.614171e-05 2.614171e-05 3.707351e-03 0.00 0.4524071201991616 -0.0397827163256654 0.15857515212213324 0.5647692899377309 335.0255109667689,339.01946556127257,343.0140590442827,347.0082748348709,351.0030780109823,354.9975346947074,358.992477396773,362.9871862298495,366.98232028368574,370.9770988967395,374.9722591779109,378.9670766695416,382.9623932752099,386.957167539696,390.95241625294915,394.9472677572827,398.94248424417583,402.9373732063949,406.9325490824092,410.92726022573964,414.92232545299146,418.91689306617303,422.91186653809456,426.90631428459307,430.9007506142165
2.535325e-05 2.535325e-05 2.941549e-03 0.00 0.4524638948671178 -0.0397827163256654 0.1530277466884115 0.5647692899377309 335.031812565559,339.0258350958232,343.02048499059737,347.014706207234,351.0096929838049,355.00423894558264,358.99932155204584,362.99410211304297,366.98914113437274,370.98402139892755,374.9793094889495,378.9741588467103,382.9695649368887,386.9644493459349,390.9598543742014,394.9547445136065,398.9501061280643,402.94483224701116,406.94015010406866,410.93499871659503,414.9300938049804,418.9247497325766,422.9197323724877,426.91436180373876,430.90889793399685
3.829447e-07 3.829447e-07 1.541028e-01 0.00 0.45499344145158743 -0.0397827163256654 0.1553084471474886 0.5647692899377309 335.40342880965585,339.4018539098366,343.4008448254008,347.3994860246407,351.3988065399248,355.39780954432325,359.39719997614037,363.3963533779991,367.39593685603097,371.39512921617467,375.3947831613209,379.39414517785036,383.3938551114992,387.3933854408631,391.39300093690025,395.392372883279,399.3920034062117,403.39138534317067,407.3909852855734,411.39018958239285,415.3896911507228,419.3889349879181,423.38823902757287,427.3871106155316,431.3873078057284
2.895124e-08 2.895124e-08 2.121632e-01 0.00 0.45538717144431445 -0.0397827163256654 0.15806051285911304 0.5647692899377309 335.46144064076447,339.4605112788281,343.4602437143637,347.4596522185779,351.4595783622934,355.4592528880048,359.4593902241646,363.45923281993817,367.4594640498969,371.4594154877585,375.459810443758,379.459820892893,383.46019277257153,387.46028038395673,391.46076350728106,395.4607575451706,399.46107426644795,403.46116770760085,407.46150128593246,411.4613409718174,415.46154797892467,419.4613244016879,423.4613639138832,427.46107662562565
5.594991e-07 5.594991e-07 2.265773e-01 0.00 0.45575820375980414 -0.0397827163256654 0.1581624470679862 0.5647692899377309 335.51544527772717,339.51525392793764,343.5155655450131,347.51564822084316,351.51625301680326,355.5165240914059,359.51728374646126,363.51770645036487,367.5186320361465,371.51923977275305,375.52028943867595,379.5209492855338,383.52195227797563,387.5226229280711,391.52373118002515,395.52446113454124,399.52551604389976,403.52620994268557,407.5271233918109,411.52768969017836,415.5284439205825,419.52898140376664,423.5295912237401,427.5298819536139
5.930957e-06 5.930957e-06 4.914004e-02 0.00 0.45391747438828917 -0.0397827163256654 0.1581312610146368 0.5647692899377309 335.24718485534856,339.24379288787514,343.24097291332447,347.2378454580513,351.23529583652646,355.23246635698223,359.229872084694,363.2273373600413,367.22500915728585,371.22246501885303,375.22022044027995,379.2178190744071,383.21560166889225,387.2131409853425,391.2109580640221,395.20847749480106,399.20635188576784,403.20381472036354,407.201433177773,411.1989508574346,415.19649207591976,419.19387908541734,423.19123200856546,427.18847452732217,431.18582187165634
2.569331e-06 2.569331e-06 1.524380e-01 0.00 0.4562606366325994 -0.0397827163256654 0.15830365135997618 0.5647692899377309 335.5886090457316,339.589256679264,343.5904680753756,347.59130465464267,351.59280383116123,355.5939251380157,359.5956284624702,363.5968192588347,367.5986606519805,371.6001389020464,375.6019661775558,379.6035625652232,383.6054457914498,387.6071051967773,391.6088557347651,395.6104868282274,399.61239802409824,403.6138984999398,407.6157950105593,411.6171984616864,415.61887264976446,419.62020396892257,423.6216344838491,427.62292328401276
6.538307e-05 6.538307e-05 6.371885e-02 0.00 0.46006373560232144 -0.0397827163256654 0.15788188694246424 0.5647692899377309 332.1285153498622,336.1357622193757,340.1428750458468,344.150487778251,348.157882496112,352.16588478074965,356.1735783647316,360.1815905173088,364.1893805700807,368.1976882058498,372.20559152846783,376.2140216155092,380.22206115058185,384.2304033480219,388.23859190290426,392.2468500375422,396.2549729708702,400.26331712640405,404.27141122775686,408.2796800941251,412.2876575101877,416.29588690894684,420.3036706400484,424.31171796090246,428.3193873703871
4.826798e-05 4.826798e-05 2.000357e-02 0.00 0.45938179312158484 -0.0397827163256654 0.1603767300716154 0.5647692899377309 332.0330462969727,336.0394498054508,340.0452802130275,344.0518881738934,348.05814169903715,352.0649436658294,356.07137092688936,360.07851313492705,364.0850890089925,368.09218836436577,372.09910617433616,376.106305452735,380.113102940863,384.12039788478154,388.12738585235974,392.13469910742253,396.1415851234404,400.14895103685285,404.1556699377596,408.16291123425884,412.1696690482382,416.17676461059887,420.18347668748225,424.19038824605366,428.1967742138319
4.333601e-06 4.333601e-06 6.153896e-02 0.00 0.45413876464472963 -0.0397827163256654 0.1592402095722575 0.5647692899377309 335.2808543386509,339.27781905640177,343.2755089957104,347.2727603406399,351.2705519744806,355.2681784653072,359.26614214687925,363.26383856832643,367.26189999912674,371.25971408875773,375.2579812636309,379.25592536082354,383.2541463518267,387.2520281286498,391.2503073539188,395.2482823457516,399.2465228103424,403.24431131937894,407.24255108872046,411.2403624108202,415.23843767363275,419.23606717714745,423.23388080013564,427.2313953853674,431.22909612866033
9.336696e-06 9.336696e-06 2.280147e-02 0.00 0.4535558727712781 -0.0397827163256654 0.16039177134799237 0.5647692899377309 335.19503762325536,339.19102310032997,343.1875083545953,347.1836857772689,351.180648102731,355.1770908667299,359.1740467109797,363.1706378336237,367.16772146380504,371.1645897318953,375.16166000519985,379.15868072084146,383.1559221738084,387.1527769366608,391.1499383626077,395.146920926511,399.144022831605,403.1409897619305,407.13816108551123,411.13487727809144,415.1319658879889,419.1286269248688,423.1254237460114,427.12185039790717,431.1187740824577
2.547778e-07 2.547778e-07 2.486003e-01 0.00 0.4556022394872073 -0.0397827163256654 0.15803669404336734 0.5647692899377309 335.49373642600625,339.4931632834247,343.49325009669093,347.49312990075686,351.4934199877816,355.4935747345679,359.4940071631209,363.4942390208304,367.49484766989514,371.49526264736846,375.4960252433202,379.4964426820038,383.4970803352038,387.4976460937546,391.49842013603677,395.4988822786083,399.49966815665937,403.5001064999035,407.50076805432695,411.5011806121188,415.5017258545086,419.5018228297112,423.50233345489534,427.5023678842401
1.111214e-05 1.111214e-05 4.865657e-02 0.00 0.4572675074584262 -0.0397827163256654 0.16030104808518605 0.5647692899377309 331.7319424592899,335.735166045681,339.7374850769568,343.7405944893907,347.743070010233,351.74631883832006,355.74914027737185,359.7525631578244,363.75562382554364,367.75914002296673,371.76232992460365,375.7659915293533,379.76921274916197,383.7729046578211,387.77617599846496,391.77981951761524,395.7831128977076,399.78677233277506,403.7900494073666,407.79361845262525,411.79675006414135,415.8002470494514,419.803184729872,423.80659586003526,427.8094991884301
2.802215e-08 2.802215e-08 2.001167e-01 0.00 0.4552966484199759 -0.0397827163256654 0.1623399685896894 0.5647692899377309 335.450203521697,339.4490718886835,343.44878359674516,347.4480407735841,351.4478093924795,355.44732166456413,359.4472509128435,363.44705176745293,367.447203892637,371.4469434962479,375.4471290858068,379.4471244398132,383.4473146999269,387.4472064198602,391.44750750278683,395.4475305185137,399.4477319910908,403.4476309303752,407.44768701728987,411.4474408108796,415.44763037214693,419.447315874666,423.44720407899155,427.44661562980383,431.4467339211259
2.192516e-05 2.192516e-05 8.101832e-04 0.00 0.4526368342153065 -0.0397827163256654 0.16319197403451421 0.5647692899377309 335.06188954531706,339.0562964594562,343.05132806404214,347.04595784865074,351.04122074445013,355.0361592702481,359.0316065966542,363.0266970246079,367.0222661451599,371.01744781313465,375.01312309579276,379.0082922232526,383.0040700931111,386.9994069794651,390.9949794001313,394.99038549484237,398.98597051054645,402.98129118703,406.97666840453,410.9720626827212,414.9674511538108,418.96249155925625,422.95770235233334,426.9526110886255,430.9476740400826
1.182875e-07 1.182875e-07 2.331693e-01 0.00 0.455498345484939 -0.0397827163256654 0.16448376279440763 0.5647692899377309 335.48044134948594,339.4796781825928,343.479665379447,347.4793090237878,351.4794697051776,355.4793225366894,359.47977942975746,363.47977853453295,367.4802835065578,371.48045420285604,375.481038492708,379.48125528450595,383.48191657304113,387.4822161650836,391.48288814852805,395.4831524801574,399.4837740723029,403.4839849962779,407.4845618655588,411.4845751534166,415.4849752162334,419.4850571149618,423.4853052333023,427.4850722207113
2.749684e-05 2.749684e-05 1.885617e-03 0.00 0.4583796793773013 -0.0397827163256654 0.1648075900758854 0.5647692899377309 331.89189218520863,335.89661603211243,339.90086333165897,343.90584103435606,347.91030000790806,351.9154308788481,355.9202612724909,359.92556668553635,363.93046951441295,367.93589254072924,371.9409948338825,375.9465639160079,379.9516972682042,383.95722038167537,387.9625326240451,391.96802803398595,395.9733422834379,399.9789069370858,403.9840798401674,407.9894971267271,411.99453647011757,416.0000089144301,420.004999649655,424.010057639243,428.0150072206397
6.490407e-06 6.490407e-06 4.094469e-02 0.00 0.4538636797575691 -0.0397827163256654 0.16471604208641355 0.5647692899377309 335.24202357481414,339.23864478867813,343.23565038356855,347.23251067353027,351.22981019643134,355.2270050477642,359.2245143728698,363.22176127891777,367.2193676308048,371.216647373447,375.2145037135377,379.2119501710359,383.2096772660604,387.2070693907332,391.20488030871144,395.2024221962845,399.20014231756187,403.1976129044331,407.19519466915995,411.1925037374872,415.1900571349112,419.18742511749,423.18474273425477,427.18175586740864,431.1790628661026
3.992808e-07 3.992808e-07 2.383251e-01 0.00 0.4557054954117208 -0.0397827163256654 0.15116464318047945 0.5647692899377309 335.5050958039167,339.504712637591,343.505010592866,347.5047766878652,351.5054157057222,355.5054541264376,359.50617499983434,363.50653676225755,367.50723164027977,371.507710691255,375.5086274904263,379.50911755355816,383.5101478741667,387.5107875806681,391.5115578109706,395.51210805015245,399.5130148019779,403.51363772337766,407.5145146476549,411.5149403582307,415.51564646918763,419.5160061056989,423.51656843567713,427.51670410532023
1.621541e-05 1.621541e-05 2.348349e-02 0.00 0.4576711856301041 -0.0397827163256654 0.16362621452125378 0.5647692899377309 331.7901413695387,335.7936854849819,339.7966155493322,343.8002878220785,347.803674595563,351.80758258943564,355.8110685708286,359.8152758159887,363.81894038543214,367.82312434413666,371.8270523982054,375.83124573259266,379.8352762013471,383.83964801801164,387.8435859234905,391.8479536204632,395.85202796246676,399.856264776393,403.86028779789916,407.8645368025808,411.868486548976,415.8725385168851,419.8761900994921,423.8803821979474,427.88382617882473
1.557714e-05 1.557714e-05 2.589010e-02 0.00 0.4576231836308108 -0.0397827163256654 0.16254420948600418 0.5647692899377309 331.78359430964326,335.786862528879,339.7898503776537,343.79339768067314,347.79679957649546,351.80051148489866,355.8040793607769,359.80801802994057,363.81167161160886,367.8158218310613,371.8196120537046,375.8238125203404,379.8277194847225,383.8320206082624,387.8359114467661,391.8402613904791,395.8439972167269,399.84831776378223,403.85226406823324,407.85646023592477,411.8601511526106,415.8642650722617,419.86800398920985,423.87183418247855,427.8753871458198
1.040845e-05 1.040845e-05 1.790058e-02 0.00 0.4534610171596755 -0.0397827163256654 0.16408833732840866 0.5647692899377309 335.18326547840456,339.17901651966355,343.1754569151387,347.1715985179464,351.1681930372022,355.1646290524489,359.1615239445988,363.15799612092405,367.1549190767677,371.1515949584353,375.148640178693,379.14552724713946,383.14255319431277,387.1393225768331,391.1363970956274,395.13321226999193,399.13024110854553,403.1269986675412,407.1240232207084,411.1207004835622,415.11739103167497,419.1140831842945,423.11076552437726,427.10711707374503,431.1038444805373
4.316200e-08 4.316200e-08 1.920909e-01 0.00 0.4552450137069567 -0.0397827163256654 0.16309730318528567 0.5647692899377309 335.44246601159927,339.44139607801594,343.44091177432404,347.4401119471162,351.43979922983243,355.4391887841262,359.43905138565435,363.4386800640417,367.438759280505,371.43850085258487,375.4385674826881,379.4382763287426,383.43850528285856,387.43842911839175,391.4385814428542,395.4384673692879,399.4386544604041,403.4383632569513,407.4383044060343,411.4381763657476,415.438101000089,419.4375846810163,423.43744710082075,427.43688475606615,431.4370539385375
3.290825e-06 3.290825e-06 1.366082e-01 0.00 0.4563653660241827 -0.0397827163256654 0.16367655537903372 0.5647692899377309 335.60643535768145,339.6071133413493,343.6086265788389,347.60986729277806,351.6113997513821,355.61271041397043,359.61465519825197,363.6162296003697,367.61804044464725,371.6198186890663,375.6219034441138,379.62374403345626,383.62575312605253,387.6275651952696,391.62966003988385,395.63148702166524,399.6335531962662,403.63534328045114,407.6373928609765,411.6389740736109,415.6408270942139,419.6423829809015,423.64418726484706,427.64548009794663
1.207407e-04 1.207407e-04 1.350237e-01 0.00 0.4490570491976295 -0.0397827163256654 0.1635099097245424 0.5647692899377309 334.53012197986993,338.5183238536938,342.5070770074358,346.49534683133766,350.4842676039077,354.4728679197649,358.46195592506484,362.4507938539924,366.43995885185285,370.4289275300604,374.41823936465136,378.40722091620574,382.39663622642104,386.38563823283107,390.3749842297349,394.36408323323565,398.35337078914995,402.34235283356685,406.3315833142521,410.3204989409279,414.3095134175024,418.29831040190714,422.28712404727577,426.2758087756601,430.2645639200333
9.366299e-06 9.366299e-06 6.090249e-02 0.00 0.4570981183096337 -0.0397827163256654 0.1650162530946159 0.5647692899377309 331.7093480802374,335.7125747569452,339.714527293072,343.717375341109,347.71964998733137,351.722645062886,355.72519250135275,359.7283317016334,363.7310530878379,367.73440125715945,371.73740578170464,375.74069439781334,379.7436624443612,383.74708159006536,387.75010965825857,391.7534680591823,395.75644353819445,399.7598525550983,403.7629184335355,407.7661900420861,411.7690558220845,415.7722333313065,419.77500789998743,423.77812919176245,427.7804801417257
5.441926e-08 5.441926e-08 2.199495e-01 0.00 0.45541905515389963 -0.0397827163256654 0.16496366430858408 0.5647692899377309 335.4684747762701,339.4677355127939,343.46755926050395,347.46707792827425,351.4669553784394,355.46682969212094,359.466969355467,363.46693718155615,367.4673176255479,371.4672878024314,375.4678072585698,379.4678567816851,383.46842560516467,387.46849067878594,391.4690095915392,395.469167713314,399.46958709536455,403.46966127875396,407.4701875324133,411.4702051533339,415.47045481888085,419.4703119205832,423.4703570667789,427.47011488832715
5.819756e-06 5.819756e-06 4.632091e-02 0.00 0.45393893077159575 -0.0397827163256654 0.1630873832627494 0.5647692899377309 335.2529386803851,339.24971296962343,343.24687569093425,347.2438748787015,351.2414637438205,355.23851608328056,359.2363052423063,363.233536890614,367.2313427978039,371.2289281115243,375.2268211041742,379.2243377183342,383.222101688187,387.2197518485282,391.2177072521918,395.2152961341418,399.21317685718503,403.21076448749545,407.2087022355041,411.20601506057716,415.2035416327268,419.2010584842202,423.1985926871917,427.19580322291444,431.19323811098525
1.696762e-07 1.696762e-07 2.399157e-01 0.00 0.4555452838578173 -0.0397827163256654 0.16287268965459495 0.5647692899377309 335.4863221663827,339.485723059886,343.4858021722515,347.4854376255199,351.48566135381503,355.48568951482224,359.4860443818458,363.48616252578285,367.48668940617875,371.4869303133207,375.48765304416145,379.4879500266252,383.4887685530019,387.48901157132843,391.4897385557538,395.4900692358235,399.49071975361625,403.4910276748256,407.4917207375417,411.4919738370368,415.49246206283135,419.49238311787855,423.49276352724837,427.4926241457259
4.329727e-06 4.329727e-06 1.180622e-01 0.00 0.4565484001266046 -0.0397827163256654 0.15649407136753274 0.5647692899377309 331.6271034348528,335.62929206507016,339.6303623774134,343.6320429159035,347.6334330011264,351.63541675880845,355.6369608087517,359.63911685069746,363.6410550913803,367.6433053473186,371.6451740931371,375.6474660623595,379.6494900846496,383.65191360587227,387.6539615918251,391.6563615943299,395.65851492814113,399.66076626237975,403.6628226756409,407.66509613782216,411.6671316120622,415.6692337527156,419.67105808371673,423.67299117121354,427.6748376058093
3.841674e-08 3.841674e-08 2.154501e-01 0.00 0.4553913255345588 -0.0397827163256654 0.1641828596596022 0.5647692899377309 335.4644569807939,339.4636608162835,343.4633542071491,347.4628408994253,351.46284438574327,355.46241939430433,359.4626021580436,363.4625315238351,367.4627234908856,371.46286449632225,375.4632570658978,379.46320232976205,383.46370802274186,387.46385940477757,391.4641952235932,395.46423692771305,399.46470922503414,403.46484843356575,407.46520333741074,411.46511254545794,415.4652610838346,419.4650763560555,423.46515580314434,427.4648893501434
5.934099e-06 5.934099e-06 9.548139e-02 0.00 0.45673156346196864 -0.0397827163256654 0.163903269814243 0.5647692899377309 331.65630503317647,335.6590360992472,339.6604673441726,343.66243675805816,347.66429243982907,351.6665384776369,355.6684286483142,359.6710893888901,363.6731309630598,367.6757230945057,371.67803846858897,375.6806897147792,379.6831410912289,383.6858578392254,387.6882901541645,391.69089247646514,395.6934703033612,399.69616928318106,403.69859534165715,407.7011990729869,411.70344010122506,415.7061201600343,419.70817583722686,423.7104683169725,427.7127626284824
3.019378e-08 3.019378e-08 2.106294e-01 0.00 0.45535140330549934 -0.0397827163256654 0.16516444524128407 0.5647692899377309 335.45992937757444,339.45891316138983,343.4587316452224,347.45800816044704,351.4580724630738,355.457740676296,359.4579044810438,363.45751927723177,367.457843996752,371.45780968602344,375.45820910827604,379.458147494713,383.4586318548682,387.4586828500983,391.4589892795136,395.4590694146517,399.45933113417965,403.45938277250707,407.45968798424923,411.4596501067991,415.45979289548654,419.4596665773682,423.4595676882553,427.459192868325,431.4591113713433
6.922007e-05 6.922007e-05 1.406908e-01 0.00 0.4505674366230808 -0.0397827163256654 0.16479974164188804 0.5647692899377309 334.7557263577624,338.74626754609847,342.7377231488759,346.7286689811463,350.7203630052283,354.7115720200621,358.7032774940207,362.69473306089327,366.686692324793,370.67821885688727,374.6702517750097,378.66188612163313,382.6538712310578,386.6456853396032,390.63759306793685,394.6293823757069,398.6213476406248,402.6129793273554,406.60496167856206,410.5965130470713,414.5883123053561,418.5798347837331,422.57135545490917,426.56255986971854,430.5538890920179
1.654133e-05 1.654133e-05 2.219835e-02 0.00 0.4576866149535161 -0.0397827163256654 0.16496439069098315 0.5647692899377309 331.7937939914174,335.7972761241235,339.80045183769283,343.8041119525331,347.8074700695075,351.811343658128,355.81502475562104,359.8191284113392,363.8229730712761,367.82717276462677,371.83112053919746,375.83542781789697,379.8394962049257,383.84386575747214,387.84798137327016,391.8523185004343,395.8563977787802,399.86073604490747,403.8648288541087,407.8690634038306,411.87302905706287,415.87717310282426,419.880934689231,423.88489828470176,427.8885758221957
3.429025e-05 3.429025e-05 1.746063e-02 0.00 0.4519619775410936 -0.0397827163256654 0.16409271830191047 0.5647692899377309 334.96240623749236,338.95569628153,342.94952500645013,346.94301573687414,350.93712413157516,354.9308295824653,358.92494094658423,362.91888079128216,366.913256620372,370.9072007042091,374.90179400109986,378.895775372004,382.8903606993888,386.88445540836517,390.8790166641312,394.873118781142,398.8676141033528,402.8617903398642,406.85607246603263,410.8501263745405,414.84443635953727,418.8383199304887,422.8323136092696,426.8261100404421,430.8199161348336
2.815384e-06 2.815384e-06 8.310792e-02 0.00 0.45436748688912026 -0.0397827163256654 0.16505669481222965 0.5647692899377309 335.31513065123113,339.3125039205392,343.3104793106613,347.3081752514545,351.3064410482377,355.3043007056386,359.302770741492,363.3008806192043,367.2994044073141,371.29763322376226,375.2961287493654,379.29448392217427,383.2930916526246,387.2914590437172,391.2902217281257,395.2885405579165,399.28715084978035,403.28554149683464,407.2840392062901,411.28216471376953,415.2807297525392,419.27883191130746,423.27701704012395,427.27494073414215,431.27300032576386
5.881099e-07 5.881099e-07 2.249909e-01 0.00 0.4557519606734738 -0.0397827163256654 0.1632493563266802 0.5647692899377309 335.5168163843981,339.5166128564613,343.517066120094,347.51710217415877,351.5177062788088,355.5179582208612,359.5187381435091,363.51930242594824,367.52022177701923,371.5207636476036,375.52177733557124,379.5225454733021,383.52357251570885,387.52430557902085,391.52545672028094,395.52619004835583,399.527219077356,403.5279799160278,407.52880549963675,411.529426869701,415.5302444064459,419.5307212034158,423.5313718865541,427.5317514787491
7.043660e-06 7.043660e-06 3.689496e-02 0.00 0.4538093804902967 -0.0397827163256654 0.16464462457610513 0.5647692899377309 335.23336072952543,339.2297490873998,343.22664537404575,347.22341429189396,351.2208001443049,355.21767347170163,359.21509277775493,363.21224875937236,367.20974870676343,371.20693121718074,375.2046077689928,379.20193982419465,383.199653230034,387.19693341709825,391.1947001276675,395.192119714064,399.18975227733097,403.1871137267824,407.1845772005484,411.1818033806971,415.17932202869457,419.1764830551765,423.1736894249546,427.1705352011851,431.16779620890145
6.312119e-07 6.312119e-07 2.225760e-01 0.00 0.4557628638326861 -0.0397827163256654 0.16415767066291945 0.5647692899377309 335.519059927466,339.51873328724264,343.5191413518529,347.51934513992177,351.51994848881435,355.5202574499517,359.5211136642611,363.5216445338414,367.52262514575574,371.52318939985537,375.5242592562791,379.52500520435996,383.5261413384407,387.5268417930148,391.5279292727904,395.52868903260077,399.5298043198614,403.5304741627841,407.5315460386086,411.53205784143927,415.5329505889037,419.5334407610416,423.53417474644476,427.5345680062487
7.161994e-05 7.161994e-05 8.346296e-02 0.00 0.46027641698795213 -0.0397827163256654 0.1639711208826929 0.5647692899377309 332.1595687949077,336.16724655580595,340.17459302316394,344.1827236851769,348.1904259008404,352.1987563224532,356.20672011845636,360.21520198798805,364.2234024275641,368.23199655764506,372.2404078116038,376.2492000951322,380.2574340892285,384.2663524615919,388.2747564587199,392.28342428425253,396.2919875890874,400.30068855659016,404.3091999140425,408.31775624158183,412.3261982298568,416.33464756140603,420.3428277214193,424.3513692965069,428.3594242402851
3.697102e-08 3.697102e-08 2.151053e-01 0.00 0.45538969797851636 -0.0397827163256654 0.1647814058085664 0.5647692899377309 335.4641431548158,339.4633581810933,343.4629600322146,347.46254586013356,351.4624483503637,355.46215458289765,359.4622773556017,363.4621011064534,367.4624156200114,371.462469761077,375.4628227344568,379.46281761819,383.4633270125746,387.46338288014323,391.46388187748835,395.4640070885212,399.4643873136584,403.4643192262491,407.4647670013252,411.4647237187381,415.4649248106142,419.46471274426165,423.46485550456896,427.4644713311442
1.490459e-05 1.490459e-05 5.390905e-03 0.00 0.45310513428332294 -0.0397827163256654 0.16482369751198025 0.5647692899377309 335.13032289456135,339.125602796807,343.1213482377338,347.1167924211727,351.1127822035047,355.1085618911927,359.1047741232751,363.1006878639741,367.0969176660805,371.09316312876786,375.0894924020859,379.0855725166271,383.0820623971227,387.07826411084545,391.0747761329601,395.0708905136163,399.06736006073214,403.0634481395397,407.0597245300233,411.0559337767888,415.05213580093124,419.0479474038382,423.0439136456967,427.03971962106283,431.03573336067205
2.398792e-06 2.398792e-06 9.055951e-02 0.00 0.45443887508747705 -0.0397827163256654 0.1648374586107293 0.5647692899377309 335.32585369553493,339.3234001773335,343.3215379522022,347.31925543154284,351.31765693794847,355.3158764364823,359.3142662068485,363.3124528217439,367.31113685645005,371.3094208746303,375.3081684489733,379.30660650558434,383.30546738398004,387.30390451951564,391.3026939729187,395.3012324885641,399.2999593538912,403.2984146429638,407.2970269437724,411.2953916731599,415.29399199790254,419.2922145873117,423.29057934980847,427.28852853170326,431.2869547798025
3.731655e-05 3.731655e-05 4.057435e-03 0.00 0.45887953428401895 -0.0397827163256654 0.16451792465398582 0.5647692899377309 331.96306657202297,335.968789477249,339.9737859886602,343.97955855348476,347.9850715673327,351.9910246478692,355.99664427754,360.0027105258813,364.00859658581214,368.0148495118181,372.02081277211414,376.02719013919057,380.03325466992317,384.03974114755545,388.04584578427045,392.052141129615,396.0583290472188,400.06468563226946,404.07086590291175,408.07704713533957,412.0830361064216,416.0893096454739,420.0951633167487,424.1012741639629,428.1068385472081
4.163417e-06 4.163417e-06 1.206057e-01 0.00 0.4565055983299037 -0.0397827163256654 0.16344530588717268 0.5647692899377309 331.6241677329182,335.6261012372828,339.6272109237416,343.6287873149475,347.63020427842036,351.63218492503086,355.63365607874385,359.6357583727848,363.6375008480421,367.63978417805356,371.6416798352534,375.64393876284845,379.64597549005055,383.648406575369,387.6503645810524,391.6527520395211,395.6547336004326,399.65705021524025,403.6590057856549,407.6612700567065,411.66310892435246,415.6652582019351,419.66714968961867,423.66903000454454,427.6707289061417
3.174661e-05 3.174661e-05 1.102223e-03 0.00 0.45861234360258457 -0.0397827163256654 0.16480604890510683 0.5647692899377309 331.9243522381242,335.9295088758798,339.93412301068145,343.93935104931535,347.9442749411759,351.94980783800224,355.9548917316921,359.96053500750486,363.96597097769603,367.9717859749614,371.97734670847285,375.98319474285665,379.9887651063412,383.99471637090085,388.0003619490361,392.00630434046053,396.0119134992136,400.01795160196497,404.0235609146319,408.029207250128,412.0346871681907,416.04044615786734,420.0456839804984,424.05147760430594,428.05671515355675
9.026682e-06 9.026682e-06 2.457131e-02 0.00 0.453595622183789 -0.0397827163256654 0.16482216409150388 0.5647692899377309 335.2031252255451,339.19917139344585,343.19584017459755,347.1921195769489,351.1891573023946,355.18556928895754,359.18265564116905,363.17938746687133,367.1765956709503,371.17357453644075,375.17079833765274,379.1677781360104,383.16513089874536,387.16209226648425,391.15942009598496,395.1564795944181,399.1537670987916,403.1506518740597,407.14785269931684,411.1448181058943,415.14192951617076,419.1386558008402,423.13567658296313,427.1321480645429,431.129073536863
1.873199e-07 1.873199e-07 1.707458e-01 0.00 0.4550955861995776 -0.0397827163256654 0.16383245718309752 0.5647692899377309 335.4210175340231,339.41979387688457,343.4189223002206,347.4177957325941,351.417368740049,355.4163901915996,359.416077856501,363.41546713364085,367.4152725643675,371.4147589294919,375.41461701707743,379.41417405966007,383.4140320406237,387.41360321344195,391.4136229173756,395.41281765093396,399.4130824651548,403.4125449072771,407.4123899986341,411.41185924110414,415.41153739675474,419.41088129649665,423.4103465921244,427.40945667408045,431.4099272769932
4.878205e-06 4.878205e-06 5.584670e-02 0.00 0.4540663578497311 -0.0397827163256654 0.16465960023402898 0.5647692899377309 335.2709452237141,339.2677245181385,343.26537572811156,347.262474832581,351.26027561133753,355.2575740374127,359.25539090573136,363.25298084485587,367.25097753819546,371.2487642696796,375.2468164839641,379.24459784212485,383.2427845137783,387.2405604098934,391.23871133019003,395.2365101189931,399.2346035646388,403.2323422942193,407.23039764005034,411.2281118335964,415.2259630914995,419.22342912010635,423.2212694150131,427.21862734856785,431.21611287405386
1.591051e-06 1.591051e-06 1.804218e-01 0.00 0.45604060418921116 -0.0397827163256654 0.1645709480408649 0.5647692899377309 335.55923737552365,339.55944213412687,343.5604842368783,347.56089997776263,351.56197433647696,355.56282044702607,359.56418395275125,363.5651337032518,367.56655313509543,371.56761788188174,375.5692135423478,379.57038786557627,383.57196224464354,387.5732252814399,391.57474417750626,395.57604859602066,399.57757953799916,403.5787653890203,407.58000577902925,411.58129155521925,415.5825223062967,419.5835839995274,423.5847390043805,427.58564131026037
4.963111e-07 4.963111e-07 1.463555e-01 0.00 0.4549159935294121 -0.0397827163256654 0.1626060361222219 0.5647692899377309 335.39523487872333,339.3935073602424,343.39240025303,347.3911389949796,351.3902617295538,355.3891044217045,359.38850311182006,363.38745926483676,367.3869842661192,371.38608126856434,375.38568974822226,379.38494816443995,383.38447881342955,387.3838488132797,391.38346514654535,395.38278839045034,399.3824035183446,403.3815469707415,407.3810583489217,411.38026708887685,415.3796734575976,419.3786993727796,423.37782020189496,427.3767858852299,431.3767733587868
2.205027e-06 2.205027e-06 1.620326e-01 0.00 0.45616950243085247 -0.0397827163256654 0.16502597741912273 0.5647692899377309 335.57809950492447,339.57869280973966,343.5797948565028,347.58055324420246,351.5819146667785,355.58297960887165,359.5845001330396,363.58576403144036,367.5873601200496,371.58868777460293,375.5903990437281,379.5918270086863,383.59359577516125,387.59507403702753,391.5968675409421,395.5983541152767,399.6000659866798,403.6015484376359,407.60315788818673,411.604568751372,415.60610398580724,419.60727454075766,423.60869693467345,427.60977170040206
7.140968e-05 7.140968e-05 1.468013e-01 0.00 0.4504762485582854 -0.0397827163256654 0.15613174207599692 0.5647692899377309 334.7394130048045,338.72986823917563,342.72101021163166,346.71190483217475,350.7032749983566,354.69435404612403,358.685918722407,362.67710984875856,366.66888679887745,370.66027943505753,374.65200001612385,378.64349060426736,382.63529237629365,386.6269397428494,390.61881911871484,394.61033879073784,398.6020802313854,402.5935742171166,406.58526866797393,410.57658042892575,414.56821873384433,418.55951513015424,422.5510398348764,426.5419180318547,430.53323947607214
2.198964e-04 2.198964e-04 1.642327e-02 0.00 0.46406429892443163 -0.0397827163256654 0.16481210258625034 0.5647692899377309 332.6885684906463,336.7028242577401,340.7165750234791,344.7309679655565,348.74506362048754,352.75971961315224,356.7740222839566,360.7889427758174,364.80336207665334,368.8183638837898,372.8330589898451,376.8480532224746,380.8629002753505,384.8779626527307,388.8927735221178,392.9079450748851,396.9227320349475,400.93775657192623,404.95263826307746,408.96760867740795,412.9823858628727,416.99732681763805,421.01181370690284,425.02668741388277
5.477825e-05 5.477825e-05 8.090958e-02 0.00 0.45109346842402676 -0.0397827163256654 0.16265030630186877 0.5647692899377309 334.83267112116243,338.8241105714469,342.81640640386837,346.80844258271134,350.8009875327912,354.79303091548513,358.78585300277695,362.7781926875672,366.7709806676406,370.7635339028428,374.75637589764796,378.7488326734646,382.7418586313658,386.73436156134954,390.7274259433497,394.71999919855705,398.71275159158546,402.70542132053185,406.69827775785666,410.6907456069929,414.6834625267594,418.6758199427057,422.66840187236704,426.6604664343132,430.65298375431075
6.044537e-05 6.044537e-05 4.946863e-02 0.00 0.4598717792554422 -0.0397827163256654 0.16290231414984874 0.5647692899377309 332.10289417474377,336.1098920241365,340.116683655424,344.12402106155884,348.1311130194078,352.1387752689689,356.14610387112765,360.1538400671547,364.16138886907004,368.1693826879836,372.17706032077655,376.1849812761674,380.1928030595306,384.20097910699275,388.2086696676265,392.21676025719734,396.22443851681055,400.2325493754717,404.2403248242281,408.2482982014236,412.25590826362634,416.26369764479557,420.27131829271127,424.27910777553063,428.2863053253367
1.190538e-05 1.190538e-05 1.257461e-02 0.00 0.45335475885697507 -0.0397827163256654 0.15645881956917346 0.5647692899377309 335.1645464359795,339.1602026401466,343.15645199663754,347.15217837757933,351.1487180917117,355.14473906714,359.1414634870334,363.1376605796411,367.13441341742856,371.1309538262824,375.1277564899054,379.12421006981765,383.12114943637806,387.1175869322739,391.1145690587391,395.11105086979745,399.10786327628114,403.1044870862935,407.1012315466254,411.09766528865646,415.0943523418225,419.09064979620916,423.08722777208544,427.08319766828333,431.07982501882105
6.676275e-06 6.676275e-06 3.892131e-02 0.00 0.45383683261363744 -0.0397827163256654 0.16222266951812592 0.5647692899377309 335.237675050977,339.2342025529484,343.2313680084943,347.2279404826256,351.2253449799423,355.22234037847426,359.2198026288543,363.2169420151936,367.2146629242248,371.21183904606926,375.2095087722992,379.2069997146037,383.20467413996,387.20205085223466,391.19993503068264,395.1971533860262,399.1949576552965,403.1923434976369,407.1897978802683,411.18740244636183,415.18491881386603,419.18197560674326,423.17938509467325,427.17654947671207,431.1736046149297
1.008779e-06 1.008779e-06 2.034089e-01 0.00 0.45588097448241693 -0.0397827163256654 0.16508081548605064 0.5647692899377309 335.53677615549753,339.53675806239096,343.53740181527877,347.5376863559678,351.5385989920159,355.539031042939,359.5400925160417,363.5408086612956,367.5420425569985,371.5428207460773,375.5440721273398,379.5449961171373,383.5463545836006,387.5473065778604,391.5486066125541,395.5495871011609,399.55082754820717,403.55189741223774,407.5528975189917,411.5538155405173,415.5549230386967,419.5556072739158,423.55654946082205,427.55719350524186
2.938686e-07 2.938686e-07 2.468356e-01 0.00 0.4556216081873839 -0.0397827163256654 0.16281418003929626 0.5647692899377309 335.49776732757124,339.4972830069322,343.4974061224733,347.4972596941134,351.49764445169166,355.49773487726026,359.49822208450774,363.4985437070679,367.4993204098308,371.49955968725345,375.5004020524814,379.50086934945585,383.5016863929424,387.5021565719861,391.50297265129103,395.50349731264987,399.5042466638059,403.5049043736581,407.50550691529514,411.5059006393383,415.5064503594946,419.5067626903343,423.5072201242485,427.5072663189022
1.251507e-05 1.251507e-05 1.070046e-02 0.00 0.4532990255213009 -0.0397827163256654 0.15742715675637065 0.5647692899377309 335.15691619909325,339.1524696966107,343.148555068493,347.14427271409534,351.14075250631174,355.13669806429544,359.1333028649131,363.1295237462224,367.12615995763014,371.12243828146353,375.119164400037,379.11561230826817,383.1124747165086,387.1088827988129,391.1057105944807,395.10219797220964,399.0989305103199,403.0952930391775,407.0920410191586,411.0884257330009,415.0849469876499,419.08129119764055,423.0777306424745,427.0736664542922,431.07000184724023
2.878096e-04 2.878096e-04 2.063632e-02 0.00 0.4653707718655688 -0.0397827163256654 0.1594910304581394 0.5647692899377309 332.86618423046275,336.882458874828,340.8984192017793,344.91490197524195,348.9310813773949,352.94797322063226,356.96438502731365,360.9813177181522,364.9979473513089,369.01507239418726,373.0320046575929,377.0490717260592,381.0660195038211,385.0832873839532,389.1000560949758,393.117524960339,397.13435340474325,401.15145883474287,405.16845727825455,409.1856721971896,413.20240596875965,417.2195456295383,421.23644114779614,425.25319453376403
1.606608e-05 1.606608e-05 3.739998e-03 0.00 0.4530313883499415 -0.0397827163256654 0.16246966856202946 0.5647692899377309 335.1191208110252,339.1141600533697,343.10980599442934,347.1051830659789,351.10104723908944,355.09669047086027,359.0927642816009,363.08847217464603,367.0846683861493,371.080609880483,375.0769051243909,379.0729171955393,383.06925283415467,387.0653067335057,391.0616941277172,395.0577002791287,399.053957805608,403.04992968614135,407.04611095620993,411.0420898158359,415.03812707961623,419.0338530660232,423.02989378958154,427.0253155959824,431.0209823727125
2.425145e-05 2.425145e-05 4.692312e-03 0.00 0.45819893087089886 -0.0397827163256654 0.1623589915255129 0.5647692899377309 331.86562148303824,335.86999128760823,339.87386210096474,343.87851987798535,347.8827245672477,351.88742554563504,355.8918356794293,359.8969895745187,363.90171182561346,367.9067312880496,371.9115509472503,375.9166974061598,379.9215293192921,383.9267297774282,387.93169036111976,391.9369770752332,395.9418725028484,399.9471931822446,403.95195328963797,407.9573064502532,411.96194238314337,415.96689761730073,419.971674334654,423.97644380864716,427.9809348147387
2.344989e-05 2.344989e-05 5.932682e-03 0.00 0.45814994593414643 -0.0397827163256654 0.1572621118286574 0.5647692899377309 331.85759914915036,335.8617854727353,339.86554799732363,343.8701370007574,347.8742463715721,351.8789242477752,355.8833423390587,359.88816466244515,363.89275411058867,367.897790352324,371.90251815760445,375.90754847924467,379.9123524135222,383.91753793871203,387.92242212816177,391.92744209000193,395.9323478880088,399.9375797711212,403.94224547773433,407.94742307667684,411.95207193578375,415.95698584149994,419.9615328337667,423.96642440973324,427.9707571972334
1.277137e-06 1.277137e-06 1.914112e-01 0.00 0.455970232194222 -0.0397827163256654 0.16513671828078563 0.5647692899377309 335.54839807949253,339.5484666983924,343.54923756141716,347.54964011967365,351.5506667096842,355.55134343066294,359.5525548499743,363.55331460482915,367.5547183144709,371.55565593360296,375.55706686333207,379.558113997358,383.5595835822188,387.56057881476664,391.5619846338987,395.56314072915796,399.5646027297879,403.5655807059928,407.56697235127695,411.5679612904056,415.5691508120394,419.5699134054807,423.57100386390283,427.5717346152873
7.052851e-05 7.052851e-05 7.997950e-02 0.00 0.4602655364799207 -0.0397827163256654 0.15409935471491082 0.5647692899377309 332.1543530384787,336.1620205188767,340.16937499855385,344.17731768700395,348.18511267861953,352.19328844787333,356.2012008097159,360.2095733589554,364.21772401685854,368.2263800175997,372.2345947241949,376.24321517046315,380.2515564485603,384.26024915223206,388.26865399088365,392.27745065023356,396.28583711138344,400.29452757958757,404.30283655502507,408.3113935974341,412.31974907026955,416.32815561076654,420.33628639498085,424.3447660558988,428.35270390214856
3.353226e-06 3.353226e-06 7.410646e-02 0.00 0.45430290972441767 -0.0397827163256654 0.15270908789472232 0.5647692899377309 335.30154954316555,339.29871712688436,343.29654987839723,347.29406360798066,351.29213244490046,355.2898399977582,359.2880910415626,363.28603655901134,367.2843746878015,371.28248232118665,375.280952202878,379.2790369757834,383.2775760056223,387.27577198341675,391.27428760568085,395.27243543772624,399.27100935455,403.2690404072862,407.2674492200229,411.26555133998187,415.2637615973282,419.26165220613456,423.25982824884346,427.25767907500205,431.2555486515568
9.123205e-06 9.123205e-06 6.320846e-02 0.00 0.45709001461507626 -0.0397827163256654 0.156933240814406 0.5647692899377309 331.7054214721162,335.7084826304699,339.71053602946415,343.713206240311,347.7155083287062,351.7184349958808,355.7209674885845,359.7239845627163,363.726866321745,367.73006101587436,371.7329018844642,375.7361548657569,379.7391931611581,383.74241550317214,387.74543373786634,391.7486965211952,395.75180012800297,399.75512267533617,403.7581547219703,407.76135132794775,411.76421642911765,415.76733861328813,419.77010610607664,423.7730496335751,427.77564302619186
5.037207e-07 5.037207e-07 2.305080e-01 0.00 0.4557246379786455 -0.0397827163256654 0.16248619595321176 0.5647692899377309 335.51193622153727,339.51170902142496,343.5119757097148,347.5119791220984,351.5125149680891,355.5127935366631,359.513521648227,363.51390015942667,367.5150002250022,371.5154033274731,375.5162904796825,379.51687132937786,383.51797586654686,387.51862583423,391.51965875452305,395.5202624272525,399.52122136418546,403.5219584504762,407.5228672912155,411.52333821776773,415.5241579093167,419.5247178641202,423.5251888806798,427.525405863432
5.248216e-05 5.248216e-05 7.233672e-02 0.00 0.45118694246468155 -0.0397827163256654 0.15840224396307007 0.5647692899377309 334.84575392372216,338.83740697865227,342.8297955295675,346.8219462252399,350.8146711248209,354.807072928127,358.799846964484,362.79238131149316,366.78536929894324,370.77796842315433,374.77112380409284,378.76380686731267,382.7568173755368,386.7496228787336,390.7427037662053,394.7354832767278,398.72859652001716,402.7212830845383,406.714240807275,410.7069389232448,414.69967009050237,418.6922857314136,422.6850045744809,426.6772691629229,430.6698040894655
3.469505e-07 3.469505e-07 1.554492e-01 0.00 0.4549958836156882 -0.0397827163256654 0.1566507225007618 0.5647692899377309 335.40481599339654,339.40327579443954,343.40232210102056,347.40102869643465,351.4003611062733,355.39933244092305,359.39879169098003,363.39791328796093,367.39753526928797,371.39684591259726,375.3964695842696,379.3957704874747,383.3955350370421,387.39484626238425,391.3947291687206,395.39407373652296,399.39375900395834,403.39312511696124,407.39276258701085,411.3919805530895,415.39151745765577,419.3906522897328,423.39016345409874,427.3891325687661,431.3893530097147
6.878829e-06 6.878829e-06 3.815948e-02 0.00 0.4538281033747869 -0.0397827163256654 0.16268163457651777 0.5647692899377309 335.2360854925627,339.2325534998781,343.22970041631453,347.22631233920595,351.22367763027813,355.22058609996753,359.21803650845874,363.215155383831,367.21277403953655,371.2101252660137,375.20781095890453,379.2050644876777,383.2028999300506,387.2002931448912,391.19793615767094,395.19529977066776,399.1929967020718,403.1903291521212,407.18801447590573,411.1852677285347,415.182711253379,419.17990223015954,423.1772976266795,427.17416329982973,431.1712685548149
1.521783e-06 1.521783e-06 1.835514e-01 0.00 0.4560441788941021 -0.0397827163256654 0.15291321127185414 0.5647692899377309 335.5560495592538,339.5562878198403,343.5571197513196,347.55763781211647,351.5587272495698,355.5594623910042,359.560786180124,363.5617070172677,367.5631316173108,371.56413261580303,375.56563224693485,379.5667941034454,383.5683739585957,387.56955111850147,391.5710603533212,395.5723764630506,399.57372509607865,403.57498605557987,407.57631107823886,411.57733141630507,415.57879406178387,419.5797584464451,423.58089488735453,427.5817649508476
1.142065e-04 1.142065e-04 1.570824e-01 0.00 0.44924753122053585 -0.0397827163256654 0.15294568491281774 0.5647692899377309 334.5551346409566,338.54363189114474,342.53263706965544,346.5212381580525,350.51060630533914,354.4994484552606,358.4888328527117,362.4778890403803,366.4674667084126,370.4565742126174,374.44624595521077,378.43550024109084,382.4252531082823,386.4144487399364,390.4041600157341,394.39350367987623,398.38320388233643,402.3723433353326,406.3619038957822,410.3510893790704,414.3405773608168,418.32957915099223,422.3188866296644,426.30777336904123,430.2967643667488
3.603722e-04 3.603722e-04 1.026097e-01 0.00 0.4666070069367029 -0.0397827163256654 0.15666420482121957 0.5647692899377309 329.0173795765443,333.03557764589715,337.05382305314185,341.07180155502937,345.0902846817078,349.108614579963,353.1274344392192,357.14587645450257,361.1650250918489,365.18369697178224,369.2027446200579,373.2215373432296,377.24078375983004,381.2597323273359,385.2790669778277,389.29791754754865,393.31733300750324,397.3362854760965,401.3555818887023,405.3744771188858,409.39359429793325,413.41253703538894,417.43170143131954,421.45048941078096,425.46938051589206
7.341774e-05 7.341774e-05 8.949386e-02 0.00 0.4603520781675914 -0.0397827163256654 0.15889379740201268 0.5647692899377309 332.1682623021232,336.1759899906253,340.18355328411513,344.19172594755815,348.1995414469792,352.20796089777474,356.2160964583517,360.2247018589786,364.2329375166885,368.2417976218667,372.2501572762591,376.25894731242994,380.2674834409028,384.27635958447183,388.28483380048834,392.29376856076016,396.3023909047866,400.31118465670335,404.3197884779546,408.3285642362558,412.33699769738115,416.34544826764505,420.3538488142246,424.36249445450756,428.37067627439893
4.096150e-08 4.096150e-08 1.937214e-01 0.00 0.45526379124346317 -0.0397827163256654 0.15792443166329778 0.5647692899377309 335.4440371629792,339.44301311415825,343.44254736239185,347.44156038460284,351.44147380704055,355.44086470150046,359.44075628732776,363.4403647320087,367.44039980043294,371.4401068783063,375.4403602355205,379.44020211719817,383.44040706566057,387.4402077501607,391.4405066433537,395.44025874441405,399.44042186779825,403.4403178928492,407.44023684388816,411.44004632439623,415.44009038959683,419.4396610629522,423.43936683763275,427.4388144659658,431.43909006936997
1.158597e-05 1.158597e-05 4.563947e-02 0.00 0.45732417141912113 -0.0397827163256654 0.15544505714150225 0.5647692899377309 331.73800614209443,335.74128958528087,339.7436193992419,343.7466177987892,347.74931074025716,351.7525731331644,355.75548400720317,359.7589604036443,363.7621704685727,367.7657038703672,371.76901452637696,375.7726778370862,379.77596415652204,383.7796889121256,387.78318043176625,391.7868184467101,395.790219618037,399.7938456601323,403.7973189827646,407.8008970815206,411.80411903335374,415.8076639987352,419.8108027959406,423.81408822048115,427.8171790789259
3.296039e-05 3.296039e-05 1.442217e-02 0.00 0.452037808810141 -0.0397827163256654 0.16265884076238413 0.5647692899377309 334.9729428202715,338.966287638532,342.9602246263638,346.953820640568,350.9480240024367,354.94182067023144,358.9361861293691,362.930287571064,366.92465260014,370.9188552601977,374.9134888090823,378.90760289736573,382.90214301397566,386.89652759842414,390.89114910055844,394.88547973511083,398.87998794164093,402.8742259191155,406.86876385998966,410.8629223949903,414.8573035803009,418.8512783699245,422.8455169042379,426.8392411186044,430.8332208640419
3.623130e-06 3.623130e-06 1.303826e-01 0.00 0.4564258153127606 -0.0397827163256654 0.1624132116422029 0.5647692899377309 331.6127489248952,335.61426274688216,339.61515338377757,343.61665888664487,347.6180638914561,351.61968560655043,355.6211256928215,359.6230683644782,363.6246550871448,367.6268339064316,371.6285686970401,375.6307628982609,379.63246053339674,383.6347612226911,387.63670292296376,391.6389177582034,395.64073360472884,399.6428955345682,403.6448451080444,407.64693204689826,411.6486042105331,415.6506316821638,419.6523283279153,423.6542755233126,427.6555292164948
1.079295e-05 1.079295e-05 1.632203e-02 0.00 0.4534460030720932 -0.0397827163256654 0.15530942341096024 0.5647692899377309 335.17814536285465,339.17377690252033,343.1702463722683,347.16621669793955,351.1628892242006,355.1590779627893,359.15597307144765,363.152307012533,367.1492543083735,371.14587370141624,375.14287061409783,379.1395855066434,383.13648577466944,387.1332512563049,391.1303368887807,395.1270082195652,399.12406292223653,403.120748156265,407.1177433051198,411.11425935906726,415.1110521973474,419.1074533268095,423.10424310710147,427.10049980272004,431.0972499261317
4.438043e-06 4.438043e-06 1.158173e-01 0.00 0.4565427310255816 -0.0397827163256654 0.16517013783015083 0.5647692899377309 331.6299387352629,335.6320742571901,339.63324672173655,343.6348358818542,347.63647010316083,351.6383800219451,355.63999041799156,359.6421951581567,363.6440173722497,367.6462862864065,371.64836700203017,375.65067979257105,379.652710265049,383.6551766108172,387.657311917846,391.65957914846524,395.66181833159567,399.66408794822416,403.66630217052364,407.66857959090083,411.6705934785502,415.67266568436105,419.67452974928176,423.6764530138842,427.6782969665614
9.421155e-06 9.421155e-06 2.249154e-02 0.00 0.45357869233852705 -0.0397827163256654 0.15744152973686143 0.5647692899377309 335.19725872573895,339.193211417733,343.1898193590195,347.18602070304934,351.1829229414105,355.1794865369557,359.1764294733297,363.1731278239933,367.17021144171366,371.167086789507,375.1642570666129,379.1611705421608,383.15841640040986,387.155425495648,391.152645852941,395.14959866765025,399.1468307455791,403.14363419819836,407.1409122122325,411.13766777406465,415.1347567634718,419.13139593555707,423.12831544947903,427.12476040721333,431.1216460018449
