4.133815e-03 4.133815e-03 1.713333e-01 0.00 0.458556299625776 -0.038639686129376676 0.16336760287147203 0.5615471381223595 336.78618986336477,340.8499715368864,344.91325122776175,348.977240780345,353.0408154248752,357.10492970882444,361.1689163090283,365.23336115383375,369.2973530806932,373.3619023688488,377.4260812654117,381.490787129124,385.5549736380658,389.6197062514358,393.68398343710027,397.7489206047316,401.8131403356923,405.8777964972562,409.9420697209888,414.00665688605335,418.0707452832732,422.13533538438304,426.1994501898124,430.26365539573516,434.32758928429325
4.262735e-04 4.262735e-04 2.385569e-01 0.00 0.4571620798401195 -0.039440278600527366 0.16336760287147203 0.5615471381223595 333.1634135270947,337.183703929042,341.20334527500046,345.2236144378943,349.24352226127564,353.26403721054106,357.28423049878904,361.3049048229709,365.3252444813149,369.3461018703676,373.3666649748743,377.3875341360933,381.4080044027423,385.4290332824937,389.4497312328355,393.4706993843671,397.4912615205267,401.5122145908887,405.532909348337,409.5536926633334,413.57421449337426,417.59492052556766,421.61543254507797,425.6360116989205,429.65619657265546
1.505147e-03 1.505147e-03 1.327379e-01 0.00 0.4542022892862276 -0.03898579632529473 0.16336760287147203 0.5615471381223595 338.70298875159347,342.7407233949482,346.7791750818014,350.81722686658287,354.8558083330295,358.8941789008717,362.9329659108329,366.9715368537391,371.01052929167986,375.0491875268311,379.08816946462576,383.12694642556613,387.1660445072718,391.2048893035222,395.2439273569556,399.28284622621317,403.3217959380859,407.3605520323639,411.399515641963,415.4382457480534,419.4770739215447,423.51571265444164,427.55443685455333,431.5926898059335,435.63197783746
8.313862e-04 8.313862e-04 1.766386e-01 0.00 0.4406377055626926 -0.03984107080096129 0.16336760287147203 0.5615471381223595 336.9890575363706,340.9600939905061,344.9306185236129,348.9016651200955,352.8724927827019,356.8436732222666,360.81451655744473,364.7858029796328,368.7568340880555,372.728197466147,376.69938337929716,380.6707720231281,384.64201666552344,388.6133981078047,392.5843589009159,396.55581984257816,400.5269298327633,404.498218709137,408.4693480509595,412.4405392926291,416.4113191272443,420.382442165012,424.3529800414866,428.3238302014304,432.2942467574457,436.26595937386554
9.576732e-06 9.576732e-06 1.991697e-02 0.00 0.44884818214429945 -0.039621969319770765 0.16336760287147203 0.5615471381223595 335.18860989118485,339.1845758197005,343.1810952224249,347.1774350987956,351.1742366845366,355.17063040861507,359.16760661984387,363.16433029798117,367.16143388057384,371.15828159024886,375.1554316920544,379.1522812413238,383.1496260236472,387.1465724531279,391.1437488860735,395.14076445774833,399.1379602620113,403.1347582989491,407.1318476962236,411.1287849867633,415.1257062803731,419.1223630005066,423.119205234062,427.11564083338124,431.11243543644525
1.039450e-03 1.039450e-03 1.629169e-01 0.00 0.4523194764739887 -0.039048290044487184 0.16336760287147203 0.5615471381223595 338.1541012335491,342.18530481495225,346.2171654813495,350.24883792882025,354.2809733920007,358.3127879345352,362.3451149000212,366.37706217624196,370.40953146479,374.44176192345685,378.47432795060604,382.50642578743486,386.5390500514103,390.57123492570827,394.6038646814504,398.6360964101808,402.6685870996322,406.7008057807703,410.7332318603961,414.7654670806034,418.7977705407255,422.82976393311355,426.8619634258098,430.89377609640445,434.92571320562257
3.306570e-04 3.306570e-04 1.878431e-02 0.00 0.4570317995808138 -0.0394833020614414 0.16336760287147203 0.5615471381223595 332.96361433726287,336.9816936516761,340.99898802616593,345.01681179289443,349.0343914111765,353.05247571547187,357.07019831020136,361.0884929400506,365.10648674217924,369.1248822236371,373.14291368430065,377.16143283083073,381.1795879091176,385.19815788108656,389.21644655769626,393.23507529882363,397.25331173015024,401.2718007825695,405.2899013246933,409.30837686093446,413.3265558359511,417.34478930808444,421.36290184679126,425.3810470105633,429.3987950862162
6.215556e-04 6.215556e-04 2.188665e-02 0.00 0.4366193401965582 -0.03863351162548786 0.16336760287147203 0.5615471381223595 345.58339005576505,349.60787610391264,353.6327173052374,357.65731021920624,361.6823988394729,365.7070506529352,369.7324412502025,373.7573695714173,377.78259187008894,381.80760391206053,385.8329409702096,389.85785459682467,393.8832607001229,397.90826491510404,401.93351252412145,405.958500855505,409.98365529556173,414.0085530070924,418.0335630710111,422.05830227408035,426.08322407715696,430.1078044035476,434.1325660195794,438.15689039845984,442.18151045534336
4.948877e-04 4.948877e-04 5.417229e-02 0.00 0.43521631715762055 -0.03950491015566522 0.16336760287147203 0.5615471381223595 341.5317741934885,345.5089664659066,349.4867641158727,353.46415667891705,357.4420910534467,361.4197802183415,365.3977154510376,369.37557747313434,373.35359200347204,377.3313503671397,381.30949200770897,385.2874621763984,389.26560193558976,393.2433504264799,397.2214697485107,401.1992439433586,405.1772674655025,409.1549356202043,413.1328913095691,417.1103037558231,421.0880790714051,425.06538092223917,429.0429999884793,433.02022187305596,436.99774642987154
1.829703e-03 1.829703e-03 1.590184e-01 0.00 0.45329511585341786 -0.03887750643961549 0.16336760287147203 0.5615471381223595 339.0385243669018,343.0803843240456,347.12284342770573,351.16498296355843,355.2076793158334,359.2500058972097,363.29285041147324,367.33544557025283,371.3783217786713,375.4208870983637,379.4640294856178,383.5068830194291,387.5499726944453,391.59270391136744,395.63580034664756,399.67852331563245,403.72162867383065,407.7644911701494,411.80744383708037,415.8501406651499,419.89298607930124,423.93555507996984,427.97816509353936,432.02058338570816,436.06307635559085
6.128197e-04 6.128197e-04 3.036092e-02 0.00 0.45161233642977155 -0.03916989029244628 0.16336760287147203 0.5615471381223595 337.5254237056101,341.5492331537149,345.5736475676258,349.5976715214311,353.6223475890122,357.6466266203366,361.6714627363732,365.69592248090237,369.72084736515376,373.74543452231967,377.7706127966189,381.7952422776064,385.8204563369821,389.84513367482907,393.87029904234066,397.894977417467,401.9200946295521,405.94474771165113,409.9697621658647,413.99440712736475,418.01926135512196,422.04379512594704,426.0684862720808,430.0929416381248,434.1172337808952
3.810986e-04 3.810986e-04 1.575024e-01 0.00 0.43514694446309404 -0.03868512206820798 0.16336760287147203 0.5615471381223595 345.1121246793409,349.1310283356332,353.1504997950515,357.1696720882943,361.18928903482384,365.20854077457534,369.2282862775599,373.2477942390208,377.2675663511719,381.2871665216731,385.3068677829447,389.3264673545263,393.3463536863955,397.3658902363358,401.38565813114,405.4051039901395,409.4248337342057,413.4442037254239,417.4637704861663,421.483053730982,425.5025273326409,429.52159306425784,433.54085963268375,437.5596237042767,441.57885783216625
1.571347e-04 1.571347e-04 1.020343e-01 0.00 0.4364239308700284 -0.0388672244185597 0.16336760287147203 0.5615471381223595 344.5133321335211,348.52519954441385,352.53775243983574,356.5497836252039,360.562457014505,364.5748053935081,368.58760348646314,372.60008947772604,376.61292613310724,380.6253489292783,384.638163095126,388.6507696952274,392.66371239092985,396.67613497066355,400.6890414387683,404.7014509435968,408.71420570873516,412.7266011483466,416.73928358242046,420.7515291236723,424.7639896610398,428.7760295839279,432.7883264849304,436.80002734770545,440.81244429303314
4.895463e-04 4.895463e-04 1.198720e-01 0.00 0.4349465572489044 -0.03862620029001224 0.16336760287147203 0.5615471381223595 345.3417786460974,349.3633907103107,353.38550734868255,357.40722212958815,361.42954282495396,365.45156931677036,369.474090767234,373.4961873057864,377.51857568690457,381.5408276604247,385.5632602991982,389.58561308352415,393.60810629943666,397.6303012714048,401.6527876776648,405.67479228294536,409.69724845774994,413.71932224066796,417.74164593821615,421.7636240542347,425.78563678387684,429.807349595778,433.8292387725796,437.8507181708638,441.8727254448765
1.831147e-05 1.831147e-05 7.521903e-04 0.00 0.43338477688754723 -0.039080305872459045 0.16336760287147203 0.5615471381223595 343.0773958893387,347.0727192557179,351.06837378119013,355.063865130258,359.05989933118997,363.0556041714646,367.05155616805393,371.04730895305556,375.0433732751809,379.0392398905547,383.0355065822797,387.03141994615163,391.0273656290082,395.0232311477319,399.0193963345995,403.01517416633806,407.0112028405091,411.006896640304,415.0028208450389,418.99830722710067,422.9940912658567,426.9896115052919,430.98506691320017,434.9801890627963,438.97562670968574,442.97075707849245
5.888019e-04 5.888019e-04 1.630696e-02 0.00 0.4373094701770583 -0.03962488214780639 0.16336760287147203 0.5615471381223595 341.35421623727524,345.3292713162294,349.305139911559,353.28036242659965,357.256129425682,361.2317029425813,365.20759723012156,369.1833300745842,373.15927800269344,377.13494064559893,381.1110300708928,385.0867747327668,389.0628111730174,393.03859283459946,397.0146424363877,400.99027379015763,404.96623410791636,408.9417015758025,412.9175383983241,416.89308452757405,420.86870217586363,424.8440866075407,428.81959503055305,432.79448914556883,436.769985575278
9.435790e-06 9.435790e-06 1.891760e-02 0.00 0.4420823782481347 -0.03937879933878953 0.16336760287147203 0.5615471381223595 339.1832579535739,343.1798804565138,347.17623168147225,351.17313346143175,355.1697622961057,359.1667765851739,363.16344598017395,367.1606598131878,371.15744055214225,375.154772817007,379.1516217353888,383.1489737899943,387.1459149931094,391.1431931126476,395.14024171717256,399.1374611891766,403.1344346034501,407.1315634439742,411.1282377666185,415.12534061210073,419.1220047574695,423.11897525213715,427.1154450565919,431.11231771996415,435.1085980461777
4.347320e-05 4.347320e-05 3.988290e-02 0.00 0.45674359293725303 -0.039967649255476176 0.16336760287147203 0.5615471381223595 330.9056172829882,334.8992740432832,338.8916754096431,342.8846693055613,346.87744901966164,350.8706887863768,354.86355278903943,358.8571064120163,362.8501883180091,366.84381891072627,370.836960154029,374.83081837709557,378.82411941240525,382.8178583297092,386.81128230113126,390.8049850306502,394.79843729912415,398.79204163941165,402.785498975844,406.7790967604241,410.77229469751967,414.765843749422,418.75896361259305,422.75232688850787,426.74540917288545
2.116867e-04 2.116867e-04 4.621026e-02 0.00 0.4528196806669999 -0.03941147773953928 0.16336760287147203 0.5615471381223595 336.67136095076523,340.6848453222974,344.699169397029,348.71300978256414,352.727334134435,356.74152157906735,360.75617491451493,364.77048239119597,368.7852017525211,372.7996938204823,376.814496171463,380.82911566410803,384.84393467111823,388.85832628497724,392.8734917533597,396.88801323826385,400.9027931386373,404.9174288688477,408.9321279267524,412.9467098355273,416.96128432462234,420.975609278735,424.99006805344476,429.00428726465634,433.01861958092957
7.940006e-04 7.940006e-04 8.214922e-02 0.00 0.4497437787046847 -0.03903852409667363 0.16336760287147203 0.5615471381223595 337.8114636638588,341.8385925742865,345.86636798393766,349.89389920134954,353.92200727474705,357.9498224700063,361.97797142756576,366.00598605989137,370.03437136898117,374.0624396631077,378.0908685501987,382.1189558540611,386.147611726113,390.17577354208237,394.2043384315094,398.2324075615661,402.2610187156122,406.28908537771616,410.3175935811864,414.3456292449179,418.3738852971944,422.401775723374,426.42974365205066,430.4575899163727,434.48556343027
5.876016e-08 5.876016e-08 1.884880e-01 0.00 0.43915475817567057 -0.03921306173141274 0.16336760287147203 0.5615471381223595 339.43556251433654,343.43520048733797,347.43446859894385,351.43442704841283,355.4340083995531,359.43403114343187,363.43392023227676,367.43403228673856,371.4337756447343,375.43407365263374,379.4340072567576,383.43427556823013,387.4342943880104,391.434551556091,395.4345258773112,399.4348003983758,403.4345728714535,407.4348759365978,411.43465084576616,415.4347413782227,419.4344126808361,423.43421664686207,427.43385675497274,431.4333932281479,435.432725756357,439.4325451383982
8.418215e-05 8.418215e-05 1.347897e-01 0.00 0.44578688409669426 -0.03927066003430599 0.16336760287147203 0.5615471381223595 340.2247572349761,344.2335909741747,348.2421859239998,352.2511891725275,356.2600751425995,360.2692139486137,364.2781734988567,368.287630498789,372.2966392771065,376.3062196212062,380.3154012031344,384.32487880487747,388.3342140028917,392.34374593093395,396.3528424989335,400.3622513330161,404.3714851611854,408.3808384392496,412.3899131544343,416.3992512976641,420.4081596934537,424.4172569527854,428.4261973881522,432.435071535075,436.4437718064077
2.443472e-06 2.443472e-06 8.458154e-02 0.00 0.44425446193882007 -0.03942705057320992 0.16336760287147203 0.5615471381223595 339.3144518401173,343.3127267389368,347.31046363786396,351.3088171821181,355.30688939343946,359.30546215662105,363.3036695074583,367.3024141943725,371.30083928454945,375.2995091004553,379.2980555381864,383.2969297847647,387.29533905709485,391.2941498603828,395.2926947062098,399.29143869640967,403.289755276605,407.28859810186646,411.2868506820452,415.28550076823194,419.28381937456936,423.2822269258813,427.2802159469401,431.27838431175223,435.27621524584725
3.001148e-05 3.001148e-05 3.814016e-03 0.00 0.45738738813648727 -0.0399670932793573 0.16336760287147203 0.5615471381223595 330.99992740152135,334.99428316352305,338.9878184283298,342.98205134894596,346.9759572482017,350.9702571206429,354.9642939471929,358.95879660214104,362.953118210746,366.94782936818945,370.942250822603,374.9370666348394,378.93148606124413,382.926287928949,386.92088736836945,390.91570276922465,394.9102294115545,398.9051383213879,402.89956516734065,406.89434419985986,410.88879498908733,414.88335613485975,418.8777979530741,422.87218869640185,426.86629737384976
1.881375e-03 1.881375e-03 1.206674e-01 0.00 0.44650560232266256 -0.03863230556803712 0.16336760287147203 0.5615471381223595 339.08453470413303,343.12768228155267,347.17063541784444,351.21347948621883,355.25676639253595,359.2997324795456,363.3431915936063,367.3863070106563,371.4299781308014,375.4732388418048,379.51705149201655,383.56040951676056,387.6041901365696,391.64754171242095,395.6912003675841,399.73465414450914,403.7783427286213,407.82161626862074,411.86522182005257,415.90854324129356,419.95209515809034,423.99524953118623,428.0385485218531,432.0816490901102,436.1247553374397,440.1675642017711
2.247458e-02 2.247458e-02 4.771413e-02 0.00 0.43526558166766843 -0.03861217920319812 0.16336760287147203 0.5615471381223595 345.4568099749161,349.47971845761936,353.503291262557,357.52631872450087,361.54995574008706,365.57318492536893,369.5970163561339,373.6204304956949,377.6440381814736,382.7312072595613,385.69128317557335,389.7152216088696,393.7390529709502,397.76268505656776,401.7864841443199,405.80988545156504,409.83373839824793,413.85705819804286,417.8806689453713,421.9039805818111,425.9273710092958,429.95056902784233,433.9736790411648,437.9965918095921,442.01972457928974
8.663983e-05 8.663983e-05 2.405887e-01 0.00 0.44046789685619425 -0.03944322168044238 0.16336760287147203 0.5615471381223595 338.6533647971149,342.6439890191353,346.6341036100811,350.62481550357626,354.61519485466766,358.6059972458047,362.59633935787684,366.5873953555088,370.5779556898309,374.5689864843387,378.559694296123,382.5508383202838,386.54159090192843,390.53263912027944,394.5232560340396,398.51447906468263,402.50498012333,406.4958914918059,410.4864679407054,414.4774014640273,418.4678381377541,422.45843307942886,426.44877244951476,430.43917202531514,434.42934628682457,438.4207235489181
1.226001e-03 1.226001e-03 3.659895e-02 0.00 0.4354963677126749 -0.0397720527100993 0.16336760287147203 0.5615471381223595 340.430797541513,344.39524829738355,348.3600435270336,352.32469405114983,356.2897792486796,360.25453644970895,364.21985674946814,368.18482716501643,372.1500507862044,376.1149781667392,380.08026638027235,384.0453187779095,388.01074763218696,391.97564896266204,395.9408357064316,399.90579632554727,403.8709564982688,407.83594397649676,411.8010231841369,415.76580695253074,419.73055697624034,423.69502666898927,427.6598404466994,431.62417172855,435.58886068956724
2.117026e-03 2.117026e-03 6.935185e-02 0.00 0.4546312580042724 -0.0388607832608659 0.16336760287147203 0.5615471381223595 339.30882834471225,343.3538131663677,347.3996442458047,351.44484613097774,355.49064967701713,359.53624473434655,363.5822760670893,367.62791174753835,371.67423512123554,375.7200241624577,379.76630222199935,383.8122173128632,387.8586407593524,391.9045762012593,395.95082050938936,399.9969015370082,404.0431820679672,408.0891981922366,412.1353455282475,416.18128173272737,420.2273843590928,424.27312671684456,428.319037206373,432.36465712932227,436.41102664509054
1.759081e-03 1.759081e-03 1.126584e-01 0.00 0.4400157731627502 -0.040080595780310334 0.16336760287147203 0.5615471381223595 335.8860296620618,339.843976736471,343.8014801664013,347.75943725677615,351.7172074855973,355.6753669617265,359.6333539058292,363.59180741282387,367.5497375365777,371.50809222227144,375.46625409067843,379.42461842768967,383.3827344776985,387.34123501035805,391.29935477179504,395.25775589967054,399.2159228239447,403.17412197407174,407.13208450233196,411.0903219251274,415.0482482238465,419.00625115197204,422.96397861764615,426.9217485489788,430.87928350716845,434.8371208340099
1.491004e-04 1.491004e-04 1.119374e-01 0.00 0.43952847826400515 -0.038985770919829174 0.16336760287147203 0.5615471381223595 340.4804625016921,344.49278371497417,348.50420117616346,352.51646758837495,356.5282252579368,360.5406677067158,364.55266049880186,368.56528310837945,372.5773709224725,376.59001388776176,380.6022602929629,384.61476789946477,388.6270093173644,392.63966152017446,396.651885345535,400.66451698111587,404.67667990577587,408.6892368954453,412.7013128280837,416.71357990423735,420.72558141474576,424.73780846145115,428.7497853202332,432.76173137039996,436.7734203996343,440.7852859778964
7.269090e-04 7.269090e-04 1.025893e-01 0.00 0.4349696952759869 -0.039589574968074 0.16336760287147203 0.5615471381223595 341.1270351612433,345.09957939707044,349.07261651680494,353.04536184287025,357.01867175913225,360.991443309218,364.96484132640154,368.93770464866043,372.9111863474383,376.88435178282316,380.85779959070425,384.8309037078004,388.8042414529005,392.7773790742862,396.7507048617461,400.7239103348776,404.697153005124,408.67010038465327,412.6432777421037,416.61608741768947,420.5890853575292,424.5619147739768,428.5346818632365,432.50713301545,436.47987589421234
4.830957e-06 4.830957e-06 1.125566e-01 0.00 0.4378436488768493 -0.03911984594914842 0.16336760287147203 0.5615471381223595 339.6288287580408,343.63186073702724,347.63349904453344,351.6356600379058,355.6374342646032,359.63992463670024,363.64195642990813,367.6444203827599,371.64655824479644,375.64902175079004,379.6512550022005,383.6540007725513,387.6562221590054,391.6588870937506,395.6610834295846,399.6635642777949,403.66573856266024,407.6682160156765,411.67035557588065,415.6728033187847,419.67478940920347,423.6768533415534,427.6787885798173,431.6807210830645,435.6821755869358,439.6840860573228
4.035244e-04 4.035244e-04 2.017280e-01 0.00 0.43879722559022577 -0.03880734140237292 0.16336760287147203 0.5615471381223595 341.1438964332092,345.1637291591702,349.18318179828105,353.2031493049053,357.22299574385426,361.2432066261369,365.2630086417471,369.2833847284316,373.3032345580488,377.32368859012445,381.3437708825163,385.36420262719514,389.38436067078004,393.4048555296057,397.4247903694374,401.44522052915676,405.46521413178067,409.4854523982115,413.5054767706027,417.5257167620884,421.54555344285717,425.565555043259,429.5851066158422,433.6049607094068,437.6242939162036,441.64430551204885
1.018031e-04 1.018031e-04 1.972135e-01 0.00 0.45570200222853857 -0.03959938329064949 0.16336760287147203 0.5615471381223595 336.29623254699436,340.30527800938637,344.3149975757415,348.3243392868234,352.3343706979527,356.3439786489015,360.35406377930417,364.36382523884123,368.37409559668697,372.38398092754034,376.3943205338722,380.40450838224245,384.4148618273091,388.424943454279,392.4353055375685,396.44541989143045,400.4557083451243,404.46574546217226,408.47606679153944,412.48612800934,416.4962546084054,420.50605955938687,424.51606562139574,428.52570620777266
1.636091e-03 1.636091e-03 1.975377e-01 0.00 0.4390249796391346 -0.04001336747932101 0.16336760287147203 0.5615471381223595 336.01134026701453,339.971087135831,343.9300973348799,347.8897730680724,351.84893384157294,355.8086268308878,359.7679002914332,363.72780584116066,367.68730026289404,371.64737786900014,375.60685346991966,379.5667629845517,383.5263785638458,387.48629836742134,391.44589191529036,395.4058442060701,399.3654648560222,403.3252935005232,407.2846511870892,411.2443305516756,415.2037079263679,419.16326240960643,423.1223594119001,427.08175285683893,431.0407781617965,435.00016134700525
6.628456e-05 6.628456e-05 7.232188e-02 0.00 0.44068258826435935 -0.039107151096597605 0.16336760287147203 0.5615471381223595 340.1358809934677,344.14372932071353,348.1512623136296,352.1593391124475,356.1671784649252,360.1755500911068,364.18348983573026,368.1919427227038,372.1999211374974,376.2084030484145,380.2165916317269,384.2251594701877,388.23333668442126,392.24197186122393,396.2501416846298,400.25860206375734,404.2668777571373,408.275073296638,412.2831756860831,416.2914034267533,420.29931278185524,424.30751343770874,428.31531716254455,432.3232480049026,436.33076940188624,440.3388141746361
3.524805e-04 3.524805e-04 4.017108e-02 0.00 0.4329344729386749 -0.03861976612850881 0.16336760287147203 0.5615471381223595 345.0379727521989,349.056064664836,353.074676970439,357.09305588214744,361.11178701751584,365.13032147040417,369.14922878532775,373.16774453311575,377.18663009258483,381.2054368082166,385.22449089361754,389.24311262024617,393.26213827592886,397.2806684829853,401.29978567675846,405.31838253536864,409.3374069377738,413.35584633757253,417.3744975834685,421.3929317429142,425.4113416301772,429.4298674610655,433.4481323121752,437.46604427924217,441.484446738622,445.50198200612664
1.313897e-04 1.313897e-04 1.019253e-01 0.00 0.4510702829580287 -0.03986761551560245 0.16336760287147203 0.5615471381223595 334.4881380648225,338.4756005656752,342.46378980871265,346.4516754328847,350.4401768680453,354.4282646194573,358.41693877601045,362.4051989831795,366.39400867264203,370.38229103008155,374.37119250338174,378.3597307198892,382.348392768528,386.33703183394255,390.32585622292925,394.3143814888873,398.3032884877018,402.29171171896485,406.2805300444419,410.26894139702205,414.25765131486287,418.24603140941406,422.23444656830577,426.22260092929446,430.2108268806093
4.003898e-04 4.003898e-04 1.896556e-01 0.00 0.43365919398543945 -0.03940178259614585 0.16336760287147203 0.5615471381223595 341.72286023652487,345.702323774577,349.68231206752995,353.66203295499935,357.6423118909212,361.6221049871549,365.602451704884,369.58231661757577,373.5627207395457,377.5427125191628,381.52305773539507,385.5032145236131,389.48368706233623,393.46372240825264,397.44391694264414,401.4240276524526,405.40431273072306,409.384144921516,413.3644278126336,417.3440696423704,421.3240625369241,425.30370379405247,429.2836176986573,433.2628895273038,437.242596242818,441.2217009126839
1.226932e-03 1.226932e-03 4.759330e-02 0.00 0.44925598061171784 -0.03888893354709155 0.16336760287147203 0.5615471381223595 338.38473663383866,342.41906765834113,346.4536643317711,350.4881269413077,354.5230940003923,358.55761025403507,362.5927649713711,366.62748767521316,370.6628325141773,374.6977243036219,378.7330144171636,382.76798750679336,386.803334912346,390.8384022522725,394.8737429586979,398.90871970127404,402.94396854477776,406.9790250887649,411.014225541886,415.0491866286159,419.0843340874288,423.11913798567736,427.15412610765,431.18876789243234,435.22351880473286
1.539429e-03 1.539429e-03 1.871773e-01 0.00 0.44387691758194064 -0.03861944885012584 0.16336760287147203 0.5615471381223595 342.77519336361553,346.81418353107057,350.85274506488724,354.89192257879546,358.930693740113,362.97005637618105,367.0090966515552,371.04860809156105,375.0877864278869,379.12736900896317,383.16657745484133,387.20628072054296,391.2455336745894,395.2851629912967,399.32435061764454,403.3638350482084,407.403062834882,411.44264290701216,415.48177328625354,419.5211539350143,423.56012804555525,427.59936570316444,431.63819545038905,435.6771586807707,439.7157285641937
1.040815e-04 1.040815e-04 1.844842e-01 0.00 0.4408644613581689 -0.03947619665175172 0.16336760287147203 0.5615471381223595 338.57474076053063,342.56426877095953,346.5535109905347,350.5431169127308,354.5325490897791,358.5224968704465,362.5121392324308,366.50219757010075,370.49180061962323,374.48177622624974,378.47160719925193,382.46165106878055,386.45155951575106,390.4416769648104,394.43163769773565,398.4217093118792,402.4114807863976,406.40131058565834,410.3910353665607,414.3808206505288,418.3704213128936,422.3602145812716,426.34958709502985,430.3390717743376,434.32815714148444,438.31820782292937
3.199427e-03 3.199427e-03 1.793481e-01 0.00 0.43029529047546833 -0.04000686598293283 0.16336760287147203 0.5615471381223595 338.58247806849755,342.5255942961513,346.4691825511994,350.4123903327777,354.3558463163763,358.2991704048575,362.24287670349037,366.18642739146486,370.1302735519626,374.0736546652483,378.01744013799106,381.96105010708226,385.90488761874815,389.84836110582614,393.79216785133934,397.7356376286795,401.6793365672972,405.6227291941452,409.5662962070719,413.50954502799954,417.45298633908965,421.396094298948,425.33931972852105,429.2821353910748,433.2251077230143,437.1667829064786
1.613893e-03 1.613893e-03 2.681075e-01 0.00 0.4438518247965008 -0.03860051917601913 0.16336760287147203 0.5615471381223595 342.8550804714464,346.8948849211957,350.9345887721611,354.9746503595068,359.0144121580377,363.054719659851,367.09459622187296,371.1350530094849,375.17519965924436,379.2156575811357,383.255930944632,387.2964619294717,391.33670202034756,395.3771882948272,399.4174214394655,403.457879708569,407.49808932701814,411.5384319414239,415.57858116470027,419.6188860024118,423.65892269224616,427.69910777452066,431.73886528306844,435.7785742676922,439.8182198879099
2.379640e-03 2.379640e-03 3.156429e-01 0.00 0.4304061673780896 -0.03985346727257254 0.16336760287147203 0.5615471381223595 339.2507373427485,343.2014796295123,347.1527286705414,351.103620896879,355.05505958549094,359.00613231674697,362.9576058866662,366.9089610340677,370.8604990158585,374.8117311133214,378.7633768641254,382.71462178144816,386.666357826208,390.61766726312396,394.5691253576587,398.5203583801494,402.4718363548519,406.42307294007367,410.37445683558207,414.3254482854984,418.27657171415376,422.2274074370993,426.17841358522156,430.12900106288754,434.0800483658689,438.02931473778267
1.215697e-03 1.215697e-03 3.694638e-02 0.00 0.44226635413538745 -0.040021975241757 0.16336760287147203 0.5615471381223595 336.48252660181464,340.44735282916974,344.41189333478087,348.37695589758465,352.3417017300542,356.3068620228399,360.27172494174675,364.23714540433303,368.20209404123926,372.1675374192813,376.1326391260433,380.09810419341915,384.0632317305365,388.0288513070965,391.99390009670634,395.95922751300503,399.92433231802625,403.8896217382635,407.85453796979385,411.81979274865336,415.7847583262417,419.74990563878885,423.71460743935154,427.6794710867819,431.6438853145346
4.691735e-05 4.691735e-05 5.852668e-02 0.00 0.44626506530577786 -0.03960443690194225 0.16336760287147203 0.5615471381223595 338.8654871036871,342.8582987884033,346.85093480346825,350.84401163462036,354.8367100218927,358.8299379073251,362.8228923842815,366.8162211971769,370.80926656692066,374.80274679692246,378.7958894823195,382.78943731068364,386.7825914211215,390.77613366501504,394.76942055543554,398.762767319528,402.7559550316755,406.74921175118277,410.74231016363467,414.73556595024644,418.7285032405114,422.7216802625654,426.7143791405646,430.7073056079358,434.7001093740907
5.919994e-05 5.919994e-05 4.776987e-02 0.00 0.44317211855704786 -0.039206190976642165 0.16336760287147203 0.5615471381223595 340.097547100068,344.1050992942866,348.11219775757155,352.1198426110226,356.12714107835933,360.1349587213446,364.142395419494,368.1503904383127,372.15795509764854,376.16601739851296,380.1736565993362,384.1817520580617,388.1894507778967,392.1975292931601,396.20522496783707,400.2133358434648,404.22096055589185,408.22882962703443,412.236401547952,416.24421355986374,420.25182278344033,424.2594209460358,428.26677047993815,432.27415918768094,436.28125176652577
2.199022e-04 2.199022e-04 7.169906e-03 0.00 0.45665501474216585 -0.04013066517789613 0.16336760287147203 0.5615471381223595 330.22308919982436,334.20799171705306,338.19214195938827,342.17696959861183,346.16136190534036,350.14641192560424,354.13118310988335,358.1162176669328,362.10121009941815,366.08659291261586,370.07163831744265,374.0569655331616,378.042163103307,382.0275792886054,386.01281681567,389.99821922849145,393.9834109353262,397.9688749287146,401.95408120103764,405.9394259628693,409.92444913373873,413.90961031177324,417.8945129362981,421.87984673146525,425.86455100384137
1.648475e-05 1.648475e-05 2.376223e-02 0.00 0.448879510943554 -0.03948136024307694 0.16336760287147203 0.5615471381223595 335.7877429285267,339.7910828084234,343.7947652599542,347.79801560507764,351.8020382464899,355.80565099480873,359.80978851949584,363.8136507927191,367.81791021208835,371.82175341914103,375.8261715912773,379.83023607103377,383.83460903870923,387.8386890818117,391.8431433245021,395.8471073323235,399.8514732971999,403.8555656362775,407.85982797509433,411.8638013672696,415.867878612876,419.8716999702459,423.87572053487804,427.87934790650655,431.8831318075785
6.080459e-05 6.080459e-05 1.124033e-01 0.00 0.4476927144219216 -0.03967475160234256 0.16336760287147203 0.5615471381223595 334.7919196782153,338.78401914244984,342.7759075976078,346.76753081741225,350.7594815432788,354.751327797155,358.7435567757457,362.73562260419163,366.72799900180166,370.7200122510636,374.71253361860374,378.7046480010372,382.6971542215321,386.6894101459204,390.6819949001874,394.6742111557365,398.66662875991994,402.65893765903684,406.6513248088091,410.6434218748327,414.63572177604425,418.62756412603255,422.6197887785132,426.61152950457966,430.60341091967257,434.5962077447355
2.274515e-06 2.274515e-06 1.648863e-01 0.00 0.44753428368028547 -0.03948448979284044 0.16336760287147203 0.5615471381223595 335.5712614361104,339.5727449039758,343.57389478638504,347.5747253360015,351.57608988318964,355.5771304279293,359.5788190605008,363.579960634349,367.5816938744261,371.58295776479184,375.58477357659115,379.5862503186077,383.58820477370034,387.58967962525963,391.5915144724159,395.59300705351086,399.5948612094135,403.5963440608213,407.59802885931026,411.5993575205765,415.6009428356217,419.6021193774326,423.60362824369867,427.6048597444775,431.6059731124941,435.6078522328684
2.700113e-05 2.700113e-05 6.229774e-03 0.00 0.444295097939689 -0.039500582547174735 0.16336760287147203 0.5615471381223595 339.0056586616758,343.00012513633965,346.99435220013584,350.98913659213054,354.983535570349,358.97849912791463,362.9730168504181,366.968045119561,370.9628561637249,374.9580865545114,378.95296615070635,382.9480320862839,386.9428387678802,390.93803716957916,394.9328637455846,398.92790445292565,402.9227421897197,406.91771096448264,410.91264229580975,414.9076285043627,418.90218462597215,422.89691966777315,426.8913543749489,430.88581112327205,434.8800021659785
3.873597e-06 3.873597e-06 5.942823e-02 0.00 0.4388926602231878 -0.03924117323902201 0.16336760287147203 0.5615471381223595 339.27263094289094,343.27035458653324,347.2677912672711,351.2657812088974,355.2634863312157,359.2615605177011,363.2593660085128,367.2575970834718,371.2555083855563,375.25391785488324,379.25190055846554,383.2502696737387,387.24846286549644,391.24674593383565,395.24475999561736,399.24303947455553,403.241035235811,407.2393136559054,411.23729487895645,415.23540049313243,419.2331565402315,423.23111933439264,427.22871840590346,431.22647913981103,435.2237530131856,439.2218160755175
1.218749e-05 1.218749e-05 8.353956e-03 0.00 0.43734422781441146 -0.03921421389012759 0.16336760287147203 0.5615471381223595 343.13836200985895,347.13425078286895,351.13063517397785,355.12690048853904,359.12346523442886,363.1197453485044,367.11641724297743,371.1128769476784,375.10971232429563,379.10630667966774,383.10314769003605,387.09968295998544,391.0964026510381,395.09285456378586,399.08973500392494,403.0862483616386,407.0829054009878,411.0794106733544,415.0758760190336,419.07210775315286,423.0684902316668,427.06458903125633,431.06094184316515,435.0567534801015,439.0529070173842
7.140202e-07 7.140202e-07 1.321276e-01 0.00 0.4382057704930568 -0.039191941238870834 0.16336760287147203 0.5615471381223595 339.37492061813833,343.37492370910525,347.37356824906743,351.3725851289614,355.37157294760505,359.3708903867582,363.3698719199816,367.36947234743826,371.36863767318425,375.36817189603164,379.36736094880195,383.36690166307795,387.36622500461993,391.36572598589004,395.3650754733558,399.36468269626954,403.3639029053289,407.36329882169923,411.3623727213015,415.3617212039958,419.36067662609076,423.35998338331717,427.3589381800038,431.3577608091062,435.3563794968094,439.3551144581847
3.563971e-06 3.563971e-06 6.380614e-02 0.00 0.43926336240472186 -0.03925306367410293 0.16336760287147203 0.5615471381223595 339.28033770887185,343.278028521197,347.2755078230546,351.2736055721685,355.27142760816423,359.26959614492125,363.26758346949373,367.26589239565135,371.26391500537056,375.2623374852162,379.2604797092465,383.25881020168356,387.2569462912543,391.25542728379924,395.2537144703163,399.25194259214294,403.2500066038036,407.2483208780457,411.2463202970468,415.2445904932648,419.2425297372847,423.2404577425256,427.2381611860409,431.23598306411265,435.2333627941592,439.23142262842845
3.328504e-07 3.328504e-07 2.476690e-01 0.00 0.4383927358783705 -0.039172649097624336 0.16336760287147203 0.5615471381223595 339.48833055035664,343.48938046827544,347.4893753901782,351.48976284847674,355.49000129357734,359.49059882949155,363.4909637952645,367.4918056254954,371.4923561098711,375.4933284652215,379.49394881246195,383.494776853802,387.49534465017433,391.49621376101794,395.49687951134814,399.4977310779066,403.49836315937813,407.4990773032818,411.49947547366367,415.5002931706307,419.50055550133413,423.50104096982625,427.5013026463651,431.50160849422446,435.5015184693417,439.5018749566216
4.791911e-05 4.791911e-05 6.758401e-02 0.00 0.43361881079459286 -0.03914174561941505 0.16336760287147203 0.5615471381223595 342.84710239269003,346.8396548095464,350.83279213463743,354.82555078729155,358.81883872533643,362.8117802869679,366.80517144534963,370.79822371674067,374.79157196470646,378.7847287578977,382.778252160541,386.7715750717661,390.76499482741474,394.75806910280704,398.75149665250365,402.7446190508079,406.737937182992,410.7311090126725,414.72422671127424,418.7170471028655,422.7101130696337,426.70291627336456,430.6957450091829,434.6882550426777,438.68094458851135,442.6730296200628
2.155663e-05 2.155663e-05 1.029114e-02 0.00 0.4422157891495302 -0.03923232658287503 0.16336760287147203 0.5615471381223595 339.83513533425935,343.8394829319223,347.8434645930321,351.84800172288993,355.8522631028147,359.85703175847306,363.86148175019576,367.86624860153967,371.870805170299,375.8757442395078,379.8802355091303,383.8852419401566,387.88987533514063,391.8948459890123,395.8995495355058,399.90453605103426,403.909083550966,407.9139276959491,411.9184136122115,415.92304649345994,419.92743542109673,423.9320006506503,427.9362906007484,431.9407804912992,435.9446451572161
3.728530e-05 3.728530e-05 3.079423e-02 0.00 0.43756814768185004 -0.03927264240597663 0.16336760287147203 0.5615471381223595 342.9198036281332,346.9131317569982,350.9070553665731,354.90066994843323,358.89482171418115,362.8884494151253,366.8825652561972,370.87646764858573,374.87073254929527,378.8647414417398,382.8590861975751,386.85326709483024,390.8472305839365,394.84130611781296,398.8354967918467,402.82938662671074,406.8235804604296,410.8174470507823,414.81143346503745,418.80524062682355,422.799020839393,426.79248867091303,430.7862446605507,434.7796043671625,438.7731762215286
2.038016e-05 2.038016e-05 7.887267e-04 0.00 0.43838801128299276 -0.03927155254674794 0.16336760287147203 0.5615471381223595 339.0607855552071,343.0567888005592,347.05182072496217,351.04720623725177,355.04232662942,359.0379677422312,363.03329930046664,367.02915809579804,371.0246148427236,375.0204910472403,379.0160136141258,383.01186845368755,387.00743108289134,391.0032629677925,394.99881855643287,398.9947820809255,402.9902135838082,406.9859561691683,410.98136096800323,414.9769978563715,418.97223667766946,422.9677410956808,426.9628913604364,430.9581529668619,434.95311430761586,438.94831801702003
2.036034e-05 2.036034e-05 7.936993e-04 0.00 0.4387687948854684 -0.039285646756459805 0.16336760287147203 0.5615471381223595 339.0610830279508,343.05676251170235,347.0515093567795,351.0471256853401,355.04219210209766,359.03791498250234,363.03316780100204,367.0288660924365,371.0243916536056,375.02023617658386,379.0157790929698,383.01166728490256,387.0071719346831,391.0030373148542,394.99860939792734,398.9945004625437,402.9900067491421,406.98579849164224,410.98124008164234,414.9768213721525,418.97197960265174,422.9675149677962,426.9625753383399,430.9578576619545,434.9528430050478,438.9482671198396
1.426405e-04 1.426405e-04 1.415216e-01 0.00 0.4452498854003814 -0.03919781370486919 0.16336760287147203 0.5615471381223595 340.4567083676032,344.46843514983533,348.4796487391951,352.49151894901377,356.5030590356786,360.5150620741141,364.5267536487171,368.53892862119574,372.5507626053058,376.5630014703443,380.57493222009435,384.5871440683104,388.5991544757118,392.61138110546335,396.6232289940585,400.6354889553485,404.6474571372975,408.6596772710502,412.67137390207404,416.683459814682,420.69522474037774,424.707131354071,428.7186808938446,432.73010661233843,436.7413932221555
2.908300e-06 2.908300e-06 1.598125e-01 0.00 0.43909304528225807 -0.03917759753438938 0.16336760287147203 0.5615471381223595 339.57903940752834,343.5802608726074,347.58140389808926,351.5829934871843,355.58420990722647,359.5859441102511,363.5874841189725,367.58923960063873,371.59082825162443,375.59273464257296,379.59435126698963,383.5963542074602,387.5980437974509,391.6001024169789,395.6016344186517,399.60358795789244,403.60521399299284,407.6068788246775,411.6085408240481,415.61029713423585,419.61178640355456,423.61327070555825,427.6144086676781,431.61571652003107,435.6167228976678,439.6182269718565
2.251491e-04 2.251491e-04 1.047115e-02 0.00 0.4421752386368471 -0.039027373180126085 0.16336760287147203 0.5615471381223595 340.71763989238644,344.73226229378173,348.7467206652234,352.7616602124774,356.7762437816069,360.79141561245314,364.80620598258537,368.82153159276436,372.8364461208178,376.85178459494324,380.8666946632539,384.8821114137095,388.8971334180012,392.912466438802,396.92760068874753,400.9430559817687,404.9579722890889,408.97313987234156,412.9881551994829,417.0031318125077,421.0178563236762,425.03289750308465,429.0475880709108,433.06229823268035,437.0766381928372
5.928821e-06 5.928821e-06 4.114191e-02 0.00 0.44279397375943397 -0.03939164329115915 0.16336760287147203 0.5615471381223595 339.23936363039337,343.2366952199246,347.2336805390949,351.23115452453214,355.2283464715062,359.22604650256505,363.22340522042947,367.2211911946166,371.2188124277031,375.21667829281,379.2142791862342,383.21213504816274,387.20989100314205,391.20774384440415,395.2053027395461,399.203204652451,403.2007966467958,407.19863928660243,411.19610267746015,415.1938642919676,419.19122500328757,423.1887351305784,427.18587762622013,431.1831907109146,435.1801276161151
1.606488e-07 1.606488e-07 1.596689e-01 0.00 0.4358132726941289 -0.03909640130644859 0.16336760287147203 0.5615471381223595 343.40496879558816,347.403904396143,351.40351646349217,355.4028244656977,359.40259551338454,363.402000264222,367.40171007539954,371.4013278712382,375.4012558404486,379.4009538035215,383.40089940801175,387.40051912196685,391.40045561830823,395.4000320569907,399.39991621854466,403.39964059721257,407.39947799004636,411.39895632862726,415.3985745810225,419.3977917226093,423.3974767443965,427.3967476381759,431.3961269387598,435.3950366587622,439.3942131940712
5.575071e-07 5.575071e-07 1.298796e-01 0.00 0.430780766327271 -0.03891524169798545 0.16336760287147203 0.5615471381223595 343.37043116290073,347.3693407893119,351.3686130565365,355.3674005417327,359.36681610283716,363.36586276161603,367.3655479550854,371.3646877565487,375.364128892199,379.3633717643556,383.3630026966784,387.36227695941824,391.36191514566787,395.3611991838016,399.360750544945,403.35988864129257,407.35952232881283,411.35874937538597,415.35797501619714,419.35683828203065,423.3560829067664,427.3549307125417,431.3540229166185,435.35245859523087,439.35133220012676,443.3484321733954
2.428720e-05 2.428720e-05 4.060885e-03 0.00 0.43052844650575006 -0.03898621915696396 0.16336760287147203 0.5615471381223595 343.0162629106563,347.01102941052034,351.006194052743,355.00087116552567,358.996158161237,362.9910890744385,366.9864783169472,370.98147788042445,374.97698909445614,378.97213024067713,382.96762702464633,386.9627456986217,390.9582372188716,394.9533474490704,398.9488009660218,402.94402175707336,406.9394170446046,410.93433504826686,414.9294933134597,418.92437664859403,422.9195345891671,426.91422367389345,430.90893619807014,434.9034620072667,438.8982753132723,442.8913466882585
9.439165e-07 9.439165e-07 2.145440e-01 0.00 0.4335472500955535 -0.038985128133671644 0.16336760287147203 0.5615471381223595 343.52184472458146,347.5221946208178,351.52319185715766,355.5238600327695,359.52495062540805,363.52580946310945,367.52702219435406,371.5279796869966,375.52930100274534,379.53015692498025,383.5315772445248,387.53267824962336,391.53395818666803,395.53497803701265,399.53617791251446,403.5372263041332,407.5384332553129,411.53937060486896,415.5404409626086,419.54111430987757,423.5420157767995,427.54257624429675,431.54333450617565,435.5437858061679,439.54436347115376,443.54395771063884
9.105374e-05 9.105374e-05 2.341345e-01 0.00 0.4303349819738382 -0.03907064659698754 0.16336760287147203 0.5615471381223595 342.614128067301,346.6039175645557,350.5943042476578,354.5845127665029,358.57516662359325,362.5654076406384,366.55600573705107,370.5463821525468,374.5371816688799,378.5276538825465,382.5185512824027,386.5089499177404,390.4996734695927,394.49014970521927,398.4809402262316,402.47134480205375,406.4619451226027,410.45225350379934,414.4428249710412,418.4330527596738,422.4235369690791,426.4133882342351,430.403585021614,434.39338491259025,438.3834871520199,442.37186057052156
8.996817e-06 8.996817e-06 7.051119e-02 0.00 0.43556591275377016 -0.03902143251190956 0.16336760287147203 0.5615471381223595 343.6934928966768,347.6959204261934,351.6988786414016,355.701438496661,359.70450362036803,363.70725607836727,367.7105142714396,371.71342726302174,375.71681506442167,379.7197193134681,383.72308142979733,387.726113768035,391.72933623180165,395.73240965787414,399.7357133706756,403.73858310445314,407.7417461180359,411.7445408585039,415.74767832924755,419.75047809095344,423.7534563560097,427.7559433886658,431.7586219120752,435.76084015634694,439.7635443486668
7.442727e-05 7.442727e-05 6.354798e-02 0.00 0.43177275471324783 -0.038771884534267116 0.16336760287147203 0.5615471381223595 344.1692072816226,348.1770572450799,352.18546228110597,356.1936458043848,360.2022962683689,364.2107706249717,368.21960508479606,372.22795524864324,376.23687171582657,380.24543022160753,384.2544156978469,388.2628935664582,392.27181983085455,396.28035483448207,400.2891118650471,404.29686857075984,408.3064195435431,412.3148512905026,416.3234062052073,420.33184369145755,424.34037387803494,428.3484292058952,432.3567866103815,436.3645636945798,440.3726929963094,444.37957427976454
8.868437e-06 8.868437e-06 6.717544e-02 0.00 0.432798724561736 -0.03891757082033121 0.16336760287147203 0.5615471381223595 343.69568047165103,347.6980727382169,351.701122221336,355.70373834982155,359.7069805820131,363.709625036349,367.71287837452996,371.7159565128918,375.71940121420204,379.7223486401543,383.7257800526336,387.7286497001151,391.73209373977306,395.73514515828737,399.73846598123566,403.74151290392336,407.7446403994504,411.7475780350561,415.7506900231225,419.7535043575191,423.75646614849575,427.7590827101788,431.76176903849563,435.7640786768179,439.7668659076254,443.76799320095574
3.189746e-04 3.189746e-04 1.420814e-01 0.00 0.4315970198908064 -0.03928098024668401 0.16336760287147203 0.5615471381223595 341.9068253280115,345.88850416386197,349.870637385178,353.8525679606024,357.8348656120608,361.81678875060743,365.79922346226067,369.7813701031474,373.76398876758947,377.7462660545065,381.7286796481748,385.7124039202082,389.6934443543157,393.6757013135176,397.6582449476109,401.6404468572958,405.6227625030429,409.60470376423814,413.5872077615381,417.5691308598903,421.55123549491367,425.5329310209996,429.5148666861366,433.49652636530095,437.4782787370874,441.45866843663373
4.846597e-05 4.846597e-05 2.288327e-02 0.00 0.43600862303799676 -0.038959171184432526 0.16336760287147203 0.5615471381223595 344.0397573186704,348.0461561238043,352.0531216486903,356.0597599255323,360.06694036057604,364.0737415751864,368.08093064017396,372.0878818979385,376.09520997023594,380.1022709596204,384.1095135355215,388.116577270401,392.1239039783556,396.13088718209946,400.13822232113563,404.1452495167263,408.15249876000854,412.15936080665716,416.1664788705532,420.1732136254516,424.1801447428366,428.18677215133295,432.19345185902375,436.19987543054515,440.2065795307388
1.981287e-06 1.981287e-06 9.155410e-02 0.00 0.43517946885866315 -0.03909151682051562 0.16336760287147203 0.5615471381223595 343.32283917723817,347.32099253322116,351.3196049654081,355.3178559911459,359.31666588980613,363.3151779920595,367.3140422429674,371.3125765501889,375.3116007316609,379.31018049883005,383.30924540901384,387.30791109016803,391.3068894537956,395.30570062321704,399.304610835979,403.3032287327853,407.3020630261631,411.3007188927074,415.29948660941784,419.29786740454415,423.296390267849,427.2945760195968,431.2929760679644,435.29111971117555,439.2893563291027
3.330112e-08 3.330112e-08 1.908478e-01 0.00 0.4342147601957702 -0.039029481431785064 0.16336760287147203 0.5615471381223595 343.43679960161893,347.43622883974814,351.4362925825098,355.4359064335645,359.43594508965333,363.4357347441529,367.435971624046,371.43592225343224,375.43625124087663,379.43634072547576,383.4366286833976,387.43660921670914,391.436938798242,395.4369674555244,399.43731432275604,403.43737709194585,407.43753759149064,411.4373506096196,415.43738264078684,419.4372652794642,423.43717142737825,427.43676878539526,431.4363372952254,435.4356783746512,439.43548226425133
3.187382e-06 3.187382e-06 1.500888e-01 0.00 0.4344038542000233 -0.03900209378229064 0.16336760287147203 0.5615471381223595 343.58821401057816,347.58936890798327,351.59109976447667,355.59255393724146,359.59443408786746,363.59596419076354,367.5978211001056,371.59952132004946,375.60178136768945,379.60360465272174,383.6055684628336,387.6074289810181,391.60940341993455,395.61119634450733,399.6132518207439,403.61505415567774,407.61710583007925,411.61863408526466,415.6204759488522,419.6219925155138,423.6237555952869,427.6250090931566,431.626623529499,435.6276881221826,439.628983479665
1.386605e-05 1.386605e-05 4.400282e-03 0.00 0.4329998131810811 -0.03905715263707398 0.16336760287147203 0.5615471381223595 343.1153981739377,347.11105156982114,351.1073010159379,355.1032554016865,359.0996478105335,363.09569231684713,367.09216823481614,371.0883957786775,375.0849336264894,379.0813033854439,383.07787907136867,387.0741292133033,391.07067336367874,395.06702209982745,399.0636602310113,403.0599331367897,407.05639437053827,411.0524813432928,415.04877386646814,419.0448758068707,423.041028818684,427.0369095285755,431.0328298470093,435.02844208786456,439.02439673355286,443.0191985627472
9.791075e-05 9.791075e-05 1.806713e-01 0.00 0.4376762868143064 -0.03896440662607582 0.16336760287147203 0.5615471381223595 340.27733180952396,344.287828069284,348.2971246060506,352.3068948759624,356.3164291261878,360.3265274821158,364.3362135808669,368.34634855545346,372.35605613509244,376.3662859993896,380.3760581073169,384.3863649210416,388.39632106700753,392.4066099244918,396.41648199436025,400.4266325171266,404.4364449817224,408.44654893222634,412.4563477879869,416.4663590505882,420.4759911250027,424.4856886878595,428.4951952947257,432.5047779359885,436.5138422948656,440.5234701013098
3.570257e-05 3.570257e-05 1.184709e-03 0.00 0.43494619769275356 -0.03894135240661161 0.16336760287147203 0.5615471381223595 343.9445315477565,347.9497963459394,351.95562180030026,355.96116317864926,359.96718424690545,363.97298044948565,367.97914379852955,371.9849788082988,375.9911103191563,379.9970150753283,384.0032983635705,388.00936163179955,392.0155813600879,396.0215060124499,400.0275391928905,404.033534486004,408.0396269620029,412.04544392916745,416.051495749022,420.05698575919644,424.06293229399967,428.0682838338792,432.0739219441206,436.07932801597997,440.084982620657
2.559936e-04 2.559936e-04 3.886537e-02 0.00 0.43261447564816113 -0.039282838433177814 0.16336760287147203 0.5615471381223595 342.06699614513457,346.0503732883766,350.03441835448285,354.01811038267823,358.002226321292,361.9861613119394,365.9704270717713,369.9543898490362,373.9388936924126,377.92286014710965,381.9073015399592,385.8913484237051,389.8758158033464,393.85987474370927,397.84424366667554,401.82827202792737,405.81250213554193,409.79647188796224,413.78053742123586,417.76448510389935,421.7482877820284,425.7319909554779,429.71575962100326,433.69917143564584,437.6828638278278,441.66498877958105
1.186756e-05 1.186756e-05 9.462238e-03 0.00 0.4351326641591207 -0.03912997924665526 0.16336760287147203 0.5615471381223595 343.1468796382105,347.14283056374546,351.13947601819274,355.13561744724217,359.132379901869,363.1288438041611,367.12568927614154,371.12226696000494,375.11913833355953,379.1156384582082,383.1126951259869,387.1093129553151,391.1063718942542,395.10303114785927,399.09984504873773,403.0963715582892,407.0931869455549,411.0897354311635,415.0864576534517,419.08280827818174,423.07930463640554,427.07552430478046,431.071835728823,435.0678076685855,439.0642386196912
9.410609e-05 9.410609e-05 1.658532e-01 0.00 0.4359448154073965 -0.038904738625261254 0.16336760287147203 0.5615471381223595 344.26939023322365,348.2783796638687,352.2880473255738,356.2974861130691,360.3072311547237,364.3167366454012,368.3265855416871,372.3361709048018,376.3462758406509,380.3558623016488,384.36602166635,388.3756696463882,392.38570815284845,396.3953293925413,400.4053067648035,404.4149862787003,408.4249812087106,412.4345594531728,416.44426986580913,420.4535937646284,424.4632972307398,428.4725326954427,432.48203814076635,436.4909824250734,440.5002905354072
1.080666e-06 1.080666e-06 1.161148e-01 0.00 0.4351393717336182 -0.039082605179999674 0.16336760287147203 0.5615471381223595 343.3553471832863,347.35386076412607,351.3527521824931,355.351368548546,359.35062250541625,363.3494880541866,367.3488226902339,371.3477866475855,375.34714493269144,379.34588693392607,383.34546105089555,387.3446391775986,391.34406108204394,395.3430824931457,399.3423352662775,403.3413936540796,407.3406707585348,411.33965272840544,415.33881016182147,419.3375566004121,423.3365467042707,427.3350265808887,431.3337873330944,435.33221918104675,439.3309568974342
1.081375e-06 1.081375e-06 1.159009e-01 0.00 0.4352014601621339 -0.03908497881198027 0.16336760287147203 0.5615471381223595 343.3551433948198,347.3535410653471,351.3525965300038,355.35119900840067,359.35030188391397,363.34914858953283,367.34857410686817,371.34748063096646,375.3468110296592,379.34579376138123,383.3452052313147,387.34428978110867,391.34370900752765,395.3427762641022,399.34209784135214,403.34097793066735,407.34033893423737,411.33931235349434,415.3384530234335,419.33725967658137,423.33609173342626,427.33471335494386,431.33349674565363,435.33193887649884,439.3306025752132
7.266249e-05 7.266249e-05 9.322047e-02 0.00 0.43155054664515513 -0.038762998789650636 0.16336760287147203 0.5615471381223595 344.171467579002,348.17932236911537,352.1879501583258,356.19613745906463,360.2049862126159,364.2132413159749,368.2220750164204,372.23055604444426,376.23955093523966,380.2481357405271,384.25710526444465,388.2656114377762,392.2744033213477,396.2830038562624,400.2920046528113,404.30054756584155,408.30932697242713,412.3177146542626,416.32635039997984,420.3347004690372,424.34331236985935,428.35139023177084,432.35968063491526,436.3676385173747,440.37581962886094,444.3827697903235
7.374130e-05 7.374130e-05 1.794133e-01 0.00 0.43431028252974807 -0.03920181216343569 0.16336760287147203 0.5615471381223595 342.6983220795981,346.6892134872185,350.6806085686825,354.6716422129742,358.66311106392556,362.65426975150484,366.64596162020626,370.63725902160184,374.6290036977264,378.6204854757383,382.6122374827941,386.60360887207,390.595352083845,394.5867209813803,398.5784841464159,402.56987859256185,406.5613975261463,410.55269374173986,414.5441504901745,418.5353597887099,422.5267028693632,426.51765060384537,430.5088012941171,434.49944225562734,438.4905898480212
3.955398e-05 3.955398e-05 7.587163e-03 0.00 0.4373962367979088 -0.039023288915746815 0.16336760287147203 0.5615471381223595 343.98325951544825,347.9889439935488,351.99526417136536,356.0012152425185,360.0076761859114,364.01387991082527,368.02041323953426,372.02659378009275,376.03329874620385,380.03969265334734,384.0463169726207,388.0527108461966,392.0594156654309,396.06567450513836,400.07224535955373,404.0786622561701,408.0853257491534,412.0915155940585,416.0979369294311,420.1040258833612,424.11008661166176,428.11608544928464,432.12226182966987,436.1279521441639,440.1338547463883
3.133560e-05 3.133560e-05 8.971177e-04 0.00 0.43659991060582987 -0.039008826670768215 0.16336760287147203 0.5615471381223595 343.91763168234536,347.92248627248756,351.9280666838612,355.9331684440727,359.93895126236083,363.94424256650007,367.9501835691536,371.9556529618004,375.96156903774465,379.967018899575,383.97293974717377,387.978651344969,391.9845310764411,395.99021323250975,399.99608387216915,404.0015630942772,408.00731119176066,412.01278105395835,416.0184441845548,420.023877163825,424.0294068565196,428.0344846590037,432.0398566508959,436.04464223364596,440.04999067327634
1.596585e-05 1.596585e-05 1.919124e-03 0.00 0.4363980767288426 -0.03918914294461153 0.16336760287147203 0.5615471381223595 343.09452665363244,347.0897850756761,351.08568446452546,355.0812860785102,359.0774911582859,363.07329555666445,367.06966519650894,371.06547004280503,375.0617197010882,379.0577246451701,383.05406363819816,387.0500760365808,391.0464560376131,395.04250297928996,399.03869601048393,403.0346516287058,407.0308457949973,411.02685092637654,415.02292219534786,419.018752987209,423.014551076436,427.0101112109894,431.0058214098289,435.0011453173795,438.9970080529866
9.106802e-05 9.106802e-05 2.293274e-01 0.00 0.430237991116596 -0.039065675368829336 0.16336760287147203 0.5615471381223595 342.61971726122755,346.60959298015086,350.60007350134055,354.5902209476672,358.5809516722013,362.5712868923726,366.5619586131987,370.55238782792424,374.54330602363154,378.5337697696663,382.52464511626823,386.51518447320177,390.50602692885263,394.4966295098445,398.4873866259107,402.4779393469104,406.4685168437408,410.45893629000074,414.44960355591763,418.4399019157522,422.4303140501808,426.42033722247373,430.4105245097743,434.4004545906806,438.3906564000574,442.3791816990515
2.495938e-04 2.495938e-04 3.124550e-02 0.00 0.43537772273005393 -0.03938267361961903 0.16336760287147203 0.5615471381223595 342.0866090670583,346.07023718172184,350.0543929759598,354.0382945544226,358.0227283667437,362.00672398331176,365.99134770173544,369.97552735801463,373.9599641949498,377.94427370799104,381.9287913200676,385.91309070161157,389.8978406161529,393.88213432744305,397.8665745332932,401.8507622522347,405.8352615799443,409.81947781738194,413.803857495561,417.78792351145296,421.7719749614389,425.7559122058375,429.7398233722091,433.723446301612,437.7072477253256
2.564998e-04 2.564998e-04 8.643463e-03 0.00 0.4390611989786185 -0.03889599357130956 0.16336760287147203 0.5615471381223595 340.79797254644916,344.8137138414394,348.8290594047498,352.8449771112655,356.86066734408837,360.87686573954534,364.892630527975,368.90893023053184,372.92479638329803,376.94104630195466,380.95699220295336,384.9733225497837,388.9894451100186,393.00577124261963,397.0217483256639,401.0380009731141,405.0540110085871,409.0700960544822,413.08606895213387,417.10224705769855,421.1180039276173,425.1338948450471,429.14957942624835,433.16522279583575,437.1805000312806,441.19624308858727
5.894992e-06 5.894992e-06 3.964088e-02 0.00 0.4361586887220622 -0.03914813380199806 0.16336760287147203 0.5615471381223595 343.23465451720466,347.2317710917973,351.2292776410855,355.22659345437864,359.22437106966794,363.2218721369503,367.21973052257886,371.21709102000904,375.2151252370999,379.212685481863,383.21075903914164,387.2084985130513,391.20639401225395,395.2039490353533,399.20200252974746,403.1995493552583,407.19742068551557,411.19489464524446,415.1926091396944,419.1900506815905,423.18751832244715,427.18466750232983,431.1821175612244,435.17924253576695,439.1764365397027
4.566712e-06 4.566712e-06 1.239770e-01 0.00 0.43369474087384136 -0.03896866645107049 0.16336760287147203 0.5615471381223595 343.6185657306344,347.6201017983014,351.6222131329457,355.62390563877506,359.6261408045731,363.62815568391335,367.6304978914952,371.6326310046197,375.6350016155094,379.637102942662,383.63958252614907,387.64170365166933,391.6442721996243,395.64631756535977,399.6487384041982,403.6506899217053,407.65310023135555,411.6551502875836,415.6573550930866,419.6592591966067,423.6612625255153,427.66288078222834,431.66479117817005,435.666310254971,439.66814434291564
8.295532e-05 8.295532e-05 2.260739e-01 0.00 0.43414705599853537 -0.03920591610780248 0.16336760287147203 0.5615471381223595 342.6537151293313,346.6439896481583,350.63491751105363,354.625522026625,358.6163916252465,362.6071095706263,366.5981779344705,370.58899911634467,374.5803278601792,378.57111809678446,382.56229313458607,386.5531890115736,390.54435227462227,394.53537123806314,398.52659473833296,402.5174419711735,406.5084145792504,410.49915701953256,414.49009241655483,418.4808451894604,422.4715915206867,426.4620442697032,430.45274514785666,434.44293375511876,438.43350464419416
8.493579e-05 8.493579e-05 1.416362e-01 0.00 0.4376630627428309 -0.03897583273836372 0.16336760287147203 0.5615471381223595 340.2254438189373,344.23536668086734,348.2440008410394,352.2532219646585,356.2620433270573,360.2716014349508,364.28062656005363,368.29018084245183,372.29934003553825,376.3088693413262,380.31813752009504,384.3277540114806,388.337137189499,392.346703942063,396.35608967850783,400.3655435512051,404.37473101221923,408.38419500380746,412.3934805973292,416.4027729800852,420.4118316958276,424.4210781059995,428.429918223475,432.4388513351443,436.44744705676067,440.4562557463796
1.103288e-05 1.103288e-05 5.528946e-02 0.00 0.43322757464571965 -0.03892822442734796 0.16336760287147203 0.5615471381223595 343.7196100458136,347.72228088971497,351.72543716493374,355.72842967602264,359.7319831968317,363.73508013880763,367.7386182697897,371.74178694542064,375.74536295391994,379.74876959512164,383.7523672860817,387.75579809217203,391.7593942672571,395.76260838577,399.7662833104575,403.76949388889926,407.7730976183076,411.776214337395,415.7796770629148,419.782620057515,423.78589376643373,427.7887761620444,431.79184840461386,435.7942326749369,439.79730387481277,443.7998051940136
3.526076e-05 3.526076e-05 2.496571e-02 0.00 0.4364813724951974 -0.039230432305533566 0.16336760287147203 0.5615471381223595 342.9276613665616,346.9211905559675,350.9151558348665,354.9089158406443,358.90305002293695,362.89697898910254,366.8912476112043,370.88517646688996,374.8795054764663,378.8735169071956,382.86805430517694,386.8621165922053,390.85652289036574,394.8506660155909,398.84493844554726,402.83889092320436,406.8331837121133,410.8270955973769,414.8212747375064,418.81516505341045,422.80915977895705,426.802647365034,430.79644759064615,434.7898054829804,438.78369263686443
1.900461e-04 1.900461e-04 3.788223e-02 0.00 0.44177346683078295 -0.03903678039323457 0.16336760287147203 0.5615471381223595 340.6134621716873,344.62693414738595,348.64007669556156,352.6539988034174,356.66736014712734,360.68124909381413,364.694858584201,368.70880685155095,372.72252346863655,376.73659704513744,380.75040698440756,384.764537679953,388.7785314982144,392.7926703170544,396.8063974171974,400.82053882287454,404.83423978507295,408.8482175304687,412.86190362050075,416.87583560002463,420.88949359908105,424.9031934663206,428.9165195105476,432.9301366320117,436.94327623096706
3.703502e-04 3.703502e-04 1.369262e-01 0.00 0.45251381705760224 -0.03930895595998469 0.16336760287147203 0.5615471381223595 337.06328655348005,341.0815856471559,345.1004882242824,349.1191192034365,353.13828042806693,357.15712153647587,361.1763699520866,365.19537342815187,369.2147861455152,373.2338939726051,377.25338621144414,381.27261053543765,385.2922551860927,389.31148409148614,393.33103580700964,397.3502279776765,401.3698556703673,405.38900310226705,409.40840613630996,413.427621492677,417.4468786401207,421.46587298016794,425.4850263293538,429.5040461427883,433.5230373311594
5.994905e-07 5.994905e-07 1.368095e-01 0.00 0.4373797677375029 -0.03916014298529335 0.16336760287147203 0.5615471381223595 343.3804151482937,347.3789816124763,351.3784215504177,355.3773620418204,359.3767810977568,363.3758884087406,367.3754141645521,371.3745556262408,375.3742996481886,379.3735446380231,383.3733233650388,387.37264037276213,391.37216083433924,395.37151246829393,399.3711742490617,403.3705403559419,407.3701105553636,411.36935813528055,415.3686603778524,419.36768278774764,423.36686996056386,427.36582593942467,431.3648884125483,435.3635478686907,439.3625074786464
1.106125e-04 1.106125e-04 1.530718e-01 0.00 0.4370867280783523 -0.039343446801519744 0.16336760287147203 0.5615471381223595 342.5341029494163,346.522890365116,350.5123926592204,354.5013339633916,358.4909308485184,362.48017429914245,366.4699188900419,370.45927900433185,374.4491099733472,378.43864613373836,382.4284173750308,386.4178380525924,390.40760412343866,394.3970283210459,398.386848685471,402.3763905468758,406.3658961832506,410.3552487394756,414.3448926807262,418.3340954419806,422.3235245302432,426.3125957172971,430.30187454439437,434.290461385871,438.27960047353275
1.561323e-05 1.561323e-05 2.528591e-02 0.00 0.43726981564358947 -0.03906437830469542 0.16336760287147203 0.5615471381223595 343.78223790246625,347.78557069299256,351.7896110833561,355.7933002019348,359.7973755691333,363.8011293160146,367.8052971954527,371.8092120620054,375.81359963591166,379.817538976843,383.82192975993206,387.8259376111865,391.8302569042688,395.8342921044998,399.83848606340234,403.84260738261776,407.8468262942753,411.85067171082915,415.8547781635696,419.85838279028684,423.8622811786378,427.8659356392224,431.8696729301446,435.87313152368813,439.87668540949727
4.578360e-05 4.578360e-05 1.745996e-02 0.00 0.4393130491928072 -0.03908415929578491 0.16336760287147203 0.5615471381223595 340.01869970616644,344.0252469716521,348.031387981647,352.0380889147875,356.0445080052515,360.05151465541945,364.05806866753557,368.0652137841272,372.0718764465862,376.07904826436936,380.0857579276059,384.0929691015175,388.0997863074039,392.10696043939953,396.1138358608007,400.1209488332734,404.12773529895185,408.13471843870497,412.1413434429076,416.1482722252728,420.15495601036804,424.16165421392367,428.168081159269,432.17460975080934,436.1807470628905,440.1872386947673
7.292007e-06 7.292007e-06 2.853269e-02 0.00 0.43077980451964826 -0.03895211222759168 0.16336760287147203 0.5615471381223595 343.2078957882802,347.2050133879103,351.2023157324627,355.19935498209446,359.1968741316634,363.19399807865346,367.19174922008955,371.1889755466285,375.1866372819717,379.1839678399484,383.1817389297018,387.1792059905256,391.1768982513734,395.1741994015689,399.1718312385545,403.169217154673,407.1668244765261,411.1640236269448,415.16141589360933,419.15859270414205,423.1559068421016,427.1529038293427,431.1499036923866,435.14661511393643,439.1436093873416,443.1387115279718
7.272494e-05 7.272494e-05 1.775706e-01 0.00 0.43420138182271445 -0.039195095271261 0.16336760287147203 0.5615471381223595 342.70979076939966,346.700859356009,350.69239483991544,354.6835000505795,358.67514167526724,362.6664858557992,366.6582270686795,370.6497269263127,374.64163186385355,378.6331350376429,382.62488737670225,386.6165131374904,390.60843094474654,394.5999708194855,398.5918951088302,402.5832322883618,406.57497882549995,410.56636118645605,414.55803780781287,418.5493870669125,422.5408597604778,426.5319877064621,430.52296526970497,434.5140054496409,438.505219734856
9.851551e-07 9.851551e-07 1.209662e-01 0.00 0.43913890961945196 -0.03922935966873877 0.16336760287147203 0.5615471381223595 339.36273838677334,343.3615220353491,347.3599841199212,351.3590851059788,355.3577437287343,359.35704902917007,363.355854044198,367.35509714345983,371.354077765099,375.3534535493544,379.3526078049277,383.3520846445487,387.3511164389415,391.3505945009561,395.3497359562234,399.3490005508488,403.34805075706475,407.34730387932944,411.3463048911254,415.345614766349,419.34446422124734,423.3434818203989,427.3420786156805,431.34076724675947,435.33924339190247,439.33820491868266
1.838941e-08 1.838941e-08 1.887151e-01 0.00 0.4392216342615625 -0.03921551770137166 0.16336760287147203 0.5615471381223595 339.4355037102041,343.4352448395545,347.4345620574242,351.43441153931104,355.43405867923536,359.4340992740569,363.4339431268179,367.4340668411978,371.4338443738803,375.4341396292969,379.43399907378273,383.4342968998087,387.43421466554076,391.434632534321,395.434575633057,399.4348054618827,403.43461991476397,407.434794915766,411.4346897460451,415.4347623571823,419.4345401745788,423.4342481681355,427.4340164507287,431.43341177640883,435.43275548436657,439.4325383381896
3.466703e-04 3.466703e-04 1.798323e-01 0.00 0.439277482233407 -0.03958522486056748 0.16336760287147203 0.5615471381223595 337.8594471789681,341.8406243404084,345.8213098363229,349.80263603076133,353.78371202713043,357.76521843232274,361.74626999654697,365.7279270186447,369.7091573176991,373.6908024468709,377.67216300718997,381.65397852766404,385.63533727034627,389.6171125674643,393.5983795512067,397.58004092860716,401.56136034772715,405.54298927845264,409.52418465357067,413.50574238152797,417.486832536175,421.46809904196016,425.449126904474,429.43020672559777,433.410875482048,437.39213115111096
3.904494e-07 3.904494e-07 2.496123e-01 0.00 0.4406969968624226 -0.039256640243643726 0.16336760287147203 0.5615471381223595 339.49158315941133,343.4917367662306,347.49174921685153,351.4922721291793,355.49254119506804,359.4932380926992,363.4936319437255,367.4944539556835,371.4948247898609,375.49570713731316,379.49625799909296,383.4972386256704,387.4978973001704,391.49883775841005,395.49945868129555,399.50040899119347,403.50091802971036,407.50163676422267,411.5021628208821,415.50274529255336,419.50316602520627,423.50382860761744,427.5039087134212,431.5042147395025,435.5042214971027,439.5050981120201
1.839827e-05 1.839827e-05 7.307974e-04 0.00 0.4405162670756495 -0.039346333008279874 0.16336760287147203 0.5615471381223595 339.07671404661556,343.0722202248057,347.06729114834593,351.0629388187576,355.0583398976817,359.0540481730143,363.0496192690917,367.04550521827736,371.04114056056494,375.03713132525905,379.0328799947477,383.02897532819907,387.02464633286735,391.0207273345183,395.0164551224529,399.01238507411415,403.0080484490443,407.00402795018886,410.99956106291074,414.9953677562337,418.99092012739237,422.9865010707735,426.9817424729488,430.9771853721882,434.97221067870606,438.96883103602516
1.782877e-04 1.782877e-04 5.445814e-02 0.00 0.4419335392089457 -0.03905086528719605 0.16336760287147203 0.5615471381223595 340.5773252003053,344.5904022277202,348.6032204224601,352.61649706114366,356.6295051673967,360.6430230436194,364.6562024692168,368.6698219859503,372.6830993409556,376.69665865879034,380.71001565100624,384.7237458576698,388.73722582672,392.7509805648152,396.7643988300592,400.77793362241783,404.7913642443073,408.80485048440164,412.81801962097256,416.83163211155613,420.8447857974456,424.8580642229108,428.8710689421993,432.88408218554326,436.8968670411677
1.013946e-06 1.013946e-06 1.152848e-01 0.00 0.4416324962796722 -0.03932360149258064 0.16336760287147203 0.5615471381223595 339.35023455972316,343.34879076112543,347.3471065436488,351.3460179491114,355.34450338233705,359.3433972615765,363.3420829635532,367.3412502270045,371.34010329446517,375.3392503774554,379.3382143455989,383.33754093114476,387.33644147048255,391.3357985489454,395.3345461004854,399.33385863039365,403.33264145222546,407.33184753199447,411.33069864713815,415.3296795803376,419.32839613045434,423.3272171642984,427.32559224221,431.3243897828588,435.3225308204376
2.581669e-06 2.581669e-06 1.569308e-01 0.00 0.4423594749893344 -0.0392966733819403 0.16336760287147203 0.5615471381223595 339.57994241552325,343.5813262505043,347.5822508299481,351.5838157726111,355.58509397926383,359.5868177591717,363.5882883563621,367.5901217700367,371.59163538044163,375.59349712191374,379.5950570751995,383.5970578879372,387.5986180022563,391.6006757746884,395.6022750391612,399.60422553341243,403.6057674000034,407.6076470698828,411.6091502373327,415.61078534196406,419.61225478712515,423.613715654561,427.61492842977515,431.6162708720958,435.61731979634055
7.639589e-05 7.639589e-05 1.877818e-01 0.00 0.4404405280441594 -0.039430894664471444 0.16336760287147203 0.5615471381223595 338.70184555547195,342.69300301555415,346.68371276165124,350.6750070586997,354.66587781197904,358.65737064703035,362.64833609897084,366.6398399061989,370.6310298262544,374.62264075096743,378.61387018751856,382.6055918483424,386.5969415081138,390.5885655151429,394.5797389168705,398.5713388721692,402.56264814625547,406.55417131428817,410.5453331379742,414.53672473189897,418.52776473595526,422.51900843241197,426.5098015216227,430.50081814391746,434.49141138839246,438.48358367114236
1.735543e-05 1.735543e-05 1.167352e-03 0.00 0.4398672339672137 -0.039320192727368426 0.16336760287147203 0.5615471381223595 339.08657393431605,343.0823352113113,347.0775504149153,351.0732908397323,355.0687806035653,359.0646793195998,363.060202127903,367.056445442506,371.05217243934874,375.0482772262817,379.0441180186306,383.0403042432915,387.03604293231626,391.03221591021844,395.02811845489424,399.024225133348,403.02008302373366,407.0161110628832,411.01186392083133,415.0077022004521,419.0031911015927,422.99901807916297,426.9943641857481,430.99007774440196,434.9851631997671,438.9808857050356
1.661585e-05 1.661585e-05 2.304234e-02 0.00 0.4402472186295517 -0.03917144729090033 0.16336760287147203 0.5615471381223595 339.78833886481294,343.7923167386951,347.79583136203246,351.7998270618687,355.803568672235,359.80775081351067,363.8115869396107,367.8159246097987,371.81984326882923,375.8242897670991,379.8284640341382,383.83280950153113,387.8370539241909,391.84136781228983,395.845533817356,399.849886441563,403.8538876522737,407.85822963542313,411.86229461064056,415.8664727609738,419.87036761779694,423.8743074528702,427.8779544162325,431.88177222613103,435.8852895520352,439.89008241451694
1.400178e-05 1.400178e-05 3.921570e-02 0.00 0.44235013327781997 -0.03925586441231084 0.16336760287147203 0.5615471381223595 339.75451325685134,343.7578917805837,347.76086501952744,351.7645103723019,355.7678221159779,359.7715832438345,363.7750841638628,367.7789935298624,371.7826520608447,375.7866089307475,379.7902636556236,383.79425068860877,387.7978906193789,391.80192009698555,395.8055508717252,399.8096524649393,403.81329350251275,407.8171611006141,411.82071866182804,415.8244276133894,419.8279758575906,423.831568373589,427.8346889839251,431.83815850577173,435.8412148931944
5.972707e-06 5.972707e-06 9.691502e-02 0.00 0.4401228044520678 -0.039198790244797256 0.16336760287147203 0.5615471381223595 339.65038754607144,343.65275088161695,347.6546399418111,351.65709862751726,355.6591925447875,359.66168785016555,363.66398723272744,367.66670138334405,371.6690495428338,375.67186007211933,379.6743314005724,383.67710637655887,387.6795377799778,391.6824040382032,395.6848349409738,399.68760904363296,403.6899469217223,407.6928045740349,411.6951829792507,415.6977358451495,419.6999108710005,423.7023952608639,427.7044029415028,431.70650419328507,435.7083505166898,439.7111699339262
6.724002e-05 6.724002e-05 1.431247e-01 0.00 0.4393277136278337 -0.03938011618045714 0.16336760287147203 0.5615471381223595 338.7440377315361,342.7354960371073,346.7267797636599,350.7183535919853,354.70987007184544,358.70181561525266,362.693443031381,366.6854727893247,370.67707337305353,374.66919283590397,378.6609316336669,382.65310360786714,386.6449536220935,390.63706198386706,394.6288459273127,398.6209782520585,402.6126495104366,406.60465448591646,410.59632369217957,414.58827076072896,418.5799441139343,422.5715742324534,426.5628829693592,430.5544632540439,434.5454988472344,438.5371909733012
3.398402e-06 3.398402e-06 1.434153e-01 0.00 0.43890987195015946 -0.039167103346744586 0.16336760287147203 0.5615471381223595 339.59519895382726,343.5968254286216,347.59804927764657,351.59977286027225,355.6013891277193,359.60320579591587,363.60484865889094,367.60691046767755,371.6086029265431,375.6107282326187,379.61264361170936,383.6147502850712,387.6167204222959,391.6187528213807,395.62056635655256,399.6227148036804,403.62458140453276,407.6264867103663,411.6282600348216,415.6302730513027,419.63192355839584,423.63352071127406,427.6349363638656,431.6364566188911,435.6377081162462,439.63947061950057
3.519074e-04 3.519074e-04 2.157206e-01 0.00 0.43648785010647206 -0.039483207014975416 0.16336760287147203 0.5615471381223595 341.83182725706405,345.81254350961564,349.79361453480055,353.7746662996985,357.75604478763114,361.7372898109955,365.71873914870497,369.6998936403417,373.6814326899017,377.66269520115503,381.64443237473614,385.6257821287524,389.6074156878977,393.58871517100187,397.5701744677842,401.5514897309545,405.533034056309,409.5142824721787,413.49559696522937,417.4765705700441,421.4578252054895,425.43859253742323,429.4196719164848,433.40043271249505,437.3814150586753
7.228305e-05 7.228305e-05 8.881483e-02 0.00 0.4419832068562486 -0.03914757104330903 0.16336760287147203 0.5615471381223595 340.1653709029535,344.1734954250995,348.18139590104187,352.1899157611453,356.19810088880274,360.2066898557375,364.2149218573412,368.22373042129817,372.2321027754447,376.24097431780507,380.2494506528078,384.2583322142779,388.26688226825434,392.2757772742045,396.2843226029498,400.29316545124755,404.30165754035124,408.31029621421214,412.31870022243083,416.32727465898216,420.33558630635883,424.34400946760184,428.3522466540764,432.3604471831343,436.36831614073276
2.246082e-07 2.246082e-07 1.613138e-01 0.00 0.4388805805827169 -0.039209340203999986 0.16336760287147203 0.5615471381223595 339.4080611544823,343.407389472932,347.40650073812503,351.4060376292471,355.4052826714616,359.4051236492316,363.40447985178287,367.4041809412367,371.4037114616938,375.4036877674524,379.4034191824421,383.4033459520293,387.4030011453481,391.40297748174476,395.40255688421155,399.40243957859457,403.40201281893354,407.40194077896615,411.4015187375818,415.40129295245777,419.40047246709247,423.40001269610224,427.39916250422175,431.3986066021655,435.39758032236966,439.3971640254893
4.223693e-04 4.223693e-04 2.635460e-01 0.00 0.4434821106372256 -0.038966191986854644 0.16336760287147203 0.5615471381223595 341.1890515845029,345.20930042701616,349.22927612510745,353.2497224144668,357.26991784887224,361.29067765136716,365.3109380760588,369.3318269127468,373.35228878442854,377.37305772556226,381.3937415452933,385.41456651791555,389.4351555528013,393.45610904054087,397.4766373308909,401.49772288062536,405.5181181315173,409.53892218118114,413.5593502836926,417.5799977876021,421.6002924992713,425.6207695070982,429.64096339185295,433.6613097597219,437.6812607229259
6.803872e-05 6.803872e-05 1.471090e-01 0.00 0.4394895524405727 -0.039387122934379244 0.16336760287147203 0.5615471381223595 338.73949163307043,342.7310559173665,346.7220558641045,350.71383973156566,354.7050977050348,358.69704439779446,362.6886526603095,366.6805168305695,370.67219158290305,374.6642359714882,378.6560053988788,382.6480801164591,386.6398307970337,390.63184658789305,394.6237942485774,398.61574771879873,402.6073651386424,406.5992967258296,410.5909230564207,414.58276027654614,418.57428543240087,422.5660162784253,426.55732552336235,430.5488035037101,434.5396996358876,438.53125344767165
2.053139e-06 2.053139e-06 1.704514e-01 0.00 0.43914470256125204 -0.039182820038220496 0.16336760287147203 0.5615471381223595 339.5646904814675,343.5658185457851,347.56667363929546,351.5680172275218,355.5691420925556,359.5707588692542,363.57199623258185,367.57374067765596,371.5750846389015,375.57673575084664,379.5782739845249,383.5801242143237,387.58161855185836,391.5834289104103,395.58497466831443,399.5867598328067,403.5880139327762,407.58969111597185,411.5910700915737,415.59266560945895,419.5939172879555,423.59533286922823,427.5963268043064,431.5975538212999,435.59831597791197,439.59958768322684
5.050614e-04 5.050614e-04 1.232968e-01 0.00 0.4374391709593995 -0.03871197887510847 0.16336760287147203 0.5615471381223595 341.34443657317,345.36736502468113,349.3891443202077,353.4115890129217,357.4336733636363,361.45632510442243,365.47858328739795,369.5011219384817,373.5235816645601,377.5463198115807,381.5687576974187,385.5916370315203,389.6141618111734,393.63694551861676,397.6594019937526,401.6821094331394,405.70449733856293,409.72717619255553,413.7496862606219,417.77219386118196,421.79445278321896,425.81673759668683,429.8387935780482,433.8609938781372,437.8827173676925,441.9047849387592
9.742227e-06 9.742227e-06 1.789263e-02 0.00 0.4369234535363419 -0.03919346319872838 0.16336760287147203 0.5615471381223595 343.16084278765845,347.1570310253723,351.15366715566694,355.1500882192489,359.1468828104946,363.14347012490856,367.14053456665164,371.1372476576008,375.13430899397036,379.13098355600596,383.12812545803587,387.1248826468241,391.1220112410891,395.11888143310705,399.1161079083162,403.1127864249047,407.1096352999121,411.10625955921824,415.10299074915093,419.0995853770167,423.0963594560169,427.0926475321008,431.0891894848459,435.0852411226806,439.08172838638365
5.248963e-08 5.248963e-08 1.889553e-01 0.00 0.4387619337153901 -0.03919851943473428 0.16336760287147203 0.5615471381223595 339.4357326368397,343.4356855323991,347.4350261591801,351.4349270839947,355.4346103977158,359.43462956804433,363.43408491879165,367.4344293849877,371.4342603821938,375.43458364046836,379.43449532829544,383.434899595375,387.4348813185946,391.43510635198544,395.4350634330426,399.4352297457326,403.43513413417526,407.43539279350455,411.4352350136898,415.4353111927676,419.43496335561923,423.4348188554631,427.4342647054529,431.4339586197424,435.43335714246035,439.43329203242064
2.344712e-06 2.344712e-06 1.626240e-01 0.00 0.4406962810995459 -0.03923773731650551 0.16336760287147203 0.5615471381223595 339.5729153836213,343.57414610458187,347.5751291646889,351.57655701282863,355.57779482571715,359.57943371970737,363.5807509441476,367.58255799540325,371.58407706369627,375.58585372278236,379.58732632140925,383.58918130853164,387.59088873793695,391.5928493143803,395.5942424931875,399.59620722989723,403.59770033311406,407.59951543119314,411.60083776143676,415.60247464115236,419.6036900207613,423.60532693834887,427.6065991838438,431.6077567032112,435.6086987720798,439.6104420821497
1.729373e-04 1.729373e-04 2.028515e-02 0.00 0.43717456311283 -0.03939879320453394 0.16336760287147203 0.5615471381223595 342.3081455946634,346.29441110248183,350.2811897978667,354.2675584573125,358.25446155185006,362.2410689446642,366.2281867416401,370.21491356356717,374.20220728583826,378.1890257807251,382.1760662522455,386.16295901450593,390.15009649881523,394.13699418663066,398.12415052676914,402.11093329823,406.09795096520946,410.0846831077869,414.07153877743576,418.05810559631516,422.0448628465093,426.0313996464536,430.01801763247823,434.0041151111469,437.99056885316037
1.012002e-05 1.012002e-05 6.019081e-02 0.00 0.44041876028047894 -0.0391959222578983 0.16336760287147203 0.5615471381223595 339.7096701407284,343.71259574342037,347.71521000861935,351.7183182293927,355.72115620365406,359.7243424255172,363.7272533363484,367.7307206605145,371.73372850066704,375.7372092144591,379.7403565564998,383.7438795154362,387.7471337061876,391.75065998923213,395.75380454160637,399.75718542570615,403.76023037908635,407.7636875994289,411.7667295391747,415.76998724216827,419.773065369347,423.7761253578365,427.7787943338651,431.7817872127603,435.7841776826798,439.78826155608215
2.941175e-04 2.941175e-04 3.952085e-02 0.00 0.4405119295923735 -0.038925490637130425 0.16336760287147203 0.5615471381223595 340.89959252356414,344.9164470260598,348.93294800847247,352.95008574166025,356.9669622741813,360.9843470325442,365.001301137568,369.01871641550275,373.0357304165826,377.05319146666733,381.07029700166487,385.08789517941534,389.10511205828664,393.12270659700874,397.13991419601746,401.15736226044544,405.17457271834763,409.1918268413717,413.2089404843746,417.226255706953,421.2431815166546,425.26027606519267,429.2771701976612,433.2939185760545,437.31048296877157,441.3279353028493
1.559404e-05 1.559404e-05 2.811989e-02 0.00 0.44318765414989164 -0.039280959386259716 0.16336760287147203 0.5615471381223595 339.7770285600988,343.78076734799527,347.7839427902597,351.7879064662398,355.79159476448683,359.7954295394979,363.79926964289484,367.80329343612044,371.8070964634657,375.81141436389396,379.8152795055925,383.8196547506475,387.82360398441426,391.82787297650265,395.8318488907773,399.83594318805274,403.8399132463867,407.8441161181279,411.8478318051586,415.8518556359869,419.8555761924817,423.85955466826204,427.86301158268975,431.8667177756708,435.8700752785342
1.118783e-05 1.118783e-05 4.879709e-02 0.00 0.43867678908709556 -0.039128063196122095 0.16336760287147203 0.5615471381223595 339.7268818844593,343.7302461749887,347.7329759930341,351.7364667164783,355.73945046775185,359.74294133970034,363.7460090534855,367.74955860636146,371.75288509816147,375.75668524450674,379.76004839498967,383.76377738444734,387.7671848393934,391.77076015967026,395.77426897745596,399.7778832784382,403.7813393962526,407.7848875681069,411.7882135271995,415.7916547794462,419.7947226372197,423.79806089420435,427.80096065834766,431.80413667799326,435.8069604579198,439.8101629377696
2.448170e-04 2.448170e-04 2.243813e-02 0.00 0.4345647344076322 -0.03935076352355796 0.16336760287147203 0.5615471381223595 342.0921712396871,346.07590466182813,350.0603055630499,354.04420002270984,358.02872088889677,362.0129009211406,365.99739507254674,369.98163517336917,373.96636683377795,377.9507552144219,381.93541688550835,385.91971413080364,389.90433934677833,393.8887870247134,397.8733185929415,401.8578450756219,405.84227057605347,409.8264138629775,413.81074133246017,417.79495225126647,421.7792001570666,425.76325669685224,429.74721064760627,433.7307385473632,437.7148331298375
3.751835e-06 3.751835e-06 1.311464e-01 0.00 0.43705911725294927 -0.039096238787491085 0.16336760287147203 0.5615471381223595 343.6083010042463,347.6096518509306,351.6116579568903,355.61325936126894,359.6153189121085,363.61701974280663,367.61920755287935,371.6211362094641,375.62354768213555,379.62537407243025,383.62775723703044,387.62971205271754,391.63193010026566,395.63401311345467,399.63626042259233,403.6383132721591,407.6404157602962,411.6423188489532,415.6443885859775,419.64597487083546,423.64796543790317,427.64957363576093,431.6512760446971,435.65264127134395,439.6542607496263
7.313565e-05 7.313565e-05 8.523330e-02 0.00 0.4340730362273239 -0.03885780807901804 0.16336760287147203 0.5615471381223595 344.16962138880075,348.1776053122481,352.18618635508216,356.19436026277765,360.20292107930544,364.21125662381553,368.22008034807544,372.2285551409287,376.23732048256215,380.24588678051447,384.25502291906724,388.2633617610516,392.27224727552687,396.28083440780176,400.28969849677196,404.29820961178996,408.3068977920745,412.3153243215426,416.32394850975646,420.33234974431724,424.3407510166627,428.34889908286004,432.3569811301049,436.364889247944,440.3731331402576
3.389384e-05 3.389384e-05 2.156723e-02 0.00 0.4370042839853831 -0.039247643371780314 0.16336760287147203 0.5615471381223595 342.93752522408914,346.9312043561169,350.92529903852903,354.91903437318166,358.9132028404119,362.90721069622646,366.9016118046342,370.8956529486119,374.8902264435934,378.8843212435977,382.8788727097492,386.8729788290081,390.8675463032646,394.8617630052092,398.85618332446717,402.8502996356449,406.8447534917684,410.8386591354121,414.83295436444973,418.826872952338,422.82102390098447,426.81484840702433,430.808647152049,434.80200795221367,438.7959661558225
9.035335e-06 9.035335e-06 6.983929e-02 0.00 0.4380211053609709 -0.03911176927974903 0.16336760287147203 0.5615471381223595 339.6921807893256,343.695899904787,347.69822548572967,351.70125100290056,355.7038301233202,359.7069724697094,363.70976650558305,367.71302373836676,371.7158563137773,375.7192231342125,379.72200182894926,383.7253863831086,387.7284297254523,391.73182687165905,395.73495291172117,399.7381845451515,403.7411499546097,407.7442209173605,411.74707973110367,415.7501324149618,419.7529885391446,423.7558803713788,427.75850834878827,431.7611420674662,435.76343513093013,439.7660404607853
5.296180e-06 5.296180e-06 4.523570e-02 0.00 0.4370502330969607 -0.03917856837865666 0.16336760287147203 0.5615471381223595 343.24638308776304,347.2436554504297,351.2413807250173,355.23869569352956,359.2365492428646,363.23406058080883,367.2321170967411,371.2297960215419,375.22796984983853,379.22568832610636,383.2236368757861,387.2214875946918,391.21958594708286,395.2173557465706,399.2154554772479,403.2131497680934,407.21121917289605,411.2087787219696,415.2065976201601,419.2041694664687,423.20186354639884,427.1992486407171,431.19673165696736,435.19389749764264,439.1912138397863
1.612529e-04 1.612529e-04 2.974976e-02 0.00 0.43017332817401627 -0.039125262100000266 0.16336760287147203 0.5615471381223595 342.3484012382912,346.33509616579715,350.32249411422845,354.30946325217957,358.2970090341663,362.2840495814283,366.2716657261944,370.2589782013043,374.24666729604326,378.2340724495107,382.22191009917276,386.20914238806273,390.19683643997644,394.18426440359843,398.17186615120676,402.1592246404695,406.1467129288321,410.13399292107385,414.1215142535889,418.10855661958504,422.0958481360146,426.0827083683284,430.06987195063874,434.0565293292429,438.043593489305,442.0289082852453
4.398556e-05 4.398556e-05 1.388756e-02 0.00 0.4346689306867342 -0.03891609179285544 0.16336760287147203 0.5615471381223595 344.0104284842455,348.0165067663405,352.02304983261615,356.0293891264765,360.03618867415236,364.04269573194625,368.04961106888817,372.056140036265,376.06309451634775,380.06980505173664,384.07683945800164,388.08360761981396,392.0906617665162,396.09733938783177,400.1041985468192,404.11090939104054,408.11777775467647,412.12454299689,416.1311526566719,420.1375338311994,424.1440292192542,428.1504745564904,432.1567513513249,436.1629386702361,440.1692335018414
3.423240e-04 3.423240e-04 1.755161e-01 0.00 0.44293001306278246 -0.039716203588769 0.16336760287147203 0.5615471381223595 337.87514539228704,341.85645729141703,345.83732635848804,349.8187901983914,353.79989262652106,357.78152956006556,361.76279426756435,365.74454044621115,369.7259558456357,373.70782451761534,377.6893093410381,381.6711529818648,385.6527397819308,389.63460971819404,393.6160721533423,397.5979516302119,401.5794750592031,405.56115963208134,409.54257282405285,413.52425756001287,417.50562818926585,421.48694673440855,425.46808133928937,429.44928753566046,433.43017120078724
8.253358e-05 8.253358e-05 2.175915e-01 0.00 0.43867667674568395 -0.03937362195607202 0.16336760287147203 0.5615471381223595 338.6682631201879,342.6592859216279,346.64963912713864,350.6405055826585,354.6310403283474,358.62199391426594,362.61269795665146,366.6038476465087,370.5946490521914,374.5860120949834,378.57684175828683,382.568117893689,386.55887974494703,390.5502255024974,394.54114201934624,398.53240660094826,402.52328593695756,406.51439257763434,410.5052674820971,414.4961880581842,418.486912702142,422.47757362521736,426.4681730398502,430.45871865614623,434.4490120755785,438.43976516716754
1.057143e-05 1.057143e-05 1.331125e-02 0.00 0.4339361534645017 -0.039081606464259525 0.16336760287147203 0.5615471381223595 343.1623742662762,347.15871105587394,351.1554989834448,355.15191052951144,359.14874315118965,363.14543420969767,367.1425232054846,371.1392185001067,375.13633471495984,379.1331178915619,383.1302005910424,387.12704998991137,391.1242980178154,395.1211851492871,399.1181694588079,403.1149408590838,407.11197130922005,411.1087024637403,415.1056479983024,419.10221638007835,423.0989618087283,427.095204755959,431.09168559899297,435.0879083258597,439.0845587517745
4.202593e-05 4.202593e-05 7.564606e-03 0.00 0.4311395685017485 -0.0387885047243553 0.16336760287147203 0.5615471381223595 343.98978856923316,347.9958120173319,352.0023221685854,356.0084085434948,360.0149225135774,364.0212403232087,368.02794169258954,372.0344340383486,376.04125831969355,380.0476856715491,384.05442213158216,388.0609543238061,392.0677585415738,396.07431131442803,400.0810916675073,404.0874026249606,408.0940306392276,412.1004405278921,416.10704751349584,420.11330848324775,424.11964057817244,428.1256093551691,432.131905003316,436.1374973024384,440.1437460591068,444.1483268845969
3.267599e-05 3.267599e-05 1.912903e-02 0.00 0.43448120356755765 -0.039150290295666745 0.16336760287147203 0.5615471381223595 342.95132275207294,346.945122726557,350.93939217348236,354.93347290352125,358.9279048697892,362.9219814171103,366.9166011769055,370.9107792886533,374.90550574831434,378.8997912832961,382.894585154709,386.8889314179511,390.8836253709868,394.87797361115844,398.87259772642335,402.8669768658917,406.8615746445739,410.8558142640975,414.85015195430066,418.8441607871203,422.8385878633264,426.83244133339616,430.8265136274052,434.82013186884933,438.8142163274692
7.074140e-05 7.074140e-05 8.800274e-02 0.00 0.4369747721069886 -0.03896653029235486 0.16336760287147203 0.5615471381223595 344.16468075924206,348.1725329624831,352.1809092714759,356.1890673684472,360.19756854547524,364.20577850699004,368.21450788897056,372.222924445915,376.2316654151926,380.2401095856441,384.24896869937277,388.257273742678,392.2661485563529,396.274672469146,400.2834362078387,404.29196808823696,408.3004539286149,412.30889059347294,416.3173573322369,420.3254817764898,424.33398605708396,428.3420946934934,432.3501724299082,436.358125274273,440.36620002184094
4.476076e-05 4.476076e-05 1.185404e-02 0.00 0.4376469567514214 -0.03902594129001084 0.16336760287147203 0.5615471381223595 340.005109090274,344.0121906509505,348.01826718146873,352.0249110396887,356.0311129916004,360.0380198901977,364.04448003370163,368.0513390391625,372.0579854282076,376.06487695240264,380.07153441189297,384.0786268187701,388.08530394904176,392.09243736060176,396.09900837582796,400.10586860835286,404.1126309297258,408.11945666047944,412.12606459966605,416.13289849231546,420.13936014989457,424.1458930816919,428.15217830647185,432.1585630093468,436.16455370085407,440.17082791448576
2.795026e-04 2.795026e-04 2.305554e-02 0.00 0.44568727210661746 -0.039119371822511774 0.16336760287147203 0.5615471381223595 340.8646545020361,344.881207445384,348.89723366612714,352.91389182691375,356.93019061687875,360.94695304810966,364.96341422852583,368.98044146679644,372.9970474663411,377.0141111771671,381.03088111337064,385.0479965609007,389.064656598797,393.0818498501117,397.09855319461286,401.1154507174026,405.13217715652235,409.1492399533577,413.1657531508276,417.18248632210356,421.19904803494256,425.215781765247,429.2320452956935,433.24859266010577,437.264857139847
3.513876e-05 3.513876e-05 2.533167e-02 0.00 0.4362541347875792 -0.03922061544157014 0.16336760287147203 0.5615471381223595 342.93365118183476,346.92711298000023,350.9211452500541,354.9149689573154,358.90932881603396,362.90326547172486,366.89759089116114,370.8914888900095,374.88596439416716,378.88015202008927,382.874646438288,386.868827750311,390.8632886811583,394.85731739611833,398.85181214294704,402.8457793267902,406.84014488148784,410.83424844873144,414.8285051888777,418.82231159319684,422.8163369411435,426.809953156138,430.80389465667406,434.7973234759328,438.791415912051
1.945440e-04 1.945440e-04 3.032543e-02 0.00 0.4399510260412735 -0.03896756324649147 0.16336760287147203 0.5615471381223595 340.6269151452716,344.6406902315916,348.65426293363396,352.66806581609114,356.68166421318904,360.6958011122908,364.70951089206943,368.7235786726601,372.73755200179573,376.75191484058615,380.76590979836476,384.7802916147438,388.7941967074182,392.80836324200374,396.822396356691,400.8367543568361,404.85067030284415,408.8649369405564,412.8787827726218,416.8928576610754,420.9066277856065,424.9203947947906,428.9340775339494,432.94773047038416,436.9610281711324,440.9754562641664
6.423308e-06 6.423308e-06 3.547548e-02 0.00 0.4350828880938085 -0.039110161936562894 0.16336760287147203 0.5615471381223595 343.22543819560053,347.22233378303304,351.21984102398335,355.2169501366613,359.21461626398644,363.2119243889557,367.20985011020906,371.20727571133307,375.20508581784185,379.20240760171345,383.2004439064283,387.19799362837705,391.19597823608876,395.1935349894109,399.19127844421513,403.18870112124506,407.18639672014126,411.1839632846615,415.18153450515985,419.178867151906,423.1762915171645,427.17333472992726,431.17052313269284,435.16745903108034,439.16475020921234
7.994170e-05 7.994170e-05 2.049661e-01 0.00 0.4417346948944836 -0.03948216612373272 0.16336760287147203 0.5615471381223595 338.6858804476605,342.6765632028893,346.6670390680128,350.6580578024306,354.6488358982058,358.6399700948355,362.630737125622,366.6220932561748,370.6130326165302,374.60447453360104,378.5955866142244,382.58708549535396,386.57819512647103,390.5695559060157,394.56060536525524,398.55192454956625,402.5429672458651,406.5343681266261,410.5254626590501,414.5165818781922,418.5073526160045,422.4984599706791,426.489100078118,430.47990855657,434.470220625994
8.299273e-05 8.299273e-05 2.338599e-01 0.00 0.4333603995268044 -0.03917441050273024 0.16336760287147203 0.5615471381223595 342.66191890279345,346.65225162949525,350.6432957910993,354.6339042646603,358.6250613587339,362.6158501405103,366.6070062582565,370.5978362281523,374.5892014500711,378.5802603320864,382.57159103268873,386.56261231094754,390.5539320461014,394.5448228088147,398.536194285683,402.5271083811644,406.51844181953305,410.50917333176665,414.50024353142425,418.4909398973067,422.48183860154904,426.47247406147386,430.4632037196274,434.4534925983268,438.4441392222355,442.4342880623936
1.888810e-06 1.888810e-06 9.291020e-02 0.00 0.43347153133553945 -0.03902720281987619 0.16336760287147203 0.5615471381223595 343.32454767318006,347.32279152505265,351.3213213965339,355.3195759707528,359.3185125102195,363.31705262631016,367.316031488886,371.3146399023454,375.31343689502313,379.31227435012477,383.3113479412195,387.31008604878923,391.309062456172,395.30782030651727,399.30677985837843,403.3054739042165,407.3044505226634,411.30300772003164,415.3017453021698,419.30007504307224,423.298745429272,427.2970733060878,431.2955264765868,435.29360837013627,439.2918903521979,443.289651895006
1.659187e-06 1.659187e-06 1.921169e-01 0.00 0.4332161977592711 -0.03896763189072733 0.16336760287147203 0.5615471381223595 343.5441955504858,347.5448277140556,351.546048620656,355.54693344613537,359.5483680946989,363.54944343951445,367.55089321668476,371.5521012393994,375.55360606054387,379.55492942673914,383.5567169520908,387.5579661541877,391.5595180506423,395.560679068243,399.5622803995298,403.563569509251,407.56507917724224,411.5661067157473,415.56747540603243,419.56848570991576,423.5696801863504,427.5705545003555,431.57151907603827,435.5719962684524,439.57303726800745,443.57336564432546
5.063899e-08 5.063899e-08 1.942169e-01 0.00 0.4309537362833701 -0.03890607972474493 0.16336760287147203 0.5615471381223595 343.43960839938904,347.4392672346842,351.4394127368204,355.4390690376811,359.43923008704286,363.43908496882705,367.43952553806884,371.4394477282978,375.4398610888476,379.4398262357381,383.44019070718565,387.4403815970502,391.44085395268695,395.44092661024644,399.44122213101946,403.4412088038026,407.44145607458233,411.4414546800197,415.4415332577519,419.4414302651316,423.44131241780485,427.4410025985552,431.4407638387783,435.4402972659757,439.43989831861546,443.43779880192244
2.274677e-07 2.274677e-07 1.590334e-01 0.00 0.4304610474243928 -0.038895514062317706 0.16336760287147203 0.5615471381223595 343.40399611647484,347.40333775229476,351.402762061156,355.4020722898223,359.40199568159176,363.4015840114269,367.401357711061,371.40086476707364,375.40076857509854,379.40045672446064,383.4004859178628,387.40021927368883,391.4001987482829,395.3998407121335,399.39970887166646,403.3994343701735,407.39940727424033,411.39878866734495,415.3984959035217,419.3978374894015,423.39738144935035,427.3967918722315,431.3959895974528,435.3949612198904,439.39434798155924,443.3918791784175
3.503187e-04 3.503187e-04 1.011233e-01 0.00 0.4341115583181519 -0.038662509718172866 0.16336760287147203 0.5615471381223595 345.0422490936657,349.0604914427069,353.07912623933515,357.0974489751538,361.1163310123161,365.1348265740123,369.15369441944904,373.17232730496795,377.1913939785456,381.21009121170897,385.22916025525274,389.2478229138092,393.2668871826236,397.28554881912015,401.3045066038897,405.3233970229359,409.34217682148073,413.3607196868569,417.37951720600023,421.39798303463135,425.4167010165247,429.4349784452153,433.45332346328945,437.47127492175713,441.48974732402615
2.171083e-05 2.171083e-05 8.782208e-03 0.00 0.43064922241875636 -0.038804139993553005 0.16336760287147203 0.5615471381223595 343.8386407252709,347.8431165560743,351.8478031571486,355.85202661748525,359.8569207487981,363.86145679044165,367.86645048908815,371.8711808147978,375.87610143166205,379.8807374894314,383.88579471904666,387.89064896016305,391.89577030058535,395.90036821724595,399.90524209201067,403.91011230176974,407.91499578340216,411.9196069311685,415.92433546063484,419.92892062633877,423.9333712322385,427.9376738759673,431.9422346414642,435.9462490751947,439.95052126668315,443.95316797799467
6.573561e-05 6.573561e-05 1.454973e-01 0.00 0.4309329229428124 -0.039063866557140135 0.16336760287147203 0.5615471381223595 342.74315156733604,346.73483925896915,350.7267300100466,354.71828904728915,358.71033219547246,362.7021720840444,366.6943932978173,370.68616643478066,374.6785539957477,378.6703880906777,382.66269036239026,386.65471700370165,390.64701860090196,394.63905695336126,398.63121476092476,402.6231034111279,406.6152890444415,410.6072467364942,414.5992403482052,418.5908173317174,422.5827675686825,426.5743105852054,430.56596780638523,434.5573251532145,438.54875784526723,442.538614769426
5.209376e-05 5.209376e-05 8.373501e-02 0.00 0.4307763465728931 -0.039041893986757586 0.16336760287147203 0.5615471381223595 342.8133294699043,346.80582906586557,350.79852672775445,354.790896495337,358.7838652624337,362.77637362896934,366.769433482014,370.7620823925224,374.75513461056835,378.7480004543602,382.7411034086405,386.7339872081908,390.72711560215146,394.7197938687439,398.7127600655396,402.7055869590132,406.6986423110131,410.691320152886,414.68401840304534,418.6765693997721,422.66926631497233,426.6616275480764,430.6541791609388,434.64619808199,438.6385150832123,442.62921281273015
4.262398e-05 4.262398e-05 1.149726e-02 0.00 0.43259206752912466 -0.038840686447803134 0.16336760287147203 0.5615471381223595 344.0007126470458,348.00668810465453,352.01327943745963,356.0195319963074,360.0261465104815,364.03249249471764,368.039319294387,372.0459674422209,376.0528614624882,380.0593639222556,384.06633332274697,388.07286013658086,392.0798088476707,396.08657607968,400.09342074099453,404.0998452607584,408.1065827365488,412.1131154268204,416.11986516004305,420.1261747039937,424.13255349076826,428.1387917322596,432.1449431106929,436.15096209651364,440.1572374973201,444.1619300437319
8.575095e-06 8.575095e-06 2.133103e-02 0.00 0.43130876799489026 -0.0389766092514404 0.16336760287147203 0.5615471381223595 343.1884280282388,347.1852649326365,351.1824158684465,355.1791743521341,359.1763744007215,363.17330690787475,367.17061651996477,371.16781680087087,375.1651871263854,379.1624052152172,383.159787435898,387.15690627715395,391.15446019851754,395.1516362337819,399.14901623401875,403.146179570753,407.14343811780356,411.1405037062317,415.13767195722556,419.13462691718183,423.13167959098035,427.1283071957319,431.1251674187462,435.1217788776009,439.1184717710407,443.1135659834847
1.084954e-07 1.084954e-07 1.644422e-01 0.00 0.4303716898469014 -0.03889092359862359 0.16336760287147203 0.5615471381223595 343.40930294241394,347.40860653899995,351.4082420765212,355.40766615974917,359.4073923256626,363.40700354853186,367.4070863795958,371.40656303851256,375.40658569482207,379.4063115093692,383.4064307078926,387.406092738927,391.4062213838721,395.40590523855633,399.40597510874034,403.4056996914135,407.40557027030957,411.4052151567377,415.40484232213595,419.4044300423708,423.4040080296212,427.40325875603713,431.4027290333157,435.4017666939849,439.4011500136697,443.39878184584546
1.054814e-07 1.054814e-07 1.742763e-01 0.00 0.4307805917995998 -0.03890401149029734 0.16336760287147203 0.5615471381223595 343.4197828441758,347.4193437769363,351.41930961386157,355.4186164088926,359.41853388827093,363.41815911289575,367.41827958334915,371.41811889375305,375.4182260914039,379.41794978748356,383.4182486005469,387.4180608916536,391.41819603372403,395.4181266583009,399.41819312935223,403.41803559490876,407.4181274222263,411.4178342788038,415.4177608171902,419.4171851487473,423.4170436709552,427.41648709010536,431.41597115067157,435.41521919002946,439.4146118976947,443.4122834244593
4.621978e-07 4.621978e-07 1.416034e-01 0.00 0.431395368036363 -0.038935206196911286 0.16336760287147203 0.5615471381223595 343.38497752805034,347.38391227854896,351.3833431285995,355.382461380723,359.38200830329333,363.3812285631253,367.38085571762707,371.3802270359768,375.37996076137586,379.3794687063219,383.3792054867202,387.37862887753545,391.3783809935299,395.37791179375034,399.3775676164698,403.3769723545184,407.37645791718046,411.37589100973565,415.37540803466356,419.3745576934271,423.37374200415206,427.3729016570858,431.37196707594563,435.3707093470917,439.3698288311402,443.36739045149693
9.712608e-08 9.712608e-08 1.770500e-01 0.00 0.43052002017829843 -0.03889350737820262 0.16336760287147203 0.5615471381223595 343.42266246550037,347.4222263961114,351.4219459291944,355.42143070202405,359.4214031010816,363.4212095480559,367.4212716775687,371.42111908997936,375.4211988241009,379.42112513060977,383.4213582637325,387.42135236734373,391.4215205352152,395.4212409339146,399.42152944428824,403.42141463692764,407.4215442171119,411.42120172211895,415.4210857096802,419.42065894168985,423.42051259025936,427.4199869912015,431.419492647341,435.4186721549309,439.41821838593336,443.4159503396194
5.113463e-07 5.113463e-07 2.475274e-01 0.00 0.4309702917558109 -0.038894646469873624 0.16336760287147203 0.5615471381223595 343.4926767904001,347.49300785267826,351.4937792279476,355.49404494399306,359.49483697607053,363.4952777004248,367.4963382420885,371.49688246810354,375.4979887537624,379.4985683211144,383.4995707167801,387.50032275459535,391.5013673703289,395.50209693421067,399.50300010012256,403.5035902804422,407.5045276885564,411.5051292366333,415.5059109961999,419.50630809864106,423.50684964116465,427.50708849877617,431.5076709081683,435.50759245221036,439.5079028240526,443.5063234277887
9.455807e-06 9.455807e-06 6.823142e-02 0.00 0.4305535140300466 -0.03883269244924502 0.16336760287147203 0.5615471381223595 343.6965319792741,347.69914639976747,351.70224931350856,355.7048880109468,359.70809259914967,363.7110029993527,367.71442506115187,371.71725445945515,375.7206269409195,379.7236979408285,383.72710489717196,387.7302314294067,391.73362246199616,395.7366472785441,399.73996516070895,403.74311975889555,407.7464375372818,411.7492896509633,415.7523815266387,419.7550973384022,423.7581798344497,427.7607830117457,431.7636205513793,435.76593549516457,439.7686066765505,443.76959643895816
4.020522e-06 4.020522e-06 1.290038e-01 0.00 0.4307450975380441 -0.03885957127068394 0.16336760287147203 0.5615471381223595 343.60983617720416,347.61156206235063,351.61362218473835,355.6152314924192,359.6173608782211,363.6193200759377,367.6216635579328,371.62356665529666,375.62585309640656,379.62787910264205,383.630258289048,387.6324598800083,391.6348727611453,395.6369629410071,399.63924650460916,403.6411975128,407.6436157192568,411.6453945120795,415.6475281142609,419.64932405231076,423.65121903118063,427.6529557435036,431.65474606106625,435.6561244105222,439.65777148434046,443.6575856280394
7.138500e-05 7.138500e-05 7.821887e-02 0.00 0.431824757017931 -0.038776138522752725 0.16336760287147203 0.5615471381223595 344.15893691640247,348.16662151987174,352.1750890069211,356.183111434324,360.1917231388749,364.1999220575867,368.2086858411427,372.2169642480403,376.2257389952855,380.23413590264283,384.24294517084456,388.2514617685322,392.2601106775421,396.2686237215412,400.277178196037,404.2857110621656,408.29436389087897,412.30272775748307,416.3111954207379,420.31938890323454,424.3277411344089,428.3357442841404,432.3439829412553,436.35164157725023,440.35971571547617,444.36631509558083
2.599586e-04 2.599586e-04 1.326638e-02 0.00 0.4312646075617075 -0.038605540456833565 0.16336760287147203 0.5615471381223595 344.8233706427602,348.83896636909844,352.8551376289284,356.8710307966611,360.8873293092514,364.90326623271284,368.919656682207,372.93577676623636,376.95228238633473,380.968525007562,384.98495733569825,389.0011586082518,393.01765310112586,397.0339469429751,401.05045038999697,405.066605645741,409.08282678568145,413.0988849625556,417.1151114707456,421.1312187643275,425.14715916188396,429.1628650350467,433.1788014130322,437.19439699383895,441.2102721059742,445.2245028604576
3.400038e-05 3.400038e-05 2.323810e-02 0.00 0.4301773773122647 -0.03899058467558216 0.16336760287147203 0.5615471381223595 342.9387028373318,346.9322794444596,350.9264518856479,354.92043418624826,358.9148962335027,362.9087956167824,366.90323421225224,370.8974101165309,374.8919976879583,378.88625328326015,382.8808532843124,386.87501928369755,390.8696227931979,394.86395467949745,398.858495201986,402.8526631015856,406.84699936123764,410.84109774082106,414.8355454947126,418.82956603035336,422.82360402215863,426.81732889077244,430.8113625024106,434.8048959619029,438.7988205976008,442.79099441696167
1.872932e-05 1.872932e-05 1.883831e-02 0.00 0.43024931124454385 -0.038796775357777535 0.16336760287147203 0.5615471381223595 343.80449275801107,347.808354619973,351.81252916276316,355.8164853817941,359.8210164435264,363.8251838730635,367.8297582322367,371.8339158437767,375.83854163832797,379.84300083615506,383.8476602672472,387.85196842888143,391.8564898568302,395.8609055232313,399.8655542469302,403.8699639444923,407.8743033438006,411.878564193228,415.8828649973058,419.8869532235342,423.8911681899607,427.89502086097855,431.8990983621506,435.90274574851304,439.9067963302194,443.9089921674983
4.405560e-06 4.405560e-06 1.288908e-01 0.00 0.4306811355705538 -0.038856654430558545 0.16336760287147203 0.5615471381223595 343.61200493096084,347.61380566783987,351.6158244992881,355.6174260100034,359.6196424608487,363.6215710497218,367.623927274096,371.6260249636296,375.62829329276093,379.6303449549226,383.63281806328604,387.6349371047379,391.6373599647423,395.6393623087649,399.6418221572628,403.6438681539267,407.64621337130535,411.64807944273883,415.6502637027075,419.6519858422214,423.6540284333454,427.65573318872873,431.6575928189577,435.6588677430857,439.6605430410261,443.6604814618129
1.071933e-06 1.071933e-06 2.155411e-01 0.00 0.4316487675731448 -0.0389137664489445 0.16336760287147203 0.5615471381223595 343.5217334424419,347.522062562592,351.52295150055477,355.52372425977103,359.52492601197815,363.52571223398826,367.52696727248434,371.5278862001986,375.5292084908303,379.5302702225867,383.531651705175,387.5326480591977,391.5339557438753,395.5350164148349,399.5363822693228,403.53734148412434,407.5385177546638,411.53944411413687,415.54036094086763,419.54123207157977,423.54221586432647,427.54270135827454,431.5434848713246,435.5437470953163,439.5445057348442,443.5437366949448
7.887402e-06 7.887402e-06 7.715386e-02 0.00 0.4310492283623072 -0.03885532554549483 0.16336760287147203 0.5615471381223595 343.67926292522566,347.6818038481938,351.6846431230749,355.68719471803814,359.69010649309433,363.6927221264034,367.69586938994706,371.6986772400459,375.7018316028746,379.7047081703497,383.7077958383512,387.7107310031449,391.7140117036739,395.7168542583993,399.71999042319305,403.7227889343765,407.72579607446124,411.7286922057276,415.7316572280787,419.73415759886853,423.73688289075073,427.7393210125212,431.74189970997793,435.7441715495318,439.74657229545056,443.7474286356837
1.692678e-03 1.692678e-03 2.891341e-01 0.00 0.4586833968521908 -0.03909072606696207 0.16336760287147203 0.5615471381223595 334.8623487693512,338.9031041679172,342.9431573095339,346.983973136725,351.02446768361716,355.0653684057011,359.1059517807677,363.1471538378369,367.188064501005,371.22942515024414,375.2704043752981,379.31179398695747,383.3528415405809,387.3943485283348,391.43541001620895,395.4769122926911,399.5180314083703,403.5594642018631,407.6006377324425,411.64189976311593,415.6830057563929,419.7241844977309,423.76512848085287,427.80614300011473,431.8470505668441
1.051707e-05 1.051707e-05 1.222970e-02 0.00 0.430649691282379 -0.03895938244459125 0.16336760287147203 0.5615471381223595 343.15432354231757,347.15079335446546,351.14748869480536,355.14377251663433,359.14067915660297,363.13731526764695,367.1343403935031,371.13094248781766,375.1279962173899,379.1246688951884,383.1218288267361,387.11861932318646,391.1156548707425,395.1124405666689,399.1093034301379,403.1061997827769,407.1031781648504,411.0998075507638,415.0965519596788,419.093040221275,423.0898585716212,427.0861276535838,431.0826081809425,435.0785270275536,439.07490941036855,443.06954795896957
1.153208e-04 1.153208e-04 1.298552e-01 0.00 0.43022159538456034 -0.03908849076078454 0.16336760287147203 0.5615471381223595 342.51706390426324,346.5057840279086,350.4950349609451,354.48415712593146,358.4736439771369,362.4627373306221,366.45226403221005,370.44146944299354,374.43120803330714,378.4205614910381,382.41020342604435,386.39950086417247,390.38907840371456,394.3785068094092,398.36822094005254,402.35742130584896,406.34688789788675,410.3361271291149,414.3254550003398,418.31467385259515,422.30385913429257,426.2927123290561,430.2817293559376,434.2704234993079,438.25940295938136,442.24667625448456
2.044975e-04 2.044975e-04 2.450066e-02 0.00 0.4352368514588056 -0.03878935042469127 0.16336760287147203 0.5615471381223595 344.6640057647724,348.67766068852734,352.691978632089,356.70576509831494,360.7201341972486,364.7342646207831,368.7487554407577,372.7632305384361,376.77759106129827,380.7919674690353,384.8064956997678,388.82085881290516,392.83547728554254,396.8498986736573,400.864503198628,404.8786428762712,408.8930473782724,412.90733436673435,416.9216099641486,420.9356532671675,424.94988750557553,428.9637944255097,432.97779368737906,436.9912875193992,441.0053607968581
9.568524e-08 9.568524e-08 1.759514e-01 0.00 0.43068893083583476 -0.038900157896934004 0.16336760287147203 0.5615471381223595 343.42150757912657,347.42109279403047,351.4209580043515,355.42028992244957,359.4203133899388,363.4199833543173,367.4201389863193,371.41991262025704,375.4199902292621,379.4198613140068,383.42017842097863,387.42003756102156,391.4202472887131,395.42012469605385,399.42025099525614,403.42007934438874,407.4201001939559,411.4198608635597,415.4197646472547,419.41927525919385,423.41905243871014,427.41863130495,431.4180534253177,435.4173516617682,439.41680466649916,443.41433876586825
8.954901e-06 8.954901e-06 7.221225e-02 0.00 0.43111946810022594 -0.038855546909922815 0.16336760287147203 0.5615471381223595 343.6900722312996,347.69265408166535,351.69561835841915,355.69832514554014,359.70129369167677,363.7041343862955,367.70740200695496,371.7103154045456,375.7136510946132,379.71661959688606,383.7198657844826,387.7228858640594,391.7261962227278,395.7292236617947,399.73240968118904,403.7353764721642,407.7385814509641,411.7414871554976,415.74458844388494,419.74724361622515,423.7501318996888,427.75261602606554,431.75540555418394,435.7576431878493,439.7603605085456,443.76125098359597
