1.759257e-01 5.744723e-07 1.759142e-01 2776.91 0.5009648009481955 -0.041258048320138095 0.16054520097291514 0.5370749773768241 3.0148066145467567 315.4369489449749,319.4347236066711,323.4320677429582,327.43027440364006,331.4280588832051,335.42665883440293,339.4249293275883,343.4238176477794,347.4224996512537,351.42175296706813,355.4205629778476,359.42014852277214,363.4192907863682,367.41887935851224,371.41824420688,375.41793818075155,379.4173758804101,383.41727880687955,387.4168198494305,391.4167450706207,395.41633261650105,399.4163146175494,403.41594987222095
2.164747e-01 4.139911e-04 2.081949e-01 2772.62 0.45611958264659314 -0.03941362525486727 0.15797591141774908 0.5601441546747284 3.0773445533158057 333.1354856604546,337.1552876382183,341.1745267229644,345.19456469564494,349.21420919932,353.234432048635,357.25426486241633,361.27467949689736,365.2947255707888,369.31519478432426,373.3353244514544,377.3560450730264,381.37629681481303,385.39693456136155,389.41716450236464,393.43786604510336,397.45836006065826,401.47890597280326,405.4993362630222,409.5198005376691,413.5400229495595,417.5604797928957,421.58061525456105,425.600962559597,429.6208020655008
6.361235e-01 1.068471e-02 4.224293e-01 2772.61 0.4825319981485908 -0.03865475838148058 0.16087981077210772 0.5418200346601078 2.837974393841693 331.8239076085215,335.92607214764803,340.02774961806114,344.1303720974715,348.2325729547248,352.3354199205856,356.4378643331733,360.54096122298284,364.64376333958984,368.7471069418634,372.850143126403,376.9536365704579,381.05680111396714,385.1604689955706,389.26366917631356,393.36756686591133,397.4708580196601,401.5744785202972,405.677891022394,409.78172657836905,413.88510944144394,417.98873673064776,422.0921474490207,426.19572635940483
6.921341e-02 7.119784e-05 6.778945e-02 2766.62 0.47926675797026963 -0.04042105628408423 0.15509195022352834 0.5494307181665081 3.151092909730859 324.14016599913526,328.1473509594228,332.154111028816,336.1616911220978,340.1691025986598,344.1769771966356,348.18464422346386,352.19271478557835,356.20061537851484,360.2089932392239,364.217113167245,368.225737123351,372.2338790458495,376.24250266616417,380.2509644064693,384.25973895691243,388.2682209254446,392.2770564894699,396.28540661827356,400.2941276242997,404.3026275789678,408.31129275917516,412.31992020313305,416.3284786634349
1.375698e-01 1.107662e-03 1.154165e-01 2777.78 0.46217190852966805 -0.03935496005269003 0.1623719740457411 0.5588310928185157 2.8790631518081176 334.2172730272054,338.24971403890135,342.28207910018483,346.3150371276347,350.3475696028855,354.380646675744,358.41340489066874,362.4467505613359,366.4796466117694,370.5131935363995,374.54639629970853,378.5797952546267,382.6130493173675,386.6467434829278,390.6798494846025,394.71339674543634,398.74668962044933,402.7802850809436,406.8134027128265,410.8469198478081,414.88004994376996,418.91329914928684,422.9463509327712,426.9795610859931,431.01325118186816
9.873326e-01 1.718381e-02 6.436565e-01 2779.76 0.4575450957601608 -0.03737924863564775 0.1602765107822059 0.5440956606156535 2.8939800696716604 342.3014850578106,346.43198722470504,350.56194101504957,354.6926254778144,358.8229855539399,362.9538119227,367.0843286785952,371.2154211256917,375.3462258035255,379.477405849943,383.60829651954776,387.7395797018635,391.87058958912434,396.00201118572966,400.1330697893732,404.26447693845694,408.3955758517753,412.527055031529,416.65794062090026,420.7893475362329,424.920380800096,429.05163791688943,433.18253778876954,437.31359475642984,441.4442466099594
1.281073e-01 8.681322e-05 1.263711e-01 2778.11 0.4670016079682263 -0.040004298738567465 0.16358538094147657 0.5546131778720845 3.1023243569304793 328.21487592036897,332.2228906172046,336.23137394620824,340.2397197098408,344.24859085971826,348.25711872900473,352.26624709073576,356.27502768784694,360.2843040496354,364.29326130602647,368.3027368078693,372.3117750048579,376.3213495262145,380.33058489921694,384.3401999743767,388.34962048390025,392.35923194778087,396.3686050963022,400.3781452180652,404.38752407205754,408.39707530768914,412.4062447105977,416.415737490193,420.4249600993416,424.43403864399187
1.729703e+00 3.368714e-02 1.055960e+00 2775.88 0.4869781828070411 -0.03731195010459136 0.15441622782558706 0.5441097257514016 3.118051498904908 334.1248910711075,338.30619549219296,342.48842761288677,346.67023603678774,350.8531182809072,355.03526404251653,359.21830033941063,363.40095454227156,367.58438657729477,371.76720225385475,375.95071176100146,380.13403563226535,384.3177029707471,388.50099864027993,392.68485298139603,396.8683686502893,401.05225122775107,405.2359293706253,409.4198626909598,413.6034765076967,417.78749984528315,421.9711703668606,426.15511016248064,430.33882416272934
7.018643e-01 8.724967e-03 5.273650e-01 2775.34 0.4666086543053688 -0.038359461012792175 0.15626134484058263 0.551934080877661 3.058818849073835 335.0972810464294,339.18917626735947,343.28179482136414,347.3740950457532,351.4669432923733,355.5595520076349,359.65264446587815,363.745527944967,367.8389516549471,371.93189247794703,376.0256144791693,380.1187457197039,384.21249312621796,388.30576331697586,392.3993965068753,396.49290526386284,400.5865492570566,404.6799691140546,408.77361461892383,412.8670064369409,416.9606693270195,421.05408811994056,425.14765717981305,429.24082121714565,433.33443931616534
2.684625e-01 1.735127e-03 2.337600e-01 2771.38 0.47753772883632384 -0.03970018713234208 0.1600802720749584 0.5446798347446644 2.9508727043833285 326.82719181495446,330.8677363367754,334.90785228908794,338.9487628045922,342.9892755992707,347.0304420782155,351.07128803433227,355.1126412868784,359.1536689239673,363.19531692850416,367.2366270962734,371.2783889824372,375.31985814330443,379.36172547851663,383.4032355499339,387.4452126783485,391.4869114772736,395.52902544907346,399.57068231844204,403.6125641540902,407.65430496606047,411.69625259605186,415.7380279629441,419.7799091292831
3.458473e-01 5.878965e-03 2.282680e-01 2778.11 0.47787138112581595 -0.039023592644027986 0.1622393921632174 0.551351742477173 3.0282620445652997 329.6634932514942,333.7390731884662,337.81418034876395,341.89008074553004,345.9654889602033,350.0417371468499,354.1176463843867,358.19405493236076,362.27017477271676,366.34687483173576,370.42321527072005,374.50000415341646,378.5765623850914,382.6534139330372,386.73005672533577,390.806987266756,394.8837638017902,398.9606770862633,403.03748203781805,407.1144237431928,411.19121174681646,415.2681618320859,419.34477480384624,423.4217168410821
5.058024e-01 6.843445e-03 3.689335e-01 2780.55 0.44799373817016563 -0.037957108908998866 0.16151318806586293 0.546058738240285 2.984579006755297 342.36757830707245,346.4494665107478,350.5318231667672,354.6137492017188,358.69634689381155,362.7784540585142,366.8611364592492,370.9435620086471,375.02644058816213,379.10894000679133,383.19194861698367,387.27458252248965,391.35756800006436,395.4403096185837,399.5234387406854,403.60607454630923,407.6891626380268,411.7717750908989,415.8547741543953,419.93742400565657,424.02028826087775,428.1028569836878,432.18550564342326,436.2679858925406,440.35049407302347
3.628120e-02 6.851767e-04 2.257767e-02 2771.18 0.45874701921527505 -0.039391993169019875 0.16297141873643545 0.5531132643577211 2.9716591231438523 333.6164765577551,337.64205338813343,341.6672158019966,345.6930113439639,349.71849877794284,353.74446456220414,357.77004855936406,361.7963240384277,365.82210674679857,369.84849073645194,373.8744543619084,377.9008672270122,381.9269153725703,385.95344788005843,389.97961369452827,394.00616444812624,398.032198577453,402.05885794022737,406.0848912363531,410.1112747379149,414.13739436798414,418.1637469522647,422.1897813610972,426.2157967101806,430.2416283961379
1.676329e-01 3.214947e-03 1.033339e-01 2772.83 0.4709271631375542 -0.039193898999088234 0.159055520994496 0.5514451707354716 2.982638532311159 332.0976201173628,336.15279346570156,340.20872254720797,344.26430744133387,348.3204900847157,352.37641519679374,356.4329657276845,360.4891114300199,364.54580882195336,368.60202705084066,372.6588554396706,376.7153324314315,380.77232519111465,384.82892356956154,388.88594038925686,392.9426880576393,396.99967198378863,401.05640642921225,405.113321718449,409.17000404272517,413.22695039761686,417.28356169616393,421.3404682659022,425.3970193811175
7.615952e-01 1.334343e-02 4.947266e-01 2774.41 0.46323427995060634 -0.03784234930451222 0.16216540723026243 0.5452530883897209 2.879638006668575 341.01714046529224,345.131784775717,349.2461775934322,353.3613054352912,357.4759020678813,361.5910908624894,365.70601761663664,369.8216357679342,373.936711825773,378.05233948899485,382.16773817090007,386.2834690197367,390.3989076721133,394.51467733757534,398.63020448322374,402.7460189532567,406.86157362667666,410.97731882722945,415.0927812704538,419.2085637964177,423.32392130991815,427.4395392633649,431.55486385814885,435.6704222920042
3.918468e-02 7.177706e-04 2.482927e-02 2770.42 0.46562988620314405 -0.03962342399497679 0.16547815198249494 0.5443858124973905 3.0699850751218074 329.6347760336372,333.6607191225895,337.6866365312477,341.7122940753944,345.7385131927165,349.76453000551686,353.79111367994227,357.8172828354953,361.84401652048905,365.8704781052548,369.8973776637357,373.92391345289764,377.95109702121135,381.9777972452688,386.00484495968794,390.03160286993347,394.05865369054914,398.0855889581103,402.1126873800522,406.1395002830917,410.1664659954982,414.1931393806908,418.2201690444457,422.24669500508185,426.2736885817177
2.142743e-01 9.535288e-04 1.952037e-01 2778.11 0.4781405159574072 -0.039921486057274407 0.15983705630528047 0.5542849160970768 2.9739229590496525 325.965192715466,329.9950235386487,334.02447647837454,338.05462450620035,342.0842850868892,346.1146314439948,350.144758049105,354.1753951918006,358.2057846584467,362.2368041106259,366.2672209147187,370.29824214521057,374.32889150432334,378.36013317352456,382.39091301836,386.4222780174824,390.45309623075883,394.4842953565489,398.51524484263723,402.5463831331909,406.5773467666174,410.6085806639944,414.63933615928954,418.6702643051369
2.400552e-01 4.721546e-03 1.456243e-01 2773.04 0.470695775093142 -0.038966371837071086 0.15990835355466726 0.5446259859405962 3.04848848646921 333.0709870690814,337.1381654812873,341.2060510338992,345.27352539348544,349.3418779435364,353.40973480545273,357.4781595937605,361.54624878997276,365.61487661512876,369.68324555134814,373.7520224216344,377.8204775926958,381.88950281558493,385.95815401984646,390.02711056295817,394.095767828258,398.16477944629526,402.2334932434118,406.30251923894,410.371225352789,414.4401603813424,418.5088484376656,422.57783422275617,426.6464718530288
2.604770e-01 9.650732e-04 2.411756e-01 2778.11 0.46766756082679883 -0.03959767868402247 0.16455565387330134 0.5509998485981096 3.0906823625834847 329.9918696195863,334.0216196872903,338.0518641350973,342.08179570173934,346.11240971836946,350.14263241371594,354.1734757271151,358.2039616111813,362.2350567023323,366.2657089953718,370.29690954412246,374.32783211680254,378.3591353806206,382.39001038560355,386.4213993863267,390.45236456887926,394.483778165159,398.51478573709807,402.54624212446834,406.5773855745952,410.6085181253677,414.6396169056272,418.67084140472764,422.7017587618747,426.7329803785298
1.724741e-01 3.253353e-03 1.074071e-01 2782.35 0.4662917165466182 -0.03905552506870261 0.15916965057254148 0.5433313938474923 3.0909910823285163 332.10983165932555,336.1654451005783,340.2217313421373,344.2776233602477,348.33416200227396,352.3903400668568,356.4472813930752,360.50356467785394,364.5605866899379,368.6172908219581,372.6743235767621,376.7312933214343,380.78848748334997,384.8453468518842,388.9027386143969,392.9598093780529,397.01717548455355,401.074231817862,405.13160881959936,409.18869966281284,413.2459982391241,417.3030557079414,421.360162480774,425.4170738145886,429.4740485740308
5.821689e-01 1.052485e-02 3.716719e-01 2774.81 0.47834850448886457 -0.03855228430337454 0.16188692946648067 0.5441482883377594 3.022137897228799 331.7528131845062,335.8540852525939,339.9550719620389,344.05688175179057,348.15828971821423,352.2603261531329,356.36204496697655,360.4643731001542,364.566340424278,368.6689238966678,372.7712350456481,376.8738782781268,380.97629179629587,385.07908396651055,389.18166858457806,393.28457778772645,397.387247042351,401.4901576745568,405.59272205819013,409.69574728654715,413.79831586315015,417.9011981020695,422.00386329003686,426.1067067938124
1.285544e-01 5.208888e-04 1.181366e-01 2777.45 0.46112245923168793 -0.039539104747702274 0.1607217116505367 0.5492036341576477 2.910350153909047 333.3394396293168,337.3615733347528,341.38323968591067,345.4057235708008,349.42770791753804,353.45038471934987,357.47271762428323,361.4955264748843,365.51796518556654,369.54093888597595,373.56363822743884,377.5866309141065,381.6093539449909,385.6324831568744,389.6553379951961,393.6784574046464,397.7012499351212,401.72431453028287,405.7471655164056,409.7702803716051,413.7929835917005,417.81595468388525,421.8385619948535,425.86139883644296,429.88381200897686
1.603158e-01 1.180128e-03 1.367132e-01 2780.11 0.4612408816402078 -0.03930302321690011 0.16106836091732996 0.5597781136569142 2.9161298581314203 334.3075855168734,338.3413310113064,342.37467739530695,346.40855118410053,350.44230825505224,354.4765604241638,358.5103605326021,362.5447599208909,366.57876282423916,370.6132886481747,374.64753173903125,378.68221273481134,382.7164989133281,386.7512044139827,390.78558120592254,394.8202304004251,398.8545449143156,402.88939961799684,406.92368002357824,410.9581318870957,414.99243830021334,419.02686410273407,423.061065392015,427.09526820543834,431.1293723607788
3.771030e-02 6.377900e-06 3.758274e-02 2771.97 0.4636684403130251 -0.04013816718708505 0.16407635604212334 0.5491550465577492 3.0766355355710746 331.2336748919365,335.2303947369702,339.22676205867873,343.22376364194196,347.2204414114989,351.21767400202503,355.2145550276005,359.2120850935124,363.2092460125511,367.2068220172415,371.2041185779055,375.2017849454556,379.199215811981,383.19695513611543,387.19435032513184,391.19215137901307,395.1896084689284,399.187425798798,403.1848480051967,407.18247982617777,411.1799567597025,415.1775346702039,419.17486496073474,423.1722921975804
2.316982e-01 4.376508e-03 1.441680e-01 2767.39 0.46427325513101225 -0.03880316206868087 0.1611904061490077 0.5484682286393608 2.9584251666487895 336.92843825458976,340.9938328312797,345.0587874030065,349.1245027919275,353.1898780550597,357.2558130054989,361.3214405938736,365.38749559061716,369.4533814770697,373.51956448789974,377.58557822962564,381.65204569511053,385.7181016141511,389.784562552533,393.85058304480003,397.91705281897873,401.98329855123933,406.049634872944,410.1157790216019,414.1820598112921,418.24815995487006,422.31447125706757,426.38042566761777,430.4465925044995
1.282861e-01 8.379222e-04 1.115277e-01 2778.11 0.4598797086616658 -0.03936849225040704 0.16444941388741885 0.5578251035610345 2.9546009894711904 333.85415354386754,337.88232057975677,341.91026005055676,345.93872557910476,349.9669791091951,353.9957453927487,358.0242967582971,362.0531684899301,366.0818861088128,370.111050707487,374.1397750976346,378.1690123029322,382.1979018880779,386.22708032894013,390.2561346666604,394.28534198170297,398.3142562009286,402.3434750918549,406.372354538664,410.4015632640126,414.4304957575229,418.4596213541711,422.48827060242223,426.51710387065003,430.54566688430805
7.006962e-02 1.417084e-04 6.723545e-02 2770.89 0.44392607330533324 -0.03962553020295211 0.16357626509054043 0.5559028708707422 2.9929176734054868 338.43117113603057,342.41887281331617,346.4064012172458,350.3943767922299,354.3821023163912,358.3704083969912,362.35832914046864,366.34661813981455,370.3346364395555,374.323038596924,378.3110502675092,382.29951104904103,386.28758785993296,390.2760541586503,394.26423364093927,398.2526074605183,402.2408176098988,406.22915022082606,410.2170604045495,414.20525115693755,418.193129522748,422.1811945920931,426.16898490993475,430.1567658959022,434.1444260630005
1.746174e-01 3.993799e-04 1.666298e-01 2782.13 0.4603251019708077 -0.03958030541065878 0.16288817074624026 0.5427220633292619 2.965909211591754 333.092713878603,337.11178946919387,341.13069075551584,345.15013577684283,349.16934865020164,353.18910929164514,357.2085435964216,361.2284464886604,365.2480825861017,369.26819321093865,373.2880356336108,377.30819241427145,381.328087210798,385.3483675004296,389.3682728134228,393.38854575986585,397.4085563062024,401.42884604312485,405.44875561503574,409.46894082035647,413.48893458736444,417.50903384922134,421.5287785685786,425.54882879640473,429.56868340693416
1.169422e-01 2.093361e-03 7.507500e-02 2775.41 0.4561661721961371 -0.03893397405945114 0.1633469821203333 0.5499253299783613 3.087934022317212 335.22807535261904,339.27408202809147,343.31869907820567,347.36399606227536,351.409038633304,355.4545041809186,359.49979489458383,363.545516747601,367.5909486010332,371.6368487091366,375.6824492494842,379.7284332226623,383.7741824621176,387.8200969782389,391.8659204735895,395.91195688527705,399.9576721214634,404.0037870443603,408.04945632929184,412.0954124306721,416.1411567621057,420.18703750624127,424.23257413732625,428.2783589486695,432.3236690657975
1.194835e-02 4.565876e-05 1.103518e-02 2770.09 0.45728996257992605 -0.039735888426229875 0.16320032479369312 0.5492190022997685 3.0483188138413926 331.998449682806,336.0045543365375,340.01034085431166,344.01661594924195,348.0226677395184,352.0291497345489,356.03529292937463,360.0421751688434,364.0485925262641,368.05540858247196,372.061971957768,376.0689439811783,380.07574183555266,384.08267859075386,388.08945255953176,392.0964798434855,396.1032232885392,400.1103097092377,404.11705762788637,408.12405358994107,412.1306003206921,416.1375834684581,420.14408688543875,424.1508664026535,428.1573873947056
1.643988e-01 2.383959e-06 1.643511e-01 2769.19 0.46058862892069463 -0.039944668429014965 0.1619737450434687 0.5526885489711076 2.997987959787599 331.57475554554395,335.575450631379,339.5759708720177,343.5770386761012,347.5778506346659,351.5791862810148,355.5802331703634,359.5817244901236,363.58302232140284,367.58465344166945,371.5859362135344,375.58781171323136,379.58931988592803,383.5910664295517,387.5926387359403,391.59436048587344,395.5959829728824,399.5978558990805,403.5993520429518,407.6011580277521,411.60242606344616,415.60417413738026,419.6054329693323,423.60691031811604,427.608344285628
5.122666e-01 1.024603e-02 3.073460e-01 2778.89 0.4883670526758257 -0.038865508601076605 0.16141281592447268 0.5475021357504535 3.0460549853206405 327.55745688284634,331.6564756552246,335.75654701171555,339.8561038359856,343.9564706511036,348.0565062776657,352.1573456267001,356.25766563258543,360.35863118218373,364.45927941412083,368.5606142093726,372.6613946018433,376.7628897023594,380.863868096137,384.96514851504344,389.0665572994508,393.1682075369646,397.2694087065483,401.37105747399016,405.4724526898971,409.57398440983536,413.6753902015646,417.7770575726276,421.87827851741946
1.471685e-01 7.096295e-05 1.457492e-01 2772.68 0.46251131879690704 -0.040206286166025104 0.16091427638959876 0.5539603310859103 2.9542126088399066 330.75242655022765,334.74326789268997,338.7337857089226,342.72489895723623,346.71568598038806,350.7071197897492,354.69814291299394,358.6896788922621,362.6809960356394,366.6727044566471,370.664068995685,374.6558302298873,378.6473859354799,382.6392731086319,386.6307687580947,390.62267934908743,394.61419579965576,398.6059842824247,402.597498386222,406.5892698628687,410.58070568579285,414.5723694758245,418.5636687705424,422.55523262558506,426.54730592656085
2.636979e-01 2.521354e-03 2.132708e-01 2774.18 0.46151120260780076 -0.03901975904594225 0.16196912387528115 0.5518175019446089 3.015698506083945 335.6042521122539,339.65371808533956,343.7027776676704,347.7526079197865,351.8019628700206,355.85192968077786,359.9016219516569,363.95180780862216,368.00171860518134,372.05203981720626,376.1019693330023,380.15232370560636,384.20256167606277,388.2529688310353,392.30316295933113,396.35368042396345,400.4038124254006,404.454303658899,408.50443630503054,412.5548272469144,416.6048551578655,420.6551698002182,424.7050818851602,428.7554272907549,432.8062123568535
1.098184e-01 1.028775e-03 8.924296e-02 2775.88 0.4436511067794005 -0.04001690541063244 0.165334416078812 0.5556144523456978 2.908906534007554 336.72251076848227,340.69027530288406,344.6576052642072,348.62550220858884,352.59306023597134,356.56109863466645,360.5287305613178,364.49696690249357,368.4647359494559,372.4329772766379,376.40087726724494,380.3691958152892,384.33716662251544,388.3054281613369,392.27352610238995,396.2417325100159,400.2095770836158,404.1776620235418,408.14552724408856,412.11357104290636,416.0813240640203,420.0492184389501,424.01681305130137,427.9844636849474,431.95180239806893
1.789664e-01 1.613916e-03 1.466880e-01 2773.87 0.4762278821902644 -0.0396911102510851 0.1619912588539991 0.5442486028302639 2.97669327680457 326.7037176676701,330.74293008727136,334.78164063251415,338.82095939393855,342.8599410609943,346.8996331194151,350.93886876862143,354.97881495985524,359.01835327152,363.0585095249607,367.09843679799434,371.138740988595,375.1786091213222,379.21898152837423,383.25906634015774,387.29951970575064,391.33975833442884,395.3803069259089,399.42041782736004,403.4608291217789,407.5011010035829,411.54158572619235,415.5816509918049,419.6221696517028,423.66252315590833
3.407884e-01 6.390101e-03 2.129864e-01 2764.50 0.4690389152144188 -0.03869866862089677 0.16097392788056625 0.5464746715460282 3.083714031691222 333.99008782727367,338.06831486523265,342.1475844520089,346.2263630303776,350.3058053615129,354.38490648038027,358.46468223316833,362.543934925002,366.62383548097614,370.7033245749557,374.7833422353332,378.86312078742685,382.94326164809706,387.0230538049873,391.1032797116682,395.1832212548055,399.26356946909,403.3435280140205,407.4238038257501,411.50372288196394,415.5838614526053,419.6636870999002,423.7438974286003,427.82371134696706
5.830647e-01 1.035189e-02 3.760269e-01 2772.83 0.47057851811247126 -0.03832613654535309 0.16109735691085092 0.5481359283385796 2.951493909871757 335.782848320421,339.8830383141917,343.98408492709325,348.08461286341446,352.18588500546497,356.2867915519237,360.3882721210925,364.4895222445265,368.59117022159387,372.69253357791496,376.7944221685563,380.89597375723844,384.9979596928329,389.0996133925735,393.2016906307204,397.3033812839448,401.40543244280303,405.5072215877973,409.6092508070222,413.71100862122324,417.81299538388015,421.91459360744864,426.0166324237446,430.1181052946088
1.232172e-01 1.022177e-03 1.027737e-01 2781.75 0.4528817368536604 -0.040367871738050704 0.16040921468924188 0.5455323655325521 3.04739462802615 332.7507007883041,336.71774120229406,340.68529440477033,344.652530630687,348.62033966750863,352.58790308233154,356.5559386893477,360.52366453054765,364.4918483759628,368.4596853507795,372.42797892287183,376.39592836669584,380.3641945984622,384.3322664719805,388.30049814564546,392.26857228786565,396.23691292557254,400.20497085745046,404.1731609180379,408.1411136269449,412.1091932379573,416.07714416314104,420.0451056454561,424.0128781615174,427.980744443994
8.956990e-02 1.412522e-03 6.131946e-02 2770.45 0.4554654595425586 -0.03906142557696032 0.1668069779335835 0.5499273255155842 2.929292483245546 338.5938534539829,342.6304326168868,346.66753367638586,350.7043600676766,354.74173377123486,358.77884144650534,362.81644695564137,366.8537193287325,370.8913895093536,374.92884954141954,378.96665838989475,383.0041365835181,387.041990977074,391.0795700401936,395.1174513369119,399.1550184158528,403.1929413104222,407.230345334541,411.2682218855279,415.3056704669095,419.3434413392112,423.38068148767707,427.41831679417186,431.4554726753414
2.342406e-02 1.653580e-05 2.309335e-02 2777.78 0.45125528551239125 -0.03956528538342455 0.16574633866454586 0.5594582772243117 3.002539415387217 335.7901022459863,339.79310447014774,343.79683251505753,347.800156590725,351.8041857009649,355.8078495406936,359.81203124315545,363.8157971589838,367.8202171572124,371.8240850973179,375.8284287014787,379.8324061288041,383.83682041530545,387.84092556445256,391.84533463442074,395.8493692589314,399.8536481235191,403.85778864696186,407.86196954729866,411.86593630443633,415.87009434732835,419.8739195650365,423.87789027502953,427.8815948516597,431.88547728663957
1.357785e-01 7.549750e-04 1.206790e-01 2773.62 0.4480854208246884 -0.040099854710354606 0.16498134726865485 0.5544664502277291 3.169314664460137 333.12896310652275,337.1008850236088,341.0730321613411,345.0449057456119,349.0173710258326,352.9893231797563,356.9619925158796,360.93413505265124,364.9068206283989,368.8791671040651,372.8519258848368,376.82435626511347,380.79715055989436,384.7696689463394,388.7425351867663,392.71504253662795,396.68793320981547,400.66044066986524,404.6331812858514,408.6056084522852,412.5783427160277,416.5505842898074,420.5231869330292,424.4952938810998,428.467539495881,432.44036096075433
2.044017e-01 1.040529e-04 2.023206e-01 2772.19 0.4544989245049553 -0.03956798822698563 0.16457380477201947 0.5535364953963344 3.074788777776686 336.29409534087927,340.3032231037853,344.3129797863331,348.3224608901334,352.3324004287968,356.3420987459202,360.3523256028044,364.3621241505261,368.3725023246269,372.3825552784344,376.39292133051356,380.40312269710654,384.4135267302451,388.42369977019143,392.4341520361512,396.4443672662114,400.4547839715125,404.46494078506936,408.4753551371386,412.48546876853715,416.4956924212685,420.5058131705413,424.5158528567052,428.52578149607734,432.5364544690384
1.728804e-03 3.251293e-05 1.078545e-03 2773.60 0.4507770154650717 -0.03952843041414861 0.1634802959042315 0.5516372156200501 3.0452409862729564 335.9151444041944,339.919773162576,343.92509201589354,347.9300721516887,351.9355970513876,355.94091510569865,359.9465896495272,363.95201339660497,367.9578689257683,371.96331190426406,375.96931981652244,379.97500128266194,383.9809327397579,387.98663639137584,391.9925707709237,395.9983307095064,400.0043052264407,404.00993075475054,408.0158408759388,412.02143165521915,416.02733683327847,420.0328552630573,424.03851063455534,428.0439152197587,432.049458425272
2.542318e-01 9.035697e-04 2.361604e-01 2774.41 0.45102546858143716 -0.040259676388459245 0.16375293192060708 0.5487144340681691 3.0602305921832555 332.91288164175666,336.8817239725432,340.8511706791536,344.8203716522058,348.7902178157229,352.7595820024535,356.729557041035,360.69924301209727,364.6692723583036,368.6389785170037,372.60924056375023,376.57904965215704,380.54923765214016,384.5191816313805,388.4894364983402,392.45944279504573,396.4297055401813,400.399523793977,404.3698124038636,408.33957102619394,412.30969710808154,416.2794291010636,420.24940688027124,424.21897503326113,428.18877591754443
1.045840e-01 4.640553e-04 9.530291e-02 2774.31 0.44663102078490324 -0.03992067138355968 0.16314092830849156 0.5529755394564075 2.99625547786824 337.6104386486235,341.58865404348717,345.56639590076196,349.54477632267765,353.5228904286709,357.50134971361354,361.47955766219417,365.4582606327311,369.436531300934,373.4152675194995,377.39362731580314,381.3724555062434,385.35095188154287,389.32975982356726,393.30836713660756,397.2870115937307,401.2654885984726,405.2442262125908,409.22257498780067,413.20108906176114,417.1794664992707,421.1577863215009,425.13594027508606,429.1142155316748,433.09218882489813
3.904585e-02 4.133206e-05 3.821921e-02 2779.98 0.458849219908417 -0.04005205361496682 0.1643362384332805 0.5489785157340626 3.0283712072686533 330.90858842340043,334.9016325504488,338.89407723107695,342.8872289232858,346.88013198969577,350.8734209279767,354.8664385488387,358.8600326411851,362.8532122703702,366.8469994168,370.84030823835343,374.83416883761913,378.82761651701463,382.82144461739216,386.8149913092651,390.8089659553975,394.80249683846546,398.79646331400323,402.7899074799364,406.7837722840882,410.77720546145406,414.7708430209831,418.7642807675956,422.7578881670821,426.75114562167636
1.216574e-01 6.430599e-07 1.216445e-01 2783.86 0.44862659458105947 -0.03958988619396408 0.1640495650795239 0.5451601958277456 3.037308008514478 335.36308192111017,339.36131882785565,343.3600916018068,347.3585224035687,351.357589692215,355.35627806775574,359.3554839483646,363.3543662544704,367.3537606620539,371.35281349462946,375.3521863703129,379.3513729361998,383.35094735664075,387.3501091986063,391.34963950563116,395.34894610637406,399.3483163601672,403.3476409091775,407.3470233802471,411.34621905422296,415.34547214760397,419.3445080852799,423.3437270451362,427.34258587656683,431.3416541675609
2.511270e-02 3.573156e-05 2.439807e-02 2774.18 0.457294331418286 -0.039993993384191365 0.16581419404374728 0.5498046767721705 3.1299564379475555 330.94112281415954,334.93492725675327,338.92778662838947,342.9213817047877,346.91466543966754,350.9085007483613,354.9018891968264,358.8959469170578,362.8896250454301,366.8837333881448,370.8776486292373,374.871837210643,378.86577203585244,382.8601581382666,386.85415686880947,390.84842210668535,394.84248464204455,398.8367272123677,402.83081485008967,406.8250603427905,410.81892674580496,414.81307931839996,418.8069781821455,422.80104870163603,426.7947412630128
3.056144e-01 3.622417e-03 2.331660e-01 2774.48 0.4591882672898257 -0.03875420043617397 0.16350218505744324 0.5524191227602636 3.1047074847879084 336.4297200270502,340.48898905504984,344.54810935722054,348.6077583609562,352.6672176461078,356.72716263448467,360.786849357859,364.8470330874769,368.90688915425693,372.9671741269147,377.02722924971937,381.08758478172314,385.1477147619831,389.2081891357816,393.2683145402843,397.32888523340773,401.38907247686143,405.44949024427063,409.5097238615569,413.57011171188617,417.63024672773554,421.6905982918845,425.7504910913484,429.8107645496751,433.87052921372907
6.357276e-02 1.515321e-04 6.054211e-02 2772.23 0.4596676692885254 -0.0401945277302671 0.1634685106407715 0.5532623760861844 3.0631037125039255 330.4256076789386,334.41259495409673,338.39901798076346,342.38655023033857,346.3733845372308,350.36099879789214,354.34823785322874,358.3358461822236,362.3231568156994,366.31104344479473,370.29853650725977,374.28653426354236,378.2740993208874,382.2621285281192,386.2497559493731,390.23781616617697,394.22544434180287,398.2134436134088,402.2011304061836,406.18901180787964,410.1766261506607,414.16456628128304,418.15197570471224,422.13966581749105,426.12687680318334
4.991938e-01 5.051306e-03 3.981677e-01 2780.11 0.4530410360961945 -0.03833406175355563 0.16608268079036595 0.5563982646690914 3.0175677195837767 341.406965479208,345.47710623514786,349.54775958708035,353.61813623052524,357.6891053128543,361.7597239352545,365.83090001820403,369.901699301572,373.9729557295177,378.04386992719213,382.1151883954434,386.1862228831092,390.25758541277395,394.3288023861281,398.4001945409738,402.47122031514596,406.54262912656174,410.6135887860601,414.6849101588012,418.75587733930587,422.82711272228386,426.8978604041986,430.96906131533905,435.03957520256904,439.110520847219
1.816149e-02 1.994276e-05 1.776263e-02 2773.97 0.46698112305865375 -0.04011495351412708 0.16512033334005988 0.546635140481522 3.1722254827293517 327.8065992632027,331.8096699225965,335.8133532441422,339.81670216440034,343.82074775968636,347.8243624039141,351.828552023468,355.83238978062167,359.83691102311775,363.84090514033517,367.84556523390063,371.8497479207764,375.8544027613376,379.8588275009175,383.86359390420535,387.8680510179119,391.8727918282287,395.87735386786306,399.88213128251317,403.8865432882158,407.8913096975267,411.89571818013945,415.9003452436334,419.90463031142446,423.9090813139402
5.862553e-02 6.857095e-04 4.491134e-02 2769.07 0.4534225622697561 -0.04025386647033463 0.16323535606306272 0.5543931913730701 2.9795894801765295 333.2488966694294,337.2217786759322,341.1951643567533,345.16840264817006,349.141908910055,353.115208729089,357.08909930774195,361.0626020671602,365.03655732729817,369.0102944470799,372.98430057157015,376.9580495138822,380.93218727086713,384.90599866546626,388.88015468651014,392.85404896088363,396.8280755018445,400.8018826758894,404.77593828376587,408.7496597351031,412.72362771139257,416.69710670796513,420.67091958832657,424.6443593133421,428.6181305086045
9.889645e-02 1.698285e-04 9.549988e-02 2778.11 0.4783174658441295 -0.04029290264971366 0.16283249781960712 0.5504592748036488 3.047166707267922 324.5159105694904,328.527931479951,332.539582676861,336.55177899385166,340.563604514185,344.57607200764954,348.58836966445415,352.601112100034,356.6136423281746,360.6267066724806,364.6393379386361,368.6525197975811,372.66536624395894,376.6786306692343,380.6915967260896,384.7049621596133,388.7180031878503,392.73135870558684,396.7444803148282,400.7577053499559,404.7709705374486,408.7841779029197,412.797266227851,416.81041681394225
7.758115e-02 7.833239e-04 6.191467e-02 2781.22 0.45894866562444075 -0.0393610004316788 0.16251710239277126 0.5558757851627477 3.0024909053948865 333.768977025084,337.79641588284295,341.8232996918992,345.85098219223295,349.87818423527705,353.90605103654144,357.9335428854048,361.96149607432164,365.98921874894967,370.0173465525695,374.04514147565703,378.0734683856837,382.10134758067437,386.1295700795607,390.157634784325,394.1859152237048,398.21390476142034,402.24218798556996,406.27023161709235,410.29832314350114,414.32619087407807,418.3542610865592,422.38208954040664,426.41005360689917,430.43766281932164
3.606054e-01 6.363013e-03 2.333451e-01 2780.11 0.4551457992892041 -0.03823799867269687 0.16488913067788485 0.5569460540590625 2.970758526567773 342.1363742027728,346.2149963044767,350.2944746072604,354.37338868674163,358.4529905683124,362.53228732334276,366.6120448622355,370.6914911324714,374.77134886870954,378.85097140394447,382.9309434596036,387.0107106576933,391.0907531742319,395.17048472472834,399.2505820129122,403.33028245972514,407.4102556785566,411.4900476400416,415.5698996863652,419.6496243816226,423.7294213791604,427.80890717113385,431.8886520932549,435.96793155858455
1.888384e-01 3.349473e-03 1.218489e-01 2766.71 0.46067825487895064 -0.03884919906731643 0.16292121927338007 0.5491993720313235 3.0474418974181434 336.2366748591368,340.29394538657175,344.350728642372,348.4080994215713,352.4651575760439,356.52287151745526,360.5801640187486,364.63791847563664,368.695432230785,372.75342260718116,376.8111986090532,380.8692436090389,384.9271000743428,388.985257161334,393.0430215176712,397.1011547657524,401.1590949464808,405.2172924912066,409.27505344857894,413.3331805520714,417.39110973769476,421.44901020198375,425.50672074152277,429.56467612643814,433.6222339901815
3.041524e-01 2.473016e-03 2.546920e-01 2776.62 0.4457466423725274 -0.038488280327326096 0.16227433005516306 0.5555944822447502 2.9701159385284237 343.66324822803057,347.71279474385767,351.7618495296912,355.8114817593313,359.8608977440354,363.9107114759501,367.96008967910296,372.01016443184875,376.05971835310424,380.10972905546237,384.1594587948303,388.2095391292995,392.25928793581954,396.3094324141511,400.3591116355215,404.40926063259553,408.4590078144129,412.50894217434103,416.55853339903894,420.6084532403734,424.65784711541613,428.70752768448017,432.7569523250405,436.80643180384646,440.8557050966964
3.699220e-01 6.253641e-03 2.448491e-01 2778.15 0.459401289752087 -0.03839067099959067 0.16105300469946515 0.5576885381989239 3.0114482516633863 338.00496582675424,342.08317798457,346.1610712130916,350.2398416409207,354.3180870936525,358.39700081053303,362.4756130924367,366.55463713397285,370.63342731698924,374.71272339343255,378.79165597561797,382.8709505077522,386.9500671941634,391.0294232173745,395.10843424421324,399.1877773244274,403.26697818463606,407.3463119422053,411.42536898309737,415.50466935542033,419.5835839843071,423.6627972670733,427.7416312259811,431.8207342817465,435.89941396809706
2.442005e-01 4.302543e-03 1.581496e-01 2774.80 0.4567319794774967 -0.03856753832476934 0.16289463404681762 0.5555026636950524 3.1285920664182436 336.8772232282591,340.94217033252323,345.00679474749813,349.0719044473316,353.13672273590913,357.20222036126535,361.26721979667565,365.3327664051232,369.39801945440576,373.463748055817,377.52925533044663,381.5951127450181,385.6606541475364,389.72653503219937,393.79208403879045,397.85805827771384,401.9235517138347,405.9895293998256,410.05502990765893,414.12089364197766,418.18629002464377,422.25212100759006,426.3174955181478,430.38303549461835,434.44829572961544
6.427117e-02 4.863817e-05 6.329840e-02 2768.64 0.46046812579743013 -0.04012158305178048 0.1637711823459876 0.5481107949708136 3.073792712139979 330.8609900748248,334.8531368477188,338.8450029721326,342.83765681028694,346.82981572613363,350.82262290753044,354.8151246611007,358.80822665388035,362.8008744235206,366.79401851746826,370.78674610292705,374.77998932114065,378.77290615107523,382.76630193402116,386.7592531411302,390.7525539255149,394.7455613284615,398.73904306195504,402.731801250759,406.7251971739473,410.7181903923653,414.7113516572543,418.70417621204416,422.6971567744603,426.69011117195083
7.364396e-02 1.092723e-03 5.178949e-02 2776.93 0.4454775312772908 -0.040116251558939026 0.16479549599401994 0.55102247338446 3.040133011044575 336.6290853405916,340.59570674786244,344.5619596405222,348.5287685241945,352.49527699724894,356.46235880066695,360.4291011740331,364.3961650845812,368.36301184167706,372.33026541283584,376.2971322133978,380.26435213189313,384.2313690376354,388.1985951855608,392.1655576521348,396.13281791864904,400.0998463032697,404.06709942380564,408.03395466265533,412.0010669213643,415.9677660202441,419.93463812885244,423.9012406522957,427.86801831009984,431.834335881375
1.839820e-01 9.810231e-05 1.820199e-01 2784.07 0.4616245916773707 -0.039804015312049856 0.16151478773319955 0.5568196898390201 2.9372975886036743 332.27570261014375,336.28495063417296,340.2938471476996,344.303456363274,348.31251882486487,352.32225434097677,356.3316643037916,360.34151236011627,364.35119568516484,368.36123381221006,372.37092751203375,376.38109318676777,380.3909078284348,384.40115765258855,388.41096401030217,392.42123694771965,396.43109737618636,400.4413826272161,404.45128292880764,408.4614634322876,412.47118838834996,416.4811680291157,420.49096875037026,424.5007146069621,428.5103147351107
3.296890e-01 6.088201e-03 2.079250e-01 2767.55 0.4594823785900077 -0.038416670599479424 0.16264851761128538 0.5525818985854454 2.940746889842658 337.91387512262753,341.990966435357,346.06796341156655,350.1455073175883,354.2227935466771,358.30056314931977,362.37809767670507,366.4561720286024,370.5338154460366,374.611963677373,378.68982774579985,382.76817737839826,386.8461607381506,390.92439270860956,395.00248688740163,399.0807310998837,403.1588815139275,407.2370691625071,411.315187193959,415.39345738139843,419.4708404900996,423.54939907327855,427.62732009958273,431.7052893555047,435.7829807319163
1.019267e-01 1.322782e-03 7.547102e-02 2772.34 0.4332225648864188 -0.039718904806256596 0.16678696464084802 0.5546004886968745 2.9751093694851183 340.30779659238027,344.2706905824905,348.23427211540746,352.19762526393254,356.1612547840996,360.12467857827016,364.088346860776,368.0520886027445,372.0159739328469,375.97959463821354,379.9435854012841,383.90707755783137,387.87108373284406,391.8346580515912,395.7986498086375,399.76227434383986,403.726083086888,407.6894975288827,411.65324445613095,415.6166871443551,419.5802282765705,423.5434197931841,427.5067592044686,431.4696993582278,435.43313269066,439.3949973085854
2.375784e-01 1.670062e-03 2.041772e-01 2774.89 0.4475782506370923 -0.04035043946926533 0.16519096414435985 0.5533292681842729 3.0627763150732887 332.0078323084949,335.9667561445943,339.925571113619,343.88393672440145,347.84286354753743,351.80158244816573,355.7607250404142,359.7195399246027,363.67891598839526,367.63788759951507,371.5972867111192,375.55638710611566,379.5157446380834,383.4749870356501,387.43427826465035,391.3934353161932,395.3528337522565,399.3118629834155,403.2712658489025,407.23028476673426,411.1895159971542,415.1484658105776,419.10761638765763,423.0663436146541,427.0255690808295,430.984127781895
2.001086e-01 1.035403e-03 1.794005e-01 2774.76 0.4504497974415725 -0.03900085884248927 0.16285119291016917 0.5504402941269927 3.0697952301141203 338.13331145641826,342.164323511748,346.196086403239,350.22755114393595,354.25958046250753,358.2912311737486,362.3234643309503,366.355336263955,370.3877110098035,374.41962853691524,378.4521410757591,382.48423540858573,386.5166221603104,390.5488829670796,394.58128368974536,398.6134802588333,402.645947797398,406.67810140236054,410.71046541407986,414.7425581137912,418.7749421205054,422.8069222070572,426.83901401045046,430.87085046041267,434.9029905203593
1.396021e-02 2.079202e-05 1.354437e-02 2765.95 0.455795870773406 -0.03972361522286927 0.16348404883073728 0.5519933974934875 3.0206888906589677 335.82271536848197,339.82627331265843,343.8304067628643,347.83419492047665,351.8386141778826,355.84259885530264,359.8471693994135,363.8513920130791,367.85607005103503,371.8604635396141,375.8652710149248,379.8697358623238,383.87455811137704,387.87908327820395,391.883976164968,395.8884785839782,399.89333684083107,403.8978126287974,407.9026827679466,411.90700025351634,415.9116976893959,419.9160341266873,423.92062204960064,427.9247852191005
1.293945e-02 2.370864e-04 8.197720e-03 2771.34 0.47379213219029515 -0.040727254039619465 0.15923327775317508 0.5497222026057832 3.002860799359168 326.19574512785846,330.1788080339435,334.16265828050877,338.1461420200476,342.1302233684559,346.1139584234665,350.09826724967843,354.0823339102685,358.0669404134679,362.05123322708204,366.03599709024354,370.0203560957506,374.00525182072613,377.9897431012706,381.97452926935557,385.95915916247844,389.94402452957513,393.9287154970136,397.9136235479604,401.8982310421329,405.8831007561502,409.86750261640714,413.85234851937804,417.83687313913845
2.678392e-01 3.714514e-04 2.604102e-01 2780.24 0.44391718265461366 -0.039787937023167234 0.1634455309961409 0.547848945233547 3.0756622922413746 337.79156879004705,341.7718607863452,345.75187892605703,349.7324697096649,353.7127141801738,357.6935367822704,361.6739694513025,365.6549264996932,369.6354789809172,373.6164313750974,377.59711414668266,381.57812152009575,385.55879432230404,389.539860150816,393.52064909163005,397.50167062331366,401.48251134632056,405.4634040224155,409.44421783861867,413.4250115343618,417.4055392022224,421.3862350884821,425.3665523146753,429.34719240632796,433.32739968279844
2.819158e-02 2.101519e-04 2.398855e-02 2784.07 0.45790838830978364 -0.03958967114965618 0.1634718969135737 0.5555317468027533 2.944684175497956 332.65251139055675,336.66638717671776,340.67981966078213,344.6939868463552,348.707711388759,352.72204133218844,356.7360343696028,360.7505634384119,364.7647211897073,368.77937647435135,372.79382067701624,376.80855676934704,380.8229730133887,384.83767416629297,388.8522227122252,392.86700123455915,396.8814986008567,400.8963794129078,404.91073966140175,408.9254594562913,412.939866593942,416.95445456558275,420.9687720279867,424.98321067997335,428.9973613123358
8.210054e-02 1.364558e-03 5.480939e-02 2771.21 0.4528626292901459 -0.03898134727414688 0.16167168933361217 0.5552855030442252 2.9954160897434234 338.5427044726331,342.57862706788666,346.61511889936224,350.6515410078892,354.6881945975889,358.7246007173252,362.7616457711004,366.79827551643587,370.8352695631082,374.8721731170809,378.90924679984386,382.9461670908812,386.98347489374896,391.02031442446776,395.0577066326828,399.09460576975744,403.13171764204753,407.1686937437408,411.20590613330995,415.24268614655665,419.2797870715159,423.3165872310983,427.3533586892305,431.38999629578973,435.42685856912254
2.048551e-01 9.034885e-04 1.867853e-01 2782.56 0.46046804687754517 -0.0393682496003031 0.162179355364131 0.5565835453909121 2.957611862164099 333.94383978232315,337.97316239432314,342.00216524061165,346.03178764170315,350.0611372580347,354.0909756853842,358.12060748224786,362.1507132306618,366.18046603132655,370.21076483003606,374.24059436093495,378.2709378509162,382.300906911573,386.3312605711312,390.3613365985714,394.3916505535281,398.42174886282345,402.4521282406901,406.48209255127773,410.51256347342496,414.54230766298025,418.5725220627662,422.6022851313639,426.6322258603234,430.6621753814294
3.854340e-01 3.783117e-03 3.097716e-01 2777.78 0.4649510224272 -0.03890419857937172 0.16344253800866068 0.5539099643157092 2.891333632763923 336.5524536440882,340.6132790193707,344.67361392508803,348.7347937231891,352.7955603630012,356.85686498013763,360.9177556645495,364.97939882564975,369.04052375027436,373.10210891775216,377.1634778899375,381.22518017269215,385.286564391314,389.34839721436856,393.40989616866415,397.4716365431472,401.53326842352675,405.59502315983127,409.65653096186253,413.7181651116479,417.77957229336016,421.8410900664824,425.9024652426737,429.963955577157
3.742730e-01 2.494900e-03 3.243750e-01 2773.86 0.45347219170822195 -0.04074748186167246 0.16244218549661005 0.5527817655124514 3.017610693285816 331.2523275368316,335.2013653288392,339.1510538124547,343.1003319252319,347.0502681833392,350.99989391637206,354.94992898128,358.89962865534795,362.8499136787541,366.79975840764655,370.7501032366641,374.7001305416075,378.65040705959285,382.6004377875299,386.5508161004913,390.5008903390709,394.45127099471466,398.4012435572774,402.3515110479691,406.30143516745557,410.251643511411,414.20145644069123,418.151523278913,422.1012906577724,426.0510927377476
1.918049e-02 2.701806e-04 1.377688e-02 2772.87 0.45077795719765035 -0.03930905597544993 0.16237168835034949 0.5562916092882748 3.0140082636925323 336.8228534907859,340.8381779749074,344.85428246275393,348.87010837363147,352.886380878193,356.90235995156445,360.91888946504287,364.93514434351886,368.95167296258927,372.96799214404666,376.9846301310678,381.00099958905054,385.0177323469362,389.0341727641107,393.05100825438893,397.0673341050732,401.0841574426886,405.1005366689716,409.11714164438035,413.1334497437876,417.1500309637924,421.16639376227585,425.1826464880961,429.19880897871167,433.21497281084294
3.356583e-03 1.610636e-05 3.034455e-03 2780.11 0.4504682768998215 -0.039697776851400086 0.16350437679970936 0.5626503995507719 3.079564926105325 335.1128665676316,339.10778411232985,343.103494914027,347.0987473378627,351.0946279616324,355.0901810565553,359.0862616074627,363.08202195242643,367.07820822582306,371.0740505569442,375.07031405218663,379.066339144206,383.0626137078855,387.05862504261404,391.055053927847,395.0510505510769,399.0472926677631,403.0432607681035,407.03948404559793,411.0354448067136,415.03145543492377,419.0272054937066,423.0231998403517,427.01868372453197,431.0144141422985
1.992829e-02 9.131042e-06 1.974567e-02 2777.71 0.44976002093039913 -0.0396620354035663 0.16519847444218438 0.5566608916240455 3.097548783112319 335.1870895457621,339.18327064184456,343.1798104083434,347.1761049058858,351.1730318776903,355.1695593758234,359.16657435971507,363.16327181507563,367.1604425514172,371.1573593826498,375.1545613103752,379.151505507798,383.1487891307442,387.14576919255904,391.14306997377537,395.14008157143513,399.13729803933796,403.1341896599612,407.13148921939245,411.1283082404026,415.12538516031964,419.12226681277997,423.11911903706084,427.11580162523677,431.1125147801512
1.815246e-01 1.056551e-03 1.603936e-01 2778.11 0.47957584511024526 -0.04126429412039047 0.16163700597586073 0.5517220530982617 3.013778180087102 320.83741808129247,324.8037788988052,328.7697011195309,332.7363192732907,336.7026307754422,340.6697192620222,344.6366788370097,348.60374260295794,352.57072717724196,356.5381357147654,360.50527700272505,364.4728874275912,368.440250557315,372.4080587628692,376.375340970974,380.3432713439438,384.31067202053475,388.2786415117157,392.2461523767252,396.2140049656755,400.1814729267435,404.1493557689636,408.1167418743356,412.08453437487213
1.641428e-01 9.443140e-05 1.622542e-01 2770.89 0.4554092435207704 -0.03960178186015876 0.16144339351325715 0.5555445555172818 2.9904913254729317 336.26044751747776,340.2690647836607,344.27841418936754,348.2874183807549,352.2969963608448,356.3061413563994,360.31590459172963,364.325336611337,368.33521551766495,372.34482068559026,376.35470803997697,380.364329226445,384.37440241974565,388.3840705492477,392.3941931172934,396.40385478619015,400.4138504691319,404.4234761171125,408.43335606582036,412.44305186802654,416.45281813921616,420.4622874753577,424.4719545850854,428.48125040080754
9.108768e-02 3.518876e-04 8.404993e-02 2773.21 0.46539741933271844 -0.039763433673834066 0.15903607204646597 0.5506469346215432 2.993149714396611 333.0021223674194,337.020052085099,341.037778609012,345.056012625465,349.07407031144925,353.09257586044913,357.1107951917743,361.12949315844463,365.14780136296383,369.1667704089596,373.18527638015814,377.20424360396913,381.22288582815264,385.241958496329,389.26064188219266,393.27969911172954,397.29837352157256,401.31755065936375,405.3362927123252,409.3553011864542,413.3739314528124,417.39286031360365,421.4114149490808,425.4301046558088
2.081551e-01 1.417774e-03 1.797996e-01 2780.24 0.438705022842509 -0.039960361052433196 0.16392091028251765 0.5507012731021773 3.0558672954822437 336.234004826975,340.1968342327303,344.15851469550154,348.1207741773329,352.0827435509014,356.04516231763944,360.00722976972617,363.96983753799145,367.9321608174437,371.89481381391283,375.8571270813774,379.81976980441334,383.7821066943961,387.7448120342335,391.7073161871006,395.66992103131804,399.63235676219557,403.59501452116723,407.5572788385763,411.51965082088003,415.4818136752948,419.4442615969576,423.4063488422768,427.36854126161614,431.330363330483,435.29245320477406
7.277169e-02 1.534991e-04 6.970171e-02 2773.45 0.4707196793214547 -0.040565425009716806 0.15998076090385932 0.5514706644861032 3.0400900658903307 326.44027728508655,330.42641242657953,334.4133185144837,338.3998846664131,342.38684905066043,346.3737648761198,350.3610933203241,354.3481809594063,358.3356518593716,362.3229302041121,366.3107193896941,370.2981591924888,374.28608337449907,378.27350992361033,382.26148452300976,386.2490454613983,390.2368933497555,394.2244794546975,398.21250214273067,402.20009093779186,406.18795182732566,410.17555163229514,414.1632594064222,418.1507334251527
1.534897e-01 1.181916e-04 1.511258e-01 2773.05 0.4649241850101137 -0.04034490378605253 0.15984730925784482 0.5491078857541066 3.0041050967655756 330.54590986487887,334.5342509276775,338.5222269093594,342.51086153388974,346.49924069006374,350.48814310377037,354.47670170132625,358.4658002324758,362.4545664387497,366.4437049180162,370.4327399388654,374.4220778373664,378.4110261160452,382.40057231396594,386.38965182946134,390.379168929685,394.3682112814866,398.35768811856144,402.3467064544407,406.3361285200303,410.32514869484254,414.3143903462861,418.3032601662627,422.2924642897425
1.990078e-01 2.788070e-03 1.432464e-01 2770.31 0.4556063776936422 -0.040881707326834875 0.16280056906371285 0.5537703374006651 3.0287551061670333 331.01454477098116,334.96079843106304,338.9074741020963,342.85401134099016,346.80102613560763,350.74769922929227,354.69485060603887,358.64177823936325,362.5890856150292,366.5361801097446,370.48356242064403,374.4305929292994,378.3782457458062,382.3253025106949,386.27286999788237,390.22002578681554,394.16752125545287,398.11468868271004,402.06204524018455,406.0091027569804,409.9564226811367,413.90339084051385,417.85061366787085,421.7973849698802,425.7454457057787
3.706120e-02 5.869677e-05 3.588727e-02 2768.78 0.46759903305587164 -0.04006416343699008 0.16032129576564572 0.5463211250826195 3.0274188584556647 328.07328810549467,332.0795894794188,336.0864124027286,340.0929445398724,344.10009414560824,348.10688636674024,352.1143566045778,356.1213899633881,360.12899458515466,364.13630440383105,368.1441673580089,372.1516144592656,376.15955940340274,380.1670759766407,384.1750311845517,388.1826861137242,392.19061195824605,396.19830005849144,400.2062067223446,404.213736298616,408.22178196088095,412.2293300910023,416.23721052562644,420.24475597851796,424.2525005133562
1.344506e-02 2.069886e-05 1.303108e-02 2771.40 0.45110120777557716 -0.03955929917834942 0.16344970704565465 0.5522702574210812 2.9952091470953324 335.8221929262124,339.82554823303974,343.82976711564464,347.8336120458879,351.8380743204801,355.8420984000995,359.8466669246787,363.8510610790626,367.8557565125603,371.8601590853442,375.86502393074477,379.8693663597012,383.87433721360657,387.87876002105105,391.88370795436305,395.88832556385915,399.89305385609464,403.89758496252966,407.90234836645334,411.9067609028015,415.9114771784358,419.91578057714014,423.9203658535407,427.92453956370133,431.92884014014186
1.382940e-01 1.255557e-04 1.357829e-01 2780.35 0.4682476793349657 -0.04045732724182937 0.16318590652665035 0.5497019085837287 2.921430201815313 326.5375383646208,330.52500217204806,334.5129573806237,338.5006724387989,342.4890781263352,346.4770108961643,350.4656737970285,354.4538818044973,358.44265703718946,362.4312601801163,366.420093811867,370.40870352065485,374.39783264789526,378.38648572024977,382.3755235735698,386.3642507998019,390.3534331362275,394.34216038947187,398.33123943647445,402.3200131146575,406.30904938315524,410.29780995827394,414.28675633612994,418.2754356004376,422.2642854257174
1.876327e-01 4.349786e-04 1.789332e-01 2770.87 0.46098355347462516 -0.040403445867426904 0.1606957729346043 0.5556016509922339 2.9346670397731263 329.725310132003,333.7036150189179,337.6817875471885,341.6604127168533,345.638816195453,349.61782143273183,353.5964660502315,357.5756769984916,361.55447835264556,365.53376744071323,369.5127307883318,373.49217285647916,377.471281468805,381.4506275540562,385.4298470290464,389.40922162176435,393.3884264461269,397.3678553884085,401.34692029453277,405.32633574751384,409.30531393479447,413.2845161179574,417.26345513948615,421.2425472409321,425.2215815260679
2.593292e-01 1.021508e-03 2.388990e-01 2769.63 0.4672507467634521 -0.03956431384589386 0.1600264929757175 0.5509124337986598 3.050175215715069 330.067230391299,334.09766424537503,338.1288476918178,342.15972248810925,346.1912726394329,350.22238875281636,354.25413893046965,358.2854807268356,362.31750189439373,366.34905093838273,370.38119638746906,374.4130550529953,378.44518159580656,382.4770344759379,386.50929834058235,390.5413058980317,394.5735813061245,398.6054727492085,402.63763025742577,406.6697121493992,410.7018747696189,414.7337340340199,418.76586710437687,422.79770557712567,426.82971811169176
9.634065e-03 2.213546e-05 9.191355e-03 2782.56 0.468891522454853 -0.040154644220859945 0.1605472517821625 0.5545412482785766 3.0227700989722606 327.84147587712107,331.8449087357895,335.8487353155263,339.8524223398084,343.8566422257426,347.8605481243887,351.86504811184096,355.8692077570235,359.873921672122,363.8782043892586,367.883083190905,371.8875609243048,375.8926312129687,379.8972439279734,383.9022997318053,387.90697973837734,391.9119741186508,395.91662536947393,399.921581654755,403.92626860142616,407.9311613254991,411.9358227350769,415.940716472932,419.9452448760291,423.9499520761283
8.690513e-02 1.309250e-03 6.072012e-02 2780.11 0.45277993465846145 -0.04042989230124345 0.16385033456614725 0.5594345338715754 3.0146556001078255 332.41587780199757,336.37883006835006,340.34236122409476,344.3054382077202,348.2692268202899,352.2325379583914,356.1964455439183,360.16005352403914,364.1240108281783,368.087767315723,372.05179386198256,376.01556768086306,379.979788292121,383.94353319300376,387.907674961129,391.8715596210424,395.83568066151423,399.799443290144,403.76355856899437,407.72717821205526,411.691199750066,415.6547242091787,419.6184678755801,423.58190385030946,427.54543308379317
1.441577e-01 3.370061e-04 1.374176e-01 2774.32 0.4578977357990444 -0.04025213770287021 0.16025466655587872 0.552311073390218 2.9552741307355994 329.92580071710194,333.9067912916809,337.8873752295981,341.868628424048,345.8495293445923,349.83097309816816,353.81207077120763,357.7937850491395,361.77508442826206,365.7568900642703,369.7384878906472,373.72027914461967,377.7018614263512,381.683705858061,385.6654502515865,389.6472917351472,393.62904595405666,397.6109129099831,401.592563128169,405.57435802730697,409.55587728493805,413.5376131806236,417.51909876926373,421.50080393701774,425.4820435218252
1.216168e-02 4.405912e-05 1.128050e-02 2778.11 0.47684032606190246 -0.04036493220537945 0.1592389880044479 0.5579016404169018 3.0045073471494295 324.0044769724071,328.01015013385364,332.01525002367663,336.0211946093206,340.02666969966305,344.03284808341533,348.0386113551332,352.0450000539308,356.051152284194,360.05775748992136,364.0641332105752,368.0709029580889,372.0773507988074,376.0841991213202,380.09075912952227,384.0978154450954,388.1043888305574,392.11132901814295,396.117979308678,400.12491376329905,404.13145889968484,408.13832975266445,412.14496297276867,416.15186420191236,420.15850632056197
4.728555e-02 1.946600e-04 4.339235e-02 2771.52 0.46664727357704994 -0.03989131873991144 0.15885554062996318 0.5539569922985212 2.9134695782203814 328.60017143835256,332.61328800230456,336.6265179543675,340.63934260335407,344.65288940989535,348.6660817125079,352.67985738624714,356.6933870021335,360.7072307474482,364.72093920934543,368.73504257038667,372.7488315451362,376.7631036227757,380.77686798224363,384.7910992429954,388.8050163011274,392.8193140463982,396.833219704562,400.84757192170093,404.86148221870394,408.8757445667479,412.8895510470719,416.9036364000033,420.9173645387443,424.93126624441174
1.139714e-01 1.624897e-04 1.107216e-01 2773.29 0.47800542608651986 -0.04028482820452114 0.15845654938499076 0.551127848148454 2.987376436124003 324.4954047817775,328.50703399168833,332.5182765736654,336.5303483520086,340.54198228850754,344.5541884525238,348.56608350034645,352.5786335544263,356.5908104860952,360.60354056692984,364.6159482322697,368.62888347928805,372.6414684915795,376.65438788895483,380.6670884878649,384.6801473220552,388.6929691272045,392.70610060411957,396.7188723233192,400.7318352803375,404.7446192580362,408.75761114206256,412.7704459820814,416.78333345867014
1.334888e-01 2.141726e-03 9.065425e-02 2782.49 0.4527690797214689 -0.04064677625718908 0.16053858570612906 0.5500012623036777 2.9599111281790185 331.5596819761032,335.512430566424,339.46567760792954,343.41870996632315,347.3723352542057,351.32558246904233,355.27929691171545,359.2327575050132,363.1866219766997,367.1401276207306,371.0940946511047,375.0477643466416,379.0018100112102,382.9554689174233,386.90951509502133,390.8632885085915,394.8173062269659,398.77095778833444,402.72492872190844,406.67860605515443,410.63240106971085,414.58597686777546,418.5396512007059,422.49309610974797,426.44647756812293
5.595613e-02 4.879745e-05 5.498018e-02 2770.79 0.46638203219959623 -0.040312670565139236 0.1607248485344404 0.5489283637175529 2.9570616611729243 326.87880916540723,330.87120724008633,334.86356400917555,338.8553775260086,342.8479659320137,346.8400934540407,350.8329416018297,354.82538806451487,358.81841623539907,362.81113387689237,366.80426982866254,370.79715784268393,374.79040798942947,378.7833439136562,382.7766975960808,386.76973382721815,390.7629889103888,394.7559534505612,398.7493175301544,402.7423272502943,406.7355765352956,410.72852701451035,414.72171898057474,418.7145572227743,422.70757719506423
3.656264e-02 1.475067e-05 3.626762e-02 2775.13 0.4621033326499344 -0.0399576308180898 0.16177203092248707 0.5449089942352267 2.949199089147681 331.7585586245641,335.7616521121235,339.76433629034165,343.76782324251184,347.7708762023798,351.77445826035483,355.77770615784414,359.7816187468345,363.7849948364398,367.78895524596317,371.7927017285084,375.79665606725615,379.8004706738978,383.8044870267296,387.80837223936584,391.8124367412416,395.8162383174978,399.820479346522,403.8242236315398,407.82825746241605,411.83203877242846,415.8360147506145,419.8396360760295,423.84349105929954,427.8479203725112
1.105969e-02 2.104346e-04 6.850997e-03 2782.09 0.45432485423196045 -0.04006025167667783 0.16226101234635124 0.5458274588241675 2.970290400441733 334.219187650515,338.20354948032974,342.1887466423035,346.1734616282202,350.1587547848491,354.14373911859764,358.1292081233101,362.11437736919754,366.099974953299,370.08532921207205,374.0710394392608,378.056540149164,382.04226450038215,386.02776448084967,390.0135705185413,393.99906089092434,397.9849518995941,401.97026602640483,405.95597935303954,409.9414512414692,413.92699120729054,417.9124247779139,421.8978022610834,425.8830894037315,429.86837591634804
2.100951e-01 4.023315e-08 2.100943e-01 2771.77 0.4593847756562762 -0.03992811172327292 0.16040852258960842 0.5570508483795448 3.0301030470845975 331.45963342159985,335.4591707972641,339.45818220393176,343.4579987521603,347.457224811604,351.45721510626305,355.45686056508055,359.45697668905285,363.45678420631896,367.4570602247579,371.4570185147784,375.4573247732281,379.45743521571495,383.4578653126282,387.4580000918624,391.45838508049445,395.45841121932915,399.45887770183595,403.45895574656475,407.4592474804278,411.45924377727016,415.4595250363428,419.4594871472154,423.4595243248219,427.4592674817253
1.497531e-01 3.054626e-06 1.496920e-01 2771.75 0.4562120571197006 -0.03979042060482264 0.16323286110332397 0.5519599152357489 2.9506781336197583 335.59041033322,339.5911404744798,343.5924203955672,347.593455256938,351.5949985324357,355.5962301815898,359.5980059126371,363.599425600561,367.601379471353,371.6028981909951,375.6049127782249,379.6064672772385,383.6084819404351,387.6103008048795,391.6124404543608,395.6140441660347,399.6161131384362,403.61773196118025,407.61976284002833,411.6213805288467,415.6231457920107,419.6246993709485,423.6263856803113,427.62778491778624
7.401302e-02 1.721116e-04 7.057079e-02 2775.89 0.4458017615519476 -0.03920682314888323 0.16361736128539292 0.5516119503130179 3.0411907862152785 340.5473655896474,344.5601913972535,348.5724815781447,352.585627756846,356.59821030018225,360.61131299165027,364.6241580831436,368.6374718467932,372.6504151412096,376.66384707044335,380.6769016904095,384.69042083583946,388.7035143250947,392.7169599226339,396.73014026404144,400.74353796950186,404.7567004807606,408.76991186401483,412.7830060044638,416.79625507720584,420.8091314479282,424.82225453001723,428.8350482280396,432.8480304487101,436.860718618887
7.874357e-02 5.829832e-04 6.708391e-02 2777.78 0.47233689163627307 -0.03988101514106316 0.16309133714345603 0.549674476989312 2.9925593964156527 329.43164228147094,333.4542508819971,337.4776184369617,341.50056533037855,345.52431017118806,349.5475133123033,353.571553350569,357.5950553517839,361.61914544597374,365.642976247747,369.6672696855543,373.6910638730959,377.715473600807,381.7395915504223,385.7639917078749,389.7880886381977,393.8126344513731,397.83676508325857,401.86116099095017,405.88526421005525,409.9097236605038,413.9337761341896,417.9580690674019,421.9822071597676
1.573868e-02 3.112948e-05 1.511609e-02 2777.99 0.453708798294284 -0.03985882871058292 0.1625966082131233 0.54870587480011 3.0378344728150597 334.96828270968314,338.9617024327564,342.9557673190377,346.9493227388639,350.9435656103953,354.9374872878213,358.93194283552447,362.9260787871076,366.92061022259134,370.9149024263232,374.9095089565421,378.9037556726673,382.89855802679557,386.8929837730672,390.8876630647948,394.88202611788626,398.8766769795213,402.87116557575246,406.86584125949526,410.8601266387986,414.8547487423235,418.8488948213909,422.8433113833437,426.8375130235601,430.831835808862
3.944110e-02 1.444463e-05 3.915221e-02 2776.75 0.45546018129782995 -0.03973623125507095 0.163041941166234 0.5468499168830273 3.062837527195899 335.7509004341305,339.7536911417784,343.75705362936236,347.76008232446304,351.7635604883588,355.76688476896584,359.77057521891174,363.7740437759876,367.7778926869206,371.78152743482724,375.7855903267329,379.78932538656665,383.79335506759355,387.7970715392406,391.80119949578443,395.8049264341959,399.8089903424765,403.8127804995722,407.8167974647735,411.8205899842544,415.8244175916491,419.82801058769206,423.83186773674504,427.8353216443368
9.228537e-02 1.225587e-03 6.777364e-02 2779.01 0.47205627671623424 -0.03965737920994812 0.16215307945009955 0.5505345899352486 3.0307237351098557 330.32034338975564,334.3537692029662,338.3880257668449,342.42178476598696,346.4563397421437,350.4905414496434,354.525314594749,358.5596949621679,362.59473213763425,366.6295046407611,370.66449594315054,374.6993482492319,378.73458099944435,382.7694566593016,386.80475460613144,390.83973885338844,394.87499918321083,398.9102206183079,402.9455181948975,406.98042061528855,411.0156467782352,415.05063932474076,419.08582276087304,423.12064281749053
1.004543e-01 1.210523e-03 7.624389e-02 2776.62 0.46976699716243164 -0.039590878205511035 0.1627212858226333 0.5489122234302142 3.029475316837427 330.29964302477276,334.3328704326282,338.3669062267894,342.40060277901375,346.43496566111014,350.4688742750069,354.5034695392011,358.53767255770225,362.5723562125859,366.6068529650111,370.6417347006539,374.6763420306739,378.71126889762536,382.74602193481667,386.7812584461569,390.8160338512402,394.85106453166327,398.8859259523703,402.92094705346216,406.95578664678595,410.99075714722403,415.02545702488396,419.0605192499351,423.09504358412516
5.111934e-02 4.886323e-06 5.102161e-02 2770.31 0.46299132486994476 -0.04010612336264681 0.1628594343770554 0.5492143691082958 3.0150529844421854 331.26132530213596,335.25838275846274,339.2550895418544,343.25245997666696,347.2493324755846,351.2469295569035,355.2441877257679,359.24190332084714,363.23924590937247,367.23731609144806,371.2347958965416,375.23278671754684,379.23051118971904,383.2285378032793,387.2263471631003,391.2245281523597,395.22227849927424,399.2203921799572,403.2180480637706,407.21619814582107,411.2138199418486,415.21178819810353,419.2094248627123,423.2072093250251
9.930195e-02 7.826764e-05 9.773660e-02 2777.78 0.46835554257763395 -0.04005510802309862 0.1626754354177376 0.553399609710934 3.010801848788281 328.179130100606,332.18657033030433,336.19475140386294,340.20254944491614,344.21093913547696,348.2189879651041,352.22761393346,356.23588967264965,360.2447675132981,364.2532474160231,368.2622123722412,372.27090600939465,376.2799057244801,380.2886767801263,384.2978655785703,388.3066968729752,392.31586488551903,396.32463054361045,400.333905272483,404.3426284578692,408.35180709699966,412.360538961251,416.3695384724519,420.3781473200831,424.3871606491293
2.506511e-02 7.876362e-04 9.312389e-03 2780.11 0.4616187930318586 -0.039448879209690015 0.16348472223705296 0.5543397908699892 3.0030575915327167 333.78249855533596,337.8099264599589,341.83701980644247,345.8646985878159,349.892094799231,353.92009210239627,357.9477172022,361.9758081092585,366.0037235215381,370.03200276236925,374.0600089493544,378.0883290982932,382.11640953898234,386.14488149997106,390.17297366916375,394.2015954171848,398.22961206530084,402.25806934898367,406.2861522349227,410.31464646839066,414.34266320551944,418.3708461582656,422.39888793207564,426.4269595049976,430.4551734534372
1.767166e-01 1.346675e-04 1.740232e-01 2771.03 0.4532054870788311 -0.03949284074001454 0.16389953880597413 0.5531007464685431 3.0156303498450514 336.4146338572395,340.4252331739554,344.43646540862153,348.44727077139515,352.4587820153772,356.46987554879297,360.4814757225543,364.49272056921944,368.5045759636202,372.51595601452647,376.5277651009387,380.5393360367687,384.55133501271104,388.56288106909466,392.57474345083006,396.58640361912984,400.5982631759809,404.6097879529877,408.62156408283585,412.63317871976267,416.6448700584388,420.65627302342625,424.6678301784264,428.6790816595714,432.6907379742109
3.220844e-01 2.406864e-03 2.739471e-01 2780.55 0.4410809408717806 -0.040280796935395456 0.16224316401016184 0.5487045127210392 2.978485541485761 335.264716948732,339.21538002078466,343.1656196793962,347.11645400810175,351.0669184877722,355.0179221585917,358.9686898920031,362.9196610943644,366.87045408269734,370.82159784167766,374.772507194157,378.72375007871096,382.67473853396416,386.6259885516497,390.57692780568436,394.52812903536216,398.4789032323762,402.4300980118918,406.38086905679376,410.3320604804888,414.28281337182534,418.2336571359067,422.1842711274382,426.1349750163474,430.08520119977106,434.03702703869874
1.048260e-02 2.872545e-05 9.908087e-03 2775.17 0.451455923607585 -0.0397720296683083 0.16301389078568704 0.5501750398858876 3.001893477249661 334.98870989238037,338.9823605690678,342.9764586542649,346.9704044750587,350.96490247426055,354.95910106590424,358.953702312962,362.9480269346666,366.94288806958787,370.93739812062717,374.9323159868295,378.9269400725265,382.9218298347979,386.91654487493537,390.9114980539172,394.9061725535133,398.9010337131878,402.8955497322518,406.89054817042717,410.88512398988235,414.87977922585833,418.8742588241982,422.86889848456474,426.8631580148126,430.85762389932285
5.481560e-02 6.194561e-04 4.242648e-02 2777.45 0.4741083318674865 -0.03992815359072659 0.16274835807018445 0.5462925372350144 3.0211589633593596 329.48931952084996,333.512571596587,337.5367013606097,341.56038265604235,345.5847208173717,349.6087842462995,353.6334108334639,357.6577517654014,361.682656709478,365.70709425059596,369.7320406395612,373.7567349275312,377.781978491821,381.8067132663445,385.83189401989495,389.85662597364905,393.8818725963131,397.9068178727848,401.93203346391573,405.95691848182116,409.98210091736775,414.0069408208713,418.0320744523176,422.05665409192164
5.840138e-02 6.960923e-04 4.447953e-02 2775.54 0.4573865804390312 -0.04040363207763622 0.16110446033877163 0.5490346409148231 2.975789591572294 329.25493871430376,333.2285086829596,337.20114329401605,341.17431439795917,345.14707127310027,349.1205742414072,353.0936123680186,357.06729574660653,361.04059817153245,365.01435423828525,368.98774042594846,372.9616319675082,376.9351147054043,380.90900750329604,384.8826939813514,388.8566401284557,392.83025498643923,396.80410376855997,400.7776802353619,404.75155642405775,408.7251434351064,412.6987949471248,416.67220886137943,420.6458586800529,424.6191416081065
2.225080e-01 8.393183e-05 2.208294e-01 2773.70 0.4548289759229244 -0.039968323258717985 0.1632284910107545 0.5492106995424183 3.0149632089536866 334.6686012643644,338.65837464454995,342.64875106333454,346.6388992273181,350.62948280922166,354.61971880637697,358.6106156752415,362.6010672228054,366.5921567521858,370.58271636717933,374.57382644112937,378.56464339339055,382.55570769270537,386.5464696573729,390.5376397824386,394.52843574233776,398.51953038093893,402.51036282488684,406.5014484451894,410.49215404788583,414.48313904971724,418.473744621575,422.4646183389425,426.45500069609346,430.4467486428914
2.153893e-01 3.794827e-04 2.077996e-01 2774.32 0.46664220212542823 -0.040574715719272125 0.16323411116069175 0.5495618485458921 2.9487331074171883 325.8572082323306,329.83713735475254,333.8168957643434,337.796277597344,341.77631058379535,345.7560185905985,349.73638928998605,353.7164086615062,357.69693213763816,361.6771262398959,365.65790044441155,369.6381285316635,373.618993678295,377.599287933837,381.5801793597615,385.56072634667606,389.5414256288871,393.5220435739419,397.5029099050324,401.48329956457707,405.46411577776314,409.44451975977785,413.42519561926775,417.40553830099924,421.38611792577547
1.233985e-01 8.524203e-05 1.216937e-01 2779.70 0.46040999911409003 -0.039788517368598834 0.15978442080704866 0.5483259371626654 2.957826099553502 332.20851852988363,336.2168467531365,340.22494980726856,344.2337166574653,348.24221244463723,352.2512129879476,356.2599040889719,360.2691877331188,364.2780895459609,368.2873211438638,372.2964355321765,376.30590884156754,380.3149807161101,384.32456280828353,388.3336964285266,392.3432359609374,396.3524609010473,400.36195970862855,404.37130462645746,408.38071536785645,412.3899051244939,416.39923026206833,420.4081732068786,424.41747430579625,428.4264932210452
9.718776e-02 3.568869e-04 9.005003e-02 2782.35 0.4617736927496021 -0.039654824350638856 0.16219249845208666 0.5403866321953716 2.9803782956412572 332.99775395034476,337.01583657478864,341.03349055260725,345.05187029188403,349.06999155471283,353.08860581366497,357.10684217156063,361.1257351491164,365.14422412644706,369.1631567676316,373.1818118246911,377.2008833858029,381.2196961910112,385.2388644816612,389.2575778148222,393.27687419238686,397.2957610585201,401.3148185163496,405.333697710228,409.3527651729639,413.37158389957153,417.39058848286237,421.4091964255202,425.42817562384573,429.4476472001205
9.691244e-02 4.881270e-04 8.714990e-02 2780.93 0.4595842930190291 -0.04040125531990687 0.1604984143289784 0.5416455799784674 2.972808660065301 329.6053563428959,333.5825303654268,337.55927517122603,341.5368359567811,345.5139433666462,349.4916142797182,353.4688936813748,357.4468490171396,361.42439557264237,365.40241573032296,369.3800742595224,373.35819251117545,377.33599239331704,381.3142744459507,385.29212288049735,389.2703195926645,393.2482363389847,397.2264681307618,401.2043668334238,405.182437211721,409.16034006779796,413.13839104147775,417.1162382063787,421.09406772575096,425.07159916792904
1.158207e-01 1.331009e-03 8.920048e-02 2782.13 0.4481255047482527 -0.04028400298566074 0.16355893615608932 0.5483965892370989 2.9982758558249305 332.37275336854634,336.3359163292845,340.29899390005687,344.2618978661245,348.2252215800215,352.1882315752405,356.15174300996756,360.11493596085046,364.0785968926521,368.0419246214128,372.0056501136866,375.9691693518874,379.93289288633963,383.8964211138809,387.86019822045307,391.82377693375906,395.7875525041234,399.7511456805296,403.7148237602991,407.67825963902845,411.64180202934796,415.60524253164795,419.56859547611305,423.53172416184015,427.4952200350617,431.4590851969678
1.551527e-01 2.010568e-03 1.149413e-01 2769.28 0.4733963801199866 -0.0395139924128677 0.16127187517800173 0.543507219739607 3.006878824921842 331.120050276667,335.16328289191426,339.2073400199085,343.25085465403413,347.29519762180024,351.33915894871143,355.3838265184125,359.4279904371826,363.4728996444364,367.517389169121,371.56216026212473,375.60695940643274,379.6519223506199,383.69663117367384,387.7417333025431,391.78658370518315,395.83179532029703,399.87678056280106,403.92172947522477,407.96670092744836,412.0117376406675,416.0566091932098,420.1016379341511,424.14620187698154
2.411455e-01 1.721251e-03 2.067204e-01 2782.09 0.4628469958335366 -0.04091137226978601 0.16100933057542563 0.5431359235411485 2.9965624186810444 328.00058582203474,331.9584044421966,335.9158377089602,339.87386507088354,343.8315850419273,347.78991759297975,351.7479002823538,355.70629482003346,359.6644896976472,363.62305113968654,367.5814180103542,371.5401569401217,375.49843306663075,379.4573300273213,383.4156793216791,387.37453736639935,391.33305401961707,395.29187030231293,399.2502634662327,403.20905011590753,407.1674875076865,411.1261725176257,415.0845414123269,419.04303266319647,423.00221513046006
1.369646e-01 6.206021e-07 1.369522e-01 2780.67 0.4647075979751655 -0.040130757679591865 0.16430510087322758 0.550688192599548 2.9761832638344496 331.38489451238416,335.3832876945691,339.3814117230522,343.3801742067756,347.3786507024724,351.3776160138204,355.3763217900492,359.37552815045916,363.3743312609639,367.3736973606661,371.3727279717959,375.3722496238383,379.37144054562935,383.370997816965,387.3701636542469,391.3696686772683,395.36898722476735,399.3683329945638,403.36766837545605,407.3670142348515,411.36617506638254,415.36551125516223,419.3645778230952,423.36376552051905
1.085692e-01 1.501427e-03 7.854066e-02 2781.24 0.4735607790214999 -0.03963338260114392 0.16180361625252362 0.5493900220229958 3.045173928989657 330.625417326396,334.66261791815083,338.70051711361657,342.73804537680223,346.77628107916456,350.81410731618297,354.8526977505304,358.8909059144304,362.92958743478147,366.9678813236773,371.0068003143805,375.0452983115876,379.084383225123,383.1229472479465,387.16197315444396,391.2007396688178,395.23971637172065,399.2784877415735,403.3176467230821,407.3563227238495,411.3952785771683,415.43405881259855,419.47304404435374,423.51156859175103
1.140954e-01 1.158549e-03 9.092437e-02 2767.89 0.45908368057585325 -0.03926297344810411 0.16537564317980585 0.5441039069031474 3.006103880227307 334.25743889569276,338.29072883547576,342.3235872823318,346.35715509039153,350.3905051390922,354.42428657504183,358.4577241395321,362.4918152648994,366.52553459050813,370.559597440746,374.59347083842164,378.6276558410441,382.66168622024696,386.6959714346887,390.7299824170105,394.76433184112557,398.7983173669232,402.83277182069673,406.866767539934,410.90103384982683,414.9349926470705,418.96920235102516,423.00305294750177,427.0371294922638,431.07073275750383
2.697927e-01 1.851878e-03 2.327551e-01 2780.67 0.4651408802136427 -0.03927349880469293 0.16311086582751494 0.5525554631800272 2.99162325527746 335.0205030699871,339.0629028081243,343.10481799648784,347.1473550871715,351.1897588013117,355.2327256106053,359.2752368737563,363.31821815845996,367.3609727840464,371.40417286072864,375.4469680872833,379.4903750426278,383.5333618004152,387.5766922207775,391.61973203841035,395.66319652978905,399.70617697329385,403.7498679706041,407.7926927282007,411.8360806655417,415.8790383599959,419.922288426036,423.96511841467714,428.00825850995705
3.509903e-02 1.476011e-05 3.480383e-02 2779.13 0.44960810322338546 -0.03952394866563971 0.1622446099331881 0.5501028878881359 2.9978889218461067 335.7585376087053,339.7615658963952,343.7650013294331,347.76820487840763,351.7718720524434,355.7752542903576,359.77910224369657,363.78265041435714,367.7866845606028,371.7903763921266,375.79451506204344,379.79830334151325,383.8024343234932,387.8062157522895,391.8103810262669,395.8141391003567,399.8183308248907,403.82206855000885,407.8261406565532,411.82989898920005,415.8338950952509,419.83748124917287,423.8413405916819,427.8449157465596,431.848446255423
1.828415e-01 1.093103e-04 1.806553e-01 2772.27 0.4611965408353557 -0.04020604396217178 0.16409714515651258 0.5506510265460789 2.935672154281701 330.58257275958846,334.5713960208945,338.5598606735357,342.54893658111223,346.53776284311584,350.5271614741176,354.5161244858459,358.50582655401223,362.4949390140045,366.4847628890798,370.474061226958,374.4637789684497,378.453183829471,382.4430919839978,386.4326545128365,390.42244261971814,394.4120617055869,398.4019681706337,402.39133785877686,406.38110022645384,410.3706318951083,414.3602002463222,418.3496992409027,422.33909097361044,426.328466283532
1.483190e-01 1.496230e-04 1.453265e-01 2780.58 0.4653967961770388 -0.03990631946284408 0.161478225039364 0.5421402941617398 3.031115276330945 332.45091378848633,336.4624113587122,340.4734178178842,344.4852944555048,348.4966586126493,352.5085825701022,356.52022577514333,360.5324672232008,364.5441803376082,368.55654595237763,372.56858208366566,376.58093480653,380.59308799884855,384.60560119107566,388.6176988894275,392.630278552335,396.64245842598797,400.65499544486244,404.6671935118259,408.67971806279394,412.6919184905207,416.70435848538824,420.71639080601585,424.7286407676706
2.895583e-03 1.595405e-05 2.576502e-03 2772.07 0.45667187261775455 -0.039927993051260796 0.16561663592777406 0.5487695022236624 3.001905795256002 331.1083001320783,335.1045916221957,339.09939509995945,343.0950034350337,347.0903564919242,351.0861214045609,355.0815457266831,359.07766608172756,363.07324556377387,367.06946563592464,371.06525889798587,375.06147603129506,379.0574344939265,383.05376020497465,387.0497910115917,391.046028997041,395.0420286205935,399.0383745143303,403.03426949999164,407.03056997734427,411.0265639265674,415.0226517686048,419.01837200282296,423.0144524445396,427.0101384541796
9.707322e-03 1.283083e-05 9.450705e-03 2775.62 0.46101090000953826 -0.04005983107993433 0.16196957855901128 0.554149967679771 3.0012470716028927 331.1526154947528,335.14829914145446,339.14361304582604,343.13955595910016,347.1352253290419,351.1315643194581,355.1275278054185,359.1238004784321,363.1200018115617,367.11653941922674,371.11273086623885,375.1094976859473,379.1058440326689,383.10256363107266,387.09898887935975,391.0955834261343,395.0921170620894,399.08875305532746,403.0851296581446,407.081783896371,411.0781094684103,415.0746279469678,419.07079061968915,423.067331221095,427.0633927466764
5.668983e-03 2.656390e-05 5.137705e-03 2772.66 0.45983546418431603 -0.040058973827915484 0.1610216532715775 0.5483067367645039 3.000092254057903 331.01614825137847,335.01009541196754,339.00388349348873,342.9982545761773,346.9923892029628,350.98712647407007,354.9813248114517,358.97623119646556,362.97072505764095,366.96572609248545,370.96039197081336,374.95547854521624,378.95020124426173,382.9453299417612,386.9401101572893,390.9352655246469,394.9301572818766,398.92531651300743,402.9202220055412,406.91524486668794,410.9100077831237,414.90504901171437,418.8996465012132,422.8945244020513,426.88896967218534
3.140123e-02 1.560129e-05 3.108921e-02 2776.01 0.45799216043048724 -0.039812740471791966 0.16198706895885837 0.548641715607015 2.9705396804886974 331.76859571919937,335.77186461201995,339.77481446878244,343.77826287866407,347.781554981332,351.78521257227504,355.7886472139587,359.7926085891742,363.79619429017515,367.8002048339871,371.8040015078025,375.8081854757663,379.8120451562212,383.81635587442906,387.8202236535626,391.82446661608645,395.8284079005174,399.8327572165379,403.8366454847108,407.84076237431174,411.84454746761094,415.8487082902501,419.8523951044334,423.8564791359736,427.8599839066186
4.823052e-02 4.542715e-05 4.732197e-02 2774.48 0.46165000696652436 -0.040145165815156446 0.16176183005614694 0.5539516361859785 3.00065337773201 330.89130088525496,334.8839513834017,338.87600382789213,342.86887246595506,346.86147148303803,350.8543860648996,354.84720455121993,358.84038371182476,362.83336095532417,366.82674209918457,370.81993187258,374.81340662435883,378.80650572432,382.80004919216276,386.79330246203506,390.7869851307548,394.7801996348556,398.773661865059,402.7669532108741,406.7604444792629,410.7536923904978,414.74698431121885,418.7401025963751,422.7333406032822,426.72628519823206
1.343339e-01 6.569816e-05 1.330199e-01 2776.65 0.45690200942259473 -0.0400233218986745 0.16210534847172722 0.5468539187295665 3.053960632610962 330.76357726419724,334.75575428270736,338.74649828399106,342.73797019269864,346.72909065212656,350.7207487088357,354.71195864432053,358.70399400782514,362.6955953156222,366.68749352345225,370.6791587180261,374.6713484702279,378.66321514046183,382.65534924394024,386.6472575780961,390.63946049792406,394.63132124137087,398.62350666700803,402.615470797021,406.6075428532129,410.5993006524262,414.5914332729841,418.58308367584135,422.5750234210047,426.5665895743236
8.816235e-02 7.620545e-05 8.663824e-02 2775.89 0.46166608304107637 -0.039848081519922966 0.16545169478829352 0.5477203709414473 3.08306729824776 332.1615363046684,336.1695609377224,340.1771667475399,344.1853926355407,348.1932757661944,352.20170101061285,356.2099228174891,360.2185997903777,364.22695801662843,368.23581224371475,372.24421918315335,376.2532014789379,380.2617760959275,384.2708618380773,388.27951322487206,392.2885891592872,396.2973433445092,400.306292184344,404.315053901426,408.32402586465713,412.33262146368895,416.34143084179567,420.3499585923209,424.358716659422,428.3675680974269
7.829452e-02 3.350886e-04 7.159275e-02 2772.55 0.4549278400525397 -0.03942717161263893 0.16274885414569631 0.5504882823295865 3.0997213125665515 336.9713393906641,340.98863725706735,345.0063643332366,349.02407789418527,353.04215309140443,357.0599210855953,361.0780873525348,365.0961313581771,369.11460320780725,373.1326538291635,377.151228111106,381.16945348032345,385.1880142403212,389.20633409337603,393.22494295094225,397.2431829072871,401.261845930036,405.28004673419616,409.29861260553054,413.3168003089434,417.3351667954783,421.3533257168748,425.3717199823443,429.3896428294912,433.4080548798513
1.427677e-01 4.398811e-04 1.339701e-01 2781.75 0.4476875874385793 -0.03996337391295101 0.1630487332038812 0.5454291053331487 3.101171919432636 333.6655394173126,337.64441507841667,341.62295573251834,345.60127684921116,349.58013025303745,353.5586751101781,357.5375979545798,361.51624606429834,365.49546476651346,369.4742712356168,373.4535711245799,377.43246714893377,381.41184031324286,385.3907946153881,389.37013372276454,393.3491999102146,397.3285290253084,401.3075688569147,405.28682714745736,409.26580669351256,413.2449145370116,417.2237319818679,421.2028151630745,425.18154030721075,429.1603434163024,433.1398569301992
1.535664e-01 3.314791e-04 1.469368e-01 2779.70 0.45251834737043317 -0.04007084554066148 0.16278829350539503 0.5478914255336373 3.0145502053689825 333.909335043039,337.8900605285108,341.87147308404747,345.8525864237003,349.83413357609214,353.8155040023443,357.7972665951424,361.77878679117384,365.76074903730415,369.74243841791815,373.72436166304095,377.70613373003704,381.68818889433084,385.67006339024175,389.65206834871884,393.6339580265399,397.61590274215865,401.5977950156175,405.57990360388993,409.56146296615674,413.543342663118,417.52512034368755,421.506814492946,425.4883165762404,429.46981279715675
7.822255e-02 5.307882e-05 7.716097e-02 2770.27 0.45741463152947315 -0.04001696203149943 0.16147673404351637 0.55135347728485 3.0316207410907348 330.8386499624468,334.83102937704734,338.82272108971466,342.81495639941545,346.8069077154603,350.79944690253535,354.79158244622585,358.78434396480475,362.77675671309765,366.76968016501866,370.7621803889548,374.7550388457556,378.74772333810625,382.7407325267979,386.7334973729203,390.726485815809,394.7191346843811,398.71222216715876,402.70485601690905,406.6978501593729,410.69040173877113,414.68326421579144,418.6758504857118,422.6685130760615,426.6609297901253
9.497642e-02 6.634856e-06 9.484372e-02 2770.95 0.4507034061023473 -0.039584735623237194 0.1646367620304619 0.5512758256024622 2.9710919280792627 335.65570822331455,339.6571756568131,343.6593883798096,347.66125818320114,351.66369747302923,355.6658625119803,359.6683526960972,363.67062728927715,367.6734488651852,371.67581115216666,375.67860384967986,379.68108729822313,383.68393598699356,387.6866125694837,391.68939516796297,395.6920317401341,399.69481879774924,403.6974366156013,407.7001784900926,411.7027284367266,415.7053418645768,419.7077742856238,423.710339127971,427.71254408759944,431.7149473955944
2.053741e-01 4.177530e-04 1.970191e-01 2772.59 0.45522342442092517 -0.04020305985964199 0.16177877072775437 0.5522493547085923 2.9759919530847334 333.72915135182774,337.7077347760775,341.68691499042524,345.66569732704636,349.6450707620824,353.6241397602083,357.6037542105906,361.58295582767846,365.56260093905155,369.5419509060736,373.5217274941157,377.50128102036433,381.48118679917604,385.4607375535583,389.440611468384,393.42005505563384,397.39993279630255,401.37942567203737,405.35921896045284,409.33864224584636,413.31835903368767,417.29768505819845,421.2771455372724,425.256453696095,429.23686534041514
2.569834e-01 3.887463e-04 2.492084e-01 2775.17 0.45090898592441314 -0.04003711288363333 0.16243720427703004 0.5514129944543662 2.964049490668642 333.7875593780645,337.76665801731133,341.7466492254681,345.72627191410595,349.70636030973094,353.6862296730208,357.66650398635505,361.64648403408916,365.6269415240073,369.60705371180467,373.5875510579821,377.56780515199074,381.5483843853155,385.5285930224006,389.50923967080723,393.48946932429254,397.47014486384757,401.45039892349706,405.43082278191525,409.41106269694336,413.3915039092199,417.37155778418156,421.35183218178236,425.33183436179155,429.31181456550127
3.772147e-02 6.488774e-04 2.474392e-02 2779.70 0.4619437979538356 -0.04054609035920364 0.1608048817952352 0.5458039201108128 2.9845079250443773 329.33003727953377,333.3039058557535,337.27725848417475,341.25137597681487,345.224975521929,349.1993048938101,353.1733289559067,357.14782377566655,361.1219718733595,365.09659028207983,369.0708775287635,373.0456417273946,377.0200351319329,380.99483377268643,384.96942311644403,388.9441815508086,392.9187541674123,396.893570839264,400.8679923666091,404.8428236747514,408.81731084592167,412.7918610546971,416.7662145803735,420.7408595662395,424.7152054306265
1.003204e-01 5.968928e-05 9.912659e-02 2772.44 0.46113810213184936 -0.040149329072364744 0.16382924448514913 0.5517231942676523 2.9704027051017663 330.80858610989065,334.80005970314767,338.7913278311454,342.7831311396745,346.77468557345185,350.7668353966681,354.75859097639363,358.75074845004355,362.74278147595624,366.73522645580647,370.7273549073525,374.7199341622768,378.71201714273354,382.70464610964507,386.69690382730596,390.68950981687306,394.681755409268,398.67423381096603,402.6666258313121,406.65907318811503,410.65118647705674,414.6435129682956,418.635760125617,422.62789551956496,426.6199743445815
1.426192e-02 4.688794e-05 1.332416e-02 2775.15 0.45428293694475963 -0.03963378032509781 0.1665760707148125 0.5458981255033533 3.0066150699548224 336.00752597011916,340.0132642953162,344.01966347344234,348.02570922955965,352.0323515889147,356.0387061471393,360.0455267543794,364.05201716824587,368.05897194239634,372.0656907058908,376.0727004577896,380.07942301849744,384.08662533318824,388.0933668453422,392.1005625900523,396.1073601984018,400.11454346719466,404.1213144196202,408.1284249610644,412.1351741747346,416.1421641346722,420.1487387789753,424.15558396356386,428.16214288717237,432.1691587747882
1.893386e-01 1.044950e-04 1.872487e-01 2777.76 0.4549315555052671 -0.03999263691651257 0.16490408750275617 0.5481297276533822 2.9792734843443927 334.5804368088529,338.56908559617807,342.5585512600607,346.5474561865197,350.5369714249901,354.52636741597274,358.516072607035,362.50550990084844,366.49543979669625,370.48499138771876,374.47505439735977,378.4646332394081,382.45476039580427,386.4444851023079,390.4346190653394,394.4244053759234,398.4143423758613,402.4040746905018,406.39409251629786,410.38385037319483,414.3737006215426,418.3632250187918,422.35303151319084,426.3424697510528,430.3330552079372
1.415978e-02 2.276615e-04 9.606552e-03 2782.13 0.45861353047633446 -0.04022509120603829 0.16279811237130304 0.5439432293466158 3.0158227531964656 330.18532386126753,334.16969060275676,338.153472461685,342.13789665515884,346.1220474398774,350.1067127775652,354.0910931406961,358.0759672188631,362.0605767807277,366.0455224145333,370.03030320178806,374.01540372555274,378.00017737205746,381.9853709460529,385.97029389552137,389.9554530305667,393.94044177621896,397.9255759817679,401.91051014125765,405.8957250081177,409.8804624456678,413.86555038802754,417.85024089696304,421.8351987950984,425.8199291954401
1.502728e-02 1.952051e-04 1.112318e-02 2773.30 0.4590359312755632 -0.04020980593884818 0.16395385120473271 0.548839423847463 3.0065777614300337 330.28403771289015,334.26955238525704,338.2544882322102,342.2400586563284,346.2253752849429,350.21112032497456,354.19664381501195,358.1826769098311,362.16846881112565,366.1545390186261,370.1404071120777,374.1266550492571,378.11254426475114,382.09892668682926,386.0849989166303,390.0712481027211,394.0572992455273,398.0435984222099,402.0296277073499,406.01580120238094,410.00185996333136,413.98802115805,417.9737593042616,421.95983851469043,425.94559484250374
1.365364e-01 5.187026e-04 1.261624e-01 2771.01 0.45748992824159024 -0.03942408930966129 0.16443615285382418 0.5482964749056407 2.993800906900503 333.3276460981687,337.3497715692924,341.37141764444596,345.3938131552009,349.4158493330901,353.4383923356506,357.4606389250327,361.48333682845254,365.5058729911052,369.5287398612288,373.55137030873806,377.57433368592046,381.5971434534741,385.6201629675747,389.64282261296205,393.6658646324983,397.6886774991756,401.7118158949625,405.7345647599434,409.7575072737134,413.7803132351059,417.8031538148825,421.8257703573725,425.8484571660578,429.87098791997465
2.164516e-02 2.380588e-04 1.688399e-02 2776.19 0.4546533272492575 -0.040090514132960914 0.16435548426219865 0.546034326839972 2.974442246646943 334.1410980965393,338.1245711023651,342.1087272289916,346.0925140752647,350.07685694207873,354.06086939700447,358.0454650359272,362.0296925110392,366.0143957423197,369.99874281912577,373.9835857682205,377.9680403268657,381.95283883646954,385.9374490248462,389.9222754737203,393.9068434860851,397.89164401324524,401.8762738221181,405.86097064920904,409.8455131735608,413.8302281773781,417.814579749466,421.79913392846987,425.7834133709036,429.7681594764079
1.471501e-02 2.327345e-04 1.006032e-02 2777.78 0.46120502608583425 -0.04030369755699297 0.16459427283031938 0.5537759729425868 3.015975593568261 330.1845785625115,334.16872874360223,338.1523014121962,342.13678337132086,346.12067046929883,350.10520056966755,354.0894212188794,358.0742034792606,362.05862009142186,366.04358346396526,370.02817828255144,374.01316551996877,377.9977564956437,381.9828074842818,385.96751804323935,389.9526033166162,393.9372871611018,397.9223200673502,401.9070419478707,405.8919946069046,409.87667130377486,413.86148081738355,417.84612576265476,421.83080669985685,425.8153083023849
1.624254e-01 7.905084e-04 1.466153e-01 2775.01 0.4550533280666823 -0.04035677341785284 0.16384239871413325 0.5497852647756026 2.973846575593533 333.0814102327538,337.0522319762515,341.02369090865426,344.9948239194161,348.96649618538225,352.9377662765265,356.90968977710054,360.88120281226475,364.8533333048902,368.8249703295905,372.79704312582913,376.76886628050835,380.7409485787876,384.7128245523447,388.6849370320827,392.6568564294522,396.62904531664987,400.6008530342381,404.5729689027572,408.54474033647915,412.5166653653842,416.48841352009987,420.4602378961351,424.43179432443566,428.40418276343314
9.179146e-02 7.699110e-05 9.025163e-02 2775.89 0.45653016712358435 -0.039669117785881225 0.16365815265120479 0.5477303476482375 2.9987326121830247 332.16553808980393,336.1744441602168,340.18221469784055,344.19060706252895,348.19856039362827,352.20713887431856,356.21543187393314,360.2241261428343,364.23268566655304,368.241575185899,372.250130506621,376.2591281425629,380.26783419645136,384.2768951713297,388.28566022506186,392.2946527710066,396.30352749418864,400.3125165112641,404.321362677752,408.33036176274186,412.3389918068589,416.3479621764593,420.35650056606073,424.3652594691393,428.3736848980686
9.896380e-02 3.593110e-04 9.177758e-02 2769.76 0.4654546979900055 -0.0397687845790842 0.16369927689217506 0.5464869497402819 3.034127261091319 333.0129483573492,337.0310809307234,341.0488841474586,345.0674123899283,349.0855838939716,353.10422923568115,357.1226952165118,361.141511699478,365.1600998605739,369.17907972249003,373.19785410352966,377.2170309495819,381.235812587442,385.25510862127385,389.27406211030336,393.29338162483,397.3122369171513,401.33142828644174,405.35040700538525,409.36962738251117,413.388629104812,417.4076796613745,421.42635426203304,425.4453782953187
1.532139e-01 3.386123e-04 1.464417e-01 2782.09 0.4614832542325807 -0.04038884903125244 0.1617323331829741 0.5433244133237303 2.97970228410077 329.91449634739104,333.89549304239875,337.8759637368066,341.8571040936561,345.8378707661157,349.81923179256336,353.8002756931208,357.78184864942966,361.76300329094215,365.7447863709547,369.726150587848,373.70788861413445,377.68950356215174,381.67142038779843,385.65298328430896,389.6349040120814,393.61643214628594,397.59832735618124,401.57988351526353,405.5617255548768,409.5432688216961,413.5251347807391,417.50653724002365,421.48813389399044,425.46941082249333
1.306817e-01 4.621084e-04 1.214395e-01 2770.34 0.4621356663019297 -0.040475556658327375 0.16488270434852204 0.545013369358331 3.038826496187009 329.6558634985474,333.6337116510532,337.61097611954455,341.58896883066615,345.5667347119427,349.5449266335334,353.5228197167682,357.501335365733,361.47940258376786,365.457981888475,369.4362848942291,373.4150246574084,377.39325350607044,381.3721896355525,385.35065183191733,389.3294242800548,393.308032961969,397.2867387831866,401.26521036999236,405.2439512069364,409.22232366308293,413.2010655311916,417.17932729951536,421.157774669452,425.136527056765
2.304321e-01 9.311927e-05 2.285697e-01 2783.86 0.45256379644903977 -0.03990345680733937 0.16167708868253744 0.5461720102770096 3.0285932087520915 334.62361722675223,338.61297169699617,342.6028663743209,346.59246932028344,350.58271205936427,354.5724628853443,358.5628250532593,362.55289406356485,366.54345862523166,370.5335833700452,374.52411617296195,378.514498838596,382.5051803234204,386.49543488554417,390.4861037725898,394.4763860829095,398.4670927026415,402.45742162251463,406.44798636457915,410.43820850313415,414.42875720654894,418.41897928590555,422.40929276259436,426.39933610848067,430.3894293647144
1.334532e-01 4.487701e-04 1.244778e-01 2782.09 0.45185354174401776 -0.0401116021108824 0.1638319592344372 0.5444813607297028 2.9963779090221667 333.65509422557534,337.63301815747445,341.611301677933,345.58938350306073,349.5679967956207,353.54629913777615,357.5250875441964,361.5036489293493,365.4824749613269,369.46109907008207,373.44021791760224,377.4189922614337,381.39806350588356,385.37679763587386,389.355946807123,393.33477821911765,397.3139889649113,401.2927430928594,405.27176857627404,409.25052205462293,413.22947454440384,417.2080211193443,421.18687531559124,425.16537740118963,429.14410754078915
1.859524e-03 2.149272e-05 1.429670e-03 2776.49 0.45207423011255715 -0.03978451004184343 0.16534882934108527 0.5462405802481336 3.0036282189486614 335.04548047947384,339.0398387467209,343.03482642038387,347.0293178264511,351.02459770671646,355.01930592451447,359.0148006246303,363.00986065947274,367.0053549680775,371.0004644257527,374.9961207328115,378.9914490713544,382.9870960424233,386.98234481125144,390.9780306398358,394.9735144400488,398.96911672036526,402.9644360761561,406.9601045836016,410.9553753948645,414.95091657743905,418.9460952666968,422.94150125838104,426.93654564163637,430.9315737710511
4.160861e-02 6.602510e-04 2.840359e-02 2768.44 0.4599132028568816 -0.04048350221469118 0.16421185734510796 0.5454278822957133 3.0171236548822593 329.3100772031265,333.2835935959203,337.2568110679121,341.2306836306245,345.20426200242923,349.1783713071448,353.1521476777425,357.1264024900993,361.10035701800444,365.07482156219976,369.0488968824396,373.02341279099454,376.9976970707071,380.9722859021177,384.9465769127241,388.9211035787457,392.8954865801214,396.86997147002893,400.84434280919663,404.8187943288335,408.7931325050546,412.7674900553456,416.74168003839884,420.71603549756344,424.68991260164165
1.685690e-01 9.747009e-05 1.666196e-01 2771.38 0.4552807810368151 -0.03960512468571071 0.16482764848680218 0.5474929765558664 2.988474391261029 336.26388703806515,340.27266756820467,344.2821915913128,348.2912603193988,352.30086316960785,356.3101772566536,360.32003934771905,364.3295725494426,368.339653579723,372.34937519112964,376.3593048502593,380.36917196814306,384.3792981119138,388.3890887100385,392.39930572278064,396.4091441289382,400.41921382585,404.429097689212,408.4392405639842,412.44893932345184,416.4589582169972,420.4686134197579,424.47850975129467,428.48805533100665
1.903642e-01 1.021196e-04 1.883218e-01 2772.30 0.45019921762041487 -0.03942659345035583 0.16446184272322378 0.547906997744801 3.0500909137943255 336.2794945692318,340.2884028683162,344.2980895509993,348.30751079888506,352.31731762434055,356.327059662329,360.33713227555086,364.34684025862964,368.35704603188253,372.36698214402537,376.3773903837985,380.3874587835072,384.39782261525977,388.4079863322719,392.4182930458758,396.42842964770824,400.4388419409127,404.4489272226301,408.4591857739611,412.4692819465547,416.4796048851766,420.48941885795494,424.49953865854997,428.5093186753829,432.519230716786
6.660128e-02 2.794911e-04 6.101146e-02 2780.61 0.45318523239849096 -0.04007023301720986 0.16293042345171624 0.5429631310726626 2.990872164688715 334.02833500415517,338.0105920532003,341.9933276398301,345.97580243680676,349.9589486723127,353.94164017654504,357.9249538475847,361.9078480961952,365.8912630793464,369.87434886644905,373.85786240589533,377.84113472749584,381.8246043471385,385.80796427029,389.7915226950752,393.77469433425614,397.75834952045557,401.74164115712375,405.72511868366445,409.70829367612146,413.69171458365037,417.6748650544812,421.6580941056699,425.6410396735686,429.62440775794346
7.410634e-02 1.260944e-03 4.888745e-02 2783.45 0.4526997949570875 -0.04043597900305821 0.1625958120368781 0.5439351473798678 3.046059013981943 332.4527152480239,336.41623301957287,340.3802947184933,344.34401494722096,348.3083607139902,352.2723399089339,356.23682096614834,360.20092223161,364.1655158225095,368.12989119796674,372.0946544093884,376.05898485231677,380.02374152342037,383.9882972877048,387.95307638032625,391.91747350561684,395.88225845237974,399.84683412924954,403.8114663602064,407.77588275788327,411.7405601756479,415.7049319590048,419.66935948460747,423.63368950168916,427.59775246455905
4.708140e-02 1.328729e-05 4.681565e-02 2777.54 0.45688415558261813 -0.039793052504843836 0.166305945900724 0.5423247296751937 3.042423887173517 331.73241060680306,335.7359583020227,339.7385005120177,343.7417002788145,347.744567109163,351.7479846575136,355.75102695565056,359.7546926103358,363.7579934552087,367.7617081616344,371.7651023273206,375.7689671988569,379.7724399978036,383.77636549160997,387.780016953784,391.7839563777398,395.78756609662145,399.7915263767079,403.79518069078256,407.7990011602746,411.8026579222028,415.80640650968405,419.8098688536375,423.81362270956714,427.81689902165425
4.221603e-02 1.297740e-05 4.195648e-02 2777.78 0.4691480730904363 -0.0401902393130752 0.16347120548087984 0.5506137395748245 3.01211540710521 327.74682379589837,331.74897176193224,335.7517926474434,339.75424653901615,343.75725182384656,347.76011448292616,351.76346394751994,355.7665306008892,359.7700593071379,363.77330683619044,367.7770887088444,371.7804504302756,375.7843107552681,379.7878606465173,383.7917392060126,387.7951920694166,391.79914682261125,395.80271327953534,399.8066114123968,403.81014604247895,407.81400687660386,411.81744281197996,415.8212832324674,419.82476649634145,423.82859974233435
6.589564e-03 2.680747e-05 6.053415e-03 2772.89 0.46092385604662234 -0.04010232797475373 0.16576691639294522 0.5440503357429218 2.9955307713119232 331.00990239385317,335.004006328953,338.9976670954016,342.9921065183279,346.9862083309618,350.98078135896975,354.97499875782484,358.9698038713646,362.9642981491152,366.9592594362596,370.9539380177934,374.9489485500785,378.943760781156,382.93882616668776,386.93361636703213,390.9287037774732,394.92359211246026,398.9186195232217,402.913457229876,406.90848419086143,410.9033413304694,414.89818720871375,418.8929240591458,422.88766270129054,426.88233466961543
1.188006e-02 2.301433e-04 7.277192e-03 2773.38 0.46988589178754336 -0.04060308852362669 0.16271998710676425 0.5451443940020194 3.0249195890301803 326.2060252963007,330.18923737014944,334.1731479649652,338.1568728648856,342.141211307419,346.1252420869605,350.1097905339459,354.09409417027746,358.0789056484153,362.0634189898395,366.04827033042784,370.0328751898715,374.0179537746823,378.0026649712378,381.9877470302227,385.97260355013304,389.95780182401825,393.9426187584566,397.9278687380343,401.9126048574344,405.89773172308315,409.88246647125777,413.867477734387,417.8521415680098,421.83794834372077
3.348027e-02 5.768371e-04 2.194352e-02 2771.77 0.4562783535225255 -0.040323289637736764 0.16336444788362156 0.5462637473647399 3.02555857169866 333.42050562519796,337.39551621343605,341.37105278896337,345.346214972592,349.32191994350603,353.29745955835733,357.27333436530546,361.2489774988661,365.22505966941054,369.2008499294096,373.1770247430467,377.1530082392149,381.12914894852275,385.1051506327805,389.08148052615985,393.0574054603736,397.0337053408071,401.0096782130792,404.985769017321,408.9618169369357,412.9378153315879,416.9136414071368,420.88960480870026,424.8652075466469
9.749730e-03 1.124645e-05 9.524801e-03 2777.08 0.4485351352254851 -0.03963592575767241 0.16579033904507232 0.5459297618015 3.020460765730075 335.14894301730806,339.1445563764169,343.1408638541052,347.1366932388714,351.1331627010276,355.12936002620586,359.125963994927,363.1223199403068,367.1191442668478,371.11559061303643,375.1125022761269,379.1091506521536,383.10612131178897,387.10279047674146,391.0996488744655,395.09628711417713,399.0932394461839,403.08978561079016,407.0866914657193,411.0831931704633,415.07998432539875,419.0764776325329,423.0731812801114,427.06945361343503,431.06602722749807
2.425629e-01 3.911011e-04 2.347409e-01 2782.09 0.4522841996993532 -0.04009886543965492 0.16338374346246495 0.5456914665901512 3.0405128061664373 333.77344518013933,337.7527029819496,341.7325731080408,345.71203343144145,349.69202465899866,353.6717612061343,357.65192925233913,361.63179471313805,365.6122016987125,369.5922221421367,373.57269353532666,377.5528591174575,381.53333594314734,385.5134980435336,389.494087357043,393.474210059617,397.4547493461516,401.4350103501163,405.41543291620724,409.3955406197571,413.3760598629274,417.3560276110432,421.33625098123116,425.31625668666015,429.2961784815064
2.700645e-01 8.530545e-04 2.530034e-01 2779.13 0.4412345589346651 -0.03988569462179446 0.16681045939914507 0.5475404843056347 2.9870654431097656 336.94881240318864,340.91912591664584,344.88923220442933,348.8598306386799,352.83017559855267,356.80101045314143,360.771552893049,364.74251944164376,368.7132702759124,372.68424753913365,376.6548998207918,380.6259441130406,384.59675437725355,388.5678091893133,392.53866155768486,396.50976143607005,400.4805238733838,404.4514821846961,408.42227756985505,412.3930627420498,416.36360117621734,420.33443822956764,424.3048690573805,428.27547215902086,432.2456456228792
1.029423e-01 5.853433e-05 1.017716e-01 2776.15 0.45790769847571267 -0.04004825475785877 0.16337936608539802 0.5455662958107337 3.0115363650916933 330.80337423078754,334.7950170757695,338.78626372467926,342.77818661872766,346.7696810437067,350.7618558381168,354.7537421257059,358.74605141473535,362.7379967017786,366.73056636859917,370.72266857365025,374.71532098298337,378.7074226974955,382.7001622669585,386.69239604679007,390.6851362829169,394.67749800622045,398.67015592441203,402.662401901899,406.65511907035375,410.64734702426136,414.63973632974034,418.6319182216492,422.6243042386649,426.6164166876825
1.090960e-01 8.148316e-05 1.074663e-01 2770.32 0.4535558896364677 -0.03956711522312621 0.16696223829274928 0.5447873165784671 3.0177201824806663 336.1894553806679,340.1974666882374,344.2060560908864,348.2143122389362,352.22307781091547,356.23164889723773,360.24068134094057,364.2493272535333,368.25856549506335,372.26729520480234,376.276666768823,380.285584068209,384.2949037579209,388.30381342704925,392.313247105781,396.3221761910882,400.33157797738045,404.3404716234945,408.34981973310835,412.35869656821774,416.3679083090012,420.3767926642953,424.3857614224308,428.39441251913985,432.40350478180017
1.520988e-01 7.969760e-04 1.361593e-01 2768.84 0.45915688262667226 -0.04050873482506318 0.16692396638034282 0.5457691041086082 3.0095107500873004 329.0992830888752,333.0706182818528,337.04127754972455,341.012589204702,344.9834546566901,348.95514907015564,352.92633501117797,356.89804025434046,360.8695069386689,364.8413917120481,368.81296587366097,372.7850655291309,376.7566502404669,380.72871336238467,384.70048839943047,388.6725742203476,392.6442863985889,396.61628426665294,400.58816804751297,404.5600911189851,408.5317315971236,412.5037651443874,416.47528281281967,420.4470365825796,424.4186257761023
1.245316e-01 3.155535e-04 1.182205e-01 2771.78 0.4513482239369681 -0.04002385290901942 0.16609383740968595 0.5466108510903154 3.0354839732445704 333.9431228583087,337.924229099207,341.90607749260755,345.8875866101792,349.8696290578931,353.8513764022181,357.83371873542603,361.81554257194335,365.7979524367914,369.780074826951,373.7625515662083,377.74471949127036,381.7274086073677,385.7094538807993,389.6920340670335,393.67429456032147,397.65670304201933,401.6389500627634,405.6214252869267,409.60365983951993,413.58596274432335,417.5680045973503,421.55043455959475,425.5321332491303,429.51422336242007
1.493957e-01 1.124876e-04 1.471460e-01 2775.01 0.44979156587649644 -0.03982476555790063 0.16637733726108175 0.5454524606553277 2.9973790839545567 334.541842894524,338.5303447838275,342.5193068151209,346.50794393044646,350.49725828890917,354.4861867799565,358.4754855892923,362.46463769795605,366.45415546343156,370.44346451006174,374.4330374254228,378.4224151705295,382.4120559907026,386.4014674015224,390.3912193594946,394.3804673567565,398.37017035931797,402.3595108996884,406.3490538865394,410.33843905421475,414.3278818253807,418.3171380154429,422.3065791415515,426.2956923574734,430.28492162991387
1.914193e-01 3.014865e-08 1.914187e-01 2774.63 0.45225350465447345 -0.03969948132323593 0.166730088996798 0.5454273344748874 3.031984373557883 335.4387845811801,339.43784059959995,343.43752694657024,347.4368667853747,351.43672294988363,355.4362937411111,359.43639323163814,363.4361514142143,367.43637158469653,371.43631001680166,375.4365668519544,379.4367121599058,383.43692535135654,387.4370329313494,391.43738234152926,395.4374354900462,399.43784453752295,403.4379088248832,407.4382654435122,411.4382319534654,415.43833489363095,419.4382875179667,423.4384387994991,427.4381669920641,431.43797861145055
3.460196e-02 2.522573e-04 2.955682e-02 2782.09 0.4523857574365749 -0.04002755499977841 0.16490145779821583 0.5422692745301048 3.022280227719847 334.0971721459778,338.08027519271366,342.0639706315988,346.04732750042155,350.03124605781164,354.0147581825385,357.99903466917203,361.98273779158734,365.9670531597871,369.95096470215896,373.93532875006383,377.9192706508145,381.90371792609557,385.88776164674357,389.8721109306228,393.8563885168902,397.8406975028729,401.82479827443245,405.8092233356624,409.7932856207738,413.7775222875706,417.76153681888104,421.74562817252007,425.72945604270365,429.7132887747611
1.643617e-01 7.285880e-05 1.629045e-01 2770.32 0.45709299246734086 -0.04003509883118551 0.1637926844516746 0.5479029639399697 3.013711947075597 330.7313167612576,334.7227733450537,338.7131773193837,342.7041672172925,346.6949543029105,350.68616242399247,354.67716382645096,358.6685404390901,362.6597219030985,366.651282461006,370.6425332377884,374.6343499280047,378.62566369301163,382.61733642088603,386.6088810208931,390.6006715963056,394.5920478700858,398.5838612439456,402.57530082052375,406.56701673672137,410.5584273594766,414.5500027109056,418.5412357363974,422.53275462085037,426.5238392576263
4.577432e-02 6.574447e-04 3.262542e-02 2773.76 0.4534561442801073 -0.04025428224770283 0.16408134265254987 0.5468983002410287 2.977091812820045 333.28554226995226,337.2587955165157,341.23270848991604,345.2063052369021,349.1804671766308,353.15427203379363,357.12869711667827,361.1027085862364,365.07722961454135,369.05131454019295,373.02596466046134,377.00026084518066,380.9748861178739,384.94923341960776,388.92386811171065,392.8982551282501,396.872976376796,400.8473192680448,404.82181193218537,408.79610164826613,412.7705448688105,416.74470615962093,420.7191003931512,424.6931201621782,428.667514248045
8.267949e-02 2.898141e-04 7.688321e-02 2779.70 0.45253188730878285 -0.04005629619739267 0.16577457600728931 0.5429588413439826 3.045750955553749 334.00096970310966,337.9829811366453,341.9653977169848,345.9476869684979,349.9303917635215,353.91292772919536,357.8958596202469,361.87850497516865,365.8616421702328,369.8444341582462,373.82765318424197,377.81052472733217,381.79375373806255,385.77675111899646,389.76002752876525,393.74295965195614,397.7261833103616,401.70909868242984,405.6923265216332,409.6752268830738,413.6583745872788,417.6410824429164,421.6241812458679,425.6071051229137,429.5894984117678
1.044034e-01 7.214960e-04 8.997345e-02 2779.13 0.4430252355658629 -0.03990521937437196 0.16617842250409737 0.5475572655760367 3.013784210313997 337.150138233314,341.1229822201358,345.09543874981335,349.06844368013617,353.0411361416961,357.0142314766368,360.98718618518166,364.96050495172,368.9335997899206,372.90699189900107,376.88015303267554,380.85354757431634,384.8267111656981,388.80014913392955,392.773315262334,396.7466532659534,400.7198593575723,404.69332817119806,408.6663928145284,412.6397345816782,416.6126326820075,420.5857361401762,424.55857296186605,428.53147349859523,432.50408390290704
2.788901e-01 8.820629e-04 2.612488e-01 2782.09 0.45480734706884957 -0.04039580294243692 0.16544661939282826 0.5408651289823215 3.0224685881190902 332.93551909839306,336.90466919193267,340.87454356052785,344.84399712953206,348.8140515900765,352.78369236624934,356.7540573494324,360.7239727327369,364.69443885507184,368.6643990873899,372.63492847671415,376.6051085753912,380.57570005892046,384.545862810788,388.51644734531186,392.4867024578253,396.4573532234337,400.42759144470733,404.3980982124248,408.368257727089,412.33872403102384,416.30894870133653,420.2792109444846,424.24924772628833,428.2199060337528
4.959151e-03 2.663667e-05 4.426418e-03 2777.41 0.4586157722515404 -0.03981492480703505 0.16269590515326587 0.5470260803179186 3.0386752722536476 331.86559167770406,335.87022061050504,339.87421300008526,343.8789063064139,347.88329214891263,351.8882720198261,355.8929434630698,359.89807161202225,363.9027890615818,367.90812540456835,371.91312959497776,375.91844559120574,379.9234543069314,383.9289452985664,387.9340880949514,391.9395713480972,395.94468808349563,399.95023884353526,403.95538369260913,407.9607040261155,411.96572705547146,415.97105915311056,419.97606779097447,423.9812785366924,427.9860625597685
1.273182e-01 4.940061e-06 1.272194e-01 2782.09 0.4512903473464509 -0.03962799383160097 0.1655149060848266 0.5427946638448863 3.0513371422473448 335.61267484210924,339.6137173669431,343.61555430766975,347.6169321188467,351.6190618677265,355.6206923497521,359.6228890445366,363.62467256811703,367.6270983457564,371.62917160961155,375.6315596564395,379.6337582775456,383.63625633153464,387.6383456118726,391.64101889886945,395.6430935169061,399.64572140153734,403.64778261756044,407.6503537975995,411.65245520532653,415.6548098381745,419.65685178726915,423.6590794332006,427.66095598467683,431.663121740735
2.355333e-01 1.231236e-04 2.330708e-01 2769.18 0.457055056820221 -0.03964348766129966 0.16495806962072723 0.548121851158056 3.0511438242542512 332.3562010744145,336.36706734286736,340.3770088502683,344.38772263640305,348.3980121062303,352.4088823936588,356.419507553419,360.43049507283246,364.44131717346437,368.45255163509717,372.4634668111759,376.47470878910065,380.4857467014739,384.4970763016414,388.5082507472206,392.51959908396054,396.5307055756489,400.5421209820187,404.55313185839884,408.5645154525681,412.57556109708645,416.58673407926176,420.59765037057184,424.60873445368867,428.6195638654062
2.122181e-01 1.286459e-04 2.096452e-01 2767.13 0.46069374573877697 -0.039763114464805176 0.16497390919305469 0.5462733472856159 3.038558244424175 332.3784040330498,336.3889424622914,340.3992935635033,344.41018626751526,348.4206096044392,352.4317120043587,356.44262663776664,360.4539011868689,364.4648491357924,368.4763441301829,372.4875988572393,376.49906517859824,380.5103161163846,384.52188056204596,388.5332557904522,392.5448953937398,396.55630987785185,400.5678406532683,404.57922898946964,408.59069392263956,412.60197302348445,416.6134609720146,420.6246679325457,424.6360017877808,428.64714146003433
6.835506e-02 6.777753e-04 5.479955e-02 2783.86 0.44608723314450427 -0.04000648260340495 0.16569286835520264 0.5436206820998835 3.0253871080409276 337.21525702747147,341.1887953074568,345.16206377283123,349.13584305688676,353.1092518334472,357.0832187460318,361.05688214046916,365.03091009395627,369.00470869423907,372.9789651400711,376.9529345081684,380.92710060804365,384.90108339834273,388.8754137351417,392.8493174441418,396.82357947736523,400.79749268755955,404.7716762550447,408.7455776169386,412.71970725971676,416.6933804734253,420.66744425591395,424.64113675315366,428.61499964409967,432.5886975102327
2.399936e-01 8.654941e-05 2.382626e-01 2781.75 0.4459109478720256 -0.03967265802181538 0.16692514323814267 0.538650012364273 3.043727311390932 338.6279726219717,342.6182577484654,346.6081039256036,350.59860294263655,354.5888150443466,358.5794691379207,362.5697768833935,366.5605572523761,370.5509822465838,374.5419860763432,378.53261661565824,382.52364670806526,386.5142756249201,390.50527952910136,394.4959651161784,398.48694982056514,402.4776796621436,406.46845319519053,410.45920950863535,414.4500854720311,418.440498709801,422.43126671344567,426.42171204080796,430.41235056516183,434.40273786931624
1.834249e-01 7.209561e-05 1.819829e-01 2782.49 0.4459569565953459 -0.03964791115591504 0.1660152241670395 0.5445641688146771 3.0147042993894226 338.70613829193616,342.6971949852561,346.68808620743204,350.67939119932583,354.6704187631641,358.6618646143004,362.653077454794,366.6446884353801,370.63605227792476,374.62787584775344,378.6193879992484,382.6111634314025,386.6027086199215,390.5944974198785,394.58603944318423,398.5777717706664,402.5692731446047,406.56094844231006,410.55244232801203,414.5440916417592,418.53543199903754,422.5269694911027,426.51822136475573,430.50952558011943,434.5007262946397
2.281641e-01 1.137875e-04 2.258884e-01 2782.13 0.45609725010017127 -0.039628229724782665 0.1657969655465572 0.5405729465940381 3.030750290839918 332.31293049877405,336.3232586723829,340.3327147123567,344.34294786962585,348.3527947097505,352.36333607201533,356.3733773172114,360.3840308992444,364.3942796876409,368.4050658177382,372.41550769324306,376.4264205184039,380.43698272062016,384.4479273803192,388.45852822354595,392.46952393888563,396.4801074837359,400.49110685333073,404.5018233596195,408.51268114535316,412.52337568262215,416.5341535940659,420.54458815939125,424.555319658027,428.56571443392073
2.176182e-02 5.848125e-05 2.059220e-02 2776.10 0.4418603190992455 -0.0391740902310915 0.16591517306896364 0.5509291300703488 3.0135531821185064 340.07504363731556,344.0822292129383,348.089106221992,352.0965845228204,356.10382335081096,360.1114944916428,364.11894322428986,368.1265925185764,372.13401638612146,376.1417965431832,380.1493869744965,384.1572682750755,388.16486554428315,392.17281576532287,396.1804393427705,400.18836037980503,404.19579204602775,408.20364429689147,412.2111463385689,416.21877488022045,420.2262300218598,424.2338030722656,428.24106583525855,432.24849409707593,436.2554719786069
9.467490e-02 1.348944e-04 9.197701e-02 2770.67 0.45843556868636914 -0.04014643884034096 0.1650797559262506 0.545597243290092 3.018547853092891 330.475338691909,334.46313769347654,338.4504592059518,342.4384208697766,346.42596768510015,350.414130296865,354.4020370176902,358.39039180175564,362.3783946363711,366.36690685630333,370.35508666602976,374.34374958560187,378.3319067057129,382.3206919888662,386.3090285354205,390.2977421685373,394.2861608134244,398.2748326034055,402.2631197608795,406.25183074660464,410.24003598366954,414.22870496101876,418.2168812671237,422.20520571087366,426.1933748795465
1.820399e-01 2.220679e-06 1.819955e-01 2782.97 0.4450132275583125 -0.03941355357204388 0.1656009716098033 0.5461592531161783 3.0011800854049904 339.5532493421518,343.5542655095595,347.5550851918652,351.55646918536814,355.5573843958498,359.55895246814026,363.56017312759917,367.5617767527584,371.5630404756535,375.5648283091575,379.5661825361224,383.5679415735351,387.569406543651,391.5711866348323,395.57264748655376,399.5744282664183,403.5759483313035,407.57760088078805,411.57904605750866,415.58059953789336,419.5819254022949,423.5833404280247,427.5844988449853,431.5857438387778,435.58663250145884
6.159244e-02 4.770280e-05 6.063839e-02 2777.11 0.4611780122213954 -0.04014775955666995 0.16470708714545573 0.5435492532739574 3.0232771686604734 330.86532625039837,334.85758549759083,338.8496631519612,342.8421378072629,346.8345268303389,350.8272687807122,354.81988772208217,358.8129428657919,362.8056391805869,366.79890424383,370.79182334349827,374.78509039843107,378.77813464620556,382.7714492105071,386.764531220525,390.757973552634,394.7509535213727,398.7444213387379,402.73744311554924,406.7307424882973,410.72379422203767,414.7170471357631,418.71003399230955,422.7030936557569,426.69603305724485
1.903076e-01 3.374295e-08 1.903069e-01 2775.54 0.45010111679037323 -0.039625003982912514 0.1666938126673697 0.5440719531788643 3.015318013324837 335.4374234797675,339.43640037966327,343.43603196758284,347.4353464375158,351.4352295313799,355.4348629537188,359.4349507426407,363.4346775531723,367.434981945835,371.43483575549317,375.43515658482323,379.43521708056653,383.4356009362111,387.4357093483138,391.4361491193521,395.43625142423616,399.43656111276186,403.4366772931477,407.4369978528302,411.43697081438677,415.43732330506265,419.4371101237275,423.43728778660875,427.4370275434852,431.43695851938253
3.433442e-02 6.668448e-06 3.420105e-02 2771.20 0.4603775866888423 -0.040027531420678976 0.16471928051730106 0.5469827652390675 2.992654688062362 331.2270570715358,335.22366708997134,339.2199666884097,343.2169777504952,347.2135163794672,351.2107906723921,355.20771349225936,359.2050534418415,363.2021864069101,367.19964903932197,371.1968388090055,375.19453380081507,379.1918685949695,383.1895378843057,387.18692545950097,391.18472780905677,395.1821612305737,399.1798364902817,403.1772766706949,407.17493087092333,411.17222344208346,415.16975507307734,419.1669916381494,423.164490120174,427.1616673988605
5.570057e-02 6.429835e-05 5.441460e-02 2782.97 0.44259444380578994 -0.039197754319047304 0.16631635017416607 0.5466735725738717 3.0124911411946567 340.1080580441261,344.1157787441905,348.12305425344243,352.13093039821473,356.13841041108276,360.14653714596113,364.1542622195385,368.16247411852015,372.1703404196075,376.17874159101723,380.18671563402376,384.1949567393988,388.2030409237679,392.21137963787584,396.2193547214507,400.2276905993101,404.23570728102925,408.24390699313875,412.25193353184585,416.26014879568515,420.2679866620836,424.2759329519409,428.2836000329028,432.2915294564563,436.298879971564
7.396600e-02 2.712893e-06 7.391174e-02 2771.55 0.4607475333369997 -0.04002725533983145 0.16348655287111036 0.5433103993552212 3.0177967243506734 331.30036752705945,335.29793028675226,339.2951561419735,343.29293308438946,347.2905028154996,351.2887070032924,355.28654175475566,359.2848755704857,363.2828411104646,367.2813066465599,371.27946202534383,375.27793863223815,379.27626907201994,383.2747841614815,387.2731701014601,391.271864187032,395.2702473374278,399.26890123113895,403.2671691672493,407.26582280633016,411.2640730285529,415.2625982262704,419.2607866526718,423.2591823706018,427.2574390924379
2.060752e-01 8.562756e-08 2.060735e-01 2777.74 0.4562550968667515 -0.03983589119921486 0.16376989190468286 0.544432097850735 3.030810115815241 331.4535582889521,335.4533834190337,339.4525466626979,343.45225096664666,347.45174685939816,351.4517571802802,355.45148429559515,359.4517124457003,363.4515564734686,367.45185877150504,371.4518877043001,375.45242260243293,379.4525495334529,383.45309819147667,387.45330453823266,391.45382762896975,395.454126690652,399.454573847646,403.454820827825,407.4552841733237,411.4554816405686,415.4558483905799,419.45594070643943,423.4561160267767,427.456094248792
1.399325e-02 2.436089e-04 9.121070e-03 2774.97 0.4605442053907641 -0.03967108688328916 0.16427868055707073 0.5480469107446122 3.0415514601199036 332.73343385932986,336.7482852831147,340.76278715091166,344.77784787945404,348.79276461754483,352.80814525399705,356.8231579191295,360.8387886505048,364.8540641418491,368.8697441752948,372.8852018015854,376.90095537911833,380.9165701627188,384.9325362247634,388.94789327347996,392.96387026290705,396.97950441144604,400.9953369289785,405.0109256040886,409.0268211073664,413.0423390358259,417.05814707307763,421.0735489704508,425.0890913261889,429.1045710408369
1.777176e-01 8.152428e-04 1.614128e-01 2782.09 0.45978348115593387 -0.04054222683868892 0.1621641086051088 0.5433465862545228 3.0554125448526697 329.06917848059743,333.0398641704786,337.0101594349387,340.9812261792732,344.95192319640984,348.92306561913745,352.89397248660714,356.86543537757836,360.83647708644935,364.80805261085766,368.7793975197843,372.7510316402186,376.72238142790815,380.6941029806945,384.66562924402774,388.63728312631,392.60867733394457,396.5805114135127,400.55186411071054,404.5236137379238,408.49499954616346,412.4665628242632,416.43788011968604,420.4093249943201,424.3803973334609
1.018502e-02 1.089390e-05 9.967146e-03 2782.04 0.45033083480959335 -0.03970290661804372 0.1640073885203938 0.5443452354445509 3.0707253279616324 335.1507990204506,339.1464138736081,343.14260806760643,347.1385738316286,351.1350515586021,355.13119739801164,359.1278296944325,363.12424796661077,367.1211345764573,371.1175631816183,375.1144548484576,379.11110124246255,383.1081261353026,387.10482139773296,391.1018766575476,395.098630662327,399.0955462948758,403.092280103291,407.0892303368281,411.08582258886696,415.0826958458935,419.0792955571048,423.0759107179753,427.072289816863,431.06883420335447
1.051108e-01 1.436149e-06 1.050820e-01 2767.18 0.46338553837266744 -0.040099422886097566 0.16176662278140103 0.5485149325262546 3.013329720751273 331.34504052444055,335.34314691261244,339.340824499368,343.3391862320097,347.33717423671527,351.3357092009984,355.33392950625074,359.33275523032574,363.3311785364253,367.33016377156565,371.32876105255053,375.3276748559991,379.32648400173406,383.3256974638714,387.32433566307,391.32347980584797,395.32229288573217,399.32142213978454,403.320126986296,407.3192590544765,411.3180001981937,415.3168987389435,419.3154961465148,423.3144153342617
1.581323e-02 2.682487e-04 1.044825e-02 2769.22 0.4613803098799482 -0.03968574341762256 0.16359797440614363 0.5464151768976255 3.0374926319038225 332.7960147812518,336.81161970622037,340.8269116781813,344.8427811616558,348.8584044450843,352.8744191307079,356.8903637374337,360.90662267894265,364.9226799982628,368.939130137888,372.9553033807694,376.97188605057136,380.9881315626921,385.00480584962366,389.02110142325523,393.0378453766566,397.0542152683694,401.0709601219092,405.08722802404054,409.1039788443567,413.1201336381417,417.13679841589504,421.15289528512864,425.1693464846319,429.1854777171547
4.898380e-02 1.541554e-04 4.590070e-02 2777.12 0.44824481336890853 -0.039801698431093255 0.16415505428974314 0.5491551967908048 3.0113466319532636 334.39262481335675,338.37921090654703,342.3664240966687,346.3533994749327,350.3407473566855,354.3279185033403,358.3154834855147,362.3028393129273,366.29060395129125,370.2780764920018,374.26579870947097,378.25333361406047,382.24115561490095,386.22871424498504,390.21660070232394,394.20414152454214,398.1920319388279,402.1796375066478,406.167408128819,410.15494225973606,414.142685535343,418.1299426338652,422.11764478501453,426.10492987323215,430.09226433162996
2.298926e-01 2.890215e-07 2.298868e-01 2774.95 0.4571176102394048 -0.0398616953813226 0.16425180657756872 0.5449740027833698 3.074153966679637 331.4748181358882,335.47502159329,339.4744742949981,343.4745278768907,347.47418224245536,351.4745566858723,355.47449473017605,359.47501346330654,363.4751685947192,367.4757111917759,371.4760518801444,375.4767170555148,379.4772270072827,383.47804724445825,387.4784531454014,391.4792482751158,395.47978361489413,399.48059025861966,403.481060351027,407.4818773375032,411.4822660417969,415.4829608252953,419.4832234889284,423.4838912630172,427.4839437461842
2.170899e-01 1.274079e-04 2.145418e-01 2768.87 0.46137663363870535 -0.039787588404465335 0.16445753030989171 0.5450283994828382 3.0162510227396067 332.37387809327043,336.38447959074915,340.39461194578354,344.40547681595086,348.4160198616378,352.42707056213794,356.43770938187913,360.44892038180245,364.4599467588866,368.4711998084853,372.48225797826325,376.4938739251779,380.5050722865246,384.516595434815,388.5279576332951,392.53938659228714,396.5506768983003,400.5622399215649,404.57364856843174,408.58505357459023,412.59638024041567,416.6077937377042,420.61891929517134,424.63026828254294,428.64118767683993
2.265722e-01 2.922577e-07 2.265664e-01 2781.75 0.4496074507787136 -0.03960095867487754 0.16258023723942983 0.5432599371668143 3.032224684056722 335.47049860492126,339.4701257670027,343.47018617090197,347.4699506794216,351.4702636104363,355.4703376685002,359.47082137664967,363.4710492932457,367.4716998468361,371.47205391515126,375.4728058299277,379.4732536258159,383.4739994791212,387.4745242283529,391.475450737553,395.47587545309483,399.4766907923864,403.4770861894059,407.47787565559554,411.47830249921697,415.4789738672769,419.47934555299327,423.4798951948801,427.48012312386226,431.4805019119937
1.502691e-01 4.488547e-04 1.412920e-01 2779.70 0.4568881659697294 -0.04028758351561027 0.1628542924604053 0.5451572378000042 3.013176305885242 329.67957054089396,333.6585760223392,337.63626189712045,341.6147102390877,345.5927045351605,349.5713115543867,353.549601946072,357.52844019738524,361.5068332959574,365.4857832327547,369.46454312606545,373.44346349248707,377.422228516969,381.40131639883555,385.3801106904657,389.3591639605356,393.3379298217869,397.317120110028,401.2958905273927,405.275022579483,409.25367713864637,413.23265039912553,417.2113471574213,421.1901016520122,425.16864725301065
1.091317e-01 7.537332e-04 9.405702e-02 2775.13 0.45659204636565914 -0.04041056946075494 0.16513380285801763 0.5426133056765133 3.0527585770003363 329.1560009427138,333.12803024827855,337.09957442622033,341.0715877102415,345.04322613261604,349.0157147364443,352.987663333253,356.96007452475055,360.9322875839417,364.90501179977804,368.87726052710457,372.850067423667,376.82250333868626,380.7953538511359,384.7678411004466,388.74071731839285,392.7132950494254,396.686115733891,400.65865467275404,404.631333368284,408.60383552031277,412.576625943998,416.54896251086393,420.5215561342515,424.493820806931
3.889922e-02 6.346253e-04 2.620672e-02 2775.91 0.4522468629278964 -0.03920054674403849 0.16583232311233476 0.5482988143068365 3.0444357715366914 337.5471648714378,341.5713031000663,345.596074016265,349.62061538007345,353.6455842886051,357.67027898987453,361.69548289197905,365.7202878343526,369.74568761344443,373.7707212649931,377.7960962794141,381.82119633089053,385.8467183470778,389.87197073533224,393.89740403256997,397.9226486957106,401.9479607921283,405.97326012879114,409.99866662815646,414.02385726835695,418.0491589179059,422.07405427278053,426.099289172512,430.1242107886331,434.14913606205243
3.007479e-02 2.098296e-04 2.587820e-02 2777.63 0.4539120780882578 -0.039473477744944724 0.16503559077543886 0.5457532310440487 3.083591436653738 336.64534338362705,340.6587365765786,344.6728070838467,348.686467222971,352.70078386617394,356.71474219013686,360.7291914918965,364.7432994204157,368.7579813284547,372.7722698064286,376.7869566423569,380.8014499246039,384.81613829928773,388.8305840524851,392.8453456851513,396.85991603110665,400.87460964553594,404.8891264736317,408.9038588467098,412.91826745086934,416.93286668743656,420.9472131773234,424.96166829109427,428.9758070080563,432.99026168102085
2.140883e-01 1.136201e-07 2.140861e-01 2778.06 0.45432022269841366 -0.0397632368677391 0.1627871121281727 0.5491691740180581 3.063658438640523 335.4606822151875,339.4599368161326,343.45981412532893,347.45936947993283,351.4594608865288,355.45928065394617,359.4595397403414,363.4595497936569,367.45999419084495,371.46008720018796,375.4605960239592,379.4608406496446,383.4613321236682,387.46175387849013,391.4624276257432,395.4626165239824,399.4631588899511,403.463440905315,407.46396521358207,411.4641873643699,415.464605405621,419.46476145302836,423.4651292194535,427.46511333111766,431.46539530462604
2.362807e-01 4.025086e-04 2.282305e-01 2774.99 0.4585623000691868 -0.0403266002190632 0.1638997174947668 0.5448820017167345 3.08373248617562 329.77148616305135,333.7507474016771,337.72963049595273,341.70900627577635,345.6881386838807,349.6678747629438,353.64722053177724,357.6271596995176,361.6067597850869,365.58685271604566,369.56656661274957,373.5467378908954,377.52659576450895,381.5067244617268,385.4866999276192,389.46686235100145,393.4468835237384,397.4270463242159,401.4069670534249,405.38715211925097,409.3670203234156,413.34706848669697,417.3268577838061,421.30685765404417,425.28653631143277
6.916577e-02 5.877130e-04 5.741151e-02 2774.21 0.4570025855397835 -0.039388407882898456 0.16425656919524567 0.5436512585531247 3.0646531368862546 333.4405921477303,337.464373041444,341.4874753175763,345.51120306013644,349.53481152836065,353.5586404155607,357.582343231085,361.60651678717176,365.6304400140035,369.6548036584781,373.6788526703262,377.70334790294396,381.72740715099985,385.75198066581174,389.7762210112036,393.8006794462916,397.8249639650508,401.84946826682733,405.87373019680683,409.8982098124801,413.9223719074149,417.94673893836864,421.9708962941919,425.99509603834474,430.01913244038553
8.467299e-02 7.521004e-05 8.316879e-02 2779.70 0.45286054890181465 -0.03955348304606429 0.16502812630108216 0.5441514826792747 3.0652126150052323 336.1555121928227,340.1630134263087,344.1712487411408,348.1791266159788,352.1874482732503,356.19559731459,360.2042933156784,364.21262620967843,368.22142703234437,372.2298729541156,376.2388160078424,380.24740104597635,384.256352537174,388.2649402106302,392.27390121111785,396.28260763700786,400.29156773086225,404.3002424016768,408.30909426561834,412.3177257235365,416.3266094799622,420.33506863047876,424.34373937828497,428.35196114496,432.3608216302633
1.559532e-02 2.356719e-04 1.088188e-02 2783.00 0.4474548123066462 -0.03923507323992436 0.16623293417504537 0.5440142845595137 3.091057576541598 336.7101937509315,340.72497857073085,344.73983385890926,348.7545066543383,352.76972977665486,356.78449271271694,360.79982149113533,364.8148386486787,368.8303038454672,372.8454468555475,376.86096187297574,380.8761439226974,384.8918630441352,388.9071668952271,392.92290601640286,396.9382322574693,400.95384908560203,404.9692776850494,408.9847856033697,413.0001472136045,417.0156167402416,421.0306980891425,425.0460575144605,429.06116419862695,433.07631288353315,437.09193725276396
3.498544e-03 3.833454e-05 2.731853e-03 2783.00 0.45053383545404263 -0.039520478923108227 0.16462292714726456 0.5449907512053873 3.061103595741568 335.9472949224537,339.95231082982434,343.9580590979514,347.9635148205872,351.96951590560724,355.9751171142953,359.9813890067907,363.9873965733323,367.99345720675353,371.999389477658,376.00586561391896,380.01189887193397,384.01841178532356,388.024583442359,392.0310637967083,396.03725291653217,400.0436998371541,404.0498004209068,408.05628399724554,412.06233685866283,416.0686523459066,420.07471801574707,424.0809592079607,428.08689593717406,432.09303343514085
6.810593e-02 9.752035e-06 6.791089e-02 2777.18 0.4597910883324378 -0.039897595793872066 0.16332180907497168 0.5454407240491473 3.037708806809765 331.69640945211785,335.69873720111354,339.7006790963982,343.7034310586836,347.70560644408187,351.70853633946433,355.7111030562514,359.71424123082295,363.7169533320978,367.72022508981564,371.723131106778,375.72651404674525,379.7295399718312,383.73294134414624,387.7360512189177,391.73946202168423,395.7426149361024,399.74594747251587,403.74905610613274,407.7524398811179,411.75551073259624,415.7587498412262,419.76172465869644,423.76484538686265,427.76760041607275
1.250611e-01 1.157930e-03 1.019025e-01 2775.82 0.46291332369351296 -0.03939810673413783 0.1626797656210458 0.542202579741413 3.1178565344769926 334.2504618583577,338.28370457456765,342.3165739764584,346.34997124883336,350.38319366375043,354.4169065242771,358.45038373452655,362.4843149678925,366.5178978283797,370.55194956713467,374.5857930994224,378.6200574284441,382.65392644351726,386.6882187056329,390.72222433319354,394.75654788611166,398.79045692737833,402.82474401252904,406.8587536060432,410.89313959294293,414.9269471420353,418.96117166306567,422.99547335583406,427.0290908367861
1.899602e-02 4.960998e-05 1.800382e-02 2782.13 0.44565994385816377 -0.039331329259635436 0.16651330187132418 0.5450661222844482 3.0625790980840293 340.0224752670273,344.0291073503566,348.03545483170444,352.04231963764397,356.0488211234413,360.0558444760457,364.0625750543339,368.0697752090296,372.07662773095046,376.0839554801467,380.09096144272996,384.098331598929,388.1053876170016,392.11271961459533,396.1197024949378,400.1269910337492,404.13417806421523,408.1413952437303,412.1483014532696,416.155506093237,420.16239350930294,424.16947972123404,428.17618625863474,432.18306718696385,436.1897912776541
2.067128e-02 2.318542e-04 1.603420e-02 2780.24 0.44426539905081774 -0.039714980391409 0.16174148518736792 0.5490998981384259 3.0239067138617757 338.1395558652915,342.1238307386674,346.10791000189937,350.0925910607242,354.0769339163182,358.06165995137394,362.04619653281856,366.0312137120845,370.0159484256054,374.00087275248404,377.985623367343,381.9707618978082,385.9555400921967,389.94059822957166,393.92540727804,397.91045386088524,401.89524157831676,405.88024260411953,409.8650330602634,413.8498972411693,417.83456938100386,421.8192836851824,425.8038167957941,429.7882850054239,433.77253240195756
2.409965e-02 2.204267e-04 1.969112e-02 2777.18 0.4592053222013053 -0.03964473792713475 0.16308341133620619 0.5462069316854404 3.068751901541996 332.6668981100278,336.6808972422046,340.6946728359184,344.7091060725649,348.7231946457055,352.7378071065997,356.75218172950713,360.76688691860903,364.78138960252585,368.79639631544916,372.8110326080298,376.8260498703158,380.84083586560405,384.856068533235,388.8708674897316,392.88592083312864,396.9007847645262,400.9158868488176,404.9308516294491,408.945943416137,412.96064669961106,416.97564459110464,420.99037342475947,425.00520542953177,429.0196302266902
1.794375e-02 1.912042e-05 1.756135e-02 2772.21 0.453434457262056 -0.039647128949864816 0.16647108910363395 0.5505925048572179 3.0121234195044586 335.8060306666358,339.80935396529867,343.81331673370227,347.81698283784,351.8212334032056,355.8250282019263,359.8294970357825,363.83355051371086,367.83814323598267,371.84222800045694,375.8468834461613,379.85125891623704,383.85585364739643,387.8602001532368,391.8647967823744,395.86915671205645,399.873836931748,403.8781589332874,407.88280113941863,411.8870791838474,415.89157706920736,419.89565768461864,423.9000582264528,427.9041648583136,431.9084507473791
1.841182e-01 1.043258e-04 1.820317e-01 2779.70 0.45552476637654854 -0.04002087902504189 0.1632370979255093 0.5451380446909575 3.0479125505296167 334.57434897855796,338.56311158774105,342.55246944333766,346.5414084584289,350.53107392396504,354.5201969192278,358.50998839715027,362.49944749354455,366.489236180401,370.4788257636141,374.46884163267816,378.45855629073156,382.44855868613996,386.43837243033204,390.42840937457856,394.41812482562085,398.4081974240845,402.3979851706858,406.38793667582905,410.3777145026875,414.3675584058381,418.35724120037594,422.34704001165477,426.3364895505337
4.113418e-02 1.386744e-05 4.085683e-02 2776.01 0.4566147546280942 -0.03977473776543968 0.16288781480672831 0.5479292855810474 3.047230527644569 331.74501529920695,335.7490158486877,339.7515990230483,343.75484170080694,347.7578826216301,351.7614268241566,355.7645520287031,359.76829948797473,363.7716009205733,367.7754144787627,371.7790999432268,375.7830271007161,379.7866588441322,383.7906979930961,387.7943781347136,391.798333090253,395.8021064598369,399.80601114682304,403.80984172709236,407.81367242108047,411.81735485486195,415.8214634863159,419.82473454691075,423.82848672012017,427.8318929039251
2.971887e-03 1.500130e-05 2.671860e-03 2782.09 0.4556214464961861 -0.039897198911291044 0.16338086968826446 0.5431862134801854 3.0097213598607477 335.1063342009825,339.1013865767232,343.0971781134492,347.09243801019926,351.08837360341437,355.083911745118,359.08004612506306,363.0757146457108,367.0721019858864,371.06795893217344,375.0642808141146,379.0602892173212,383.0567326457043,387.05282594937785,391.0492571421539,395.04539805234947,399.0416817364314,403.0379023381117,407.03428584154926,411.0302566511505,415.02662438087026,419.0225157450354,423.0186407040998,427.01434087498023
1.040949e-01 6.450746e-06 1.039659e-01 2783.72 0.4459700204912793 -0.03943071586094512 0.16532395602476121 0.5437513283428996 3.014769348483614 339.64079903142704,343.64280571678086,347.64477449684074,351.6471135487517,355.64907911445556,359.65166211332723,363.6538187478065,367.65655281189834,371.65893319801006,375.6616703877266,379.6642516868846,383.66699267589365,387.6695418329203,391.6723805494514,395.67505143101835,399.67789725816095,403.68029744034965,407.6830212441849,411.68553209175377,415.68816671707634,419.69060552984064,423.69307508575776,427.6953946796927,431.6977140497514,435.6999552778459
1.247174e-01 1.186999e-04 1.223434e-01 2781.75 0.44994301748392124 -0.039842168524369656 0.16211597285477417 0.543823111083473 3.080217227110145 334.5120010585779,338.50010408076025,342.4886810466471,346.477092755228,350.46605873597304,354.4545304896624,358.4436134218843,362.43241610777665,366.42179790338207,370.4106199755537,374.3999572287827,378.3889614673032,382.37831592018205,386.3673851685021,390.35683938424285,394.3459241272702,398.335312199579,402.3243354404192,406.31366522824413,410.30270454776365,414.2919921704472,418.28093536889355,422.2699864372293,426.2588623515761,430.2478654272518
9.190572e-02 3.931910e-04 8.404190e-02 2772.48 0.4577025932226113 -0.03949596638098753 0.16590004968641756 0.545682689407793 3.074192954731491 333.0818834539937,337.1010631345067,341.11995112055945,345.1392423452952,349.1584003832499,353.178052962416,357.19731363891145,361.21713489360906,365.2368275697226,369.25672007561127,373.27643406319714,377.29656709669064,381.3163798024752,385.3365743381785,389.3563436106315,393.3765245114277,397.3963699473234,401.41665999495564,405.4365057530958,409.4565686984471,413.47638523571914,417.496435181984,421.51616960204376,425.5360270405284,429.5556975978339
3.653422e-02 6.912569e-04 2.270909e-02 2775.04 0.45646618880133444 -0.039327039462269724 0.16356035121698498 0.5466932361236069 3.0825063395169985 333.6117881678348,337.63811234785527,341.66344974233755,345.6892085717628,349.71472794659,353.7408006928438,357.7664908492714,361.79280911783763,365.81873254676674,369.84520950227073,373.8712071287956,377.89771379943807,381.92393943208845,385.950524944045,389.97678393543606,394.00338828415454,398.02971375910937,402.056195416692,406.0825474358653,410.10900938700433,414.1352788628381,418.16160976026157,422.18770038820486,426.2141761026709,430.24010835864766
9.812718e-02 3.565397e-04 9.099639e-02 2782.09 0.45492984510488055 -0.039423772118837 0.1628786484655012 0.5444765681758637 3.0891655856675384 337.01197108425833,341.0296751510648,345.0481170413539,349.0661602376156,353.0848009723597,357.1031648170252,361.1219857947168,365.14052725550687,369.15947389398195,373.1782258216185,377.19718607164594,381.2160076151449,385.2351453658698,389.25395969903593,393.27314847026526,397.29199692355684,401.3112240783888,405.3301097164805,409.3491594336232,413.36793745536727,417.3870401163077,421.4056751826411,425.42456257177736,429.44312166399357
1.753815e-03 3.295125e-05 1.094790e-03 2768.56 0.45982011997279765 -0.03984501161135059 0.16475335297432583 0.5481155005903967 3.082317556971409 331.9143309552477,335.91909493724995,339.9237770773919,343.9290961359596,347.93403414614994,351.9394698988915,355.944652603951,359.9504717667269,363.95580292749344,367.9616659003063,371.967160088598,375.9732149019018,379.97882748632014,383.984848570751,387.99055371164707,391.99655470185365,396.0023117029724,400.0084113978525,404.0141559171171,408.02004076088275,412.0256668386622,416.0316234946638,420.0371544525093,424.04297397011595,428.0483054820389
1.441094e-01 1.951312e-03 1.050832e-01 2779.13 0.4485628670845594 -0.03871279622022727 0.16491977023647214 0.5463498718583903 3.126807580658262 339.129849912802,343.17326983369117,347.2169776290615,351.2603364939434,355.30435254227206,359.34807260931825,363.3921968521881,367.43598845927403,371.4802926868968,375.52429358786827,379.5686273471741,383.6127426938462,387.6572515923412,391.70135049779145,395.74578388135797,399.7900145662743,403.8345032093733,407.8786709405864,411.92301915203,415.9672274674864,420.011482651198,424.0555162096981,428.09958808851917,432.1435482390148,436.18753182768774
2.031711e-01 4.061443e-04 1.950482e-01 2774.82 0.4524569632301684 -0.03930800127470429 0.1652959494304886 0.548828424255512 3.0862485461907316 337.12317492400695,341.1423893179075,345.1620803333532,349.1815111815798,353.2014919512228,357.22109381207827,361.24128547710075,365.261115233493,369.2813832638443,373.3013729361825,377.3217138732448,381.3418108094289,385.3622411682293,389.3824576224989,393.4028566288269,397.423092381386,401.4434940468629,405.46365576086544,409.4839526939758,413.5040780708049,417.5243825753212,421.5444309200924,425.56448159697686,429.58424454223376,433.6043512611384
3.586899e-02 2.985059e-04 2.989887e-02 2768.48 0.45207993886472825 -0.03935168707326663 0.1665631282033252 0.5486298167345107 3.083009902338785 336.8822012748865,340.8985068395178,344.91532295373895,348.93196160095744,352.9489615098642,356.9657938766437,360.98300944786916,365.00010677446335,369.01752135353274,373.0345804219837,377.0520828892071,381.0692883374192,385.08686742547593,389.1040984001516,393.1216963874903,397.13895301144976,401.1565232894648,405.17373757607965,409.19129219903556,413.20850525461213,417.2258518721346,421.2429790423485,425.2603685927763,429.27721717372054,433.294332192966
1.536049e-02 2.643167e-04 1.007415e-02 2782.13 0.45360669285684524 -0.03942904385584777 0.1635021754414853 0.5454199544858854 3.1010682325197187 336.7935035939024,340.8086066740013,344.824466614261,348.839898286294,352.85598767033224,356.87176181381255,360.8879596218542,364.9038735236273,368.9203101606058,372.9363427094649,376.95284614800346,380.9689838105506,384.98559290884924,389.0018109077826,393.0183578669575,397.03465541450447,401.05117018340184,405.0674162820097,409.0839387376402,413.1000427333143,417.1164221563462,421.1325660895017,425.14881888722766,429.16479923313653,433.18085049794996
1.554052e-01 8.717612e-04 1.379699e-01 2778.76 0.4569029067696346 -0.03927250488016003 0.1663755950943217 0.550465261765666 3.0605917823397153 333.88618509551264,337.91532667146436,341.9437475684244,345.97284432405917,350.0015668695095,354.03089664725593,358.0599608417025,362.0893884257295,366.1186442680332,370.1483605471579,374.17762795201213,378.2074517689523,382.23683736462476,386.2666785520562,390.29621943127506,394.32598881284804,398.3555973154228,402.3853572750037,406.41479683320455,410.4445885379385,414.4740952506423,418.503687905785,422.5330413216287,426.56257582389577,430.59173751597774
8.842514e-02 1.534733e-06 8.839444e-02 2781.75 0.4487672517458693 -0.03961229747456325 0.16554243835828375 0.5399341997675756 3.063428513835823 335.31842087997677,339.3163473382394,343.3145327812123,347.31266244665846,351.3112199578319,355.3094439880181,359.3081168242991,363.30659162962104,367.30541722315746,371.3039849391152,375.3029434751012,379.3016175510101,383.300692970183,387.29950524534996,391.29861072295535,395.2973926885256,399.2964808875769,403.29518436592025,407.29427426148044,411.2929589449633,415.29180402187745,419.2904147083925,423.28921360244016,427.2876454539386,431.28632332115853
6.930588e-02 1.364645e-03 4.201298e-02 2769.84 0.46213671412350943 -0.0393067191335852 0.1659687637075528 0.5469779125502526 3.0653002668314957 334.499720559489,338.53591522927275,342.5716080489948,346.60817727373404,350.64434570244373,354.68102182209844,358.7173067680039,362.754203916296,366.7907298989989,370.8278255290561,374.8646148773574,378.90167491675345,382.9385681190499,386.97576946618517,391.01261412605936,395.0498866058414,399.08678736291114,403.12396072666684,407.1609722274785,411.19817524283656,415.23500693537653,419.2721287404596,423.308858663377,427.3458523725882
1.538008e-01 1.967212e-03 1.144566e-01 2771.11 0.4581649224077763 -0.039035702254078146 0.16460693169335752 0.545648844769167 3.129923267437258 335.10745131591653,339.15116646896155,343.19451010888207,347.2383176164255,351.2818807426728,355.3259374609225,359.36975907723604,363.4140578635478,367.45811400837346,371.5025571002229,375.5466531029116,379.5912226530453,383.63548529564696,387.68012393329303,391.72445607991267,395.76910502680363,399.81351377034923,403.8581816421475,407.9025035268849,411.9471170029309,415.99129831444185,420.0358661012415,424.08013780538244,428.1243829550393,432.1685333979251
8.679778e-03 1.133288e-05 8.453120e-03 2775.39 0.4429459889241787 -0.039435214825431546 0.1664453395246359 0.5481068573682281 3.063277314756789 339.1418123135352,343.1381566736163,347.13421351548317,351.13061102957465,355.12677013151506,359.1235077267491,363.11979078320684,367.116620942259,371.1131229493885,375.1100223849803,379.10676257371733,383.10371154122026,387.1003524896952,391.0972368378583,395.0938944411554,399.0907998878101,403.0874356327034,407.0842775041656,411.08087510633845,415.0777216410268,419.07417962742323,423.07084478332195,427.0671764217637,431.06360411774506,435.05965346007366
5.697935e-02 1.121539e-05 5.675504e-02 2768.25 0.467037937798187 -0.04013695057110844 0.1637115914731617 0.5447457363397336 3.0758568303122944 327.7168268399664,331.71880600804417,335.7214440661509,339.72368958074696,343.72653446959663,347.72904922156374,351.7321524397551,355.7349114290641,359.7382252735927,363.7411687714119,367.7445433487348,371.74775799589855,375.751288276806,379.75454926604726,383.7582477045705,387.76155881674106,391.7652521180647,395.7685976330108,399.7722597939288,403.77568149441777,407.7791483639734,411.78250962322886,415.785948451395,419.78922818503696,423.79250205862934
2.542322e-01 4.455974e-04 2.453202e-01 2775.47 0.45258810969040814 -0.03929506378051334 0.16536180230293707 0.5467030122915415 3.054091328655997 337.20231925146663,341.2222605113185,345.2431136951128,349.2633179823099,353.28425672161757,357.3048350021644,361.325969192795,365.3467219152723,369.36795347698984,373.38893529823133,377.410242982659,381.4312490351592,385.4526960033877,389.4738444230878,393.495276836031,397.5162863454292,401.537675241584,405.5588341126142,409.58009854441246,413.60116665963324,417.62242449320956,421.64332561862625,425.66436278884,429.6851983060043,433.7062471353213
1.605655e-02 2.364187e-04 1.132818e-02 2774.22 0.45760454358106345 -0.039579108129176636 0.16670240891916108 0.5479333135196112 3.087065498593539 332.7107537957865,336.7252855152573,340.7395556800315,344.75447864033663,348.76916468798726,352.78428480576235,356.7990850854457,360.81443658417004,364.8295344546173,368.8449708361315,372.86018104113725,376.8758519806767,380.8910903184946,384.906805117883,388.9220744002357,392.9378453843551,396.95315455224056,400.96876746973317,404.984201734082,408.9997773741928,413.0150976357841,417.03064808366975,421.0457584415204,425.0611689037764,429.07623609042554
7.208704e-02 1.246532e-03 4.715639e-02 2780.10 0.4553313442265486 -0.03911455456301138 0.1644162394796662 0.5459860198138674 3.0966321715778857 338.3911173749925,342.42539718567565,346.46013728541624,350.4947416048905,354.5296986996099,358.5645318020568,362.5997328402906,366.634733088513,370.6702048455323,374.7052863409444,378.7407489911862,382.7760497072775,386.81154433366845,390.8468014952974,394.88241698133544,398.9176942106699,402.95326359884876,406.9886093965878,411.0241209056579,415.0592506657331,419.0948240507223,423.1299083118489,427.16516719708045,431.2001509436801
1.639787e-01 2.554633e-06 1.639276e-01 2767.66 0.4690050892828924 -0.04023371315614211 0.16147292150075362 0.545474569782138 3.0349877525670506 327.57634622110453,331.5765209323432,335.57738908294675,339.5777577875065,343.57893236671475,347.5796467893503,351.58089792389023,355.58190674050337,359.58343367106846,363.5847644897104,367.5863862926792,371.5878330772068,375.58959655405977,379.59102576005546,383.5929669318061,387.59459897082803,391.5965199233604,395.5979781375963,399.59990266044576,403.60148523648513,407.6032797487399,411.60481493940705,415.60655285794445,419.6080884158776,423.60974180572174
6.062549e-02 3.269126e-04 5.408724e-02 2770.14 0.4558180323322535 -0.03946434437319568 0.16466600630793737 0.5492025085977978 3.101946865317217 336.95045042185734,340.9674604462139,344.98517268733127,349.00231793126324,353.0202437460722,357.03776253348786,361.05582251806936,365.0735228965593,369.09177708097735,373.10965127626895,377.1279021476413,381.14585790385013,385.16430068186526,389.1823821824536,393.20065718058834,397.21869960775774,401.2371140596168,405.25512366924096,409.2734904443189,413.29148332097947,417.3096065814985,421.327458821051,425.34555852436534,429.36338771114845
1.795031e-01 1.369983e-04 1.767632e-01 2770.97 0.4548238686579975 -0.039554230179841506 0.1649865091185873 0.5494997383255277 3.0685848574036605 336.41713295036976,340.4277932766499,344.43907947624547,348.44993686969394,352.46141057168666,356.47254538020223,360.4843752607329,364.49577879601605,368.50753181108723,372.51905889860785,376.5310082720591,380.5425134023769,384.55457728333795,388.56625827087424,392.5782412984981,396.5898734345248,400.6019581903984,404.613599124224,408.6254677063278,412.6370810829917,416.64892381226036,420.66052223374186,424.6721349708545,428.68341083931546,432.6958666103705
2.083477e-01 4.753947e-04 1.988398e-01 2768.45 0.45903724398583273 -0.039500024855025254 0.1651073799883541 0.5484377122578987 3.096648710965479 333.24470738895826,337.2658365085727,341.2864697225602,345.30811207190317,349.32898570434867,353.3505289808466,357.37183368231643,361.39355804711045,365.4150326824669,369.43704246593194,373.4586798279921,377.4810354659286,381.5026045616827,385.5244610079175,389.5462150465383,393.5684447527418,397.5900571585847,401.61223851452473,405.63406280985527,409.6561521464551,413.6778155231249,417.6997155901465,421.72138168918207,425.7432059983534,429.7646682781355
1.967983e-01 1.048886e-04 1.947005e-01 2775.35 0.46202987698617654 -0.03983008210624536 0.16453227262204237 0.549068304268552 3.108291225100011 332.2860471556364,336.2955528673837,340.3047176137375,344.31434152752655,348.32374861547174,352.3336994279572,356.3434311871476,360.3536311503041,364.3634387341493,368.37389296939375,372.3838893453705,376.3942813263432,380.4044138878593,384.4149070309829,388.4251295277037,392.4355590681111,396.4458088651816,400.45631257933167,404.4665336400217,408.4770151305608,412.4870367783219,416.49748326004334,420.50750753086777,424.51774783115474,428.5284595816341
9.273799e-02 7.967699e-04 7.680259e-02 2774.71 0.45120916043807546 -0.03910663795827769 0.1637304666194367 0.5499232257788547 3.1057644268955444 337.7998063077793,341.8268800958631,345.8547417389907,349.88209855577276,353.91020597929224,357.9379251845872,361.96611656163157,365.99400361997493,370.02234531775525,374.05040987835815,378.0789075841922,382.10709914318915,386.13564172779195,390.1638548223323,394.19236118197915,398.2206096516822,402.24914246864154,406.2773096224367,410.3057310642683,414.333888529342,418.36222695342474,422.3903298658426,426.4185434322412,430.44651111137,434.4744219841777
3.612972e-02 6.720725e-04 2.268827e-02 2770.84 0.4606243104270821 -0.03947486188193941 0.1648415467137095 0.546795975976905 3.1096987662633504 333.58483983778376,337.61001169783134,341.63477489112154,345.66022700005243,349.6853761584307,353.71108406561865,357.7364625373214,361.7624180769406,365.78789899595444,369.81395118870165,373.8396490555404,377.8658751943897,381.89162383158464,385.91784467776847,389.94375294541226,393.96977642193843,397.99579303623125,402.02209223216937,406.04796946985255,410.07406606729757,414.10003859428383,418.1260649138246,422.1518145041857,426.17769070828405,430.20354764437997
5.513681e-02 7.547750e-04 4.004131e-02 2768.88 0.4608180831546325 -0.039453204608327894 0.1642494443047413 0.5456343135789541 3.1231198427123816 333.71097043299835,337.7377237983325,341.76406947448834,345.7911786059277,349.81785751946506,353.84499953628415,357.87186621542963,361.89933220291965,365.9263952870163,369.9539882619438,373.98123215741515,378.0089257339554,382.0362929781826,386.06405067101565,390.0914404378622,394.11923799431696,398.1467362377597,402.17446005741266,406.2019835685598,410.2296082943198,414.2570589933664,418.28471580399435,422.31199971867625,426.3395610726417,430.3667566864297
1.428371e-01 1.522832e-03 1.123804e-01 2782.09 0.4577718991967055 -0.03913036583862553 0.16357178959489946 0.5421849200612705 3.124746774269984 334.6621512532243,338.7004283639731,342.73838297217793,346.77691047961684,350.8152082416075,354.8538588348182,358.8924165073897,362.9313698430582,366.96993676811894,371.0091021561297,375.04793422063074,379.087122552004,383.1260774150586,387.1654155555663,391.20430365110644,395.24362398413444,399.28272551039737,403.3219827015782,407.3610660459266,411.40025147511386,415.43930471211206,419.4784724021325,423.51736234040595,427.5563778338017,431.5951417275981
3.815288e-02 6.409653e-04 2.533357e-02 2773.98 0.4524346505275612 -0.039209236412669296 0.1665655957721365 0.5472724230814803 3.1045409366909937 337.5531236600693,341.5774626241984,345.60235074317444,349.62687271737286,353.65199248977484,357.6768400608073,361.7021479075884,365.72703230413475,369.7524982954773,373.7776751012452,377.8031761603047,381.82845775283107,385.8540758389132,389.87935335833436,393.90494548702577,397.9302796512992,401.9558786979345,405.9812281238493,410.0067341036244,414.0319206477174,418.0574500499189,422.08256567824515,426.1078709399602,430.1328331037926,434.15816418376136
9.593078e-02 1.296751e-04 9.333728e-02 2769.70 0.4533919700926455 -0.03997199275785117 0.16603524155704089 0.5453200177232435 3.086694791564243 334.4741223550376,338.4615871780536,342.44977502231694,346.43750545871984,350.4259211938204,354.4139957083058,358.4025273174388,362.3908310254641,366.3796358533655,370.3679842211476,374.35680731462145,378.3453413082079,382.334223060909,386.322734828055,390.3116167765688,394.30026976547595,398.28912320243984,402.27769775653144,406.2665735994936,410.2551308424634,414.24385960541963,418.23228540698705,422.2209889174822,426.2093012617194,430.1979593465305
2.200993e-01 1.023838e-03 1.996226e-01 2772.46 0.4536050841712158 -0.039123495248509284 0.166152991277001 0.5450332269243794 3.137654524847473 338.1102988593885,342.14117636777473,346.172673188485,350.20392255165206,354.2356907459495,358.2671383114253,362.29909876306107,366.3307789447554,370.36287603546367,374.3946655093994,378.42685719171607,382.4587906662147,386.491048630082,390.5230460038858,394.5553642517343,398.5872593913604,402.61957058976253,406.65164662984466,410.68385721087543,414.71561127932324,418.7478320744396,422.77967968302016,426.8117894478628,430.84337455642844,434.87540999752673
2.259629e-01 8.883643e-05 2.241862e-01 2777.78 0.4651252257464355 -0.04031758532832354 0.16362409577338574 0.5535687516864987 3.020181558324842 330.66981220707436,334.6596404844074,338.64914259961637,342.6392120297323,346.62893693476775,350.6193702453866,354.60940288321757,358.59998889203735,362.5903157751444,366.58097745781123,370.5714476574746,374.5622202782395,378.55270314044,382.5435335609433,386.5340384303452,390.52488126560536,394.51545454361184,398.50634448007423,402.4969257240046,406.4875963599176,410.47809225729645,414.4688046338339,418.4591486884544,422.449826327545
1.863415e-01 9.112881e-04 1.681157e-01 2769.59 0.4652344609666898 -0.03954296026874139 0.16442349791018768 0.5455327594061867 3.0812559781371145 333.94045181920023,337.96985323707054,341.9989030047964,346.02862171204913,350.0579428390022,354.08780007520323,358.11746903384693,362.14752989237286,366.1773828519534,370.2076595220552,374.2376020228851,378.2678604092205,382.2980454092663,386.32844103693805,390.3586793772446,394.3891526276846,398.41926017118067,402.4497943876868,406.48001711848127,410.5103682482826,414.5405254811027,418.57085789576496,422.60082648521615,426.63120720206933
9.448553e-02 1.717455e-06 9.445118e-02 2769.16 0.4632935190227579 -0.0401060138700428 0.16455906103139192 0.5460059086880489 3.083561759788557 331.33004909098725,335.32791903042016,339.32548828148384,343.32364610681697,347.3215573571121,351.31995374483637,355.3181336271149,359.31677483621064,363.3150730961521,367.3138824541982,371.3123974664197,375.3113526660166,379.3098746702785,383.3088214791753,387.3075416277463,391.30658105893485,395.3053341614543,399.3042834525617,403.3028938469254,407.3018783789283,411.3005244334481,415.299282557932,419.297894946867,423.29655380362385
4.331069e-02 1.347847e-05 4.304112e-02 2768.62 0.45346326789173136 -0.03966927186815984 0.1668833895017053 0.5478385715099091 3.078693520914351 335.74075341838284,339.74332991687527,343.7465666227431,347.7494523004753,351.7528136991058,355.7560922443044,359.7596751833211,363.7630253368706,367.76680093278776,371.77028749858636,375.7741169208329,379.77782212083247,383.78168435992137,387.78543412308613,391.7893272342218,395.7929487544691,399.7969030552596,403.8005643749431,407.8045059926349,411.8080517175975,415.81191024964187,419.8153803819321,423.819060795842,427.8223867157388,431.82606402017075
1.018382e-01 1.308112e-06 1.018120e-01 2771.63 0.4589456554883178 -0.03995817532473284 0.16592485450323746 0.5457852336036509 3.126447994899442 331.33961225601274,335.3379123566586,339.3357248326995,343.33409935840814,347.33208332785887,351.3307293690893,355.3291009252747,359.32795444291,363.32646532399497,367.32539490943645,371.3240210109358,375.32316890385783,379.321988812422,383.3210680153936,387.31994252993053,391.319088508616,395.3179858989286,399.31712619882734,403.315949688291,407.3151311797714,411.31391420044554,415.31289968999454,419.3116165975451,423.3104696816401,427.30916174827115
5.102073e-02 1.166224e-05 5.078748e-02 2778.11 0.46678750559773147 -0.04011906445333915 0.16554379229500793 0.5502504251589804 3.0527170606777023 327.72836174797726,331.7306696104464,335.733315020847,339.7355480238433,343.7386071979683,347.74110247778975,351.7443504279401,355.7473185448152,359.7506864440381,363.75378268135637,367.75733896646216,371.76058556432673,375.7641901356225,379.7673770828889,383.7711505727071,387.774486702479,391.7782654098206,395.7815808204407,399.7854249753911,403.78879804587496,407.7924946654738,411.79584165712504,415.7993244558209,419.80268233278457,423.8059630575211
1.177873e-01 3.724806e-04 1.103377e-01 2784.07 0.4639270556210501 -0.03971395878424142 0.16587809929571398 0.5483925334530579 3.118309026884204 333.0382484797037,337.056795816927,341.0750978091477,345.09383747911454,349.11228652414985,353.1312404972613,357.15007572158214,361.1692817299019,365.1881882703959,369.2075595674268,373.22668903558343,377.2461726341666,381.26524997187863,385.2849085525177,389.3042023286685,393.32376882883614,397.34303918534664,401.3626326928607,405.3818570491719,409.401509550817,413.42057621604846,417.4401763072613,421.4593591910381,425.47856816634896
7.267744e-02 2.851396e-06 7.262041e-02 2766.06 0.461653030328436 -0.04005689538452223 0.16478052010468003 0.5476579023879562 3.0949441884798783 331.29852347216445,335.2961773648803,339.29339613524553,343.29118127973,347.28865211238656,351.2866934128802,355.2844741428346,359.2827274639486,363.280716994843,367.27917008506955,371.277259859582,375.27572426785946,379.2740249705452,383.27253152589043,387.2708497951769,391.2695146288877,395.2678180145853,399.2664003704359,403.2646850276801,407.26322532105104,411.2615615691454,415.2599161829921,419.25799124045005,423.2564915028773,427.25469744153526
2.019562e-03 3.472892e-05 1.324984e-03 2777.78 0.4686243959581918 -0.0401346830038911 0.16507981749254388 0.5487481929217438 3.1282992924158304 327.9291398545337,331.933605449064,335.9388442131044,339.94352606194514,343.9489596565938,347.9540254883248,351.9596622117448,355.9649679183463,359.97080046083636,363.9763565442175,367.9823760899411,371.9880356684843,375.99419660421023,379.9998964377416,384.0061375123173,388.0120968133288,392.01832854425743,396.0242243236071,400.0303773232346,404.03624158900885,408.04247502909806,412.04828719563665,416.05437009563553,420.0599892638611,424.0659783455462
1.934726e-02 2.290490e-04 1.476628e-02 2782.09 0.4641568877983724 -0.039802795612736426 0.16596462097106757 0.547685395207551 3.0759312085594157 332.6951310043963,336.70940731146874,340.72348651816645,344.7381673684121,348.75239946792993,352.7672951171709,356.7818849048045,360.7969927545503,364.811729218929,368.8269525102334,372.84186904037233,376.85713448035256,380.8722264052256,384.8875806040721,388.9028180152051,392.9181400514356,396.93324119007207,400.9487089591295,404.96384342687486,408.9791827192424,412.99425646330184,417.0095745280034,421.0244845585042,425.0396662514187
2.139940e-02 2.835243e-04 1.572891e-02 2774.44 0.4558608229207614 -0.03949350753218032 0.16551958411219056 0.5464196987217914 3.084160156718065 336.843171641743,340.85896807202613,344.87526353383254,348.89139425040213,352.90786215182845,356.9241407975866,360.94099287299395,364.95750726408784,368.9743883512059,372.9910299985296,377.00804300274535,381.02472455053135,385.0419276481206,389.058658630505,393.07580944189937,397.09266541473454,401.1097575356662,405.1265245307009,409.14359526692294,413.16037569198767,417.17733050931804,421.1939962115736,425.21079496638094,429.22743300128957
1.587125e-01 8.881733e-04 1.409491e-01 2770.25 0.461807794451697 -0.03943486827788657 0.16374456919324074 0.5490730808980919 3.1088073309739483 333.9086264345925,337.9376850075068,341.96631140858983,345.99564237005376,350.02466499083823,354.05421767589684,358.0835029781837,362.11321794646983,366.14277009186156,370.17259771831584,374.20222940127195,378.2322842948404,382.2619290297692,386.29205979023413,390.3218079786427,394.35193204774697,398.3816469242758,402.4117274409156,406.44153520404717,410.471584899373,414.50123762817867,418.53122265174403,422.56081183167504,426.5906597491308,430.6210279944276
2.470865e-01 1.158007e-04 2.447705e-01 2770.32 0.45912137842125067 -0.039719373868388995 0.16534316247716116 0.5487392552992225 3.052107548320675 332.3310937093074,336.34116088220867,340.35085802688087,344.3612395624738,348.37118081355925,352.381618353033,356.3919089034208,360.4026696021092,364.41317098161596,368.42398444919763,372.4345392673792,376.4456843908658,380.4562990493727,384.4672666648891,388.4780609346443,392.4891255240238,396.4999568197856,400.5108913033684,404.52167307288715,408.5326611506424,412.5433145615907,416.55416200515884,420.56479507252857,424.57565579828577,428.58589862601593
3.049165e-02 2.122491e-04 2.624667e-02 2775.23 0.45883557758427596 -0.03963701758576968 0.16634790016063536 0.5491220244760118 3.1197978105579995 332.643676349751,336.6577399481922,340.6710865132668,344.6852278361298,348.69905139782804,352.7134186336896,356.7274259232844,360.74191938786197,364.75616397439416,368.77080883609835,372.78524730760296,376.79999373445855,380.8145444164376,384.82935601578936,388.8439153861911,392.8587403473995,396.8733543965541,400.8882211820794,404.90269680133576,408.9175614982534,412.9320054251191,416.94667518197906,420.9611564785048,424.9757631612053,428.98995677751833
1.711040e-02 2.766711e-04 1.157698e-02 2780.67 0.46343519180241444 -0.039748826745098456 0.16623277011850995 0.5486717911308424 3.0941464550631053 332.8190312168938,336.8349504852761,340.85041084638243,344.8666202777307,348.8823896930766,352.8987029019393,356.9149070102386,360.9314385547453,364.9477689616565,368.96448089034027,372.9810490871733,376.99775992714603,381.01437262982125,385.0313503919335,389.0477865368933,393.06482371554836,397.08141431294877,401.098335053519,405.1148992971595,409.13176292391034,413.1483853126297,417.16516642922545,421.18149540427356,425.19820187279305
5.969271e-02 1.087808e-05 5.947515e-02 2771.47 0.4627736795576778 -0.03999331148987879 0.16374970466255215 0.5475635321014753 3.072142355998749 331.712705013366,335.7152615305058,339.71748443879994,343.72030627555495,347.7227509483522,351.72578407755316,355.7284886494943,359.73176982504356,363.7347887558697,367.7380459067008,371.74116415275853,375.7446843156693,379.7478014771168,383.7514023095905,387.7545715916153,391.7582345649721,395.76156035220436,399.7650159497493,403.76838737411197,407.77185202768624,411.77511339620037,415.7786129514041,419.781748801084,423.78496891378785
8.910998e-02 7.591514e-05 8.759168e-02 2778.11 0.4645655149826235 -0.03993679451223411 0.16469199729505396 0.5531194946352355 3.060665032606577 332.1691064473808,336.1770689958569,340.18461933906843,344.1929286248422,348.20081705093344,352.2092614438493,356.217452764068,360.2260901099359,364.2344755585073,368.2433608025542,372.25189810042855,376.2607628816512,380.26936836327485,384.2783770476168,388.2870159693994,392.2960656474874,396.30482704414874,400.3138064558153,404.3225272488682,408.3313472592224,412.34008865339155,416.3487881705886,420.35734912980655,424.3660786612294
9.271874e-03 4.503686e-05 8.371136e-03 2774.18 0.469603423419568 -0.04015641374276115 0.16532795502871456 0.5422064535471066 3.08004165492796 327.99191818660995,331.99691024414676,336.00273030648714,340.0083190646922,344.01444881511645,348.0203698621991,352.02682927849554,356.03300047277025,360.0396725439974,364.0459701478285,368.05271560362326,372.05926398615554,376.0661533656154,380.0726970993892,384.0797266307024,388.08640916974434,392.0934805252467,396.10021226153737,400.1071787101724,404.11396896458274,408.12094665645407,412.1275568120158,416.1344967613599,420.1410177659771,424.1488055319668
2.053959e-01 1.059802e-03 1.841998e-01 2777.78 0.4625082572746516 -0.039400006655316774 0.16582185080770273 0.5514843767547651 3.081401918478666 334.1401647394472,338.171986017964,342.20344326315364,346.2354854185703,350.2672996915118,354.29960009817313,358.3315457765984,362.3640747316403,366.3962897206851,370.42895103123004,374.46129476454763,378.49401970876005,382.5265077456948,386.55942078621155,390.5918486129702,394.62469131351287,398.65719150738073,402.69012378884065,406.72256070707624,410.7553387387525,414.78783407785653,418.82054552846023,422.8529428735239,426.8855086915874
4.517689e-02 6.203148e-05 4.393626e-02 2767.16 0.45952159747548765 -0.0397950918446769 0.16568142842825515 0.547264202086744 3.1182587177063046 332.08897892636105,336.09596510140216,340.10277657687396,344.1101511999101,348.11732058545846,352.1249619796912,356.1321886067897,360.13999606816526,364.1475541028096,368.15559525279605,372.163306446757,376.1714084016019,380.1791890552026,384.18736276419224,388.19509850335703,392.20335982010084,396.2111873522043,400.21939412732667,404.22719902295376,408.23535301881265,412.2431760396748,416.25113731250843,420.2588687516974,424.2668538173613,428.2742460764859
2.232867e-02 2.456259e-04 1.741615e-02 2768.77 0.4583390749673469 -0.040219114866202575 0.16366719613408662 0.5508925792858826 3.0367357143914138 330.14371344903446,334.12745546352164,338.1107305966206,342.09462599093814,346.0782620831264,350.0624120482793,354.04612034335076,358.0304096381666,362.01448402131257,365.9988664076648,369.98301793989987,373.9675586046107,377.9519315009253,381.9364258431258,385.92069974894093,389.9054576757741,393.889714443047,397.8742683257772,401.85862133136857,405.8432645257217,409.82743692629964,413.81195819701134,417.79600590798714,421.78039989715865,425.76440845383894
1.298267e-01 4.404244e-06 1.297386e-01 2780.67 0.4603926619935253 -0.03993722094037457 0.16674679564713554 0.5492329671152121 3.1096907668513714 331.6120480855238,335.61323958808657,339.6143230683909,343.6158133103652,347.6171239422249,351.6190034983069,355.6205488016779,359.6225932082101,363.6243020737219,367.6265551235127,371.6285031469689,375.6306817492726,379.6327597646932,383.63508684494633,387.6372324115213,391.6396477813069,395.6417737449475,399.6441146156871,403.6461713060917,407.64846217471165,411.65051051603996,415.65270178301694,419.65455892747724,423.6567134785283,427.65862609823824
8.047816e-02 2.384871e-06 8.043046e-02 2769.85 0.4565479892229574 -0.03987758955020899 0.16532952829778835 0.5479698780468145 3.049557329274566 331.3092829851811,335.30795582895695,339.3053706308951,343.30331679360256,347.3009573736128,351.29923623674415,355.29722397249793,359.2956366877924,363.2937829701279,367.292365841113,371.29069259186133,375.28938280212077,379.2877393208822,383.2864858754464,387.2848938622078,391.2836422106519,395.28214923136835,399.2808720447245,403.2792721088517,407.278033337401,411.27635778121765,415.2748736528154,419.27328397313323,423.27176380961237,427.2699472945119
1.570198e-02 2.263318e-04 1.117534e-02 2768.53 0.4538369367358032 -0.04006060099976586 0.16555959679315063 0.5456422140240561 3.093815522608165 334.16906616398,338.15294250890787,342.1374781910798,346.1215824837415,350.10639253375314,354.0907716245153,358.0756176555981,362.0603604166918,366.0454323357399,370.0302531875429,374.0153907162243,378.0002708497651,381.9854944269877,385.9704503946138,389.955631112591,393.9406422884879,397.9258500932179,401.9107604599803,405.8958902743777,409.8808006416364,413.8659249157978,417.8506414158133,421.83574117949786,425.82036042054966,429.8052508229131
2.221161e-01 1.116945e-04 2.198823e-01 2768.45 0.4587011040369984 -0.03971642870107687 0.1662814153707335 0.5443837585174873 3.089272451996723 332.30831655694806,336.318283787628,340.3277793647428,344.3378929372506,348.34756860596013,352.35784894806335,356.36795915269465,360.3784430414708,364.38866010371424,368.3992940702187,372.4097060134482,376.42047980155826,380.43095704485654,384.4418208437357,388.45237042916835,392.46322435439225,396.47374511640777,400.484549092687,404.49512548985354,408.50597506309975,412.5164309885961,416.52722531323957,420.5376718870024,424.54820119994804,428.55851812637667
3.515661e-03 2.411415e-05 3.033378e-03 2767.91 0.4619121514772263 -0.04013101940052252 0.16558710516514896 0.5460643152247683 3.061388441397988 331.03076671510814,335.0250969297958,339.0190693413159,343.01358520731986,347.0078725810009,351.00274824310185,354.99722883970054,358.9922373732047,362.9870978305729,366.982249905433,370.97707031208944,374.97240004436435,378.9673719230297,382.9627693644644,386.95784866685085,390.9532810833035,394.9482899206829,398.9436267500622,402.9387753688066,406.93396176603727,410.92913102281614,414.9243111252024,418.91923340033765,422.9142944615858,426.90945886339443
2.909695e-02 3.855359e-05 2.832588e-02 2780.11 0.46229028642006037 -0.04016452878614003 0.16644215887586727 0.5493125784779929 3.042960219840077 330.92884404316976,334.9218851131133,338.91468706664284,342.90795852623836,346.9009367690468,350.89451808581435,354.8878223717829,358.8815309639905,362.8750270568176,366.8690462455312,370.86257119426693,374.85663927259554,378.8502606546578,382.8444237183075,386.8380921291473,390.8322316880466,394.825938105398,398.8201040676513,402.81375559582017,406.8078479825587,410.80160113466746,414.7954245336696,418.7890689548971,422.78278927341887,426.77734514223494
2.132066e-01 1.277603e-04 2.106514e-01 2770.96 0.4548946155500257 -0.0395647443507818 0.166188613376888 0.5499054477052111 3.0808780646655127 336.3836858681207,340.39392309769266,344.4048198096659,348.4153115683671,352.426450248752,356.4372366792924,360.4485064447824,364.45944793302147,368.47089015117,372.48204795142493,376.4934691755519,380.5047490581468,384.5163335452986,388.5275988495834,392.53920242914677,396.5504040804648,400.5620684540426,404.57341727360335,408.58485518893315,412.596058161894,416.6074688581991,420.61861516339053,424.6298371394992,428.6407943060918,432.65265990917794
3.374059e-03 1.662339e-05 3.041591e-03 2778.11 0.4729962128651867 -0.04047910197123203 0.16566541900228193 0.5462272209404383 3.0766385828212877 327.11511811593545,331.10948724432376,335.1045792435323,339.0993025212348,343.0946632734593,347.0898884329936,351.08557637651205,355.080885719568,359.0767819954298,363.0724023920359,367.06829507171625,371.06401868302356,375.06014268245025,379.0559682957027,383.05218397031655,387.0481210944862,391.0444143654755,395.04018448159985,399.0365720538092,403.0324541154198,407.02869504083316,411.0244796233674,415.0206951713824,419.0165360426581
4.155644e-02 7.394461e-04 2.676752e-02 2778.11 0.4712829706125683 -0.039790655635840874 0.16563692506569952 0.5492517427681896 3.0560974509239305 329.6777625844399,333.7034085290881,337.72987739453396,341.7559366056788,345.78260881535994,349.80909535232007,353.83606793524046,357.86263528250396,361.88970972110917,365.9165074260015,369.9438175906307,373.9707685935805,377.9983128210696,382.0253451302062,386.05290423364755,390.0799075418289,394.10754405249867,398.1348236499805,402.1622384464872,406.18932722887877,410.2168327608772,414.24398193156094,418.2714081789488,422.2983911233479
1.005552e-01 6.600715e-06 1.004232e-01 2767.62 0.46452810834999375 -0.04007077044370891 0.16548949965106335 0.5447843613513945 3.0831998361216835 331.65014040518633,335.6518760447483,339.6532820669568,343.65534403792714,347.6571035720684,351.65930871157167,355.661384514183,359.66382558281373,363.6660495376016,367.6686748143607,371.6710339477725,375.67379534689576,379.6762486304828,383.6791636436376,387.681703955232,391.68456253330504,395.68709670273654,399.6899791562132,403.69251528116047,407.695275189212,411.69770097942126,415.7004214901491,419.70288801961635,423.7054147881282
8.183611e-02 3.565987e-04 7.470414e-02 2777.83 0.4781259030956242 -0.04017438312296347 0.16339566192926533 0.5457525517430458 3.0262199655776745 324.98470535169696,329.00254907893316,333.0199477997798,337.03797926813104,341.0557114880635,345.0740270778823,349.0921696133154,353.1107368395424,357.12904154486597,361.14802310821614,365.16644354550664,369.1855799840646,373.2041898604231,377.22333192480016,381.24219750311636,385.2613772259364,389.2803204949256,393.29947070666424,397.31841655332966,401.3376159549822,405.35649121097026,409.37577745249143,413.3946737537379,417.4136890773273
6.229801e-02 1.859387e-04 5.857924e-02 2770.28 0.46069495377093267 -0.039718691024568646 0.16412818498306547 0.5473495336257177 3.0955374049070876 332.56785066003255,336.58069382635017,340.5932388283934,344.6064996545445,348.6191903021826,352.63270365674964,356.64574268249976,360.6593522627428,364.67263114009677,368.68648991824915,372.6998966747829,376.7136849495142,380.7272199980614,384.7411240507115,388.7547191068673,392.76858420313073,396.7823405036216,400.7962244827208,404.80980827269235,408.8236801371938,412.83726580054423,416.8509959431264,420.8644968138468,424.87814812794903,428.8916128934782
1.403162e-01 1.516171e-04 1.372839e-01 2777.78 0.4687566244719827 -0.04000989443854562 0.16549409414594815 0.5475839198018592 3.088656328159775 328.4547683945208,332.4655942839229,336.4772101005902,340.48835146643955,344.5000616969143,348.511578907026,352.5237509299465,356.5354295264707,360.5477094325695,364.5595965492652,368.57211410730287,372.58407170055534,376.59675344116613,380.6090186396521,384.62159808562075,388.6338751744634,392.646506744375,396.65883745282224,400.6714723354963,404.6837234992295,408.6962778006513,412.70846594788077,416.7209356678006,420.73326894407546,424.74553440882573
2.146365e-01 1.166896e-07 2.146342e-01 2775.13 0.4735883973152653 -0.040415689925333426 0.16480222167511838 0.5423438150308183 3.0896410600634496 327.4652755713898,331.4639909858704,335.46332990826903,339.4624973191381,343.4621624946903,347.46148898077956,351.46154090086765,355.4610826527915,359.4613022065692,363.4611622738578,367.4615063245055,371.4615910526138,375.462021040954,379.462141045053,383.4626654491464,387.46291755235444,391.4635107818881,395.4637943757451,399.4643527731994,403.4646282568494,407.4651143063118,411.4653861523229,415.46568939020983,419.4658641938618
5.492499e-02 6.156837e-04 4.261131e-02 2779.91 0.46293671754835847 -0.03958024579139158 0.16512748540424732 0.5417109610333009 3.1055886131034143 333.4881588719437,337.5120720387383,341.5357240656521,345.5600211022164,349.5839903475297,353.60848876245535,357.6327029306241,361.6574717827894,365.68195460515767,369.70684504219025,373.73139581139645,377.75645078569266,381.7810473884905,385.8061665569949,389.8310277475792,393.8560400152904,397.8808983318252,401.90609387870046,405.9307234503165,409.9558519370515,413.9806048406599,418.00560269319544,422.0301978698853,426.0550977484538
1.396806e-01 3.811978e-04 1.320567e-01 2766.90 0.4609954983925862 -0.03961487111230423 0.16540704155933372 0.545278635330931 3.0915012056016327 333.0533891603419,337.07234688733,341.09067689680603,345.10975860538355,349.1284616881626,353.1477644587417,357.1666912981051,361.1861738916291,365.20540275817575,369.22493877334193,373.2442577409827,377.2640440305438,381.28335667922306,385.3032156494944,389.322753025118,393.3424784345165,397.3620444819073,401.3818687981288,405.4013873744062,409.42115360021586,413.4405950822426,417.4603108082266,421.47971223699915,425.4992300654228,429.51848803871286
2.493395e-02 1.818833e-05 2.457019e-02 2771.55 0.45830981900441586 -0.039830451209321285 0.16520349589058939 0.5420110075211123 3.059514585783972 331.7842211678908,335.7878472662645,339.79099740004443,343.7947485868556,347.798249061732,351.8022463530518,355.8059164679238,359.8100845931989,363.8140867202205,367.8183780704054,371.8224524450748,375.8268588288143,379.83111139351496,383.83564228102387,387.83987322934917,391.84435336924554,395.8486038729707,399.8531922671276,403.8574289739883,407.8619534414344,411.8660429847785,415.8705689266533,419.8746205595269,423.8789993388138,427.8829860804735
2.050768e-02 2.816702e-04 1.487427e-02 2778.72 0.46013118065160474 -0.039640708704186484 0.16429142161709137 0.5448263664884264 3.0845867342815665 332.8245738401088,336.84052473020756,340.8561079251772,344.8723789775761,348.8883560042137,352.90487016183465,356.9211791130038,360.93783400410695,364.95426648750106,368.9711917232808,372.98769791195616,377.0047110659412,381.02141111579374,385.0384814968055,389.0552626045763,393.0722380689475,397.0890994861028,401.1061005908353,405.1228640733166,409.1399314964226,413.1566767838598,417.17352844442814,421.1901505138157,425.20705000230964,429.2235685190407
4.802731e-02 1.286779e-05 4.776996e-02 2771.99 0.47051094512926117 -0.040248723472212526 0.1638680557044134 0.542199962080842 3.0738086584850577 327.73575452646617,331.73778387005507,335.7406066815063,339.7430463651249,343.7461504131643,347.74877477261106,351.7521175288118,355.75507585367296,359.75855515548335,363.76170285098465,367.7655017674826,371.7688822589384,375.7727107352265,379.776077041375,383.7800254686467,387.78349745054265,391.7874873099001,395.7909586481839,399.7948854182588,403.79843516443435,407.80235175028065,411.8058310356523,415.80969113577885,419.8131663750053
1.339960e-02 2.251518e-05 1.294929e-02 2782.09 0.45647828507272525 -0.03976090929163714 0.164888947165281 0.5402417895631657 3.057461557413332 331.8203928262302,335.8252765049431,339.82894581028313,343.8332051464693,347.8372082451914,351.8416242430914,355.8458505918505,359.8506176678207,363.85487789809423,367.8597942846686,371.8642710767029,375.86923436617667,379.8737731869082,383.87881580617494,387.8836643543252,391.888631414446,395.89334616568215,399.8985147518271,403.9031834598418,407.9082304558453,411.9128165642437,415.91767341682026,419.922354820059,423.92703861361156,427.9315862614025
1.333322e-01 4.147627e-07 1.333239e-01 2771.78 0.4553290404987403 -0.03982402579332182 0.1654823854453364 0.5452759886705808 3.0977548638716006 335.37714161143697,339.3754944226849,343.374359538895,347.37294222646193,351.3721083637755,355.3708653892759,359.3701951767624,363.3692569569114,367.3687123501808,371.36788624936906,375.3675550794775,379.36681137196524,383.3663876145233,387.3656884954244,391.365361936763,395.36480342181954,399.3644216025429,403.36378149675426,407.36345100380936,411.3625702756099,415.36215664228655,419.36133879120126,423.36065963399165,427.359795358246
1.443036e-02 3.358637e-05 1.375863e-02 2778.11 0.47512584966044014 -0.04058241247737645 0.16662056518175408 0.5447606880902449 3.0414329838278213 326.97666423120046,330.96931761820235,334.9625953921638,338.95576987413085,342.949525142313,346.94278615021375,350.9367257132872,354.930314715057,358.9244220525282,362.918402443938,366.91275357230654,370.90665781839925,374.9010384745787,378.89532732654567,382.88971273147524,386.8838311106604,390.8784246977151,394.8726060233024,398.86729581935543,402.8614495229125,406.85587795050554,410.8500377152005,414.8444286074617,418.838516386701
2.275068e-02 2.824714e-04 1.710125e-02 2783.00 0.4527691908029298 -0.0393908881466497 0.16512970143574654 0.542938404207 3.0510194079113613 336.8365964745865,340.85227072452636,344.86866099665156,348.88468223159447,352.90126314239313,356.91749131445283,360.9342903293214,364.9508061023853,368.9676562080058,372.9842230283654,377.00121606107075,381.0179470238415,385.0350747825296,389.0518476422165,393.0688884653576,397.08571263293356,401.10277204094297,405.1196696358242,409.1366179415792,413.1533225923396,417.17030224420967,421.18694510958113,425.2037638267382,429.220262668325,433.23716282260585
4.527061e-02 6.390856e-04 3.248890e-02 2773.97 0.4681127435821438 -0.03973246042118821 0.16526833486014003 0.5457739393370289 3.0760230714142716 329.51424939847794,333.5382364873365,337.56268678062634,341.58687582331663,345.6116293394396,349.63607160836904,353.6611987185643,357.68583325537776,361.7112128100578,365.7360719101554,369.7614641349796,373.78637669810905,377.8119366536808,381.8371199815077,385.8627076999054,389.88798371620317,393.91363857146735,397.9389104748804,401.96446162858274,405.98980398998,410.01531428124343,414.0405680184224,418.06598223083154,422.0909764179905,426.1165979231348
1.060620e-01 1.133072e-06 1.060394e-01 2771.24 0.45840252702813716 -0.03993981602197246 0.16694196422718735 0.5433473306038502 3.0943268351180295 331.34497542792906,335.3433526247909,339.3412716921977,343.3396997853885,347.3378022396117,351.336378106074,355.3348463655224,359.3338616475665,363.3324838073545,367.33147313280335,371.3302167970161,375.3294742048914,379.328282974579,383.3274669599829,387.3264020815658,391.3256087011296,395.32459443218397,399.3238844973426,403.3227084784284,407.3220007769964,411.3208152238053,415.31996265444894,419.3187801650871,423.3176728424737,427.31644171087834
1.267331e-03 3.711361e-05 5.250591e-04 2773.21 0.4600035439066248 -0.039848759644502976 0.16403264902453785 0.5439037999518989 3.0873325528577746 331.94350422933223,335.94865579666845,339.95364839778483,343.95933879885195,347.96463120896846,351.9705424656259,355.9761641401455,359.9822371203769,363.9880669506893,367.99423604152645,372.0002507168524,376.00660104811993,380.01262087855446,384.0190467245159,388.0251878440771,392.0316653255404,396.0377372664064,400.04430613685264,404.0502810116955,408.0567765601164,412.062945897195,416.0691817896568,420.07511135041403,424.08129840916484,428.0872409004313
3.733836e-02 3.953051e-05 3.654775e-02 2779.23 0.4618970244086447 -0.04016355804228234 0.16503554277658758 0.5424790913126741 3.058542641153376 330.91153773690405,334.9045088944472,338.89709801930536,342.89023486812994,346.88305318493957,350.87659789931797,354.86969329220017,358.8633810643967,362.85671670019786,366.8504592744092,370.8440059729141,374.8378131016803,378.83143636234604,382.82546520006304,386.819168650263,390.81311796367567,394.8067192841319,398.8006265374548,402.7945166363393,406.78841464423135,410.78196764743905,414.7758555900214,418.7694220334073,422.76317836119375,426.7571787255988
1.533936e-01 9.543144e-05 1.514850e-01 2774.28 0.4655342760618217 -0.039959839690969216 0.16674414457681416 0.5442564082764234 3.074927274386858 332.2474884019103,336.2564823077548,340.26515060332173,344.2743882076871,348.28334151929175,352.2927790390811,356.3020354299986,360.31168582714577,364.3210839394574,368.3309366552627,372.3404789592766,376.3504362027927,380.3600082432164,384.37010424396516,388.3797764027365,392.3899351412237,396.39970953786025,400.40980738201995,404.41958288759355,408.42953272061783,412.43926534613706,416.44912520203076,420.45868015144043,424.4686168562532
3.010170e-02 3.036859e-04 2.402798e-02 2773.72 0.47649674461622227 -0.04015734218845708 0.1621286917632771 0.5434176903603748 3.0524223009830225 324.86083933366876,328.87734595465355,332.89323266951624,336.90981505160204,340.9260878537712,344.94290638533715,348.9595753443989,352.97662844298213,356.9935083183399,361.0109591636622,365.0279208068337,369.04549608150603,373.0626802586585,377.08032223726264,381.0976999007357,385.11533868571155,389.1328813336371,393.15060372627454,397.16818576033796,401.1858560330516,405.20322249588077,409.22099110274246,413.2384324675741,417.2560979067994,421.27361584119785
3.851879e-02 3.183202e-04 3.215239e-02 2777.32 0.47824516074786433 -0.040202795457032564 0.16255049426667317 0.5453125438267337 3.0963872732988573 324.8974055403937,328.9141492113527,332.9304807500583,336.9474800609806,340.96414924514676,344.98145572197564,348.9984448792288,353.0160478283728,357.03338835133036,361.0512317742195,365.06874059134356,369.086552206698,373.1041559012111,377.1222931060069,381.1400952331407,385.1581736032432,389.17604209715773,393.1941754559852,397.2121263968436,401.2302825380301,405.2483245360787,409.26633898378236,413.2843372038058,417.3022674259573
4.433750e-02 2.022703e-04 4.029210e-02 2773.56 0.4727750264515861 -0.040100328290027826 0.16204657178569554 0.5461203931727471 3.0401657052586075 328.61374459122374,332.6264895584757,336.63981568563077,340.65290397024535,344.6665508655853,348.6799750018522,352.6939516326029,356.7076018060491,360.72170922881116,364.7355999239295,368.7498732074373,372.7638928928684,376.7784421296624,380.79240359636077,384.80703198326484,388.82128564406014,392.8357307678628,396.849916378493,400.8645115892583,404.8785557428983,408.89306186681705,412.90738322182114,416.92179956879386,420.93588376493545
3.658057e-03 3.874535e-05 2.883150e-03 2777.83 0.4780005029191638 -0.040430414215781245 0.1647197034973683 0.5430898808074724 3.049718435642371 323.9573924520166,327.96253940716235,331.96727328252416,335.97267716348995,339.9777560284986,343.9834583574381,347.98870942376317,351.994753409835,356.00039720231024,360.006570856277,364.01245534613935,368.0188901543508,372.0247906443971,376.031265882633,380.03746474697135,384.04399872832573,388.05010020633205,392.05680713099974,396.0630330969927,400.06958697959067,404.0757116287552,408.0823739528094,412.08864747958654,416.0950883268014
1.310110e-02 2.619780e-04 7.861536e-03 2767.32 0.47007522695955306 -0.03998025341588862 0.16341144224889245 0.5420236791327641 3.0513321206766824 328.76846727219373,332.7829711063945,336.7984236996023,340.8134916063356,344.82917076169946,348.8444356668658,352.8603715827122,356.87594586114835,360.892075256979,364.90790813963395,368.9241285314492,372.94017991623866,376.956581354339,380.9726562381069,384.98921210925295,389.0054119166967,393.02189874644927,397.03801341821253,401.05448494165654,405.0706216048267,409.08709459414047,413.1032220898531,417.1196464577209,421.1357313876614
6.042563e-02 4.727505e-05 5.948013e-02 2770.59 0.4615002458277625 -0.04015837633920868 0.16418097542123233 0.5459019538122116 3.094766412501513 330.86722700067986,334.8596834007633,338.85171673614843,342.8441831375612,346.8364887492093,350.8294381958623,354.8220638338783,358.81506029741684,362.8078027869392,366.8011052758018,370.79400785835577,374.78740655421507,378.7802788206043,382.7737238251047,386.7667571038848,390.7602482318567,394.7533566629019,398.74678549257743,402.7398914513645,406.733273596292,410.7263651508841,414.7196061246413,418.71257534779136,422.70580373020186,426.6986263068602
1.828902e-01 1.024323e-04 1.808415e-01 2774.28 0.4643609697376994 -0.039910908772605794 0.16606497781884494 0.5459726499884626 3.0562497805463407 332.2784794589104,336.287765963562,340.2967915669244,344.30639116834186,348.3156784139337,352.32549227070916,356.3350194271408,360.34511491981334,364.35482080298607,368.3650461877891,372.37502006310416,376.3853183215545,380.3953158106094,384.40568704421787,388.4158355624508,392.4262278803772,396.4363800041995,400.4467292408373,404.4568845051985,408.467235366316,412.47724307172666,416.487531645606,420.4974809875243,424.50759249086127
2.163112e-01 1.288591e-04 2.137340e-01 2770.07 0.4584405918043523 -0.039691524447896635 0.1660107310645915 0.5452655882208515 3.1045631722946903 332.3736795775725,336.38452889455573,340.3947418289411,344.40562139333235,348.416200443599,352.4273331570342,356.43808941434673,360.4493628212513,364.4603689852343,368.4717718971901,372.4829046738419,376.4945149124446,380.505714278556,384.51743397424093,388.52873679162894,392.5404358361047,396.5517193046406,400.5633674483382,404.5747565214599,408.5862180919282,412.59755777384566,416.6090097795866,420.6203308336632,424.6316425039516,428.6427603394921
1.129746e-01 6.325232e-05 1.117096e-01 2780.57 0.46864459344568904 -0.04041713935331974 0.1657861191906908 0.5455089197177868 3.0743627619788034 326.79437956647695,330.78503513074,334.7764247041329,338.7673187377414,342.75891163704324,346.7500825694078,350.7418550147754,354.73348761104785,358.7254126907859,362.7170350965308,366.70914399819696,370.7010058675249,374.69322517834456,378.6852499509328,382.6775928797142,386.66960329128017,390.66211360259354,394.6541162761044,398.64655364971946,402.6386171175745,406.63084813707366,410.6228447421533,414.61500305298335,418.6069253052845,422.59910183728215
1.423312e-01 1.512780e-04 1.393056e-01 2770.63 0.46219741211758436 -0.03980175167716121 0.1652034879798658 0.5431579899595299 3.0951641035739024 332.45118425599185,336.4626735748155,340.4738422130588,344.48561358081906,348.49710090830723,352.5091012202235,356.5207725720399,360.53309065727234,364.54496605478096,368.55736869216474,372.56931143395445,376.5818715772136,380.59400133047313,384.60653938670254,388.61879763622306,392.63130568432246,396.64362148291644,400.6561843507811,404.6684317472224,408.6809665733428,412.6931705618218,416.70556075508847,420.71759816137876,424.730026536703,428.74288757485726
3.885678e-02 1.644427e-04 3.556793e-02 2776.15 0.4564221069552195 -0.04010409163930994 0.16408378084475608 0.545296639438571 3.0560174640567492 330.3714760223539,334.3581081205233,338.34427424145866,342.3310170656801,346.31737519479765,350.3043528828421,354.29095268302956,358.27804968615237,362.26500654124936,366.25214282800175,370.2392838582069,374.22656684456445,378.21372940745783,382.2011996797302,386.18832836620754,390.17586269137416,394.1630048451833,398.1503990072108,402.1376443153623,406.12501107623075,410.1120639200176,414.0993862518662,418.08644403720257,422.07367869862225,426.06049658839214
5.710897e-02 3.272454e-04 5.056406e-02 2779.95 0.46143381028009556 -0.03966256662201592 0.16031206360891978 0.5403830466003396 3.053912795586433 332.92945779060494,336.94675435298103,340.9637101898556,344.98120914817326,348.9984407406121,353.01631446647093,357.03380682194,361.05172721752984,365.0694057488793,369.087694331151,373.1055454725625,377.1237375658208,381.1418564657056,385.1600677860064,389.17821015054915,393.19658737513276,397.2146952636159,401.2330719455479,405.2510550965858,409.2694377938901,413.28743646863825,417.3057089541365,421.3235796288977,425.3417525187089,429.3598681185277
5.891545e-02 6.879735e-05 5.753950e-02 2770.96 0.47048525164563026 -0.04015420887389292 0.16324558858034854 0.5416437707732171 3.088621830463011 328.12058854614287,332.12733134339464,336.13478458267275,340.14195863031375,344.1496844034831,348.1570808983882,352.1650802927055,356.1727485948552,360.18096122710716,364.18895814519016,368.1973295224739,372.2053783201311,376.21398214702344,380.2221358164258,384.2306165062798,388.2389037990808,392.2474481480691,396.2558368617961,400.2644098265378,404.27273507971734,408.2813150431076,412.28958359532396,416.29810184615184,420.30624140209227
9.660195e-02 1.716573e-06 9.656762e-02 2777.39 0.46941417124382967 -0.0403134289027173 0.16136314183657818 0.5404478128892862 3.0708594230551443 327.3351717296817,331.33205516664543,335.32995564795374,339.3275402832759,343.3256558151663,347.3235732855397,351.32200232701655,355.3200903138679,359.3187857825895,363.3171497545393,367.31590543441,371.3144374560945,375.3132962726803,379.3118224821767,383.3109386620276,387.30964359717905,391.3086304491476,395.3073557857791,399.30641819149173,403.3051066411714,407.30405777616346,411.30274648868533,415.301682901428,419.30029956369196,423.29981903706437
1.037770e-01 1.361126e-06 1.037498e-01 2770.79 0.46238275004271856 -0.04006894998301237 0.1627451646788286 0.5470554397597471 3.043102671051103 331.34345513101374,335.3415179380138,339.3392311852826,343.33751903586034,347.3356265537902,351.33425833005657,355.33245959929377,359.33130013964166,363.32977599563065,367.32876187695217,371.3273460134745,375.3263883404281,379.3251048106066,383.3241626272435,387.3229906523506,391.32218886594,395.3209699256976,399.32007966596063,403.31881024688977,407.3178446897497,411.31666251556055,415.31560774019437,419.3142548871618,423.31306905494444,427.3124905592788
4.057758e-02 6.106676e-06 4.045545e-02 2768.78 0.46719151945768694 -0.04025719362545262 0.16170321362489823 0.5443209955484032 3.0292584870601544 327.24306905184994,331.2391658421464,335.2359682340016,339.23233535617516,343.22934142258026,347.22612322942905,351.22335445944003,355.22037285805004,359.2178563382514,363.2150209587366,367.21266319195695,371.2100130489578,375.2077567549358,379.2052010659465,383.2030711575032,387.200514926226,391.19850473072427,395.1960244161136,399.1938052586864,403.19138012156475,407.1892652740097,411.18670715938975,415.1844473039684,419.1818157172109,423.1793239238335
1.318654e-01 1.661389e-04 1.285426e-01 2771.44 0.46872964051633115 -0.040000640537250644 0.1640697972996449 0.5445908819571019 3.098421464115386 328.5033627839317,332.51483041590313,336.5270601065864,340.53888367793706,344.5513301731578,348.5633877490456,352.57596696515503,356.5884421663797,360.60129407073816,364.61387592259945,368.62690045270676,372.6397178416909,376.6528895347567,380.6657573419439,384.6790268795907,388.6919354256794,392.70516499542356,396.718166750689,400.73140401410336,404.74288346827495,408.75757036850734,412.77052026947604,416.78360707599956,420.7964465637947,424.80950039961
5.712198e-02 6.695236e-05 5.578294e-02 2777.83 0.4729202622121869 -0.04022815692757205 0.16458903305245054 0.5471796300141596 3.1035456031556743 328.11857887296674,332.12502132452187,336.1324316024448,340.139467345128,344.1470988089988,348.15450610085065,352.1624491022031,356.1699788850889,360.17805796495225,364.18587044948356,368.194199128643,372.20212159975534,376.21053861977657,380.2187081125349,384.2272236054804,388.23536116958616,392.24372487772456,396.25191111663014,400.2602882592046,404.2685468661518,408.27696875842395,412.28526393890394,416.2936198509022,420.30159976994656
1.110733e-02 1.165621e-05 1.087420e-02 2769.29 0.46318926113742753 -0.04014388108775831 0.16452293371658344 0.5460404377548808 3.0616378329101184 331.1561387206622,335.15188665758467,339.147326508191,343.14342730374125,347.139139347057,351.1354219290548,355.1314738166171,359.1280692802314,363.124224712123,367.12098893519243,371.1173222157906,375.11407710056,379.110640015966,383.107477924488,387.10407714506107,391.1009564479782,395.09752644619033,399.09447399344555,403.0909732940621,407.0877931370593,411.08442700541025,415.0809875325761,419.07749703409746,423.07404840041374
7.120844e-02 1.868149e-04 6.747215e-02 2767.96 0.47904703270749277 -0.04031372970062614 0.16073048053466002 0.5414248306263449 3.036641296657147 324.5593938917253,328.57166641501266,332.5837181897869,336.596585365593,340.6089812108112,344.6221294623631,348.6349706185749,352.64835078958413,356.6614516934072,360.67508332745444,364.68844220064244,368.7022247596156,372.7157340938957,376.72956248774534,380.74312571299174,384.75705576796616,388.77080957907305,392.78481676752625,396.7985506731116,400.8125027497276,404.82618152508564,408.84015646084225,412.8539223214738,416.86793038542874
8.508019e-03 4.389293e-05 7.630161e-03 2772.40 0.4684684143461547 -0.04012080600320661 0.16226436754653603 0.5418109448792268 3.0600912076617695 327.98347898929876,331.9886979932307,335.99444289182804,340.0000334928127,344.00619366958534,348.0119916154581,352.01837404774915,356.0243061957976,360.03085357062645,364.0370892092947,368.0438046759262,372.0502449478563,376.0570763673191,380.0635443080431,384.070506390727,388.07719241058794,392.084083763904,396.090718468391,400.0976631297731,404.1042502150876,408.1112227069973,412.11770654703236,416.1244951963289,420.13104088628137,424.13774056444583
2.645118e-03 2.984526e-05 2.048213e-03 2771.82 0.4599752637649846 -0.03985920221829838 0.16540825684062177 0.5456040279821472 3.085589492533737 331.88839689401357,335.89298628027797,339.8973094800208,343.9024239809006,347.9069719224246,351.91219532521814,355.91715146239335,359.92258137558497,363.92763128719605,367.9332323589447,371.93840306758966,375.9441046889985,379.9494844061506,383.95524930508503,387.9606871626028,391.966340044479,395.97205614066024,399.9776300655965,403.98306869045564,407.98872449505257,411.99423759939015,415.99984665000227,420.0051655536504,424.01057809321384,428.0157815540164
6.153049e-03 4.226199e-05 5.307809e-03 2779.23 0.46258005240609246 -0.03992878937388 0.16395455571543555 0.5439197785732958 3.0910823804943934 331.9730453375187,335.9787772131791,339.98403400107924,343.9900779660044,347.9957358063068,352.0020069194367,356.0079114923492,360.0144555222813,364.02050268772274,368.0271198579846,372.03330145086625,376.04007358843364,380.0463546841104,384.05318463690156,388.0596673258888,392.06646676567453,396.07286318630685,400.07972710162255,404.0861649870543,408.0929348795749,412.09930171903466,416.10598926038386,420.1123578390522,424.118918069163
2.679656e-01 4.492034e-04 2.589815e-01 2769.76 0.46626906758626313 -0.03975396874915261 0.1632510027135307 0.5463332916413431 3.102351059308403 329.1773870839627,333.1978306447482,337.2181217492063,341.2382197605719,345.2589798822335,349.27940829853765,353.30029710560564,357.3209311008345,361.34212055725027,365.3629577283709,369.3842201565214,373.405295078452,377.42670617570457,381.44776820062856,385.46927767415144,389.49039752151646,393.5118918010576,397.5331004519336,401.55448276681926,405.5757092247126,409.59730496088815,413.61847506551425,417.6398434551599,421.6608527080718,425.68204062203836
6.749347e-02 5.004286e-05 6.649261e-02 2770.51 0.4640914759270228 -0.04024949435593825 0.163418467040351 0.5449796824630222 3.0712693840855807 330.8517804482913,334.8439754336122,338.8356906481546,342.82814706311467,346.8202880587202,350.81297322941276,354.80531970068716,358.7981934018341,362.79070718997855,366.78380403762145,370.7764082075565,374.76951088378826,378.76237175822547,382.7555945000655,386.74834152576443,390.7416112063361,394.7345136312689,398.7277595166034,402.72064453773146,406.713878677058,410.7066176134528,414.6997279515541,418.69261199799803,422.6855657713112
3.994256e-02 4.204884e-05 3.910158e-02 2771.33 0.4640826523813265 -0.04023380304972714 0.16371902430332622 0.5470649584828599 3.049163060410809 330.90354882167674,334.89614833791956,338.88863447055735,342.8816246409495,346.8744362814772,350.86768719294344,354.8604137240455,358.8540897388451,362.8472918099208,366.84083838920475,370.83413514460227,374.8277753950329,378.8212741029233,382.8150639505805,386.8085303910817,390.80236825754463,394.7958863254336,398.789619694565,402.78305456275547,406.7768892658398,410.77040176707584,414.76394391106953,418.75741090755616,422.750851736683
7.204040e-02 4.872089e-05 7.106598e-02 2772.84 0.45284831107529977 -0.039863453118502125 0.16499984049678518 0.5456549689927145 3.080617051445258 334.8447469941049,338.8367203073823,342.82933740201645,346.8215252296132,350.81441003321487,354.80687805872793,358.7998390839117,362.7925829181626,366.78578649181156,370.77860061706355,374.7718776410953,378.7647930288675,382.7580981676691,386.75115937030137,390.7444182430052,394.73745144917297,398.7307945106186,402.7238121433427,406.7171367195055,410.71002380465274,414.70307925963533,418.6959057961976,422.68897333068236,426.68168831674154,430.67460295915237
2.043901e-02 8.772077e-06 2.026357e-02 2778.72 0.4602125321676588 -0.04003690265873119 0.16458240465651608 0.5442543421351773 3.0659996411245154 331.190068087448,335.1862485500705,339.18208520627684,343.1786745592536,347.174941091053,351.17173649498994,355.1681713613093,359.1651830842842,363.1619050948882,367.15902835741616,371.15587159683787,375.1530830322551,379.14998760282293,383.14738515126004,387.14431313426394,391.14167957084464,395.1387982348618,399.1361365355355,403.13310453167423,407.1304537919017,411.1273572962443,415.12458296296825,419.12150547686946,423.11848258789274,427.1154221531591
2.813678e-03 2.432586e-05 2.327161e-03 2772.47 0.4638468985561226 -0.040191244688045864 0.16416372014354796 0.548258920288169 3.022671833063748 331.035201357768,335.02951687744866,339.0234870974616,343.01808317971086,347.01232091176263,351.0072529056213,355.0017431797243,358.9968607381322,362.9916077133396,366.9866487424879,370.9815463642047,374.97695503877696,378.97186745828475,382.9672223720637,386.96225055958126,390.9575356626215,394.9526192168428,398.94797439392687,402.94299516229336,406.93833114606997,410.9332374975811,414.92852600290803,418.9234102251877,422.9184680242982
7.362164e-02 7.250350e-05 7.217157e-02 2768.78 0.4644363043682894 -0.03994613504605948 0.16228131829872022 0.5449779871374038 3.0447986601142363 332.1446804238771,336.15245439716614,340.15984014127434,344.16782894551653,348.17549782135785,352.18376608913445,356.19166723838396,360.2001186448413,364.2082880823704,368.2168928690663,372.22516156570157,376.23384182334826,380.24236232336494,384.2511120312101,388.25963918488804,392.2683670872757,396.27690799581944,400.2857387545653,404.2943247169366,408.30300604658413,412.3114602751251,416.3201214861742,420.32832361122314,424.3370099265293
2.047674e-01 8.363505e-04 1.880404e-01 2770.74 0.4608989166099243 -0.04058448462352163 0.16466211529464775 0.5462093720121673 3.049667018358267 329.04119396526835,333.0114592745612,336.98145443605324,340.9520406092308,344.92239428123327,348.8932162268443,352.8637076855339,356.83476642441326,360.8054289931622,364.77660120380597,368.74755571472497,372.718783625852,376.68973958091084,380.6612004808663,384.6321511442991,388.6036064561879,392.574694604617,396.5460655849062,400.51703797543456,404.48847229407295,408.45936379851304,412.4305687632657,416.40154757825684,420.37264598555595,424.34358667726667
8.746812e-03 2.756337e-05 8.195544e-03 2776.19 0.456059345993026 -0.0399372598499737 0.1628573215561001 0.5477343756021918 3.0825182934466753 334.9933274629291,338.9869820607198,342.98127691064497,346.97519656383884,350.9697295987944,354.9638720887797,358.95868759231564,362.953056591609,366.94792214664443,370.94246151486425,374.9374098310728,378.93211961313904,382.92708307119585,386.92183197380695,390.91681431427486,394.9116207187076,398.9066364996792,402.90124726399614,406.8963240395269,410.89096915728754,414.8859265482193,418.88034529792225,422.8751925384595,426.8695705781851
1.182896e-01 1.239294e-04 1.158111e-01 2775.10 0.45478648549341577 -0.040011127334503994 0.16319938742324444 0.5472775504028191 3.0618774967891222 334.4994983793972,338.48719806692435,342.47568771729016,346.4638237785267,350.4524087921188,354.4407566468032,358.42959110181795,362.41811640167094,366.4071136852132,370.39578973680716,374.38484626216695,378.373710372506,382.3627829693298,386.35155239532367,390.34081990698166,394.32962179204316,398.3187781062999,402.3075633882026,406.29662578663454,410.28547895609296,414.27437096049783,418.2631414346802,422.25198390037355,426.24052306793976,430.230065630982
1.254492e-01 9.823890e-07 1.254296e-01 2775.43 0.4769447818501896 -0.04054376976945453 0.16507683627256664 0.5422414121323094 3.031562527945991 323.3749526281465,327.37295986534895,331.37054254384697,335.36864502452374,339.3665793071522,343.3650567462651,347.3632336799795,351.36193031443827,355.3605471389667,359.3595596958368,363.35823748471694,367.35741487199124,371.3561570344177,375.35546054106555,379.35430908391703,383.35370615748917,387.3527494974998,391.35217665510436,395.35120679388564,399.3505740819892,403.34960159977385,407.3490433034719,411.34808839334676,415.34732449743353,419.34679873381947
1.711738e-01 6.847490e-08 1.711724e-01 2772.80 0.46105032553402686 -0.04000881564363615 0.1630597071187756 0.5436584860075534 3.0349982116224803 331.42039652412643,335.41950488183704,339.4181030333892,343.41745853369764,347.4165516240232,351.41601505276503,355.4152271482866,359.4150946618111,363.4144931027947,367.4144046821513,371.41404466860945,375.41400403827714,379.4136329022793,383.41379666284865,387.4135442795471,391.41363316706855,395.4134461964567,399.4135689642616,403.4133362394362,407.41337472777127,411.41307438337446,415.4130348844759,419.41271036655496,423.4125842053465,427.41205748887955
1.605269e-01 7.239200e-05 1.590791e-01 2771.01 0.4594438883102818 -0.04011470596012147 0.16522217424195032 0.5500458524774434 3.062884779796496 330.73629334973697,334.7271112824252,338.71765049123076,342.70857000723674,346.6993379821103,350.69062077981874,354.6816123049132,358.6730548894863,362.6642634139269,366.65585502961767,370.6472509967257,374.6388998998818,378.63037077555066,382.6221267125569,386.61363288933876,390.6054336345808,394.5969798807015,398.5886486470964,402.5801558140809,406.57191900634484,410.5634018148438,414.55488937033715,418.54627436015,422.53773059659386,426.5288431055289
1.120866e-01 8.437704e-05 1.103991e-01 2770.69 0.4648855449589374 -0.0399493026259715 0.16507899842922738 0.5450813271091297 3.0779233848697936 332.1989592259777,336.20732064152713,340.2153058007267,344.22392699983254,348.23237771667505,352.2413020746325,356.2498280610033,360.2590246139005,364.267791772089,368.27711215311786,372.28612723284334,376.2954778603132,380.30448879593473,384.31400913795363,388.3230942538454,392.33261362206014,396.34175981586566,400.35122184661196,404.3603213977892,408.3697959204909,412.37889846103707,416.3883112646553,420.39730986175874,424.406524738024
4.512511e-02 5.049150e-06 4.502413e-02 2775.52 0.45717715748205434 -0.039916864045468105 0.1657259268865181 0.5462443386576115 3.0738068209831506 331.2488570800921,335.24634286363124,339.2429835099251,343.2402796857278,347.2373031372587,351.2348482947392,355.23203869435446,359.2297234019399,363.2272165990322,367.22504862030377,371.2227010897504,375.2205718837349,379.2181832904711,383.2162515659692,387.21397832713245,391.2120656325826,395.2098087093906,399.2079230828327,403.20561621103246,407.2036337855197,411.20129159824893,415.19926572100843,419.1968655403958,423.19462458391985,427.19203688247956
1.366002e-02 2.477442e-04 8.705141e-03 2767.21 0.4641514459301546 -0.03979657084329071 0.16393730532548867 0.5434353620741967 3.078812838252713 332.7397471296413,336.75469839000823,340.7693448558791,344.78439345318685,348.7994385442407,352.81479448042705,356.82999055777657,360.8456435065778,364.8610280218113,368.8768635322162,372.89225128964125,376.9082971421537,380.92383815224935,384.9399008919253,388.95563771682214,392.97169270248537,396.9873176940742,401.00337492886496,405.0191511777329,409.034952109847,413.0507757817558,417.06668860213455,421.082237031826,425.09810323755977
2.252071e-01 2.561508e-07 2.252020e-01 2777.72 0.4569906402542546 -0.03986007448576398 0.16395901955844538 0.543840563257961 3.090097087063376 331.47030263430867,335.4706499440378,339.4700477553372,343.47010667099795,347.46975194044086,351.47000863998585,355.4698616998104,359.47039220891486,363.47043682952625,367.4710576660445,371.4712924922593,375.4719498668599,379.47242706700547,383.47310946129244,387.47357607680965,391.4744175162135,395.4748774699028,399.4756169970606,403.4760227264041,407.47680126537364,411.4772119693199,415.4778426571101,419.4781356505857,423.4786444385826,427.478819118881
2.270577e-01 7.478977e-07 2.270427e-01 2773.27 0.4701438263964709 -0.04028489998374558 0.16263393922374536 0.5466977855484177 3.046734523458595 327.5167202438541,331.51595896473856,335.51602188506286,339.5157253141386,343.51612693430707,347.51603481778943,351.5166911406464,355.51695210517914,359.51774188589724,363.51817125761266,367.5191413397056,371.519738781521,375.52082895340766,379.5215210118082,383.5226413981811,387.52357514262684,391.52470914460514,395.5254533407948,399.52664987574815,403.5274533940424,407.52858646989284,411.5292808112355,415.5303886273351,419.53105475917437
1.708588e-01 1.415399e-04 1.680280e-01 2778.11 0.4721436697883867 -0.0401220160560293 0.16350017774974582 0.550496343892534 3.0591663889314193 328.4276667939705,332.4380555122041,336.449172176034,340.45988099341434,344.4712586460407,348.48229924090305,352.49392445570925,356.50530627941504,360.5171829367312,364.52868620211905,368.54074292037245,372.55237287775327,376.56465336943836,380.5763653637171,384.58855792037946,388.60038968753844,392.61259164730745,396.62466424333394,400.6368394110357,404.64871994551635,408.6608350860563,412.67259268557706,416.6847376046886,420.69636637064946
2.528944e-02 3.625212e-05 2.456440e-02 2773.40 0.4596693319716199 -0.04007404798285223 0.16321134301125614 0.548618933489366 3.0704416104540444 330.9417834180585,334.934933681941,338.92786135715636,342.9213533623544,346.91456612071937,350.90834984933025,354.90187847561054,358.89575802846196,362.8893757584678,366.88345972105685,370.8773670095531,374.8714871235535,378.86546892280006,382.85968369564637,386.85361403688825,390.8480313376382,394.84200264355087,398.8362306018561,402.83016290306523,406.8243413915605,410.81831169192,414.812430184428,418.80619477384494,422.8001921597038,426.79383256351576
1.359935e-02 1.979522e-04 9.640302e-03 2775.04 0.45812386315166986 -0.04018361438443835 0.16281015169454185 0.5469542177332803 3.021795245875948 330.2732190849882,334.2584505024796,338.24335528998455,342.2287008053357,346.21389299143834,350.1996583929228,354.1850694743552,358.17100175162483,362.15654181535655,366.1426822838082,370.1283663277482,374.11460396069435,378.1003387324127,382.0866228916551,386.0724851961165,390.05875523786165,394.0448245832182,398.03099571888436,402.0168289933186,406.003068872091,409.98888045722583,413.97493356858513,417.960740863406,421.94656052930293,425.93223962415
5.260774e-03 2.507620e-05 4.759250e-03 2777.76 0.4536431733144183 -0.039845770886086054 0.16352038095679536 0.5488204560433961 3.050518355510171 335.01559963218597,339.0095583610129,343.0040691583133,346.99832253158655,350.9931819537665,354.98763741099725,358.9825703007296,362.9772331424574,366.9723465019367,370.9672299362335,374.96248321496313,378.957367034249,382.9525748867753,386.9476319365186,390.94289517205044,394.9379089117997,398.9331681363243,402.9281330024618,406.92334885987196,410.918385691563,414.9133761564532,418.908251685028,422.90317823051265,426.89782083991065,430.8928929059972
4.989601e-02 5.287213e-06 4.979027e-02 2777.78 0.46710013329244504 -0.04024443781995652 0.1651189329044955 0.5498595691541407 3.0451299097840603 327.2621991853228,331.25855714704426,335.25560994714675,339.25214012375534,343.2494449478155,347.2463829915128,351.2438880839246,355.2410672220723,359.2387790784446,363.23614434460825,367.2338969085534,371.23147406502545,375.2293911438281,379.22695135544245,383.2249860321932,387.2226231809309,391.2207651513802,395.2184944717368,399.21653981307315,403.2141977359076,407.2121433728129,411.2097673152595,415.20761999084624,419.20526626300125,423.20284400741286
1.776703e-03 3.346320e-05 1.107439e-03 2775.04 0.4575316125695731 -0.03976763728113342 0.16317479168500756 0.5466049395405458 3.061908030669603 331.91473652224613,335.91974741034056,339.924472590031,343.9297714365147,347.9347240900478,351.94040787107343,355.94557573479386,359.9513455645496,363.9567978162155,367.96267259767427,371.9682492654189,375.97424529291476,379.98002236343945,383.98603006246196,387.99176566850014,391.9979087864668,396.00365016532,400.0097075889697,404.01544054287757,408.0215494322172,412.0272162352997,416.03323117198266,420.03879185720297,424.04456071506473,428.050021444984
1.106136e-01 3.089749e-04 1.044341e-01 2775.39 0.45348125365836134 -0.04009214029527173 0.16521279667188069 0.5497099914511981 3.0570130611563937 333.96182200029546,337.94320094231637,341.92521061748596,345.9068992992342,349.88901378101616,353.87109755936217,357.8534214056979,361.83558993163103,365.81806025121057,369.800298675999,373.78296631026154,377.7653044320323,381.7479844767838,385.73035511184173,389.7132011203667,393.6956043188159,397.67824700592405,401.66065786111534,405.6433554285848,409.6256479258942,413.60823861214806,417.59043436516106,421.5728489564615,425.5549281047819,429.5374228022745
5.669665e-02 5.282912e-06 5.659100e-02 2778.11 0.4799365520724643 -0.040657217661400534 0.1627969042309836 0.5485218640110578 3.054405364229197 323.27699347939074,327.2734478863074,331.2697220347641,335.26665050026037,339.26314609176137,343.26032563593554,347.25727990748663,351.25471423824746,355.25184717421,359.24968945935024,363.2470372698744,367.2448550397074,371.2423328242834,375.24033668435567,379.2380357055931,383.2360668614413,387.2338998819239,391.23188939204914,395.22950184106844,399.22768677204954,403.2254694371551,407.22349764622646,411.22123016010033,415.21906219866804
1.553115e-01 3.406665e-04 1.484982e-01 2778.54 0.460432079122895 -0.04034953236493591 0.1657845473082644 0.549500110259942 3.0406155009329643 329.9127635596441,333.8934519451438,337.8738797533849,341.8549544673538,345.8357165901016,349.8169833282407,353.79809333113275,357.77957391281785,361.76077105242774,365.7424238006135,369.72377569517914,373.70552995495177,377.6870182070322,381.66887319000347,385.6503836130812,389.63223027775126,393.6137309490204,397.595561932508,401.5771548990913,405.55886687471553,409.54033511091853,413.5220109044576,417.503345948607,421.4849168972107,425.4662522356684
3.232745e-02 6.031014e-04 2.026542e-02 2772.13 0.46537322129697595 -0.040644150588852665 0.16410357754012453 0.5468831083746458 3.027731804207968 329.4079965733986,333.3825271877224,337.35689682866354,341.33184702931993,345.30652216014676,349.28165263614216,353.25656984630984,357.2319275611573,361.2070355242253,365.1826385006078,369.1578068688966,373.1335069507768,377.1088626033136,381.084555750644,385.06003763993806,389.0357399460658,393.0111089685715,396.986850736509,400.96225317383954,404.93795218413516,408.91321321577425,412.8889111602551,416.86413812858603,420.83962834578256
7.838998e-02 2.944880e-04 7.250022e-02 2772.20 0.4599682118406777 -0.040316300872436726 0.163827283354731 0.5433266322561762 3.0604594319811325 330.0130920499822,333.9949885278377,337.9767675735497,341.9591195381354,345.9411852644514,349.9238481546931,353.90602605802997,357.8888465195452,361.8713533643981,365.8542848820815,369.8369486655512,373.8200283102011,377.80275382538366,381.7858200196429,385.76870841288866,389.75180016618395,393.7346430137219,397.71781253289475,401.7005814766876,405.68367135851764,409.66647591847885,413.64949163094434,417.6321732809254,421.61508198855216,425.59747491087666
1.711437e-01 1.057814e-07 1.711416e-01 2769.18 0.46508919124092696 -0.040138756016900666 0.1624761422665428 0.5490519030213271 3.0506861786745416 331.4215029128618,335.4204303984437,339.4189323305787,343.41828127200284,347.4171606115785,351.4166409218957,355.4158611597288,359.41548401261394,363.4148727536613,367.414657373231,371.4143073736556,375.41412664931244,379.41381722562056,383.41385398620906,387.4134646591212,391.4134477616969,395.4132396781363,399.4132335705247,403.4129207351952,407.4128136455718,411.41249762283223,415.41230931836105,419.41195753110327,423.4116129249562
8.113844e-02 5.309448e-05 8.007655e-02 2773.72 0.4564899407882865 -0.03999032488263483 0.16241706122451283 0.5481195923047117 3.045060599126728 330.8332526002809,334.82585871339813,338.8175064165736,342.8099006010652,346.8018005841633,350.7942523971103,354.78640363561345,358.7791962856704,362.77152144449116,366.7643495302549,370.7568216125267,374.7498116361637,378.74255673169523,382.7354760257322,386.7282051584133,390.72117972261964,394.71385915461775,398.70694088364826,402.6995620874376,406.69258818660825,410.6850978144639,414.6780153609907,418.67056609754167,422.6633355127308,426.65565191061603
4.059456e-02 6.587570e-04 2.741942e-02 2779.91 0.462111493574796 -0.040553886268346134 0.1655043943490971 0.5485868565870644 3.0134974279184465 329.31567141576824,333.28933482459195,337.2625863116745,341.23649603898167,345.209954283766,349.1840853344919,353.15783583869137,357.13214525729234,361.1061371299332,365.0805738397066,369.05467403497033,373.02917952708907,377.00344294559073,380.97811393857376,384.9523663164811,388.9270220843289,392.90134152835765,396.87598637318104,400.8502712085711,404.82486818450485,408.79909395280947,412.7735232326583,416.7478026857085,420.7220344474671,424.6963657303667
4.056931e-03 1.475895e-05 3.761752e-03 2773.59 0.4576827706987505 -0.039963820467014965 0.16290695516309905 0.546783624920666 3.041012403515176 331.1190586800826,335.1143546808938,339.10949739815015,343.10522932079675,347.10055627969666,351.09651673867745,355.09220364704146,359.0883128941064,363.0840928661044,367.0803643906888,371.07643502810333,375.0728025210942,379.0688809132038,383.0652553822859,387.06146397794737,391.0579458762368,395.0540566568633,399.0504821630551,403.0466138610992,407.0429584434902,411.03904842012275,415.03544697820826,419.0313765991442,423.02759017147423,427.0234385200418
3.325363e-02 3.923172e-05 3.246899e-02 2769.76 0.4615546402146256 -0.040143197794259906 0.16352371457657927 0.5465300618309317 3.021882849287375 330.9219118004975,334.91496894841964,338.9075460786989,342.90078250008537,346.89374413499684,350.8872694324249,354.880439409603,358.87417521231185,362.86754067421793,366.86132778669617,370.85487810442044,374.8488658082644,378.84249751020855,382.8364746774764,386.83015708479945,390.82422675790116,394.81802886605766,398.81209901044986,402.8056983858862,406.79973268388983,410.7934367527611,414.7873760076563,418.7808300843666,422.77463321958305,426.76811377660357
9.803101e-03 2.911426e-05 9.220816e-03 2770.05 0.4577163086437639 -0.039991845836308264 0.1641253137405596 0.5491562512021905 3.0218286682466142 330.99400300208305,334.98795788055287,338.98146595766065,342.9756039610221,346.9696954013863,350.9639263179331,354.9579151712934,358.9525554735866,362.9468415660459,366.94164372837184,370.9360941980583,374.9308462187648,378.9253282757606,382.92028806804717,386.914927504913,390.9097257359398,394.90438224057624,398.89933637722595,402.8939351274973,406.8887156949679,410.88326725694316,414.8780554635257,418.8725082983488,422.86700942896846,426.8612973279261
1.472540e-01 2.993035e-07 1.472480e-01 2771.82 0.4582955685249813 -0.03991758131905984 0.16415377364875977 0.5470965022669567 3.038829033308252 331.3950037711736,335.3939025450763,339.39222682942324,343.3911551437053,347.3900040855049,351.38912882938024,355.38810063941463,359.38760714059947,363.38677476542796,367.3864110002706,371.3855561962489,375.38529857614935,379.3847506801849,383.38457370552226,387.3839489505383,391.38374998962786,395.38322483623784,399.3829259550632,403.38252172960756,407.38211532576696,411.381554200219,415.3811936957674,419.3804852286061,423.37994246127823,427.3791973820173
2.100447e-02 8.733550e-06 2.082980e-02 2768.70 0.4620612710577128 -0.040096703291168774 0.16267384538207502 0.5468681069197304 3.078200115055814 331.1919959712753,335.1882862468532,339.1842242563038,343.1807657525496,347.17694146781014,351.17374508483147,355.17024934534214,359.16722108752583,363.1639162184853,367.1610437051096,371.1579137042857,375.155201289719,379.15205210131245,383.1494103140964,387.1464100054973,391.1437609630016,395.14073865844796,399.1380090342248,403.1351114930048,407.13231609304506,411.12920664146134,415.12644830146525,419.12331051395296,423.1203140021208,427.1178745979322
9.164811e-03 4.364799e-05 8.291851e-03 2777.99 0.45591311327622736 -0.0396919950814524 0.16101632564019006 0.549986965661671 3.0727005918624344 335.99021023007884,339.9957666627208,344.0020160659396,348.00788455372646,352.01413023948624,356.0202560136535,360.02682249856997,364.033180393373,368.03990933519896,372.04631229400815,376.0531394067752,380.05955375031834,384.0664373010383,388.07302419697817,392.0799226810699,396.0864945082547,400.093446423556,404.0999882115983,408.10672948995574,412.1133354103748,416.1200339779318,420.12647697274326,424.13303269288457,428.1393134271475
6.747642e-02 1.012269e-05 6.727397e-02 2781.75 0.4473383940526387 -0.03946547304337148 0.16329406855805925 0.5460714703119485 3.0515710311568807 335.6928263624307,339.69595956103785,343.69864704805997,347.7010721967199,351.7040870532226,355.7066709679587,359.7098973791994,363.7127849510377,367.7160157761225,371.71903285538,375.72238748101455,379.72554848985845,383.7289585846592,387.732155988931,391.7356879732653,395.7388414233574,399.74235738530064,403.7454922268314,407.7488434529956,411.751927942885,415.75527798260595,419.75820251739464,423.76135429934635,427.76419439657184,431.76721375581553,435.77083920880165
6.856985e-02 2.782034e-06 6.851421e-02 2783.72 0.44890175731317766 -0.03961691571716978 0.16294702827675117 0.5464767815251226 3.072469684567358 335.28915810851385,339.2865830379497,343.284584282075,347.2820754244548,351.28032944957783,355.27803572668734,359.27642540410545,363.27434922423504,367.272891892495,371.2709754713859,375.2696194758853,379.2678471750069,383.26644309457697,387.2647505678271,391.26343278052155,395.2618065754905,399.26051334882413,403.2588570698389,407.2573003624689,411.255712337054,415.2541244890048,419.25221271167635,423.25065686017837,427.24856435760813,431.24684171434495
2.304593e-01 1.249842e-04 2.279596e-01 2779.70 0.46001470995146543 -0.039746598881626266 0.16198953622362727 0.5449351237933845 3.0671879480795656 332.36139976630955,336.371519923571,340.3816862851636,344.3923587589844,348.402747163401,352.41360647689277,356.4242385536527,360.43536655525617,364.4462187364389,368.45748375119996,372.4684331187392,376.4798718262555,380.49092239722467,384.50242336069635,388.51349563675643,392.52496573174824,396.5361233397493,400.5476179245171,404.5587914329289,408.57016039101995,412.58123023853943,416.5925735927472,420.60360447480986,424.61494634786027,428.62580040754113
4.777214e-02 6.280564e-05 4.651603e-02 2768.79 0.4665388578076677 -0.040022365243178024 0.1621914571982035 0.5484333055930276 3.0458364358290124 328.09510393322955,332.1022439316098,336.1093274500535,340.1161441988909,344.1236820407582,348.1307037753373,352.13843225842004,356.1457887639322,360.15377083091175,364.1613204224842,368.1693835570837,372.177082266537,376.1852380894862,380.1931026428875,384.2013122605029,388.20909159880085,392.2173325687172,396.2252612529663,400.23350811198617,404.2413448850542,408.24960506371417,412.2575437862968,416.26563563152814,420.27339804324714,424.28129922272217
1.346540e-02 1.074961e-05 1.325041e-02 2770.32 0.45786021921506553 -0.03995752216654786 0.16393791022850351 0.547197889184475 3.0291538530888693 331.1666047380397,335.162579700883,339.1583128366764,343.15458520809653,347.15055517143236,351.1470809579976,355.14329169126336,359.13992629696344,363.1363469234448,367.1332071791756,371.12977179368386,375.12669746692546,379.1233416249225,383.12033782068363,387.11709996889607,391.11398652549735,395.1108570004659,399.1077351164844,403.1045870792277,407.10147164894005,411.0980523542881,415.0949233808401,419.09156349510107,423.08825809862685,427.0846891470001
2.284435e-01 9.536074e-05 2.265363e-01 2777.63 0.4558296920073538 -0.040016391511887836 0.16295201133548262 0.5480809343796457 3.016448677229935 334.6176417367588,338.60682961360317,342.5966224305739,346.5860852128118,350.57608005312517,354.5657982459166,358.55602867656785,362.5458422735767,366.5363596607722,370.5263232306305,374.51674520436484,378.5070152864749,382.49739447121516,386.48767911898415,390.4781935258854,394.4683532398487,398.4588394892964,402.4490805452689,406.439658375914,410.4297250075081,414.4200482041029,418.41005054232454,422.40031717891213,426.39017487810753
6.140043e-02 2.779788e-04 5.584086e-02 2775.39 0.45456834362526655 -0.04011045939994189 0.16463706422448135 0.5499826580775766 3.0373733018398763 334.03904971987544,338.0213190489567,342.004141277464,345.98677762944556,349.96984683226657,353.9526920412346,357.93602124674163,361.91905744153036,365.90252872970444,369.8856852297428,373.8691974875325,377.852426888274,381.8360724474514,385.81936811896543,389.8029688731402,393.7863286860552,397.7699768433052,401.75329182134135,405.7367710156914,409.7200292269128,413.70348372941817,417.6865674297452,421.66983984573056,425.6529446035304,429.63628849325346
8.040631e-02 1.776351e-04 7.685360e-02 2775.27 0.4674279956762314 -0.039945842683327785 0.16317172637876604 0.5475381159595064 3.0720006962884447 328.53672316483556,332.54850679177605,336.5611250851124,340.57318602433855,344.58602948384026,348.59852777730674,352.6116606340709,356.6244148905279,360.6376400050966,364.65064648133284,368.664067461443,372.6772097275991,376.6908183599304,380.7040316639522,384.7176527131234,388.7309463039833,392.74455166016685,396.7578851653024,400.7715193224282,404.7848325823974,408.79836613348107,412.8117169099878,416.82514374665635,420.83835694166726,424.8518607498407
1.098073e-01 1.626429e-04 1.065544e-01 2782.09 0.4550315905818367 -0.039547312843486705 0.1620001916602633 0.5454705939827267 3.0970151842992335 336.4988637903465,340.5105044007416,344.52278247252957,348.53465606139383,352.5472297791617,356.55944508569956,360.57218824023244,364.5845571632834,368.597302556521,372.60983042497287,376.6229075284008,380.635450643758,384.6485371449381,388.66130860285887,392.6742945967541,396.6870132941696,400.7000333898648,404.71281173409875,408.725767271847,412.73840983533444,416.75131561616655,420.76382183015636,424.77665147463256,428.7890576053102
1.659029e-02 9.774288e-06 1.639480e-02 2771.06 0.4617022875019004 -0.040088927093392124 0.163743971184108 0.5458962268485145 3.079470480576666 331.1779573112156,335.1741558800957,339.1698560874493,343.1662727946217,347.1622489428891,351.1589158904737,355.1552085697002,359.1519250848887,363.1485545373984,367.14552276628467,371.14208130551737,375.1392013148217,379.13601874173,383.1331990670616,387.12995772735087,391.1271456097396,395.12417302539166,399.1211689133149,403.1180143236206,407.11524097923063,411.11204607831337,415.10909979079617,419.10575372121286,423.1027295289704,427.09940881881306
1.944193e-03 2.257618e-05 1.492670e-03 2771.04 0.46049372609181577 -0.04007453830721111 0.16257979119000524 0.5489062443352448 3.036646148510674 331.04800526500514,335.0423200662978,339.03648352643154,343.03128302371,347.0257961274479,351.0207802275225,355.015510797111,359.0107678762106,363.00563740915135,367.0010227366809,370.9961201834964,374.99158552117433,378.9866812047262,382.9822278455651,386.9774216679927,390.9730818055608,394.9681959791108,398.9638182244674,402.9590261421973,406.9545715016415,410.94972121293165,414.9450870386838,418.94023660709126,422.9353641593326,426.9304948180474
5.401290e-02 2.785278e-04 4.844234e-02 2774.85 0.4620524263067152 -0.04036946661340034 0.16149601586351328 0.5480973877891617 3.0207371126738765 330.05825164513465,334.04087172810887,338.02311765009415,342.0058805366743,345.98844515819724,349.9714759404073,353.95420236799697,357.9375264702036,361.92039143989115,365.90383060064426,369.88699008357463,373.8704532462793,377.8537649735071,381.8372911620582,385.8205587078566,389.80418857920654,393.78755365620043,397.7710150780319,401.75434469484867,405.7379046047108,409.7211301479244,413.7045158495286,417.68768146102263,421.6710039793943,425.65436132181026
7.157663e-02 5.190836e-05 7.053846e-02 2769.12 0.46391566815087 -0.040240718002365804 0.163318978618814 0.547702394214295 3.034061149611516 330.84574838103697,334.837690611578,338.82941113041625,342.82178564491306,346.8137630881038,350.8062966307566,354.7986316832953,358.79130065414273,362.7838101353978,366.7767579568782,370.76924910874004,374.76229014555827,378.7550357064613,382.74802710178255,386.7408338208617,390.7339251328227,394.72677904431913,398.71981191857367,402.7124644196814,406.70548359569875,410.69825536654764,414.6912831338882,418.6838484984777,422.67663827628695
1.950566e-01 3.322254e-08 1.950560e-01 2769.01 0.4631400947084659 -0.040066791164147915 0.16253870441365512 0.5497060252946597 3.033694345478151 331.4450659168615,335.4443276729407,339.44324260600655,343.4427715323493,347.44202129710834,351.44175824196566,355.4412051554257,359.4411720911654,363.44081268979755,367.4409741322205,371.4407905144982,375.4409723923408,379.44100576554973,383.44123134697895,387.4413478153961,391.44170487204184,395.44166101834116,399.4419407401993,403.4419388155538,407.44210985725636,411.44208374887336,415.44224981136114,419.4421547395783,423.44207611590855
1.152580e-02 1.070028e-05 1.131180e-02 2782.13 0.4540705322211155 -0.03983151176246405 0.16351901613464587 0.5449912784393797 3.0624416582176095 335.1568547914026,339.1526520783001,343.14904581770605,347.1448535112086,351.1414390527151,355.1376405161931,359.1342816187073,363.13067799034184,367.1275552056724,371.12415383181235,375.12101717314266,379.11764863999446,383.1147930742383,387.1114958568629,391.1085095702577,395.105218605095,399.1021759858881,403.09887282848797,407.0958985335106,411.09266256255097,415.08945210888265,419.08593211289804,423.0827562119394,427.0792353840369,431.0757580614787
1.393611e-01 4.389964e-07 1.393524e-01 2771.27 0.45683536641273276 -0.03986688350862945 0.16373165327843361 0.5492070101377079 3.0303377786277217 331.3854709993901,335.3850789641105,339.38335000150227,343.3822477113197,347.3807861994609,351.3799482114481,355.3788283893384,359.37810470067467,363.3771598632264,367.376641892671,371.37579011739746,375.3754025300645,379.3747023818456,383.37428194325986,387.3736897388336,391.3733514668307,395.3727590620727,399.37230590137193,403.37162385044047,407.3712347644783,411.37059748861253,415.37006222856934,419.36919702948614,423.36863234963084,427.36760402015284
2.566670e-02 1.781761e-04 2.210318e-02 2777.74 0.4582940292287455 -0.04017397891153223 0.16150821902735177 0.5468653716661329 3.0041302806089463 330.33338918822477,334.3194018374394,338.3048107914744,342.2911530075425,346.2769943606041,350.26360122281693,354.2496320827822,358.23623017922193,362.22258429407276,366.2092620130076,370.1957847939431,374.18271912213737,378.16927667702663,382.1561244595071,386.14288721161944,390.12976271954153,394.11638671484116,398.10340354626555,402.089985541614,406.0769180245989,410.06338398604754,414.05022514285406,418.03656932679456,422.0233241605546,426.0097642573243
3.028075e-02 5.510560e-05 2.917864e-02 2783.86 0.45311093102631655 -0.03958092210633959 0.16057413763016315 0.5480101920672815 3.052489407685552 336.05565665173077,340.0620231287383,344.06894685818935,348.07557142867546,352.08281977974013,356.08974221729505,360.09710824016815,364.1041288059093,368.1117414336414,372.1189227581502,376.12654625064926,380.1338978325671,384.14167660377746,388.14901187176457,392.1567310960447,396.16418738255044,400.17190226577236,404.17929913703847,408.186978283923,412.19425666632446,416.2019039320269,420.20903233019635,424.2164522911519,428.2235924506249,432.2310484673068
1.130169e-01 8.223813e-05 1.113721e-01 2770.27 0.46070913091098153 -0.03980233520674809 0.16406845990735297 0.5511012671621485 3.0388341140104647 332.1957054010411,336.2039081117511,340.21185810851296,344.2206178817545,348.22883433487647,352.23761156559993,356.24619702779336,360.2553375711774,364.2640060476128,368.2733032261168,372.28205960626656,376.291387107482,380.3003980035535,384.3098190797024,388.3187798201862,392.32817619131424,396.33719416813267,400.3466144056854,404.3556004185127,408.36492375514695,412.3739089098986,416.38301808452616,420.39195903075216,424.40099789378263,428.4098776691515
1.101029e-02 2.032312e-04 6.945669e-03 2782.49 0.4502047382479685 -0.03991151568190158 0.16284293899256327 0.547081927212367 3.0272172551976815 334.237198327572,338.2218579900709,342.2070788269708,346.1920829948947,350.1777498932236,354.16290872303614,358.14862966188053,362.13400760155685,366.1200173906557,370.1055434391947,374.0916028757197,378.07731452014417,382.063289397986,386.0490943915965,390.03522921221764,394.0208943047435,398.00688340902036,401.9925764301011,405.97861082959173,409.96432321208346,413.9501606777694,417.93571050023587,421.92141987345656,425.9067832040484,429.89241611465644
1.572899e-01 3.206720e-06 1.572258e-01 2779.63 0.4570574685598745 -0.03983425404559947 0.15959843439944063 0.5451306387399592 3.0894954763951756 331.5797256156447,335.58125887027836,339.58185795620017,343.5832033696352,347.5842331411202,351.58573388052804,355.5870037844121,359.58875495330943,363.5902353797961,367.59207705084117,371.5936942562031,375.5956334717927,379.5974103601791,383.5994666434464,387.60117696970275,391.6032150075128,395.60499916521974,399.6069977278977,403.6088867499138,407.6108390145189,411.6125657754639,415.61448605044467,419.6161994543165,423.6179854574231,427.61943338728634
2.316064e-01 1.138343e-04 2.293297e-01 2782.04 0.45563681929552274 -0.039610763750197446 0.16205777037183158 0.5444240840889305 3.0988232835729144 336.323270179927,340.3328188981195,344.34298638694975,348.352878021909,352.36333376581956,356.3734625218282,360.3840607057371,364.39439308231096,368.4050715942893,372.4155666036337,376.4264513692265,380.4370225884041,384.4479509633959,388.45857273322366,392.469484848958,396.4801193003253,400.4911528176722,404.50166890535235,408.51270541124165,412.52320875080096,416.53405931644016,420.54456181639426,424.55520627720887,428.56556202032664
3.785446e-02 4.119715e-05 3.703052e-02 2771.57 0.45796763496695614 -0.040018484382724574 0.1642183329680971 0.5513241145476403 3.023249033733793 330.91152447351686,334.9043620625922,338.8969447988011,342.89010577532844,346.88291015008394,350.87633808679897,354.8694403359114,358.86299914964167,362.8562228704495,366.8500195672963,370.843381271697,374.8372206912741,378.8307156388109,382.8246497165068,386.81822847051654,390.8120793782376,394.8056073259273,398.7995566929654,402.7930944620154,406.78686094528547,410.7803821680704,414.7740534572824,418.7674473181575,422.76102765191814,426.75430036949973
6.726502e-02 3.341207e-04 6.058261e-02 2771.50 0.46044332127198373 -0.0396212159413404 0.163949020833211 0.5458234736644004 3.1164311785713124 332.94944009292436,336.96686444259745,340.98403285742955,345.00177893885973,349.019301535297,353.03739937667314,357.05505057404565,361.0733404553612,365.09111118425284,369.1096672230728,373.1277433550883,377.14610257436584,381.1643079831851,385.183015830824,389.2011831299974,393.2198071464872,397.2379949700873,401.25666369400784,405.2748395068322,409.29339137838093,413.3115301892532,417.32997686143136,421.3481503183524,425.3664096479325,429.38447647042653
2.133397e-01 1.211035e-06 2.133155e-01 2767.04 0.46240063212632715 -0.04002914106102336 0.16418384315555976 0.5443191522301764 3.05733455537339 331.525686886616,335.52594849337635,339.52592430338007,343.5265298526539,347.5268309575972,351.52767362064816,355.52815420575973,359.52928171620556,363.5299662761898,367.5311970790577,371.53185187381325,375.53320319122713,379.5341393692308,383.53551607095403,387.53649948267605,391.5378684679855,395.53897404814194,399.54020947636457,403.5413076719062,407.5426019682548,411.54367246834875,415.5448857937201,419.54570687376884,423.5468764654417,427.5483626918252
4.182592e-03 3.907917e-05 3.401008e-03 2773.29 0.4623962786609224 -0.03992323652539119 0.16179793728729952 0.5458241707526704 3.0631158900463586 331.9552458599161,335.9607081831514,339.96579536768627,343.971694293937,347.97707124216635,351.9830754925963,355.9886184624677,359.9949010940447,364.0006442444163,368.00709349417934,372.01307872523506,376.01955268325383,380.0256779704084,384.0322063062334,388.0383793264818,392.0449044801417,396.05110764495146,400.0575366181728,404.06392471861227,408.0703354097182,412.0764302203886,416.08294657235894,420.0889582472756,424.0952517221333,428.10174355876586
1.143058e-01 1.023245e-06 1.142853e-01 2768.70 0.45984414485292147 -0.03998073836307551 0.16346285144623 0.5468245621727933 3.0549786923999873 331.35671825734124,335.3548995313778,339.35271969940555,343.3514145960066,347.34958136886047,351.3483297191961,355.3468015830296,359.3457326396339,363.3444957925039,367.3435754146833,371.34235984475225,375.3415823020963,379.34056225020225,383.33981248066686,387.3387633587333,391.33806388478325,395.3370632618302,399.33639795858596,403.3354213753504,407.33454289756895,411.3335572053833,415.3327505907467,419.33164375156963,423.33056557890893,427.32922089964325
1.919258e-03 3.184950e-05 1.282268e-03 2769.64 0.467315183364426 -0.04010057841889006 0.1640630834858322 0.5440093831799752 3.068722105256935 327.9043665308345,331.908565560766,335.9133955771381,339.91795139558,343.9230175430309,347.92795858168034,351.9332160580702,355.9383571756241,359.94392698063564,363.9491814113829,367.95490642322386,371.9603808755793,375.9662117808551,379.97172550778913,383.97779435392863,387.9833317137754,391.9894020299536,395.9950014717093,400.000996858311,404.00658539329334,408.0124489822519,412.0180970703241,416.0239157520125,420.02932877178137,424.0350852556517
1.843165e-01 1.025429e-04 1.822657e-01 2777.74 0.4585137992176378 -0.039717238900497207 0.16279837564962013 0.544522844398849 3.0640117323274425 332.27300167000527,336.2825433960403,340.2915037484075,344.30112055768046,348.3105039358014,352.3203761560193,356.32990396423793,360.340006224682,364.34977324495367,368.360009563446,372.3699398361753,376.3802750226347,380.39032401040123,384.40068982042726,388.4108506762109,392.42118479837046,396.43135311181453,400.4419139685947,404.45190285259633,408.46230292727324,412.4723506743122,416.48255635480217,420.49253491419677,424.50265175064396,428.5126038999761
2.599597e-03 1.570982e-05 2.285400e-03 2774.41 0.4554227392522115 -0.0398870274593692 0.1624486662524715 0.5482913253989242 3.0441631197642742 335.1031155585295,339.0980430158042,343.093674329894,347.08886495246776,351.0847444567649,355.0802143941039,359.07628430953906,363.0719599082556,367.0681529289219,371.0639499619123,375.0602265360729,379.05617887829493,383.0524263456593,387.0485245796131,391.0447372474806,395.0408532009774,399.03709567463426,403.0330105178088,407.02937107100854,411.0252438588149,415.0215352303333,419.01736792155765,423.0133714641121,427.00906913726556
5.018330e-03 3.039516e-05 4.410426e-03 2774.09 0.45722669174349484 -0.03998087639322014 0.16268792786424627 0.5467404031085119 3.067176373467565 330.9875639160567,334.9819001683047,338.9753612781099,342.9695310627878,346.9632981491153,350.9577450101765,354.9517958625764,358.94639479193734,362.94063402026336,366.93528657295644,370.9297666017024,374.9246014439871,378.9190822791911,382.91396743853505,386.9084580119321,390.90344045826896,394.8980465456104,398.89289981946615,402.88750147179354,406.88233060021594,410.8768581954635,414.87157583479586,418.8660657718941,422.86052377191066,426.8549028611066
1.061702e-01 1.328971e-06 1.061436e-01 2768.18 0.46441492220475455 -0.04013785457804447 0.16219400799021685 0.5467988650720917 3.0649753341096075 331.34612205845775,335.34424380385605,339.3419330492348,343.3402567563142,347.3383278104328,351.33690045291644,355.33524240428693,359.3340627029679,363.33251306669035,367.3314515072693,371.3301456178016,375.3291653731943,379.32799582574256,383.32704385708035,387.32591046791754,391.32515743722087,395.32399501011156,399.3232123001946,403.3220083582031,407.32118005471744,411.3198766152682,415.31886498091745,419.31755827591417,423.3163848892331
1.591733e-02 1.913617e-04 1.209010e-02 2779.70 0.4573910728132602 -0.04015607714096494 0.16205177729332906 0.546330495992456 3.045002420045199 330.28929079754374,334.2751082472643,338.2602325120044,342.2460019258953,346.2313702265708,350.21729595588835,354.2029260217917,358.1890364014956,362.17493574510735,366.1612196548504,370.1471749821598,374.13351894317344,378.1196745798868,382.1060862263521,386.092273137729,390.0786934902662,394.06485830672716,398.05134099284976,402.0374165814253,406.0239182396048,410.0100022742268,413.99632795481136,417.9822429253556,421.96846320100514,425.95431257959535
4.435483e-02 1.569059e-04 4.121671e-02 2781.19 0.4488875836674701 -0.03982896895631907 0.1636801223577173 0.5479736312250687 3.024728890312713 334.3821690575731,338.36871524850704,342.35578811815236,346.3425529068805,350.3298031470632,354.316808062867,358.30430536636607,362.2914330708286,366.27904893112475,370.2663651996463,374.2540747440636,378.2415790624776,382.22936404225163,386.2168109760388,390.20460982752627,394.19203951363625,398.1798779880439,402.1673832191351,406.155100265779,410.14244488792446,414.1300085791338,418.1172714204404,422.1047024241183,426.09187180725047,430.07911517641605
5.104306e-02 4.311804e-05 5.018070e-02 2783.00 0.4528426688979775 -0.03985289623056588 0.16350950456619331 0.545583423452905 3.0446998982371105 334.8811085947608,338.8735462748273,342.86654079249143,346.85924191658466,350.8524614786832,354.845391600652,358.83874271582374,362.8318973589518,366.82545599927624,370.8187562263533,374.8123884219119,378.80577562027037,382.7995821029162,386.793030117693,390.7866787807517,394.780141047988,398.7739036671258,402.7672317717671,406.76096246430154,410.7542733056114,414.7479484918997,418.7412178747215,422.73452151409515,426.7276384496862,430.7209650076917
9.812505e-03 2.343649e-05 9.343775e-03 2773.76 0.45754995336782867 -0.03978612447482731 0.1627316112326564 0.5466919258087438 3.048648938127141 331.83748318018957,335.84162027953573,339.8454439582729,343.84979117453923,347.85386481549887,351.85848681088504,355.86280082565776,359.8675051893644,363.8721141690744,367.8770393159867,371.8816322943115,375.88679966341033,379.8915253652382,383.89671322491563,387.9014798601909,391.90655549665547,395.91147121886155,399.9165855396527,403.92137196969463,407.92642692916445,411.9312612513557,415.93618295562896,419.9409030363943,423.945725535746,427.95021229382127
1.291224e-01 6.636013e-05 1.277952e-01 2777.47 0.46360750487772273 -0.04024928900408795 0.16156418442756207 0.5474100386244509 3.0255933171504146 330.7673177522248,334.75857990279576,338.74922249449475,342.7406526803442,346.7316530026638,350.7232835246337,354.7145916253296,358.70639977494164,362.697881660538,366.68994101818834,370.6814531914789,374.67348571186625,378.66535939232136,382.6574653272461,386.64930589793835,390.641445978976,394.63325227251687,398.62539258643335,402.6172267216242,406.6093347765008,410.60110166000374,414.5931006326291,418.58476041449717,422.57667206180537
1.537896e-01 2.325663e-07 1.537850e-01 2771.20 0.4601759583555685 -0.03997876560867562 0.16373423614297938 0.5482718866385373 3.0460414111118967 331.4028054903179,335.4013647471357,339.3998314575218,343.3990190298498,347.3977677871337,351.3970088946623,355.39600407354527,359.3955655136397,363.39475091911675,367.3944436706427,371.3937272219503,375.3934416949957,379.39297891717365,383.392765449573,387.3922149732547,391.39209251637413,395.3916347428019,399.39149590711224,403.39110027096916,407.39078277080824,411.3902315858122,415.39000255504897,419.3893678217944,423.38898128837195,427.3882514851834
7.318181e-02 5.068072e-05 7.216820e-02 2777.76 0.4557214167989354 -0.039958300560590305 0.16227119344666882 0.5496940217634374 3.031847266661347 334.84031527142866,338.8322050846451,342.82460107888284,346.81669976492464,350.80947398778636,354.80178884248784,358.7946358920056,362.7872008280282,366.7801634234058,370.7728265208709,374.7659534502004,378.75879792221485,382.7519790160522,386.7447928327448,390.73801575214424,394.73081918834026,398.7240141714308,402.7168565572261,406.7099685232253,410.70270023524466,414.69571285297496,418.6883433316215,422.6812194135214,426.6738344827696
1.018220e-02 2.339871e-05 9.714229e-03 2767.09 0.45940931819871456 -0.039848680597753115 0.16459775337267799 0.5480610736330196 3.0687271257133237 331.8385285643817,335.842546193652,339.846240998964,343.85065397451973,347.85462664600703,351.8593099624356,355.8635945280087,359.8684182285209,363.8728690389605,367.877811797758,371.8824913302877,375.88749932921877,379.8922930662739,383.8973506614737,387.90228004395044,391.90729172653874,395.9122014850402,399.9172922260856,403.9220090842289,407.9269895478919,411.9318063610549,415.9367401222008,419.9413921627948,423.9463509790819,427.9505922455561
7.899597e-02 8.345877e-06 7.882906e-02 2770.74 0.46734074557574634 -0.04015420348778814 0.1625086167825132 0.545555485145748 3.061040422607578 327.6811497281537,331.6826397760351,335.68455348771084,339.6863547352865,343.6887960793571,347.6909030575127,351.69345836682896,355.6958128322814,359.6986465359146,363.7011951096414,367.70410439087163,371.70685096771285,375.7099443750256,379.7127357058505,383.71601817633876,387.71883121791257,391.7220763725558,395.7249402605448,399.7282025159979,403.73095354580704,407.73411024934006,411.73705572130774,415.7400955183323,419.74271908729645,423.7456134865518
1.250826e-01 4.899698e-06 1.249846e-01 2773.63 0.46060429266514824 -0.039946991151326404 0.16355899269642282 0.5440031166649268 3.068774923303706 331.61711525889535,335.618470643314,339.6195732309636,343.62126599122627,347.6226120737959,351.62463421170787,355.62625387709284,359.6284529689094,363.6302560126862,367.6325957537677,371.63450393271205,375.6370318144245,379.6391688274349,383.64155390741325,387.64373037451173,391.6462612207469,395.64838700164694,399.65090136183784,403.6530917297839,407.6556332240284,411.65768722082333,415.6599866561752,419.6620621735831,423.6643558502688,427.6664050155092
5.525308e-02 3.943228e-06 5.517421e-02 2768.29 0.4619975583594135 -0.040079757164305986 0.1635314929674762 0.5440512175079403 3.0990354610233037 331.26871444745353,335.26582299056025,339.2627591449974,343.2602358462586,347.2575111504734,351.2552439659947,355.25268776910434,359.2505248286237,363.2482527804544,367.24640406231583,371.2440904034344,375.24238281837245,379.2402200357886,383.2385945676922,387.2365475307809,391.23486004167944,395.23279773049114,399.23110755950444,403.2290832951707,407.2272761648917,411.2252382850179,415.2234048768527,419.2212900064679,423.21923648851526,427.21776640183356
3.045244e-02 3.816458e-05 2.968914e-02 2769.76 0.4609253793450186 -0.04012014530459953 0.16276055427885103 0.5482281732834903 3.061746147501524 330.92845152846957,334.921572712639,338.9142492317382,342.9076056108358,346.9007046010964,350.8942437776607,354.88754771596524,358.88134399307944,362.8748677619544,366.86877579217054,370.862401788921,374.85649025891826,378.8502571563649,382.84428126364895,386.8381625674776,390.83229924134173,394.8260420000291,398.82013153201484,402.81392749356576,406.8080538577993,410.80175634074794,414.7956534218105,418.789425041114,422.78317831392434,426.7768398021174
2.514095e-01 8.952830e-05 2.496189e-01 2782.09 0.45596428831475067 -0.04002183354746022 0.1623909838028682 0.5443526171844006 3.0522219019811154 334.63736608732944,338.6268871582112,342.6169548949916,346.6066714248567,350.5970109670882,354.5869197265199,358.5774978013689,362.56762665378733,366.55832738861756,370.5485833545772,374.5394740144929,378.52975230682716,382.5206389085357,386.5111243983982,390.5019437758705,394.49244982722666,398.4833108024659,402.4738361242405,406.4645684438607,410.45502906171055,414.4456657067761,418.43599907538436,422.42654226960536,426.4168348412234
4.588129e-02 1.325603e-05 4.561617e-02 2782.09 0.4577977510236863 -0.039821454262449756 0.16216692794911816 0.5448129644435018 3.06022145390688 331.73589088982993,335.73869103070206,339.74129300255623,343.74445254185565,347.7472947626959,351.75074540223727,355.7537843072803,359.75741866764105,363.7607458908845,367.7645062294588,371.7678678953068,375.77177186034834,379.7754105824302,383.77921289008407,387.78283728842337,391.78687450849236,395.7903964198476,399.7944242657989,403.7979000467472,407.80186170890346,411.8053993180894,415.80919490498934,419.8127295862936,423.8162120101707,427.81975238114893
1.552140e-01 1.117956e-04 1.529781e-01 2782.09 0.45554623133357564 -0.04003021174087402 0.1623330098213559 0.5443038436385256 3.0623979819362455 334.5434539575454,338.53180150720794,342.52080870811477,346.5093229641642,350.49855168638766,354.48745624285095,358.47685171577814,362.4659669047335,366.4554555646813,370.44462518474313,374.4343073715935,378.4236555568635,382.4133251662597,386.40272591883235,390.3924383592806,394.38175974531487,398.3715365936673,402.3609196742692,406.35068392462426,410.34001938846876,414.32958669537175,418.3187604290724,422.30821093975885,426.2972330207367
1.760795e-01 2.272255e-06 1.760341e-01 2769.01 0.4602280997589578 -0.039944213033615984 0.16447424823225332 0.5478121663883975 3.0802750951579982 331.56170295954286,335.5622183038059,339.5626419043198,343.5636469337873,347.56433107437294,351.56557688470923,355.5665825211096,359.56799423907523,363.5691106341637,367.5707734073112,371.571965075221,375.57380075815934,379.57518503126965,383.5769050439777,387.57839103903444,391.5802264545256,395.5816516919571,399.5834281138489,403.5849167731711,407.5866995169382,411.58811578796673,415.58979623497555,419.59108872420285,423.5926380975855,427.59386945092825
1.922050e-01 1.766903e-06 1.921696e-01 2779.91 0.4654982135980504 -0.04012818213124338 0.16266107229154259 0.5442658573816446 3.070510700157964 331.54653589934975,335.54707541417923,339.54726187553933,343.54819200892496,347.5485734210136,351.54956837495115,355.5504652805929,359.55155246083376,363.5525347025693,367.55386946125816,371.5550154086033,375.5565409271071,379.5577190287041,383.55924041850136,387.56049120248923,391.562103280727,395.5634918676995,399.56509935601554,403.5663519913957,407.56804045024984,411.5691445918472,415.57068617350996,419.5718495697367,423.5732418994057
1.533337e-02 3.169907e-05 1.469939e-02 2769.01 0.45976705577974875 -0.04007233159727979 0.163383526728265 0.5457562310003508 3.0505598455634395 330.97197395478935,334.9655125938848,338.9587939348947,342.95268869588045,346.94623092996807,350.94037561567046,354.93423631402914,358.92863174052826,362.9226241579575,366.9172240464591,370.91125952726617,374.9059230029833,378.90020210709014,382.89488690076126,386.8891843986999,390.88382828715703,394.87818806092315,398.87289931788223,402.86726615102987,406.86186619496436,410.85620980115317,414.8506959237565,418.844980903198,422.8393003224023,426.8332966250826
1.656924e-01 2.590846e-06 1.656406e-01 2768.14 0.46803897114602966 -0.04020403984628682 0.16294943336078396 0.5447891554131553 3.0493166960725633 327.5741037782244,331.57434911517237,335.5751132433413,339.5755383557109,343.5766701371218,347.5773963242065,351.57870778072476,355.57981212868253,359.5813206924453,363.582661460894,367.5843810098698,371.5857122941752,375.58746379876476,379.58891266120315,383.5907911622858,387.5924039078039,391.59430182831636,395.59584458686055,399.5978313212994,403.5992976191841,407.60126306586426,411.6027138125236,415.6046300765125,419.60598201674765,423.6078787601555
5.149436e-02 6.392444e-05 5.021587e-02 2770.31 0.46002769016183537 -0.039806312108574146 0.16371863894674576 0.5479376121433888 3.0637478941989182 332.101769610896,336.10894241063914,340.1158231417792,344.1234340795644,348.13059166109645,352.1383499043751,356.14587621343975,360.15373760548084,364.1614283863685,368.169509477469,372.17726294405867,376.1855012177181,380.1934713412292,384.2017010315863,388.2096939259783,392.2179667012765,396.2259547988622,400.2342443087207,404.24226676775373,408.25039264831173,412.25848898462385,416.26653288818284,420.27440619146273,424.2823360453786,428.29007540701645
4.514715e-02 5.138230e-06 4.504439e-02 2775.04 0.4569096675350125 -0.039905616105196905 0.1635969709441274 0.5463067032169959 3.0272246967638 331.2486833017129,335.2465923406434,339.24323027806156,343.24051319516803,347.2374646601689,351.23495356375935,355.2321702278901,359.2299817130238,363.22736162927026,367.2252147008907,371.2228166729057,375.2206116062955,379.21836099005947,383.2163696466496,387.2140433976947,391.21218537716794,395.2098117033241,399.20795023036464,403.20566109335846,407.20359978486874,411.2013430063389,415.1991439086186,419.1967604320271,423.1944985426522,427.1918559083111
1.104236e-01 1.305936e-04 1.078117e-01 2773.63 0.46393478480181427 -0.04033073208879594 0.1620563274233614 0.544622928845431 3.0282419484177896 330.4922964717326,334.4800493640492,338.46756263720175,342.45561549187016,346.4433383059041,350.43169712448946,354.41976411582556,358.40816911476793,362.3964478988349,366.3851343548393,370.3734573074965,374.36229724422384,378.35070037818673,382.3395822769796,386.3280524226836,390.31695642063903,394.30548581602835,398.2942909574274,402.28290744547473,406.27170447102276,410.26015710022193,414.2489489943532,418.2373595842025,422.22597700584936
1.828651e-01 1.020352e-04 1.808244e-01 2782.09 0.45892996027534827 -0.03973111311097744 0.16160663898094998 0.5452174353025768 3.071606505514294 332.27153851950993,336.2811353708783,340.2900768338442,344.2994990638954,348.3090320660672,352.3188081662706,356.32840070004966,360.33848245314374,364.3482628179457,368.3584110308898,372.3683924953698,376.37870102324456,380.3886598333578,384.3991394618383,388.4091260869615,392.41960420394275,396.42972705153545,400.44013241930503,404.4501347697406,408.46051107175936,412.47052889472235,416.4807610145511,420.4907619742781,424.50078129572273,428.5105800801831
1.370439e-01 4.004061e-06 1.369638e-01 2774.45 0.46214047359918986 -0.0399974581704155 0.16446477041365476 0.5489620965734313 3.079574832123218 331.6037364136231,335.60496648588327,339.605900608792,343.60740540666137,347.60847161146864,351.6102595795238,355.6116328226413,359.6136657601646,363.6153402806007,367.6173624637509,371.61918051472946,375.62135888298184,379.6232409026259,383.62552944667806,387.6274555599926,391.62969976360444,395.63167433875134,399.63390687079357,403.635866352318,407.63802641050387,411.6398649642552,415.64207349014794,419.6438349936174,423.64573987898166,427.64837554627593
2.194276e-02 8.685539e-06 2.176905e-02 2772.44 0.4604989539295029 -0.04004132978741011 0.1641931792745722 0.5483442297775962 3.076973391190045 331.1949228061685,335.19111826472135,339.18705334957497,343.18373358631817,347.1799349715019,351.1767514615317,355.1732323317073,359.17035928511694,363.16690534953835,367.16415546875163,371.16104875959405,375.15833533767204,379.1552611190389,383.1526375718157,387.14969952099125,391.14699465778125,395.1440729199532,399.14141984244714,403.1384520405195,407.1356086772631,411.1326402631739,415.12976968932884,419.1268173503254,423.12382289597736,427.12075398301084
3.483032e-02 6.150781e-06 3.470731e-02 2776.81 0.4557857166047442 -0.03987291441072995 0.16300870940258896 0.5462047122472616 3.05125239713226 335.22478888446653,339.22126843681923,343.218257542034,347.21495918232836,351.2122368688859,355.2093358052072,359.20675776798385,363.2039898565465,367.2016286155908,371.1988216624423,375.1966308695862,379.1940013041876,383.19177632078083,387.18925135073255,391.187037328183,395.18457940223783,399.18239410084266,403.1798813752409,407.1775629368893,411.1750545919062,415.1727716204919,419.1700363671297,423.1675948394866,427.1648262066357
2.398299e-02 8.203439e-06 2.381892e-02 2773.01 0.45846970995866254 -0.03997116088560407 0.1627159297302863 0.5475314116021982 3.0669359362635316 331.20020225400856,335.1968506436275,339.1928617476582,343.1892431763505,347.18585496535053,351.1827970188768,355.1793942970049,359.1765288704427,363.1732218418196,367.17046779017494,371.1675230918497,375.164788246416,379.1618732558227,383.1593616539261,387.1564722457964,391.1538995751841,395.1510231638267,399.1484449283738,403.1455885141809,407.1429227392558,411.1399443149427,415.13720853842693,419.1342574009405,423.13134027241114,427.12833251947393
1.540190e-01 2.871450e-07 1.540132e-01 2778.54 0.46675128517863085 -0.0402016385266267 0.1651665797900426 0.5469369762813474 3.0627463105628046 327.40450349106305,331.40291891810836,335.4017242126024,339.4001552279646,343.3990715676122,347.397785079172,351.3970833783162,355.39608233340243,359.39559476538767,363.394761484741,367.3943344061425,371.39376275751005,375.39346413654016,379.39275986501093,383.3925738592235,387.3920224160094,391.39190811298215,395.3914258334109,399.39124116733956,403.3907025222313,407.39045095043315,411.38996356329096,415.38965326267606,419.3889815647803,423.38850270704114
1.554172e-01 3.087586e-06 1.553554e-01 2768.44 0.4614131503816322 -0.03997982161060955 0.16305697394895957 0.5464890051102973 3.0659561891087286 331.58314111051817,335.58423958392154,339.58489157697073,343.586104346494,347.5869550579766,351.5885267929654,355.58973848040563,359.5914453547399,363.5927960766825,367.5946738110219,371.5961781287306,375.59812026464385,379.5997570782794,383.60179123140875,387.60355570649017,391.6056133595016,395.60726703112744,399.6094165491329,403.6111194752227,407.6130651458135,411.6147746088826,415.6167283328585,419.6183017374773,423.6200392768523,427.62158388488007
2.699330e-02 3.378324e-04 2.023665e-02 2769.68 0.4577236605111179 -0.03952196278612466 0.16343450661859593 0.548039351218522 3.097412167438131 332.9679784684497,336.9857634293481,341.00311157852644,345.0212302378165,349.03888056397267,353.0571823220416,357.07507672783754,361.09356074540665,365.1117469920285,369.1302528120215,373.1485464424775,377.16722498237266,381.18569510393604,385.2045067017953,389.2228562181009,393.2417976125745,397.26017470948716,401.27888659809184,405.2973811885,409.31615111173653,413.3344967708559,417.3532137193372,421.37151136336576,425.38998962982487,429.40818177383176
1.638521e-01 2.729542e-06 1.637975e-01 2766.98 0.4641506902786989 -0.04007387300909998 0.163528470363217 0.5465507680673359 3.075479052753957 331.5754307424367,335.576356056703,339.57684025232743,343.5779220014784,347.578708639335,351.58025808736073,355.5812901817328,359.5827469009573,363.58409890554543,367.58576181415305,371.5872558753908,375.5890787136793,379.59060328169903,383.592457199128,387.59406342633804,391.59599134733054,395.59765301262695,399.5996679808403,403.6011437197354,407.6030576691758,411.6047439083516,415.6064819301616,419.60795778686185,423.60965801471644
1.771759e-01 2.113812e-06 1.771336e-01 2768.31 0.46753150516225955 -0.040189709275652026 0.16347306012028975 0.5455509598881353 3.0625289604013077 327.5626316457854,331.5625737188833,335.56319748221745,339.56377848892026,343.5644806460774,347.56499614822104,351.56616691208416,355.56707923212366,359.56850962317566,363.56956964060817,367.5710693060381,371.57236790412077,375.5740084847695,379.575348716204,383.5771396990191,387.57853261578526,391.58033773923,395.5817345912639,399.5835118115789,403.5848358724862,407.5866078106758,411.5880802826732,415.58966730377153,419.5908940209205,423.5924102944939
2.719353e-02 1.693801e-05 2.685477e-02 2773.70 0.4539901037454843 -0.0396783844531376 0.16441218941428945 0.5477460340944946 3.0689340982161246 335.7781497923878,339.7811565251595,343.7847966773489,347.78819428623734,351.79212733777666,355.79567139750145,359.7997579988444,363.8035928363918,367.80781380534313,371.8117780963419,375.81610159525087,379.82024377990945,383.8246391546831,387.82863659566686,391.8331360745521,395.8370819918488,399.841568545729,403.8457040968711,407.84994145397485,411.85392366130594,415.8583092623673,419.86222709700485,423.8663346665535,427.87010849465264,431.8741602271778
2.056811e-03 1.667019e-05 1.723407e-03 2768.22 0.45951448658451693 -0.04003262835326387 0.16477797196463237 0.5471384794933063 3.0821944593032167 331.099771242532,335.09492169780646,339.08983563877484,343.0852717946184,347.08029433603025,351.07614461479625,355.07146302937184,359.0673586211365,363.062953632219,367.0590687011,371.054798314736,375.0507875495317,379.04671556412626,383.0430067314457,387.0387499082675,391.03509336311237,395.0310210276203,399.02716122192305,403.0230445294232,407.01926285501173,411.01510955613094,415.0112028176561,419.00688506662027,423.00290073990243,426.9983484613387
1.515171e-02 2.079998e-05 1.473571e-02 2764.30 0.46056474545453746 -0.03989386167068621 0.16456378388207396 0.5479957370605604 3.0793094498923352 331.81607961741594,335.8198236841938,339.82323426903633,343.82739276153603,347.8311001536873,351.8355013384083,355.839503540826,359.84406517941267,363.84827598253025,367.8528300150897,371.8572279124189,375.86198880037483,379.8664625550189,383.8712664272789,387.8757811607357,391.8806146431199,395.88517824736374,399.89010961943745,403.89459270545996,407.89937909284106,411.90383410420037,415.90850650860864,419.9128877676812,423.9175556267356,427.92191631495314
1.394920e-02 1.060756e-05 1.373705e-02 2770.11 0.4606665613180143 -0.04005409706208001 0.1632448190563678 0.546820871659512 3.0487204951789737 331.16882335550946,335.16467968273275,339.1603363885156,343.15655110214607,347.1525263754041,351.1489780229684,355.14523936803556,359.14194924898777,363.13838520831086,367.13529383434457,371.1317899736933,375.1286563509301,379.12542633657745,383.12243765778356,387.11915583890067,391.11621044636814,395.11299555706046,399.1099636211404,403.1066253601152,407.103664176014,411.1003403967092,415.0971573387758,419.0938018461719,423.09053324786197,427.0871491445152
3.986581e-03 2.756886e-05 3.435203e-03 2769.71 0.46156350326506446 -0.039912833741495686 0.1633056267219101 0.547673687582476 3.0505497374750394 331.8739773201095,335.8784475899791,339.88260456824145,343.8872636050627,347.8917155999776,351.89676888991517,355.9014477513824,359.90668471869395,363.9114784121714,367.9168352004643,371.92198007480465,375.92741417730633,379.932523600225,383.9380953457467,387.943249636357,391.94879438925534,395.954105882706,399.9595799877023,403.9647910412609,407.97025161933794,411.97539896613404,415.980815599914,419.9858775225828,423.9912101991538,427.996350479216
6.283502e-03 2.520967e-05 5.779309e-03 2766.46 0.46113813687159094 -0.03990160685799497 0.1634111740712817 0.5486588517329121 3.059554511823517 331.85711516782635,335.8614803670127,339.8653523090521,343.8699311327259,347.87415201417656,351.87896870209704,355.88328696463964,359.8884255931932,363.89308104946474,367.8982227039054,371.903009517689,375.90823668197316,379.9131593169535,383.91847761993637,387.92349049755444,391.9287821864522,395.93386202249974,399.9391257934124,403.94416001250084,407.94931455265066,411.9543477067152,415.9594157093693,419.96438107418226,423.96935053815224,427.97412442750147
2.233109e-01 1.868815e-07 2.233071e-01 2771.95 0.4569251228692674 -0.0398526585421644 0.16309495202799265 0.548014355318261 3.0654685649228126 331.46913105604983,335.4696189661921,339.46889304424366,343.46884663887636,347.4684644267296,351.4686769307879,355.4685410255685,359.468938134022,363.4690363509895,367.4695153154798,371.4697607356261,375.4703411645162,379.47062382865454,383.4713868754649,387.4716991452202,391.47239337965397,395.47282730175266,399.47350605338465,403.4738836118018,407.47453369285597,411.474837847541,415.475346244136,419.47564331085016,423.4759823214458,427.4761216946252
1.404933e-01 1.162866e-04 1.381676e-01 2771.13 0.4553131710477758 -0.04001985143858055 0.16352095111135254 0.5494180602479671 3.073883787593228 334.5325597595904,338.52081898270404,342.5096094444096,346.49802084287603,350.48704462621765,354.47575406555427,358.4649320541764,362.45386076061044,366.4432086432848,370.4322469065622,374.42166067747775,378.4109077193489,382.4003389962019,386.3895111955626,390.37912889915884,394.3683013368206,398.35779379929096,402.3470019599041,406.3365132642222,410.32553538778575,414.3149594854506,418.303985596865,422.2930933697467,426.2820517673842,430.27121674720553
1.951030e-01 3.034254e-08 1.951024e-01 2768.34 0.4609360699123218 -0.03999583775391453 0.16386497407938255 0.5483961355448957 3.08279917813184 331.4444224482979,335.443658033768,339.44268617005804,343.44225234946293,347.44144332799436,351.44139681196225,355.44088812702313,359.4408969403131,363.4406183375686,367.44084899959495,371.4407250936347,375.44099854787333,379.44091035816234,383.4412596655877,387.4412414742306,391.44158033135466,395.44169763763773,399.44198961412576,403.4420487968154,407.4422332306345,411.4422849484711,415.44253586701757,419.4424603860986,423.4424252503822,427.44233852259265
1.048276e-02 2.295570e-05 1.002365e-02 2774.28 0.47000519280696595 -0.04020237340622441 0.16363834768362964 0.5467357800727588 3.0872267701292424 327.839220783672,331.8423660950237,335.8462907047415,339.849996469202,343.85426275257345,347.8582622553154,351.86279356366646,355.8670428286956,359.87185676109516,363.87615345074045,367.88108568057254,371.8856083247635,375.89066501905154,379.89529827619117,383.90047242504505,387.9051923650325,391.91039476784937,395.91508182343665,399.9201532472189,403.9249195213336,407.92995539621455,411.93486090571594,415.9396785498139,419.9443960283758
2.157236e-02 8.609694e-06 2.140017e-02 2776.07 0.4547986344938611 -0.03984309265731208 0.16344160052578405 0.5507726130760241 3.075627087852485 335.1907090125519,339.1867566207433,343.1834126521997,347.1797553888827,351.17658096428414,355.1730714611298,359.17016842435777,363.16694976176944,367.16400639867527,371.1609267398135,375.1582172208272,379.15519915229453,383.15262295861413,387.1496618178876,391.14703234521824,395.14402089901046,399.1413703698362,403.13833592703,407.13571819693306,411.1326720808892,415.12989256041084,419.12675412322164,423.12376406600526,427.12050776837896,431.11842294782815
1.532566e-01 9.459669e-05 1.513646e-01 2780.10 0.46315170009845286 -0.03987498145232684 0.16410812768959787 0.550628604250297 3.1083895351848096 332.2478068759309,336.2567588039663,340.26531273084396,344.2745897865151,348.28344225043986,352.2929719268513,356.3021758768284,360.31181112890823,364.3211400796764,368.33099586209613,372.340602298538,376.35045480191997,380.3601671619649,384.37014914875107,388.37990298205347,392.389842477605,396.399590192129,400.4095723673842,404.41919030132897,408.42921464885745,412.438849046209,416.4487143375806,420.4582911024802,424.4679435890074
7.396422e-02 5.126170e-05 7.293898e-02 2777.78 0.45652502270917894 -0.03998892366801114 0.16271048156381407 0.5482552544629508 3.0488942677320576 330.84420921884157,334.837009796304,338.82871827231503,342.82117462641975,346.81324906945014,350.805964486173,354.7981987478218,358.7910045622485,362.783552447901,366.77654186936394,370.7692210766526,374.76226493736374,378.75505847126794,382.74819306060374,386.74088716386905,390.7340273772222,394.726942669223,398.72008909140703,402.7129673547827,406.705939023765,410.698737103055,414.6917354348373,418.684372166861,422.67720264699363,426.6697513616307
5.744662e-02 4.063167e-06 5.736535e-02 2771.92 0.46249447145798883 -0.04008910583872469 0.16209457667632815 0.5487228834154968 3.06806037406439 331.27349873518534,335.27071751527876,339.2676508878668,343.26513187499927,347.2622868069185,351.2600965761535,355.2575194986208,359.2554252346952,363.25302618698123,367.2511845153312,371.24898756773183,375.2471715384654,379.24502038136393,383.2432473554113,387.2412142099515,391.2394865441396,395.2374528292032,399.2356701927954,403.23354100315845,407.2318224288243,411.2296919555206,415.2278767869359,419.2256687344451,423.22365821101977,427.2219704571451
2.462882e-02 1.761302e-05 2.427656e-02 2769.97 0.45822564761287926 -0.03982058255839053 0.16294453427066277 0.5484161364625821 3.0688460562864806 331.78580836020996,335.7893275851701,339.79243459268133,343.79618488203886,347.79976967007264,351.80364261009504,355.8073515121682,359.8114723813378,363.8153564452098,367.8197171132563,371.8236335756502,375.82810352637,379.8321555570253,383.83668733285117,387.84089716159093,391.8453428640693,395.84954808943485,399.85403575923186,403.85820758441105,407.86262393659746,411.866766459918,415.87110074240815,419.8750252775367,423.8792496339326,427.88319655891735
1.354547e-03 1.800346e-05 9.944774e-04 2769.51 0.4600422792977246 -0.04005193082173388 0.1634815903449916 0.5476147341498842 3.059470714137025 331.0883180037254,335.08325862190463,339.07790435810705,343.0731441832878,347.06814561286,351.0637152605405,355.0589519273848,359.0545996071779,363.050101403918,367.0458820050524,371.04141000337376,375.0374649553873,379.03313527033737,383.0292049324037,387.02490882956334,391.0209885854391,395.01673568793143,399.0128217083193,403.0085136283566,407.00459805765024,411.0002902898257,414.996159073785,418.99173196743095,422.9875552369821,426.98291041465546
7.230936e-02 7.246102e-05 7.086014e-02 2768.55 0.46279716167094603 -0.03989282279735407 0.16356253168160556 0.5460444055596438 3.089702790736303 332.14226443652865,336.14998834250633,340.15740927943244,344.1653667730043,348.1731067880632,352.18136877361013,356.18926504919426,360.1977837573955,364.2058273097154,368.2144773922624,372.2226753628611,376.23148118784064,380.2398317816903,384.2486660025239,388.25712321367706,392.26593505744876,396.27444805024817,400.283236945319,404.2917178414012,408.30039190699017,412.3088233501999,416.31763554198824,420.3259591880679,424.3344269079298
2.352066e-01 2.909693e-07 2.352008e-01 2769.15 0.45861308717081245 -0.0399074650858981 0.1626482906656212 0.548921438422096 3.0864246546742646 331.4805210640903,335.4805018719567,339.47987550626783,343.48000357357375,347.4796968851105,351.480022332722,355.47999858941756,359.4804070894692,363.4805915022555,367.48132498679684,371.4815536720808,375.48237282663536,379.4826978208016,383.48349377842567,387.4839799192368,391.4848284868502,395.4852681866758,399.48614445778014,403.48663363948594,407.4873683064268,411.4878126496235,415.488373202261,419.4887353137881,423.4892936170897,427.4896446106927
1.675567e-01 1.076766e-07 1.675546e-01 2771.47 0.4627260553058221 -0.04006324220787785 0.16354643274324793 0.5478931736074174 3.076457978814283 331.4171693089627,335.4161116025087,339.4146918570607,343.41397104003613,347.41290922457085,351.41241043580465,355.41156478268056,359.41123277929626,363.4105585343888,367.41042825510164,371.40987061661417,375.40977592098324,379.4094361377076,383.4093718610611,387.40903455851776,391.4091449868398,395.40891022948756,399.408797232341,403.40854391052056,407.408402093353,411.4081318022455,415.40796452182224,419.4075714640238,423.4072979353116
1.416486e-01 3.410446e-07 1.416418e-01 2772.91 0.45632803497285024 -0.03985361749690991 0.1639773361854945 0.5477843087565681 3.1040161675817233 331.38789349416106,335.3869806453327,339.38542099734985,343.3844061676327,347.3830615606304,351.3822677230587,355.3811651963762,359.3805790997306,363.37964856399464,367.3792595020708,371.37849955238113,375.37813336925126,379.3775134908243,383.3771818013396,387.3765427438113,391.376459701222,395.3757433414697,399.3754957182573,403.374957582461,407.3746358595831,411.3739537673779,415.373522731732,419.37279841154134,423.3723178283506,427.3714459069474
1.653385e-01 1.433198e-04 1.624721e-01 2773.12 0.4678361367131663 -0.039985529606418956 0.1632054271433073 0.5480011567279138 3.075380122583558 328.4265443560211,332.4371251204259,336.448192524344,340.45905279092614,344.47048787778715,348.48171674627645,352.4933404358221,356.5047961145835,360.51677603986474,364.5283624519228,368.54041786411887,372.5521648364205,376.56442250042625,380.5762843251845,384.58848589762636,388.60045015546973,392.61265014457257,396.62460580154504,400.63690707752494,404.64889921912174,408.6611232928747,412.67306500043,416.68527375147926,420.69710864260867,424.70912098711864
4.339435e-02 1.338673e-05 4.312661e-02 2767.91 0.46347355112966127 -0.04000855675441572 0.16374645306490637 0.5482538196798107 3.0742960529340833 331.74392771737627,335.746852260627,339.7493533101885,343.7525034289774,347.7553145878612,351.75881461129666,355.76183155035915,359.76545107595024,363.76878268348474,367.7725829551085,371.7760621519078,375.7799262732652,379.7834607237827,383.78743376391566,387.79098227178036,391.79502200086023,395.79854215084833,399.8025189839087,403.8061509299475,407.810056592315,411.8136107035502,415.81733040333484,419.8208726204778,423.8245369594526
1.016922e-01 1.529026e-06 1.016616e-01 2772.94 0.4623016039122426 -0.04006288859823088 0.16260479118832447 0.5506488320429711 3.038148151326337 331.3410477116584,335.3391713716371,339.3367826173699,343.3351951532706,347.3330769482917,351.3315970895811,355.32992042217336,359.328657738179,363.3270044032288,367.32583037747645,371.32444484105946,375.32338417814873,379.3220225293534,383.3211442019069,387.3199283727857,391.3188779670863,395.31768167619003,399.3167326684402,403.31535844766864,407.31434317736745,411.3129802064786,415.31193400655627,419.3104359867588,423.3092298419575,427.30860960141507
6.535913e-02 6.970318e-05 6.396506e-02 2766.26 0.4628469827091964 -0.03989472855447243 0.16210549034451394 0.5472959526834343 3.068032494034819 332.1313392180346,336.13885489081997,340.1460194964023,344.1538955418415,348.1614526727677,352.1695489299385,356.17731480964045,360.18562986090745,364.1935884661185,368.20200621247324,372.2101433923473,376.21859793283903,380.2268952089511,384.2355565386528,388.2439134614238,392.252471758388,396.2608874523175,400.2694929945963,404.27779537293037,408.28650825308875,412.2946620223325,416.30320073194207,420.311318511629,424.31973820206514
1.029173e-01 6.274269e-06 1.027918e-01 2769.48 0.4587491474192538 -0.039873038167914966 0.1642052638397329 0.5485707003173536 3.0886196307012668 331.64509095745655,335.64705265390404,339.64845975862875,343.6505287036398,347.65223537826176,351.6545818389764,355.65643176247085,359.65890761553754,363.66116347814875,367.6637019012361,371.66607155659585,375.6687207800697,379.6711890508224,383.6739384798785,387.6764065545423,391.6792534900387,395.6817984101963,399.68444531217176,403.6870063892109,407.6897809045754,411.6922214828283,415.69487028727895,419.697217694966,423.6996587945352,427.70179396167515
1.665794e-02 2.748502e-04 1.116094e-02 2768.76 0.4665515875379259 -0.03985542323023017 0.16383275308421488 0.5458891360842527 3.0936869697033385 328.7997213550925,332.8153098031589,336.83105765862604,340.846499075666,344.862629346251,348.8783328514861,352.8947410802193,356.91081434842675,360.92730155957133,364.94350941574754,368.9602399205676,372.97654152055327,376.99336491612,381.00976519690374,385.0266829072326,389.04324288246306,393.0601197170459,397.076784061292,401.0935833540377,405.1102330834679,409.1271305609608,413.1437273512768,417.1603456717143,421.17679123465325,425.1933621413806
2.089839e-01 1.198459e-06 2.089599e-01 2773.12 0.4652766858340438 -0.040121363898369976 0.16352102367157642 0.547255258077239 3.073276987699107 331.53104040977195,335.531333168761,339.53124547279555,343.53192162298836,347.5321530797765,351.5329489837169,355.53351131250577,359.53466190751664,363.53527767594943,367.5364694868115,371.5372880691626,375.53854086528213,379.53955425030557,383.54091664643306,387.5419325839742,391.5433004903136,395.5443758533221,399.5457449256255,403.5468333195296,407.54813696153394,411.54915575441936,415.55043904681,419.55124426214155,423.55242903459146
2.487368e-03 3.592188e-05 1.768930e-03 2769.91 0.4581722587773975 -0.03978051288361724 0.164116748909149 0.550584198780393 3.0770179057805147 331.93662812870485,335.94206176852947,339.9468548517173,343.95245446745207,347.9576529451635,351.96337393872244,355.96890672249134,359.97491213888867,363.98050705172443,367.98662701296763,371.9924471805544,375.9987040542349,380.0045378946051,384.0108504603243,388.0168281737528,392.0230767603085,396.02911583382263,400.03546487044923,404.04130507320014,408.04752716456875,412.0535963727896,416.0596218657168,420.0653828462432,424.07139695329465,428.0771323612701
1.290881e-01 6.917509e-07 1.290743e-01 2764.63 0.46277056049617554 -0.04007282659750506 0.16225565349124066 0.5495837562199857 3.0715781128691377 331.37476406308514,335.37321023627175,339.37127219604196,343.37001165593085,347.36844105660475,351.3673574431145,355.36598058012385,359.3651781590478,363.363945058295,367.3632516347494,371.3622813438403,375.3615855253376,379.3606185411826,383.36014175698045,387.35930137601076,391.35877352973523,395.3579793584277,399.35748119134405,403.35659509878695,407.3559716359198,411.35502873115865,415.35452516954376,419.35345653399366,423.35267862010863
1.385881e-01 4.878494e-07 1.385783e-01 2770.34 0.4610465966432921 -0.04001127433852248 0.16322475600054306 0.5501782924885282 3.0666593667887576 331.3860611536406,335.38462911308363,339.3828181898796,343.3818112781244,347.38038033373806,351.3792844613232,355.3781919391083,359.37748707082164,363.37651332997984,367.3758997485568,371.3749999503693,375.3746332939935,379.3737552865824,383.3734241487804,387.3727064339333,391.3722993767728,395.37161289155404,399.371178787661,403.3704457622807,407.3699977589215,411.36921976046693,415.3686987345156,419.36784642310676,423.36725891536014,427.36631503179234
2.613761e-02 8.078789e-06 2.597603e-02 2769.58 0.4600733184739615 -0.040021722043401056 0.16416644884053913 0.5503395892682149 3.069767697403411 331.20700367163647,335.2033121193059,339.19931741324103,343.1960251944677,347.1924746963971,351.18941154960726,355.18595343382617,359.1830734722539,363.179950823797,367.17731524211655,371.17421215696294,375.17164619530826,379.16874749881384,383.16615068420185,387.1633640049138,391.16072695444507,395.1579418526959,399.1552681412024,403.1524886770824,407.1499694987008,411.14700332255387,415.1443049384884,419.141276960298,423.13858656182066,427.1351828356884
1.328932e-02 2.308229e-04 8.672858e-03 2771.05 0.4634097724636144 -0.04038740676076776 0.1636781278565657 0.5472802214467561 3.0521689540434602 330.18238120523694,334.1664205681458,338.1500352188166,342.1343919913875,346.11832087629205,350.1029262654744,354.0871323190192,358.0719041585272,362.0563442819359,366.0412704333463,370.0258634093072,374.0108968116002,377.99563823007617,381.9807567336665,385.96554200339085,389.95061364947145,393.9353856655822,397.9205531436048,401.90538837454085,405.89036721246896,409.8751046513773,413.8600807954455,417.84463692907394,421.82940936559936
2.116445e-01 1.095386e-04 2.094537e-01 2770.91 0.46268007344136186 -0.039848052120244934 0.16330223601811483 0.5474934388959326 3.0949714700243702 332.30589190879977,336.3155516687249,340.3248904785257,344.3349161367555,348.3445538988984,352.3546562172938,356.36458141390045,360.37498848136295,364.3850902732659,368.3956139821007,372.4058170676582,376.4165526701864,380.4269081893716,384.4375963597021,388.4480424966203,392.4588273737768,396.46924805801456,400.47998938011176,404.4905512680008,408.5011546568122,412.51154634638436,416.5221492304935,420.5325005528867,424.54299387142527
1.486316e-02 2.653893e-04 9.555368e-03 2772.98 0.4609626672897697 -0.03967731758608381 0.16398695194392882 0.5466016849486791 3.1180021876034334 332.7858153470535,336.8013871092503,340.81661424294924,344.832371675309,348.84788676676243,352.86392943912836,356.87973278677896,360.89586176050545,364.9118214819927,368.9282983784143,372.944324772399,376.9607702073425,380.97697181912633,384.99359950590576,389.00978396411966,393.02645691540164,397.0426557059118,401.05933598594737,405.0755199764575,409.0921063343517,413.10824898173763,417.1247811868642,421.14091124547025,425.1572086016523,429.17326197552836
6.036088e-02 1.062526e-05 6.014838e-02 2774.02 0.4709571062438337 -0.040264387963385176 0.1632494669305378 0.546578677539729 3.085843818521349 327.71352205178124,331.7152392729903,335.71769501230375,339.71976788679257,343.72253210337504,347.7249171695884,351.7279176795775,355.7305726508609,359.733753525148,363.7367353801304,367.7401241764028,371.7431189691549,375.7465070703926,379.74967166431725,383.75319720977757,387.75651487520304,391.7599976990889,395.76335333475396,399.7668681276896,403.77014558563036,407.7736471858145,411.77679796437764,415.78030828872375,419.78339741129963
1.364698e-01 3.972914e-06 1.363903e-01 2771.47 0.4631205634526151 -0.04002957014590726 0.16317417982041188 0.5482631080848233 3.0623030604470847 331.6058179029909,335.60696469595666,339.60791419783135,343.6093579918023,347.6104702909418,351.6122099717527,355.6136630492397,359.6155948918943,363.6172134616518,367.619320961888,371.62112788849544,375.623283918566,379.6251682595514,383.62744262863123,387.6294845870202,391.6317142378404,395.63366613141216,399.6360669211585,403.6379456085003,407.6401919774797,411.64203891772905,415.64409709970835,419.64598734509383,423.64790112250665
1.926062e-01 1.340998e-04 1.899242e-01 2770.68 0.46072564146617373 -0.039759834444066715 0.16350565885364082 0.5477594133018246 3.0838074417745425 332.39736718309786,336.4082686602815,340.4186386504668,344.4297605849372,348.4405371966316,352.45187720191353,356.46296874044805,360.47457053673395,364.48569889478705,368.49743988227476,372.5088760234924,376.5205665002829,380.5320171497476,384.54399840309605,388.5555249462968,392.56723413073615,396.5788942852662,400.5907760346642,404.60242016731723,408.6141510758064,412.6255944190089,416.63736830854367,420.6488254260944,424.66034816322883,428.67182489967166
2.596021e-02 5.419374e-05 2.487633e-02 2772.11 0.4686673517958831 -0.04011020438605876 0.16383402748603432 0.544254297116919 3.0748896449328917 328.04557966900063,332.05160571847506,336.05816783722224,340.0643681310024,344.07130541695324,348.077783428689,352.0847657879008,356.09169232897864,360.09898599938487,364.1058449208725,368.1132824562326,372.12050893092515,376.12797758672434,380.13524694084026,384.1430604701071,388.1503467187087,392.1580365065398,396.1654005374821,400.1730616504988,404.18045232403546,408.18807269255797,412.1952982960128,416.2028327646639,420.21010150345376,424.21760152655906
3.498670e-02 1.523036e-05 3.468209e-02 2771.41 0.4634313739893673 -0.04000476417390766 0.1640061332482149 0.546755140365247 3.0821256710469576 331.7622328909837,335.7652673770155,339.76801196007784,343.77149835945255,347.7744581499683,351.7782133790699,355.78143928747477,359.78530580757405,363.78890776016357,367.7930380914759,371.79661327340636,375.8006925607313,379.8045189111629,383.80871508058425,387.8125811671749,391.81676359306675,395.820642447496,399.824821207508,403.82871728048025,407.8328072870256,411.83663526125656,415.8406592106113,419.8444244356008,423.8482942359285
3.806521e-02 1.436065e-05 3.777800e-02 2774.28 0.4662433587153667 -0.04009886763046886 0.16468343113039188 0.547183748308375 3.0713994396065356 327.7537684486867,331.7569575886247,335.75996570213175,339.76253660842525,343.76585942131175,347.76888748620456,351.77230554732523,355.7755550340841,359.7792627356548,363.7827362769076,367.7867412884383,371.79022986001786,375.7943677140516,379.7980326243492,383.8021075590051,387.8058616175033,391.80988088275865,395.8137669229734,399.8177830521551,403.82152931579236,407.8255973467114,411.82934716844943,415.83331695071723,419.8369288503261,423.8407832405016
1.585534e-02 2.057975e-05 1.544375e-02 2766.26 0.4623040086480873 -0.03995319530063341 0.16452896248723525 0.5472431343747894 3.059638010217468 331.81370413849163,335.81739161666366,339.82089377109565,343.8249363750933,347.8285471662174,351.8328292985442,355.83680645043444,359.84136028454157,363.84546441436135,367.8501155553615,371.854485983589,375.8591612821256,379.86362225070724,383.868406958038,387.8728102823134,391.87764777736965,395.8822167753379,399.88690608348645,403.89140690341475,407.89624203403787,411.9005539076176,415.9052858032541,419.9096333117011,423.9141150258716,427.9191588711121
1.430619e-01 3.879391e-04 1.353031e-01 2769.01 0.4646135449639212 -0.03973159341078392 0.16431047707146462 0.5460847186171914 3.1196693200777874 333.06927957412563,337.0881589624448,341.1067375813578,345.1259405459888,349.1447300299795,353.16427217953594,357.18333807066153,361.20301523457664,365.2223143742418,369.2421337084064,373.2615514110548,377.28149253514766,381.3011098691962,385.3210378124436,389.3407816032256,393.36075671349414,397.38045312910987,401.4003659998005,405.42004675021235,409.44005393791565,413.4596494053797,417.47936493203844,421.49897444499146,425.5187086791642
1.818361e-01 1.021597e-04 1.797929e-01 2774.06 0.46437464143571033 -0.039911448237026796 0.1640874689780052 0.5475522618656585 3.0963425323999223 332.2774163615407,336.2867310472342,340.2957373419305,344.30534828898584,348.3145565038165,352.32439098369815,356.333901456053,360.3440228403687,364.35368117836146,368.3639055293395,372.3738475741104,376.3841039222119,380.3941335247347,384.4044411006525,388.41458329959204,392.42498057445954,396.4351364542702,400.4455162655777,404.4556296599099,408.4659363764718,412.4759334683492,416.4861385666166,420.49613721902796,424.5062646400968
7.502080e-02 7.314472e-05 7.355790e-02 2771.28 0.46504638259574815 -0.03996661867217115 0.1629872496376522 0.5454788727791662 3.075099783651729 332.14684754158856,336.1545977723443,340.16201875402413,344.17002844133003,348.177712973236,352.18597244172076,356.19404356005725,360.20250525548306,364.2106827848475,368.21937783528114,372.22776305713404,376.2364062114469,380.2448772269588,384.253620971431,388.2621726730002,392.27097554078995,396.2795672655098,400.28834056306033,404.2968912715083,408.30571940760797,412.31408606454164,416.3227566524231,420.3313350686968,424.33986597204836
2.093404e-01 1.093772e-04 2.071529e-01 2769.53 0.4627227228789442 -0.03985127794057289 0.16341391896860588 0.5453564720603001 3.0681713976123075 332.30342184174856,336.3131790741844,340.3224627392742,344.3324647585712,348.34202063387926,352.3522350685679,356.3620838148767,360.37248529167323,364.3825293547819,368.3931005036104,372.40338821847564,376.41396281113236,380.4244267503579,384.4351134962361,388.4454518516816,392.456288158825,396.4667096802546,400.47737841313085,404.48797703567305,408.4985501996788,412.50905044028184,416.51962282517866,420.52995639069565,424.54032234612583
2.040902e-01 1.329410e-04 2.014314e-01 2773.47 0.4728426798859939 -0.04015684072098086 0.16224560856243925 0.5466677441712446 3.063167824222705 328.39352875367985,332.4034440984351,336.41419073114434,340.42459341640944,344.4356393407985,348.44629953705635,352.45760532104606,356.4684500567446,360.479966795283,364.4911203213724,368.5026702606635,372.5140605401302,376.52586184634157,380.53736135461713,384.54912492165005,388.56066096771093,392.57242469071787,396.58387990887076,400.59573899465033,404.60730508728307,408.61914966410126,412.6305990094165,416.6423667855114,420.6537041661705
4.604207e-02 3.180344e-04 3.968138e-02 2769.22 0.46315440795949187 -0.03971530630807953 0.1618896615639588 0.5478955175152389 3.0737499739406746 332.91819898075084,336.93522165212926,340.9519606576741,344.9693207121324,348.98622467366886,353.00383535761006,357.0211033657119,361.0389066829054,365.0563696739568,369.0743470786682,373.0920240902188,377.11012671775774,381.12785641154693,385.14580092999626,389.16362489775884,393.18180363871153,397.1996371399132,401.21769806659415,405.23554555942945,409.2535694291056,413.2713682157696,417.2893760367418,421.30703238486194,425.32477471377723
1.982652e-02 1.904118e-05 1.944569e-02 2774.94 0.4652557694187446 -0.04005401150642242 0.16388268627035169 0.5475265706386416 3.066311394551825 331.803118241159,335.8066281973979,339.8099067117953,343.8137380033392,347.8172914317879,351.82142888721324,355.82525078911226,359.82963861742996,363.83350034483215,367.83812115926094,371.84219118229623,375.84666371084967,379.8509076690587,383.85559595471034,387.85990706175244,391.86453089351556,395.8688828722747,399.8735132473828,403.8778825256801,407.8824843411053,411.8868511778097,415.8912981230265,419.89554780349636,423.89979864447406
4.733036e-02 6.283870e-05 4.607358e-02 2770.79 0.4672592841614853 -0.04004876610416956 0.16327975927493601 0.5462932873240174 3.05176578944805 328.0947049380366,332.101170097416,336.10837698754796,340.1152392780766,344.1225110798418,348.129640979162,352.13735850749407,356.1447479730288,360.15260966879026,364.16016943872927,368.16815148712897,372.17595849366046,376.18398732157004,380.19188063318626,384.20019755701713,388.20812986656034,392.2163481306067,396.22418322801764,400.23257769206094,404.2404435718121,408.248687614215,412.256486084227,416.2645695834598,420.272335426398,424.28026028937626
4.350647e-02 4.368626e-05 4.263275e-02 2769.84 0.4655938731209007 -0.04028416218991933 0.16366998953787065 0.548834742517355 3.0556277565041468 330.8965835505139,334.88916047558047,338.88147849283183,342.87431780754684,346.86695668340474,350.8601122772866,354.85295979384284,358.8462651167152,362.83928104714334,366.8328021951357,370.82587698722347,374.8195596686973,378.81285658030856,382.8064612152654,386.79972861588215,390.7935616828799,394.78686264555216,398.7805648472677,402.7739274276823,406.7675857604908,410.7609953369785,414.7544202608094,418.747678483385,422.74110363739004
9.008336e-03 4.413466e-05 8.125642e-03 2774.29 0.4688382485832474 -0.04013120678113698 0.16575690081024866 0.5435974447188835 3.079779195339168 327.98633842082353,331.9915674267845,335.9974103959885,340.002899465303,344.0089344752543,348.0147956222645,352.0211379741612,356.0271829123964,360.03375338188795,364.04007281810453,368.04677238874973,372.0532410010793,376.0600825732424,380.0665669433067,384.0735806948916,388.08018498764704,392.0871689752023,396.0938310299748,400.10076164784726,404.10733281926974,408.1142429089128,412.1208227506552,416.1277422598983,420.1341736824786,424.1410112602522
1.106951e-01 5.699212e-06 1.105811e-01 2770.46 0.4621570494328404 -0.03999039867795961 0.16245564449709213 0.5476087952316744 3.0552911398219296 331.6356557963006,335.63715367119687,339.63849771145334,343.64035964872954,347.64199839595483,351.6439772737076,355.6459229271798,359.648129877112,363.6501599691087,367.65262845718735,371.65473113658044,375.6574487065202,379.6596387146825,383.66234328263204,387.66466519491553,391.6673239064007,395.66961397263657,399.6722847909828,403.67456454612,407.67715832968054,411.67944605321776,415.68192562298873,419.68409747387466,423.68649383200705,427.6894394700673
8.886397e-02 7.714403e-05 8.732109e-02 2768.19 0.465719459339339 -0.0399826993007299 0.16423875444252706 0.5462009795510493 3.068504897691492 332.1679175223232,336.1758513632125,340.1836231002548,344.19178648024354,348.1997316285773,352.20832464145246,356.21648536232397,360.2251809373526,364.23358409075905,368.2423995818991,372.2509523589569,376.2599686817401,380.26858582596174,384.27766334117945,388.28642306562057,392.2956120407623,396.30436390094746,400.31341359329,404.3220634443504,408.33115143840627,412.3398806916069,416.34873798118053,420.35741279561614,424.36628822602427
1.769305e-01 2.309062e-06 1.768843e-01 2775.33 0.46205315602700364 -0.04000844260974266 0.16353758930985457 0.5447662992616812 3.065701503245155 331.5613918543835,335.56216716142586,339.5624621002547,343.5634763260418,347.5641903681178,351.5654440731474,355.5664620747019,359.5678973430975,363.56902742322904,367.5706392178281,371.57195300822775,375.5736004964673,379.57514540885865,383.5768498958447,387.5783071927719,391.58024242551716,395.5816785495099,399.58341617226347,403.58490120155557,407.5865818534238,411.58801244279584,415.5897217920296,419.59109242100743,423.59257683792345,427.59469996481454
1.482034e-01 6.881783e-05 1.468271e-01 2775.04 0.45677957398461455 -0.04002291852332099 0.16355658540619541 0.5464614563880199 3.0414342007441033 330.7478878479649,334.7398403113182,338.7303805577788,342.7218387619385,346.71276056047435,350.70432285233215,354.69541354959915,358.68705884853887,362.6784080693048,366.6702385372284,370.6617415989845,374.6536667208292,378.6453533338281,382.6373349029127,386.6289684951871,390.620969240277,394.612668518943,398.6047678317224,402.59639610457737,406.58827168041773,410.5800142297278,414.5718263685151,418.56326132351927,422.5550468072961,426.54645541971246
1.687292e-01 1.427116e-04 1.658750e-01 2775.53 0.468532884004419 -0.04001208558862078 0.16432338461032187 0.5449692246561654 3.0631174087782838 328.4225572946647,332.4331629113344,336.44425400981737,340.45502315327485,344.466490153454,348.4776796691795,352.4893545807008,356.50070892637416,360.51265402346297,364.5241969876303,368.53618017819593,372.54794230714117,376.56011634135814,380.5719338010849,384.5841895985333,388.59616695264384,392.6084080388041,396.62044866554544,400.6325816134817,404.64456182016545,408.65676058377136,412.66867549183894,416.68079775908456,420.6926695768799,424.7045345547865
3.114169e-03 3.744035e-05 2.365362e-03 2772.45 0.4659117768681898 -0.04004006407135676 0.1638745651645025 0.5473805327401425 3.0557537923287024 327.94553595489083,331.95068972271935,335.9559555224317,339.9610097255856,343.9666057392841,347.97193830045165,351.97777339905167,355.9833702228697,359.9894413396619,363.99523853849604,368.0014094979923,372.00729019469924,376.0137390803934,380.01976113575483,384.02624430865575,388.0322277581329,392.0388049463922,396.04478848800386,400.05120543907077,404.05739586436266,408.06369456833534,412.0697296738126,416.07609657143826,420.0820036513265,424.08817610660947
1.867644e-02 2.331786e-04 1.401286e-02 2772.23 0.46681403658519327 -0.03988955667988182 0.16351987063895845 0.5456004137665196 3.075035340743852 328.6937101082774,332.7076379547542,336.7221282188503,340.7362453217355,344.7510534937172,348.7655514742722,352.78058932075527,356.79528977107594,360.8104909008397,364.82541959049763,368.8407875305974,372.8558193793638,376.87125139413115,380.8864895231751,384.90202136918055,388.91734059286136,392.93286382448554,396.9481434759209,400.96377208365766,404.9791361693703,408.9945870847633,413.0099212823045,417.02520001903554,421.04035560714436,425.0556478827193
1.112558e-02 4.561991e-05 1.021318e-02 2773.24 0.4680652764634123 -0.04010082815610947 0.16481365561683953 0.5450126030366715 3.045960259276979 327.9962717046798,332.0016209464793,336.0075439906725,340.0131548629186,344.0194188571177,348.02526767718774,352.03184043799524,356.0380091730685,360.04469934733964,364.0511546335155,368.05801318227117,372.0644809471744,376.07145216009906,380.07803651459636,384.08508705223153,388.09183555989415,392.09879235399666,396.10555181145816,400.1126417893595,404.1193846152415,408.12642582986706,412.1331888437438,416.1401144115625,420.1466735988866,424.1537146075119
5.054129e-03 3.999577e-05 4.254213e-03 2772.45 0.466425859247192 -0.04005261165537591 0.16374271428610454 0.547234056846311 3.0570045742528773 327.9627238644933,331.968327700598,335.97384732024756,339.9790061651039,343.98487490040833,347.99035150244214,351.99644016326727,356.0022267709089,360.0085676042476,364.0145301975997,368.0209925710726,372.0271168217495,376.0336563958928,380.0398605932081,384.0465811356325,388.0527900836643,392.0595253276779,396.0656886858129,400.0723782941717,404.0786233249965,408.0852214022603,412.09146905779295,416.09800951304845,420.10415123994807,424.11058504056837
8.319878e-02 2.374833e-06 8.315128e-02 2782.09 0.4654393791877959 -0.04017954144578002 0.16602862569706464 0.5469734775622784 3.0644109824572325 331.3143175366444,335.3120554803615,339.30943158202535,343.30748463728105,347.30494953101686,351.30328774553067,355.30122926052445,359.2996114466617,363.2976585822632,367.29629651035896,371.2944742872978,375.2932279369453,379.2914854220215,383.29023308965395,387.288585122242,391.28736261873803,395.28584227083104,399.28457929086414,403.28310594207716,407.28167496791116,411.2801553066937,415.27888196114304,419.277173168496,423.27563136737126
3.028723e-02 5.626545e-05 2.916192e-02 2772.78 0.4656356337640108 -0.04000686597373105 0.1645777730067506 0.5458881133258976 3.0853536879055583 332.060805984568,336.0674244042644,340.0737478015857,344.0808206581576,348.0875063403006,352.0947362014273,356.10159792390334,360.1090422155531,364.11616401290337,368.1236794587245,372.1309531347894,376.1386705667885,380.1460880998589,384.1537943543901,388.16133859718656,392.1690663208953,396.17655951692194,400.18435004356013,404.191932978307,408.19969881939085,412.20698619767614,416.2147255815507,420.22201476996975,424.2296209587682
3.816002e-02 5.891976e-05 3.698162e-02 2771.94 0.4608644201760718 -0.03984203092961038 0.16356051591647897 0.5470548164169596 3.0629737246480215 332.0744624166821,336.0813469112222,340.08805514847893,344.09516901429424,348.10197741646834,352.1095448094051,356.11661783164965,360.1242337541816,364.13161913870897,368.1394534872723,372.1467935090035,376.15475186203065,380.1623613932132,384.1703296862361,388.1779803811511,392.18585886455026,396.19350459903353,400.2015163853906,404.209183852167,408.21704696645685,412.2246879932953,416.23241523584994,420.2399953185562,424.24767284986575,428.2551998662388
1.039617e-02 1.238812e-05 1.014841e-02 2768.31 0.4674273458247096 -0.04028671133621374 0.16343142005346764 0.5456646895736723 3.070638636792608 327.15708033760035,331.15205543470887,335.147876139813,339.1432225693755,343.13919320636313,347.1348059064597,351.1310827038802,355.1270214378422,359.12341719097356,363.1195911410726,367.11616409122075,371.11245185511603,375.10927758267115,379.10556357449246,383.10240535449935,387.0988544832797,391.095575217638,395.0921695168431,399.08902117653855,403.0855279840641,407.0821590424987,411.0786894904823,415.07528343044163,419.0716940166793,423.06806838625386
7.606249e-02 5.201078e-05 7.502228e-02 2772.42 0.4582242343145405 -0.04004793994058049 0.1641962173726111 0.548586046393107 3.043852753849933 330.8418363385478,334.83396711776805,338.82574162052424,342.8180584935046,346.8099816063615,350.8025839014643,354.79497685980283,358.787682638051,362.7800575483322,366.7729842380643,370.7655707051357,374.75868100171107,378.75145112687477,382.7444077870246,386.7372105724461,390.7303420660286,394.72311468707113,398.71606756831864,402.7088893144629,406.70199905197626,410.6945474099746,414.6876032853703,418.68015941597065,422.6729817589396,426.66549795860783
7.326243e-02 8.841343e-06 7.308560e-02 2776.62 0.46642634613998957 -0.04011836825633837 0.16374668011176566 0.5492044423518374 3.071029299080808 327.689427861716,331.69177641574595,335.69391818579976,339.6957742723341,343.69830306609657,347.70031936914563,351.703181578301,355.70554988212535,359.7085776248619,363.7112021355643,367.7142798061487,371.71698046728284,375.72032522429686,379.7231748546517,383.7263253779997,387.72934827798076,391.73253659060293,395.7355729085141,399.73879634342256,403.7417563991075,407.74499174422,411.7479526690983,415.7510224591342,419.753839690089,423.7568783366329
1.875804e-01 1.384677e-04 1.848111e-01 2776.88 0.47088764003766337 -0.0400920331066738 0.1649578540549539 0.5452482175539101 3.068776860815794 328.4093669585738,332.4195822399474,336.43056451046016,340.441165978074,344.4524192868577,348.4633030662417,352.4747937427054,356.48602296237584,360.49772203982246,364.50914020217465,368.5210781405369,372.532582725795,376.5445425979519,380.55616310950785,384.56821570684446,388.57998829691667,392.59200607607835,396.60388772821517,400.6159957568436,404.627778442734,408.63971768525886,412.6514233365638,416.66334199144177,420.67512629163707
4.529598e-02 6.224068e-05 4.405117e-02 2778.11 0.46933073919502344 -0.04011799176618295 0.16660406630125935 0.5466396337248536 3.0608499265466276 328.0910191160731,332.0973435738716,336.1043683300105,340.1110582973991,344.1184169917139,348.1255000147008,352.13315865383925,356.1404450454818,360.14820716266667,364.1557402933178,368.1636991619912,372.1714662162372,376.1793891455541,380.1872604306934,384.19535415569794,388.20315726649847,392.21136590615964,396.2192783347709,400.2274295380682,404.2354338168815,408.2436034643214,412.25120963224083,416.259425416281,420.2670980425452,424.27555485445333
2.035258e-03 3.511687e-05 1.332921e-03 2777.83 0.47462204346862025 -0.04032735240300269 0.164233169419008 0.5464073660648112 3.07219964552735 327.93590573640245,331.9402607702497,335.9453876611632,339.9501282937575,343.9556203767781,347.9607520630626,351.966328632601,355.97165568019585,359.97744558665846,363.9830417250707,367.98906680203,371.99484934167043,376.00092843681637,380.0069126268265,384.0129996693241,388.0188966622288,392.0250423090106,396.0310364557676,400.03724138577684,404.04332976098175,408.0496261868401,412.0554874857191,416.0614611241333,420.067125135029
2.125677e-01 1.074805e-07 2.125655e-01 2769.42 0.46494791826837883 -0.04013020643063691 0.16428152591288617 0.5439852517153038 3.0475250595195 331.4610325062836,335.4604380615639,339.4596131515161,343.45935656265164,347.4587686433276,351.458794679012,355.458508826654,359.45874748518685,363.45867089221775,367.458989487732,371.45908848778714,375.4596154108808,379.4597275213156,383.4603209359896,387.4605803152171,391.46108175902714,395.46135309195796,399.46191860770887,403.4620337128825,407.4626607343969,411.46284085321236,415.46324315867685,419.4633925427289,423.46377051674153
5.219638e-02 1.955970e-04 4.828444e-02 2773.40 0.4658688847890194 -0.03988385088277812 0.16433105699946898 0.5456782921379484 3.069570447320185 328.5878093966882,332.6009685152361,336.614220334251,340.6271448785231,344.64059907269774,348.65372586679104,352.6674814247158,356.68089128018505,360.6948475505237,364.7084013708243,368.72248126250474,372.7363775333255,376.750590477114,380.76441717944965,384.77876961011236,388.7926949207445,392.8070702707726,396.82103411146534,400.83531450736746,404.8492918310548,408.86354343333346,412.877508224592,416.89155612568914,420.9054593746417,424.91945894168043
2.453781e-01 3.592991e-07 2.453709e-01 2779.94 0.47150084351449156 -0.040338056049640525 0.16560247343531095 0.5444440295304277 3.0582064717057578 327.4925357845045,331.4915499394917,335.4913863198274,339.49075844923493,343.4907830711513,347.490561813122,351.49092704838677,355.49087404825383,359.4913455583663,363.4915065295553,367.49218102364665,371.4924738328457,375.49331386343084,379.49375729446837,383.4946892789246,387.4951198352325,391.49602950245406,395.49667729183204,399.49750695305994,403.4980087830698,407.4988475227037,411.499433164679,415.50005213346117,419.50049603718
6.228259e-03 1.403794e-05 5.947500e-03 2768.64 0.46708114733788336 -0.04028320245345258 0.16444913834756913 0.5424955622381105 3.051476466574562 327.1357748343529,331.13078267159153,335.1261887788616,339.1213764154736,343.1171694145387,347.11261528146235,351.1086487291976,355.10430232353576,359.10059309942955,363.09641359983254,367.09267672147485,371.08881559980165,375.08523382756664,379.0813771862042,383.0779868308908,387.07424290074266,391.0708593085064,395.06708711890036,399.06373708185026,403.05999526443986,407.05648192511694,411.05275454867063,415.0491226428955,419.0453032924228,423.0414764541364
7.858172e-02 8.507037e-06 7.841158e-02 2773.27 0.46737916784540023 -0.040156798971499104 0.1649677032070011 0.5444972493656351 3.0626080096630677 327.68167437719944,331.683020526628,335.6850826046928,339.68687369572393,343.68920728300156,347.6913728528219,351.6940922764512,355.69637266986183,359.69920687742285,363.70176842372535,367.70479930072116,371.7075736492803,375.71054996852047,379.71349836643464,383.7167529185256,387.7196284535256,391.7227552988058,395.7257915283968,399.7289512384155,403.73177837303774,407.73503448323834,411.7378803814924,415.74089766439624,419.7437581213125,423.7466263926014
1.081621e-03 1.888938e-05 7.038331e-04 2771.72 0.461711172827314 -0.040110870028922094 0.16519195767860428 0.5472766882063501 3.0535663036686578 331.07931848780237,335.0741609428589,339.06871539524883,343.0638937248925,347.0587677659434,351.0541859611797,355.049292728184,359.0448688091898,363.0401850087212,367.03591576675643,371.0312939961135,375.0272133587768,379.0228144163345,383.01871530893254,387.01435347312923,391.0102751400187,395.00592936968945,399.00184367665815,402.99757753642456,406.99339110681495,410.9889610421729,414.9848272581061,418.98027184846467,422.9760069085128,426.9714920707351
3.262034e-02 5.737157e-05 3.147291e-02 2771.65 0.4683634814059671 -0.04009704905557705 0.16499614359971396 0.5433797630644986 3.075384709969387 328.06234972538016,332.06859776274564,336.07530791481867,340.08173881922625,344.0888995585813,348.09560507036554,352.10299297544043,356.10990580223324,360.1175186879725,364.12466623658145,368.1322738518855,372.13959215385324,376.14738059960285,380.1549729059067,384.16276311819803,388.17029990088827,392.17822283384584,396.18577536653675,400.1936666576203,404.20134059528056,408.2090896233468,412.2165965501755,416.22441020947485,420.231845181712,424.2394588278872
1.363915e-01 3.872444e-06 1.363140e-01 2781.37 0.46953047365668893 -0.04024266831430601 0.1649134377834482 0.5468613421841644 3.056790320025579 327.6080021807702,331.6083097538823,335.60934475753555,339.61023218398464,343.61159074047833,347.61280497800414,351.61442004107295,355.6159152605777,359.61776742992015,363.61950852318915,367.6214111232978,371.6232925096733,375.62539966630214,379.627277183202,383.62951251525664,387.6313905504214,391.633706678784,395.6355973667737,399.63791470173993,403.6399262723254,407.64215483132676,411.644093043749,415.64613501661086,419.64793823193156,423.6507966267855
7.692397e-02 1.798394e-04 7.332718e-02 2768.23 0.463931340717789 -0.039833700339795775 0.1650082294013931 0.5451153685370613 3.084222067922653 332.54833446833567,336.56108312241605,340.5734018116092,344.5862002738218,348.5987983876707,352.6120447616271,356.62477562410095,360.63816532928985,364.65121698623517,368.66472612240227,372.6778121400594,376.6914084922968,380.70472827190366,384.7183997245822,388.7318560032845,392.74551487994506,396.75887090368224,400.772562822631,404.78594397079087,408.7995955417623,412.8130235673109,416.82660523305594,420.839816676143,424.85327314524494
7.520027e-02 7.251674e-05 7.374994e-02 2768.33 0.46154814733202526 -0.03985114302193867 0.16536883668127492 0.5458296043963234 3.087254735105054 332.1418684810782,336.1496065983083,340.1569771814002,344.165054645658,348.17267444633467,352.18095354041424,356.18893343949316,360.19737412204137,364.20549314044996,368.2141694157454,372.2224711451169,376.23109982780124,380.23953396708146,384.2482958401642,388.256904859374,392.265583556551,396.27427957030216,400.28298965618734,404.29146720104364,408.30024645270134,412.3087189028452,416.3173015353666,420.3258015113144,424.3342230879357,428.34258400653493
1.958695e-02 2.302463e-04 1.498203e-02 2769.51 0.46556012857822904 -0.039854572884284165 0.16392676826973163 0.5433351346810705 3.09111273583172 332.6937721834557,336.70815997727055,340.7221180659109,344.7368326278954,348.7510880955667,352.7660136968276,356.78055071648004,360.7956795456429,364.81041436998083,368.82577800676285,372.84059520256096,376.856017476827,380.8709687131145,384.8864547517708,388.90176925301006,392.91715438275264,396.93224502399863,400.9478087805294,404.9629295259886,408.97839187598413,412.99342818026827,417.0088107962711,421.0237935401382,425.03904595513256
2.724379e-02 1.673222e-05 2.690914e-02 2779.01 0.4701533632814504 -0.04021895291891658 0.1643839889099111 0.54759319794871 3.0547705270483445 327.78346977591355,331.78591021124544,335.7892162861438,339.7921444164327,343.79581614464354,347.7989913353287,351.802880020133,355.8063734324462,359.81041133128616,363.81415995268776,367.8183352595443,371.8222296843093,375.82648716699174,379.8305996043034,383.83497705136216,387.83904367071517,391.84343258675995,395.8474284143896,399.85179300802093,403.8559792023972,407.8602625750054,411.86448489245123,415.8686297343727,419.87244528100746
1.421855e-01 3.383130e-06 1.421178e-01 2778.11 0.477652711629441 -0.04050701704077889 0.16462719472144127 0.5452313471480672 3.06960081841729 323.60295473963686,327.60362566634495,331.60398091206605,335.6049101348312,339.60557050919095,343.6069393433572,347.60795716157577,351.60949975164056,355.6108296075548,359.61259089631193,363.6139142982849,367.6159202048849,371.61751943339556,375.61958520800937,379.6214232277494,383.62358348943303,387.62530456305257,391.62747549399324,395.6294792601482,399.6316706734589,403.63351241448635,407.635489088557,411.63737440380777,415.639377821393
9.451888e-02 7.916330e-05 9.293562e-02 2773.77 0.4737077545519739 -0.04023919532085273 0.16318342684347673 0.5453504437356965 3.061578256802741 328.17727332979285,332.18451309220774,336.19266385438226,340.2002583942767,344.20862805299384,348.216660211416,352.22533177176365,356.2336060734945,360.2425065345322,364.25095290520915,368.26005683734877,372.26868141175873,376.27777417184797,380.28654808796813,384.2957295073552,388.3046534929653,392.313817854435,396.3227906086335,400.33196718495765,404.34086324059683,408.35002598482595,412.3587037182915,416.36796560886205,420.3767581396054
2.366442e-01 6.130666e-07 2.366320e-01 2768.20 0.4754838935206325 -0.040463185536327474 0.16299990107673956 0.542420698046878 3.0263657734654226 327.5086220207959,331.5076682011887,335.5076276462475,339.5071309872696,343.50724224081466,347.50709681231655,351.5076592750847,355.5077331777694,359.5084643387594,363.5087858204415,367.5096298424691,371.5101251117797,375.5110084276454,379.5116838213906,383.5128132764047,387.51349056474544,391.5144884107034,395.51522375888044,399.51627541749014,403.5169520844918,407.5179964814006,411.5186913464378,415.51976470036885,419.5205366981352
9.264911e-03 2.381419e-05 8.788628e-03 2773.97 0.4728508628108894 -0.040296175520098065 0.1649114493157559 0.5438322670381979 3.082453973333408 327.84484819691835,331.848178279753,335.85217888730836,339.85582704353334,343.86029806213327,347.8642374003331,351.86894924395114,355.87324357471977,359.8779349913255,363.8824424392387,367.88739095655427,371.89203204511495,375.89714939371186,379.9019091378089,383.9070696389935,387.9119990950768,391.91720263412236,395.921954705232,399.9272637438673,403.93202913135855,407.93722307989395,411.94215692576273,415.9472068994256,419.9519083066073
2.826715e-02 2.183307e-04 2.390054e-02 2777.96 0.4735411001347372 -0.04011488220674014 0.16301237706037514 0.5460782218115269 3.070549332536811 328.6590776754115,332.67226220089697,336.68620136321283,340.69977566966975,344.7140487936709,348.7279302393927,352.74241688752466,356.7565771781671,360.7713813057536,364.7857951127138,368.80073807020915,372.815361008001,376.830185709294,380.8448461073833,384.8599603239429,388.87470353973396,392.8897649863672,396.90457030112424,400.91976155545836,404.9344635454736,408.94950819272185,412.96421018984444,416.9792110117678,420.99383903098294
1.691920e-01 9.915034e-05 1.672090e-01 2767.61 0.46851075795646185 -0.04005242762235883 0.1642704781895843 0.5441627650107285 3.0650263318303543 328.2590055430525,332.26760870191373,336.27685189620394,340.2856060003415,344.29512428721483,348.3042375299409,352.3139872652533,356.3233781411457,360.3331782622471,364.342719392319,368.3528419897033,372.36263801956966,376.37272105296057,380.38263406234086,384.3929359717044,388.4028765012566,392.4131871874636,396.42319644900954,400.43339846761825,404.4433599527262,408.4535741767292,412.4634898437396,416.4735747340719,420.4833840423119,424.49341104656787
3.406510e-02 5.766265e-05 3.291185e-02 2778.11 0.47675043114088606 -0.04036159414754414 0.16469309940441482 0.5464882945636297 3.095134546550535 324.06745327106904,328.0739568263635,332.0801139757684,336.0867813384829,340.0933136495382,344.10023190927427,348.1069809401441,352.1143679163685,356.12135753228176,360.129013981867,364.13610732138903,368.14384325955905,372.1511935040041,376.1589351412257,380.1665152383873,384.1744362810322,388.18205858395316,392.19001460105886,396.19752906859696,400.20547955652967,404.21293836305136,408.2208753881908,412.22865536348945,416.2362898495896,420.24418542028917
7.479974e-02 1.828666e-04 7.114241e-02 2779.15 0.4760752841957342 -0.04022232224779642 0.16434891745497524 0.5438976023180111 3.066171656911452 324.5453739929302,328.55850420173556,332.5704115816992,336.5830689980987,340.5955408036964,344.6085200090306,348.6212137672961,352.6345116422079,356.64752155954824,360.6608582678376,364.6740333500969,368.68776183689084,372.70101009254194,376.7148534822277,380.7281933860917,384.7419458438945,388.7555232943604,392.7694021817989,396.7830412752821,400.79703579814895,404.81057681669387,408.824256369519,412.83778179468504,416.851482393859,420.86498030279853
1.554868e-01 2.837583e-06 1.554300e-01 2779.01 0.46772204013428653 -0.040186243591453695 0.164546748153262 0.5489502746742806 3.046778635473768 327.5856326119187,331.5859149567103,335.5867204423739,339.5872837651686,343.5884726756371,347.5892997912846,351.5907451032287,355.59188849213206,359.5934809537204,363.594816928308,367.59667406449165,371.5980578009705,375.60005133113015,379.60165303109744,383.60359104630817,387.60516034035163,391.6070653625451,395.6088258663746,399.6108174760108,403.61245276648987,407.61432282595126,411.6159606232837,415.61791269479863,419.6193536116445,423.62118838780987
1.954085e-01 4.212647e-04 1.869832e-01 2775.58 0.46951818845406956 -0.03987452980351303 0.16495793989188115 0.5449953202673227 3.105573321172301 329.1246870727828,333.1435793318222,337.16322182758705,341.1826117987208,345.20262058174274,349.2223102739853,353.2426852422486,357.2626452734215,361.2830183782175,365.3032504222913,369.32393442966804,373.34414924963477,377.3648827914698,381.3853036138486,385.4061532083776,389.42659437615083,393.4475126995949,397.4680005673047,401.48890496618907,405.50953822916637,409.5302334587944,413.55070167896173,417.57133481009026,421.5917507506348,425.6133212707732
1.067629e-01 1.482425e-06 1.067333e-01 2778.11 0.46799684578854994 -0.04025436988975685 0.16609101075350702 0.5488277886684311 3.0673538549871076 327.3498627956353,331.3472613134528,335.34524394425534,339.342886800133,343.3412925437967,347.3392057585579,351.33779692908513,355.3359825618992,359.3348472889667,363.3332846042182,367.33219964951155,371.3308633619806,375.32991586290177,379.3285966337172,383.32757525928696,387.3264018885622,391.3254635143516,395.3242584635917,399.3233352599865,403.3222008881109,407.32122776353316,411.31996274084645,415.3190626011366,419.3175772435052,423.31657062235894
2.304759e-01 1.971432e-07 2.304720e-01 2779.01 0.4710868685762496 -0.040325255420042 0.16451509898769767 0.546913132794224 3.063411474730526 327.47992473410363,331.4786747240085,335.478305766161,339.4774860591788,343.477430617755,347.4768460328412,351.4770886065561,355.4769302436913,359.47720088796785,363.47733880172643,367.47769796155285,371.4779540093365,375.4784943366122,379.4787215110379,383.4793839461779,387.4797547349923,391.4805238583593,395.4810263944938,399.4816085023404,403.4819707777758,407.48257506263747,411.48300048061526,415.4835460438271,419.48371415280957
7.308119e-02 9.012242e-06 7.290095e-02 2777.83 0.4774438273091183 -0.040481946735568514 0.1662909306201468 0.5424543988413891 3.0875438960454282 323.69198237758235,327.6937033037416,331.69512705330914,335.69724995692286,339.69903256580335,343.70145024875035,347.7036455703104,351.70648158294233,355.70870900871256,359.7116088400035,363.7141931918216,367.71738774900365,371.7201967355807,375.7234158934514,379.7262918824492,383.7294479135077,387.73248419644307,391.7357521727092,395.738792853879,399.74219182133174,403.7451924196735,407.7485046322597,411.7513561011339,415.75457045232554,419.7580344357795
3.432774e-02 2.124330e-04 3.007907e-02 2777.83 0.47541790160855174 -0.04018321815328385 0.16596406171037775 0.5429254378956325 3.080604449580581 328.63998270574405,332.65287219742106,336.66670754937655,340.6800137559686,344.6939963918269,348.70770684565014,352.72211208881237,356.73605437906104,360.75054684667987,364.76463787828175,368.77935182633917,372.79358813556763,376.80837810639747,380.82298030236194,384.83771999751633,388.85217878543835,392.8672673663358,396.88175625649166,400.8966190613275,404.9112373853256,408.9261709617408,412.9406731236828,416.95545696635384,420.97001737765976
1.040584e-01 8.228977e-05 1.024126e-01 2779.15 0.4733163616458762 -0.040225163468592895 0.16461338920742527 0.5449265474557937 3.084712137794468 328.1898035432098,332.19730287697826,336.2054908789663,340.2135075341221,344.2220439631749,348.23031207142196,352.23905391841447,356.24748224374355,360.25648178783223,364.2651297647571,368.2743786388995,372.28333077550036,376.29256322496826,380.3015088955471,384.31087561669773,388.3198382074619,392.3292325646028,396.33837842953363,400.3477803027505,404.3568501558917,408.36613818911076,412.37524641207233,416.38449559317917,420.39337419580255
4.626686e-02 3.266973e-04 3.973291e-02 2777.83 0.47934003130853253 -0.04023324708010582 0.16436380012289875 0.5442301954362657 3.088438140140548 324.9169375335931,328.9337115839059,332.9501626544046,336.9673779368406,340.9844815284126,345.0019290069529,349.01918764614214,353.03701630958915,357.0544597041284,361.0724223907515,365.09029090474036,369.1083084121191,373.1261893337693,377.14457021950346,381.16250769556285,385.18102003807496,389.1991163135072,393.2175267011614,397.23566739655786,401.2539949779578,405.27213406630193,409.2905930495885,413.3086372831037,417.3269905990293
1.513830e-01 9.491795e-05 1.494846e-01 2772.65 0.46806954641001824 -0.04004225539804829 0.16476051394036798 0.5448102666695832 3.075288107102954 328.24013059106034,332.2485145166774,336.25748936191115,340.26601402615603,344.27519599798836,348.2841890986203,352.29372468870844,356.302876027238,360.3126134575526,364.32192098336213,368.3317126298151,372.34131651589007,376.35127051294376,380.36082849446575,384.37075612631844,388.3804683726926,392.3905091258501,396.40035643127624,400.41038648003683,404.42009695443744,408.4301607833985,412.4398668872038,416.4497421255721,420.45936903341806,424.46934233935684
1.586156e-01 2.425695e-07 1.586107e-01 2768.62 0.46705758390653274 -0.040210205133272704 0.1619882787684947 0.5471407298798614 3.0703436364898815 327.40980137445246,331.40804078085023,335.4068257944978,339.40520998566575,343.40444100797953,347.40315479372515,351.4024733569913,355.4015100496158,359.4009544907348,363.40026568212204,367.3997868002829,371.3991267211617,375.39896708334464,379.3983558729865,383.39830514822916,387.39787535697076,391.39769444401554,395.3974350173266,399.3972750612087,403.3967919396565,407.39662520473274,411.3961321499051,415.3958305736104,419.3953267961939,423.3946575920947
8.898236e-03 1.368224e-05 8.624591e-03 2779.01 0.4725884594832891 -0.04045429663926097 0.16375955666981096 0.5476869743396335 3.0465043192234504 327.1495761322545,331.14442319454486,335.1399333940263,339.13508159842814,343.1308466918321,347.1263155892431,351.1224327664719,355.1180684399829,359.1144304941843,363.11041087370836,367.1068234485733,371.1029084983304,375.0993260470198,379.0955675069793,383.0921956767498,387.0884906219363,391.0851979569629,395.08146584611825,399.07807751213085,403.0743640738677,407.0710125677195,411.06727095232526,415.0637154981184,419.05983772264204
1.438694e-01 7.094247e-05 1.424506e-01 2778.44 0.4677944248953795 -0.040394403898536047 0.16404046781484813 0.5476561271182568 3.043738271823002 326.75842645325,330.748428228758,334.7393365562487,338.7297414505045,342.72084169695967,346.71164988351944,350.7030011738933,354.69396536786485,358.6854671510938,362.67679595015517,366.66849352510917,370.6598736023316,374.6517454807511,378.643068773755,382.6350214977764,386.62656022575084,390.6185126151682,394.6100572593393,398.6019338240914,402.5933874165352,406.58523595858236,410.5768039214688,414.5685797767249,418.5600158777977,422.55173532745823
1.696189e-01 2.399175e-06 1.695709e-01 2779.01 0.4692386458876643 -0.04024369404935558 0.16603799752737122 0.5462059271199097 3.069146383369395 327.570682993039,331.57058998769537,335.5713203260263,339.5716397870186,343.5726548305375,347.57331778845963,351.5745717971519,355.5755186462695,359.57697736165875,363.5781452088939,367.57977956172715,371.5810837861222,375.58288920095896,379.58435724071717,383.5861597905432,387.58757765198015,391.5893489698583,395.59088258348083,399.5928371833461,403.59429735227894,407.5960919265241,411.5975108097774,415.59929823756096,419.60073294588796,423.60255849859146
3.404117e-02 1.550849e-05 3.373100e-02 2773.05 0.4700610331316367 -0.04022520660700238 0.16477554269920625 0.5446959013552765 3.1024189647252225 327.76597713095754,331.768266045466,335.7713724131214,339.7741396402617,343.7776110784897,347.7807428468342,351.78440158841187,355.7876691270052,359.79153900290277,363.7951141837642,367.7991102584831,371.8029238240559,375.8070077407262,379.81088661749754,383.815144348784,387.8191009878841,391.8232908710724,395.8271851977342,399.8314052962836,403.83538246796957,407.8395029621219,411.84336321414884,415.8475694466346,419.85141349424464
1.427738e-02 2.121643e-05 1.385305e-02 2773.55 0.46586153618197534 -0.04007078777200907 0.16511781435724118 0.5464436479726706 3.0701555186698597 327.82031824014456,331.82377830491623,335.8276520398431,339.8310754548098,343.83522123318215,347.8389378058255,351.8432993096893,355.8473685480964,359.85190988683473,363.85619992310217,367.86095661999184,371.86518845242637,375.8700910107291,379.87458306413146,383.8795192389994,387.88417127443597,391.8890177283192,395.8937544962122,399.8986616347212,403.9032891022584,407.90808101476256,411.912580674453,415.9174314945835,419.9217954859643,423.92642989964094
6.270756e-03 1.445987e-05 5.981558e-03 2773.56 0.46989792509807526 -0.04037419133174377 0.16360707484363157 0.5451413277766816 3.0752339455759437 327.13511733446745,331.129662552212,335.1250114630119,339.1200394643443,343.11585385152273,347.1112277098433,351.10715897123674,355.10278663108113,359.098999991595,363.094789478052,367.09109237849816,371.0871273275344,375.0834759206385,379.07957129060094,383.0760845055024,387.0723098485119,391.0688036745032,395.0650543690434,399.0616119752079,403.05785090807024,407.05436533183087,411.05045912602924,415.0467481011773,419.04284667690564,423.039952294199
2.198148e-01 1.294229e-04 2.172264e-01 2777.83 0.4750415880611883 -0.04023588817058928 0.1656191875108389 0.543702934315454 3.1087009404424593 328.37829753564773,332.38812757148423,336.3987218954203,340.40886920061706,344.41969540386395,348.4302285176305,352.4413402216296,356.45210988558864,360.4634604968119,364.47443136470895,368.486006388941,372.49707244928464,376.5086450320103,380.51987529961275,384.5315659504106,388.5430327089404,392.55466471027313,396.566038000641,400.5777450339226,404.58908583210626,408.6006604584075,412.6120463580428,416.62358951302684,420.6349958543603
2.316942e-01 6.697755e-07 2.316808e-01 2773.55 0.47399343494279617 -0.04041355004771371 0.16405468959644634 0.5448371704603436 3.0676646916021415 327.51272528028403,331.51197236335673,335.51194621036393,339.5115213371307,343.51184661164694,347.51167608343167,351.51221290493004,355.5124996487643,359.51331403700993,363.5136209247694,367.51449621394073,371.5150477423994,375.51599360368556,379.5167442770471,383.51778880251806,387.51863555952247,391.51984799241217,395.520570886517,399.5216830098354,403.52236733917124,407.52341775031607,411.5241483458018,415.52509464256894,419.525883040477
1.807020e-01 1.027013e-04 1.786480e-01 2777.83 0.4842451525877762 -0.04054299269053608 0.1623533927400082 0.5444735145161758 3.073139984589227 324.2785737004704,328.28747910187536,332.29592862577033,336.3052412698636,340.3143213802691,344.32375770974323,348.33295709365177,352.34287534045706,356.35243094013776,360.3625250867697,364.37221047407695,368.3824359998908,372.3923187965631,376.40280523341204,380.41279617578243,384.42316934203456,388.4333106768428,392.44378719553566,396.45403544018455,400.46453347323126,404.4746521824633,408.484982062669,412.495355792835,416.50586998638926
1.228060e-01 8.715239e-05 1.210630e-01 2772.65 0.46935463565069757 -0.0400909685711149 0.16318409192963815 0.5466907868308989 3.0914865959452684 328.2080480549971,332.2157790170418,336.22420630944833,340.23236971568616,344.2411962084993,348.24964709161986,352.25873331033245,356.267418980264,360.2767620318288,364.28575565651903,368.29520945976117,372.30414255771905,376.31377534841334,380.3229650907851,384.33247540673415,388.34188870111836,392.35142429187704,396.3607557726678,400.37035351076656,404.37969168157287,408.3893888976716,412.398667452693,416.4081025674452,420.4172407681452,424.42727803836254
9.549009e-02 6.528560e-06 9.535952e-02 2778.11 0.4755669533698218 -0.0404246920048897 0.16472106055660835 0.547370693623572 3.0682053695843905 327.6601657744641,331.6611490069379,335.66286580414004,339.66424980899785,343.6661733756226,347.66773766563347,351.6701149374344,355.67205191122497,359.6746411792182,363.67681394655864,367.6793231112842,371.6816872306122,375.684380048378,379.6869637838017,383.6896054847371,387.69231979498466,391.6951556225543,395.6975903370243,399.70050970503416,403.7030165236513,407.70586779398246,411.7083593936579,415.7110874024803,419.71367288950387
2.396356e-01 5.437845e-07 2.396247e-01 2779.01 0.4709810317939328 -0.040316052606267166 0.16558273591960934 0.5456675034898903 3.044731248562899 327.50566073266555,331.5049678021865,335.5047135191171,339.50424164132085,343.5044867119076,347.5043091363116,351.5048054223212,355.5049366576061,359.5056424208459,363.50594268076156,367.506638351627,371.507219973429,375.508171087896,379.50871045591333,383.50962510938604,387.51042926636325,391.5113542134901,395.5121023689864,399.5130557786861,403.5139168084654,407.5148662991173,411.515412222356,415.51638797671853,419.51686240378245
1.327790e-01 6.844112e-05 1.314101e-01 2772.39 0.4676378609330848 -0.04038571225796729 0.1631134731031813 0.5477924223477293 3.0422584042357634 326.7710180670074,330.76126836415136,334.75233881945775,338.7428778705037,342.7341504493243,346.72502120066133,350.7164907472964,354.70766144848335,358.6993314872315,362.6906957942525,366.6826014894682,370.6740394013748,374.66610242616696,378.6576794946503,382.64977391302057,386.6413763505202,390.63359754005927,394.6253443218099,398.6173501842725,402.609047450939,406.6009634807914,410.59266783511356,414.5844725940034,418.57615882895226,422.5679365486439
4.792675e-02 5.293940e-06 4.782087e-02 2779.01 0.4694976785646452 -0.04032821679957653 0.16536155739954642 0.5467303424082137 3.059108536538648 327.25863556425116,331.25479246167157,335.2516152011771,339.2481662775165,343.2453331831209,347.24212855662984,351.2395929126887,355.2366825658951,359.2344671964144,363.2317096840167,367.22956067065655,371.22702136962477,375.2249380937111,379.2225659093818,383.2205174318869,387.2181292085744,391.2161630591817,395.21379913371646,399.2118956737702,403.2096762987555,407.20757943191126,411.20517870798716,415.20300564017634,419.2006471565187,423.19891551516946
1.794485e-01 1.020982e-04 1.774066e-01 2780.35 0.46967931777907634 -0.0400824463988218 0.1638726267800135 0.5476766529487554 3.0598863948128288 328.2760035002547,332.2844802569992,336.2937910725987,340.30274435265653,344.31237362772555,348.32168746181594,352.33150636075806,356.34106088283926,360.3512218099205,364.36102128087475,368.3711807053219,372.38104594976033,376.3913012678118,380.4013045246791,384.41177004534995,388.4218484369825,392.43220040369386,396.4423676837299,400.45275625508344,404.46289794930755,408.47320277871285,412.483290549975,416.4935639249805,420.50346081839166,424.51454663902257
2.221973e-01 1.293806e-04 2.196097e-01 2773.93 0.47733091062243527 -0.04030765282705965 0.16400067796620757 0.543232009395699 3.092165428977271 324.3702332051078,328.3803685695111,332.3901836827304,336.40069397923287,340.4108498631108,344.4217325248263,348.43227588044573,352.44343433177704,356.4540687267751,360.46539463645433,364.4763893389068,368.48782790643315,372.4990494833812,376.5106202691503,380.52196053637607,384.5335306180086,388.5448494820633,392.55647968105,396.56802890186606,400.5797097333664,404.5911261724851,408.60278090358605,412.61411046424666,416.6256153653075,420.6375882847507
1.337286e-02 2.126075e-05 1.294765e-02 2775.32 0.4748584160995919 -0.04036212606381777 0.16308616367100812 0.5452845962538202 3.052168202788807 327.82759006217185,331.8305595731445,335.83443509793057,339.8377930533882,343.8419089099586,347.84573298943747,351.8500242246734,355.8540214113291,359.8585912700308,363.8627842090803,367.86750622028904,371.87199059028904,375.876777238086,379.881265945115,383.8861015663856,387.8907433288485,391.8956550276863,395.9003165857292,399.9052461604909,403.9098752751411,407.914762917977,411.9193270431301,415.9240493947164,419.9285159433446
1.917556e-01 1.049915e-04 1.896557e-01 2778.11 0.47335925603054024 -0.040200157302661396 0.1651086912196448 0.5466975026715266 3.083307222655584 328.28835102051,332.2970629616562,336.30660696808246,340.3156154065452,344.32533171090427,348.334763767246,352.3446720256828,356.3543168083557,360.3645378469604,364.3743488534819,368.38482688436704,372.3947766887299,376.40537974973506,380.415464194629,384.4259241415918,388.4361349223967,392.44672903418433,396.4569859092177,400.4676267163246,404.4778179914857,408.48839485047796,412.49851751119087,416.50889254380655,420.51913427494685
5.500190e-02 4.788914e-05 5.404412e-02 2778.44 0.4678955684220821 -0.04036746873051095 0.163950389547725 0.547740087045696 3.0504456394237103 326.88090442474856,330.8726042467088,334.86489812680423,338.85684421682623,342.8493405471563,346.8416427965019,350.8344668014571,354.8269348952324,358.8200494071213,362.81279118364506,366.80594775252916,370.7989645041952,374.79227330632045,378.7852516725511,382.77849431216663,386.7715367433571,390.76491857174716,394.7580652407855,398.7513272128034,402.7444549739485,406.73775635108035,410.73085340945266,414.7241049378506,418.7170500414848,422.7103543161905
7.030562e-03 1.438168e-05 6.742929e-03 2779.01 0.4705794373356568 -0.04039160359466585 0.16446671468761181 0.5480549994410923 3.062570565808637 327.1397449805368,331.1345026455532,335.1298938154989,339.1250817631069,343.12071541731444,347.11614526363684,351.11200833931576,355.10767047304967,359.10383460699296,363.0997047013159,367.0959498385755,371.0920255789143,375.0885524294095,379.0846299176572,383.08114456497304,387.0772395375709,391.07375052592505,395.07003159827275,399.0665474391186,403.06271587520774,407.05921470125475,411.05547328079894,415.0518021844036,419.04793185808586
1.790610e-01 1.014583e-04 1.770318e-01 2773.97 0.4690937772941828 -0.040066964872912864 0.16402073768773093 0.5472390253615155 3.095536030114645 328.26960387288966,332.2780899399547,336.2872996117774,340.296279982579,344.30579735213036,348.3149566330691,352.32481322036625,356.3343075447229,360.34426082971345,364.35402487185644,368.36422696018457,372.3741936238932,376.3843660425227,380.39428417192,384.40478199803596,388.41472181733144,392.42503675864475,396.43509824383665,400.4454891908335,404.4555457912503,408.465951889961,412.47594768130483,416.4861784410701,420.49616148932466,424.50643230675115
2.353231e-02 2.254409e-04 1.902349e-02 2777.32 0.4737477367686975 -0.04011997247024826 0.16503951358177033 0.5438514834955553 3.0753833587132884 328.67660277316827,332.6899314913017,336.70429419014647,340.7180831974485,344.7324302381298,348.7466913925438,352.7614709002857,356.7758631487664,360.7908316639397,364.805514101266,368.82053858961154,372.8354149260292,376.8505189338831,380.86555417777674,384.88084036600213,388.89575794292466,392.9111651593995,396.9261883112477,400.9414939840153,404.9565574452857,408.9716979967859,412.98664379076433,417.0019760869384,421.0168854209104
8.311557e-02 2.851380e-06 8.305854e-02 2777.83 0.47650818580055165 -0.04054196013182343 0.16387714528943972 0.5454426015014328 3.0675323634938794 323.31910769316664,327.3168071721931,331.31353706815554,335.31114114363953,339.3082777494734,343.3062056818209,347.3036151227361,351.3016792262501,355.2994151599949,359.2977148042402,363.29580516119916,367.2941574211037,371.2923053279886,375.29091997212,379.28911835959144,383.2877049734717,387.28605190070874,391.28483875297,395.2832803397795,399.28186998814925,403.28024554692047,407.27889250152293,411.2772120818315,415.2756555945406,419.2741181987987
5.302275e-03 1.518367e-05 4.998601e-03 2775.46 0.47199719887691305 -0.04044341874553426 0.16358815909900695 0.5448210754659863 3.053822788785077 327.12929892384716,331.1239530433642,335.11920797817214,339.1142470377096,343.1098146041592,347.1050203367983,351.10102917718433,355.0964330740239,359.09246658219337,363.0881739476369,367.0844061437191,371.0804011591566,375.076722117663,379.07277050244016,383.06910756465095,387.0651903495866,391.06157846973093,395.0577008698024,399.0541250463884,403.0501854400108,407.04665740798794,411.04270305488336,415.0390309527483,419.034988145412
8.171326e-02 7.492009e-05 8.021486e-02 2777.83 0.4757090555330489 -0.0403062052212778 0.16419995529466405 0.546342550239644 3.0687868424569036 324.1534536793991,328.16156812012076,332.1686639878158,336.17641470695867,340.1839218824572,344.19206505777277,348.199932453402,352.208330837971,356.21640986168717,360.2250341451916,364.23332424690193,368.2420363375827,372.2504883977616,376.25942481296306,380.2680892337639,384.2770117448647,388.2857161832566,392.29460520005483,396.30328643527923,400.3122657179731,404.320977011454,408.32995791937907,412.33857056504195,416.34744530392345,420.35604581450644
3.365544e-02 7.437173e-06 3.350670e-02 2779.01 0.4717182757215449 -0.040407421025898636 0.16393795739478845 0.5475493331166924 3.053038215931693 327.22723917952504,331.22299327128917,335.2195901288218,339.2156353837811,343.212463293888,347.2089085044083,351.2059833302322,355.20262428392897,359.19990246759943,363.19674827396614,367.19412377987794,371.1911538919414,375.18876441579886,379.18596233742306,383.1835371197391,387.1807436782696,391.1783613605829,395.17567693146395,399.1732767313344,403.1704268127731,407.1680153801335,411.16521847386434,415.1627383653015,419.15997734280614
4.029402e-02 3.168920e-04 3.395618e-02 2777.83 0.47721913000120175 -0.04017322686578144 0.16448114629471808 0.5439483278968403 3.0736597078991728 324.8905433134198,328.90713347738694,332.9233402482599,336.940290420773,340.95685482843345,344.9741502447904,348.9910859875889,353.00875187981734,357.0258787760694,361.04354119921777,365.06097241717674,369.0788195828104,373.0964590252443,377.1145111545763,381.1321657539639,385.15032957217784,389.16804478471556,393.1861022636862,397.20400467939845,401.22212454880946,405.24002732510877,409.2579918983116,413.27576593763513,417.293750103306,421.3121827538531
2.181042e-01 1.206949e-07 2.181018e-01 2774.02 0.4713704318736076 -0.04033873118441272 0.16358404414902425 0.5457020903029242 3.06530231732077 327.46857919050524,331.4672745776684,335.4667882272703,339.4658844908762,343.46563068488865,347.46508393987347,351.46504186632166,355.46474459881733,359.4649512848852,363.4649237501064,367.4652093390317,371.4651884843468,375.46573952620093,379.4658462939449,383.46645800340946,387.4666789273479,391.46721805406395,395.4676708376622,399.46820335283644,403.46838382377774,407.4688381305637,411.4691296257986,415.4695529896176,419.46967245822
2.177284e-01 1.111693e-04 2.155050e-01 2781.24 0.47156196841097453 -0.040134237505221784 0.16330461859611184 0.5481194536420306 3.06425706680417 328.3126541808785,332.32172674032455,336.33146310425195,340.3408802834559,344.3509247885413,348.3606217811603,352.3709543294399,356.38093153122185,360.391398509731,364.4015882619348,368.41220497998546,372.4225377204553,376.43328458115565,380.44385525209594,384.4546731326406,388.4651778231903,392.4759407255975,396.4865090960386,400.4973212008065,404.50773683913553,408.51862252249924,412.5291956125814,416.5398742577714,420.5504007639295
1.399816e-03 1.993692e-05 1.001077e-03 2772.16 0.4763737686414534 -0.04059572338887044 0.1622126063787007 0.5440254437162626 3.0568314023105008 323.09199913485617,327.08709576160686,331.08102448143046,335.07575339887416,339.07019058553595,343.06524524517323,347.0599834999849,351.0552455855946,355.0501717885046,359.0456308523483,363.0409073992906,367.0364715845246,371.03193728898555,375.02774968842243,379.02308937804287,383.0189417637897,387.01457776447904,391.01037634237053,395.00605247434737,399.0018956569388,402.9975009210756,406.9933384834432,410.98880197627875,414.98459687665905,418.9801202856908
2.695170e-02 8.225735e-06 2.678719e-02 2773.92 0.4689888189227477 -0.040325170873099364 0.16395067754546427 0.5454267880245594 3.0754625028401534 327.2113273678124,331.20705679210784,335.20349348786993,339.19939575523847,343.1960811630778,347.1923666413599,351.1893020127983,355.1858495867069,359.18288093239283,363.17966323369336,367.17686806341004,371.1738734091026,375.1712848437989,379.1682911630459,383.1658021338714,387.1628984699738,391.16037247211744,395.1575003953826,399.1549081346293,403.1519805378936,407.1494864242062,411.14650492811745,415.143908228931,419.1408692759964,423.1380862016267
2.827188e-02 1.644748e-05 2.794293e-02 2773.97 0.47443840793059333 -0.04036051270001369 0.16337565652133165 0.5455622628881882 3.0682057142674233 327.7810732202458,331.7834382550306,335.78672844239725,339.7894616109345,343.7931633256389,347.7963562955901,351.80008273859806,355.8035581273003,359.80750082691026,363.8111192124494,367.8152937410247,371.8191644184195,375.8234530161538,379.82735685497744,383.83178467761263,387.8358242352272,391.8400671308999,395.8441230089181,399.84855285044796,403.8525452696377,407.85689557316294,411.86103129732146,415.8652330282943,419.86905284722604
1.409133e-01 3.651693e-06 1.408403e-01 2773.70 0.4741857657932298 -0.04039857294242486 0.16411194716119415 0.5435772166430055 3.0643171564833662 327.602912678777,331.603219513841,335.60421900099516,339.6048683194912,343.6062949866717,347.60736348182803,351.60895373733746,355.61037595424887,359.6121413599631,363.6136154708674,367.61560994177654,371.6172813494603,375.6193546951209,379.62123807688107,383.6234392423837,387.62523915616885,391.627609797913,395.62947436849646,399.631594564949,403.63343884452684,407.635680516305,411.63762041527053,415.63957937688525,419.64149107700587
1.863730e-03 2.370502e-05 1.389630e-03 2773.97 0.47014416364943556 -0.040401545546195176 0.16436613380130977 0.5462011765403044 3.059176848260122 327.0498059228953,331.043352850336,335.0376504747122,339.0316399006673,343.0264513471716,347.0206664275483,351.015620429896,355.0101181349223,359.00530903299966,362.9999892852977,366.995263475656,370.9901655733828,374.9854684514674,378.98053823767236,382.97599516188023,386.9712312627539,390.9666692424257,394.96181267758885,398.9572541613542,402.9523912425613,406.94775057973885,410.9427307687153,414.9380938802652,418.93310068707683
9.504417e-02 1.395203e-04 9.225376e-02 2778.23 0.4663523361816351 -0.04041592383258314 0.16460769749335027 0.5476397523074766 3.0518129921882626 326.4793069266294,330.4669782667975,334.4542459304594,338.4414368837328,342.42906958829036,346.4164751894433,350.40444555183086,354.39209281414554,358.3802434203764,362.36812459528954,366.35642867418755,370.3444061796808,374.3328890375807,378.3210080828353,382.30943101844565,386.2977058616775,390.286174694396,394.2743301148793,398.2628922926261,402.2510056430208,406.2394041595554,410.22763171128406,414.2159067883797,418.203923123592,422.1922010749059
1.531989e-03 2.032737e-05 1.125442e-03 2777.83 0.47822890437767035 -0.04065137182354354 0.16264922389574613 0.5469171519225345 3.0575386706088077 323.09423272460657,327.0886883650859,331.0826608580472,335.07743455157544,339.0717699494059,343.06662997556015,347.06142166262725,351.0567257471024,355.05162778060793,359.047136623906,363.04235095379187,367.037922562873,371.03322998041506,375.02897933449793,379.0244243961533,383.02024937042063,387.01583261557124,391.0115863644812,395.0072027648788,399.003047051904,402.9985113230751,406.99429272107085,410.98982579717415,414.98553127780076
2.175305e-01 1.302309e-04 2.149259e-01 2773.14 0.4710405916857251 -0.04010482425572188 0.1635482156936137 0.5449805964288212 3.0882657935390574 328.38020986583876,332.3900817442852,336.4006161728885,340.41086601628535,344.4217848082302,348.4323859189852,352.4435885067315,356.45426739721205,360.46578667754767,364.4767496859236,368.48834130154717,372.49944557822397,376.51106208172945,380.522387616412,384.534070769006,388.545444374321,392.55734844860604,396.5686761369293,400.58037574495546,404.59183151958644,408.60350379969,412.61481718696524,416.62639970851683,420.6377170208164
2.019086e-01 1.085156e-04 1.997383e-01 2777.62 0.4782601966537443 -0.04035176814585169 0.16313108424239095 0.5449878182464752 3.059076960103228 324.2980681087721,328.3075261125478,332.3162807501368,336.3259037483776,340.3351267372741,344.3451225957598,348.3546808988194,352.36481915923093,356.37467898658707,360.3851485156802,364.3952229295006,368.40574179682915,372.4158483307967,376.42648112861724,380.4369420330372,384.447690630926,388.45804203515155,392.4688269161683,396.47920237538153,400.49004351345855,404.50051727295255,408.5114776015597,412.5216862990918,416.53226274559074
1.433223e-01 7.451556e-05 1.418320e-01 2777.83 0.47785343066431635 -0.04072682115381805 0.16449502986363826 0.5448260017023281 3.0546153472224855 322.7579569207852,326.7483947251182,330.73801632800155,334.72860898254055,338.7188476266785,342.70972444237606,346.700312004635,350.69148378796484,354.6822766150126,358.67342683730885,362.6645164593616,366.656158874825,370.64735858878885,374.6390007724677,378.6301775478465,382.62184127917345,386.6132610252597,390.6049200409332,394.5964658414903,398.588284449539,402.5794986238019,406.57118975912704,410.5626021401912,414.5542323042307
4.817329e-02 1.257550e-05 4.792178e-02 2773.97 0.46939161018495823 -0.04020870904733774 0.16460295239320868 0.5463260727844932 3.0791308218941813 327.73410263234115,331.7359774229614,335.738663048513,339.74108696819314,343.7440361149735,347.7466886890175,351.75003554492565,355.7529085867584,359.7564352211084,363.7596783091653,367.76324739332654,371.7664965707816,375.7702751839359,379.7737027297806,383.7774794508338,387.7810076646015,391.7847440633021,395.7882505494364,399.79217895705864,403.7957114646554,407.79958630204004,411.80294201125156,415.80660818692303,419.8100429392837,423.8142450613016
8.486559e-02 5.969253e-05 8.367174e-02 2778.11 0.47892009041664885 -0.040741771850035045 0.1646978518844495 0.5447145735409157 3.0553019230673604 322.8323980233973,326.8234755485845,330.8142098346116,334.8057148388978,338.79684447797496,342.7885925807284,346.7800352759726,350.7720649178726,354.76384470621826,358.75606435443075,362.7479463068215,366.74026357836664,370.7325344403147,374.7249671227456,378.71716048572944,382.7097463927432,386.7020928962096,390.694699548885,394.6871002482168,398.67970431157835,402.6719730194679,406.66453038871174,410.6568393438179,414.64942258452857
2.222987e-03 3.601372e-05 1.502712e-03 2772.65 0.4710544780592188 -0.04021180156545823 0.16309592839068018 0.5459101036570817 3.0618266081563994 327.9386358049486,331.94314901777284,335.94832226232506,339.95316393092924,343.95861095153435,347.9637569541084,351.969555956765,355.97503704170805,359.98087719745956,363.9866013392965,367.99261439914835,371.99845998800805,376.0046836951175,380.0105663218587,384.01685678775016,388.02285615820807,392.02919776117665,396.03525917163154,400.0415213870749,404.0475056421049,408.0537865955497,412.0596074630867,416.06584126276283,420.07172739670665
2.457832e-03 1.864316e-05 2.084968e-03 2772.31 0.4784107962232165 -0.040655384834768375 0.16241045952946395 0.544667643741643 3.040419429253391 323.10795359106766,327.1025842395596,331.09672767860854,335.09172103610916,339.0861431229014,343.08124106933445,347.07612692916706,351.0715794157953,355.06676393459657,359.0623579072657,363.0577980091597,367.0535879217075,371.0490577315626,375.0449518870595,379.04061249588887,383.0366127324275,387.0323899516998,391.02838229896446,395.0240249805656,399.02009859146864,403.01579670514064,407.01193038230787,411.00758216285783,415.0035638191503
4.411756e-02 1.749192e-04 4.061918e-02 2774.61 0.4797518318023508 -0.04088205457975114 0.1614208962516123 0.5430790424668049 3.030345002952824 322.3869435796103,326.3722912789321,330.3575422490574,334.3434787575594,338.32910469787026,342.31534444888314,346.30126823111334,350.2878046925235,354.27396662387366,358.26088190545244,362.24715902831656,366.23406358347296,370.22050120651306,374.2076544553646,378.1943792219888,382.1814521731801,386.1682426320603,390.1554174542837,394.1421528687801,398.1292841933365,402.11611392145403,406.1032486534287,410.09009015673905,414.07707989882925
7.731532e-03 1.382177e-05 7.455097e-03 2773.55 0.468843433410071 -0.040332793835789256 0.16300229818818918 0.5482825108215605 3.051418070326849 327.1449392504034,331.139846431996,335.13532817102725,339.1305320396762,343.12645955369993,347.12183734819047,351.11787467458277,355.1135644114016,359.1099019625897,363.1058331580045,367.1021538846509,371.0982474375058,375.09479382922393,379.0909594601979,383.0875983293097,387.0839575294613,391.08054381314633,395.0768594357497,399.0733999143095,403.0697759070225,407.0662219961551,411.06239551799257,415.0588696184511,419.05501504352316,423.05137531582204
1.584701e-02 3.366805e-05 1.517365e-02 2773.45 0.46602449858970185 -0.04028059564037759 0.16267440171587175 0.5494631836827281 3.0544743094970204 326.9738515350346,330.96691114102526,334.9604474803191,338.9535287601976,342.9471823876512,346.9406401000471,350.9345281106125,354.92818175766166,358.92229146530934,362.91616663557267,366.9105095916489,370.9046047849021,374.89897614914906,378.8930994590198,382.8875688701964,386.88182116364527,390.876094766745,394.8706506333895,398.8652128274711,402.85932234138085,406.85381445085494,410.847926438919,414.8423164137678,418.8362260057754,422.83050134173806
2.831469e-03 1.875201e-05 2.456428e-03 2777.83 0.48223439426045217 -0.040771823601355665 0.16198237301962248 0.5460557022060716 3.022607471270831 323.11274880999366,327.10727399443664,331.1013411459903,335.09608284646663,339.0905888875008,343.0859222999916,347.08083435639355,351.0761837391467,355.07128890096624,359.0668121767565,363.0621985018298,367.05803269023636,371.0535780559349,375.0494197599635,379.04501978524564,383.04109227800114,387.03676605396896,391.03281441168315,395.02850890305257,399.0246156120925,403.02035662219805,407.0164129366279,411.0120352038044,415.0077913993005
1.457278e-01 7.170054e-05 1.442938e-01 2766.33 0.4701453767912944 -0.04047890224685833 0.16255772715826264 0.5430466652021158 3.0561279389644085 326.7514543840099,330.7413081114061,334.73203587661635,338.72243162184236,342.7135728223757,346.70426750794724,350.69558763401693,354.6864709384455,358.6779410168368,362.66912855830344,366.66068623736004,370.6520502921166,374.64378865342593,378.6352654232844,382.6270966350035,386.61852799162966,390.61051460131887,394.60198733951205,398.5939022283646,402.5853150030673,406.57710938623705,410.5686384280293,414.56043063465347,418.5517682555041
1.628188e-02 2.012998e-05 1.587928e-02 2778.14 0.4664630561951812 -0.04008983803339481 0.16403453796259593 0.5486116533195753 3.071934212654183 327.813023219656,331.8168802600678,335.82042462344015,339.823765544634,343.82781607428524,347.8314908088313,351.8357116764882,355.83967361337164,359.84416681531525,363.8482656250183,367.85282572009316,371.85717539037176,375.86195504256216,379.8663252207704,383.8711110732609,387.87545454330285,391.8802869011015,395.8847666904329,399.88956122146976,403.89396671447287,407.8988425405221,411.9032833566264,415.9079091977897,419.9122194116115,423.9166773179362
3.277208e-02 1.851204e-04 2.906967e-02 2772.31 0.47827627877406914 -0.0408407524562886 0.16224480675528655 0.5449552152499225 3.025713306421179 322.35709024603426,326.34252374105057,330.32743395315975,334.313070310581,338.29826311368504,342.2841946087425,346.26973189694525,350.2559044736627,354.24168846625673,358.22807888309376,362.21416047087314,366.20074129438115,370.1869170616819,374.1735253109048,378.1598703352973,382.1466832851447,386.13307624013464,390.11977955599,394.1061756448987,398.09292399600633,402.07934264412364,406.0660957816755,410.0524856124582,414.0390891577538
1.846895e-01 1.704765e-06 1.846554e-01 2778.22 0.4795330550566427 -0.04057964252041966 0.16533531765055504 0.5442916501089464 3.0959459370118627 323.55852846014295,327.5584025019279,331.55805916811653,335.5585785682584,339.5587273476572,343.55950500215187,347.5598615343837,351.5608190623535,355.5615135388028,359.5626896846494,363.56367063496793,367.5651072756865,371.5661565863157,375.567531089044,379.5688134320607,383.5704273595894,387.5718072711265,391.5733770435749,395.574715973052,399.5762893294584,403.57763429891787,407.579205878275,411.58052991665534,415.58204242649464
1.325033e-02 1.213986e-05 1.300754e-02 2778.01 0.4764943154173358 -0.040580838396788374 0.16339061338037267 0.5436526000466337 3.0688551900502197 323.1708017226934,327.1666240152903,331.1616106539015,335.15738404828153,339.1528126163254,343.14881011247763,347.1444858031645,351.1407071816689,355.1366904204466,359.1331486553466,363.1293124624676,367.12597091297545,371.12230710526336,375.1190267801883,379.1155549546572,383.1122924753619,387.10877183168105,391.105739320963,395.1023536801808,399.0993027593218,403.0957896630081,407.09252696289326,411.0890142613693,415.08589447108744,419.0822864724038
4.374956e-02 6.036565e-06 4.362883e-02 2772.65 0.47131262009598185 -0.040389478860512106 0.1625013611908312 0.5466714622270118 3.0548491313346813 327.2492244626162,331.2452974081203,335.24205213342367,339.23847010423975,343.2354467690667,347.2322130490331,351.22952743291296,355.226581019082,359.22407576825134,363.2212293365325,367.2189328532694,371.21624201197824,375.21393161332315,379.211513909724,383.20934539380016,387.2068587487026,391.20486994589527,395.2022667112514,399.2002494999674,403.19781666855704,407.19564078622346,411.1930656352326,415.1907696842238,419.1881660992769
1.821656e-03 3.427489e-05 1.136158e-03 2773.61 0.4764967727677707 -0.04039547708542685 0.1660537126579614 0.5408938675198401 3.0782959717632137 323.9216884101692,327.92667595914435,331.93101979691465,335.93603329204166,339.94074444315174,343.94601279040586,347.951018111926,351.9565897420742,355.96176848669757,359.9676219829358,363.97304963822734,367.9790235958001,371.9847196372955,375.9907938402171,379.9965402228339,384.0026205373394,388.00858199258187,392.01475465922863,396.020521139825,400.0268334788481,404.0325985452178,408.03885391952014,412.0445197242791,416.05085663981424,420.0566037275343
2.270230e-02 9.326054e-06 2.251578e-02 2773.55 0.4737285902761843 -0.04048306658394878 0.16413277989693947 0.5448673635148318 3.071100319678756 327.19881271931683,331.19437531178056,335.19042684836023,339.18618070704076,343.1826397307259,347.1787471128637,351.1753618922311,355.1717835847261,359.16874593563136,363.1652470787954,367.1623055461509,371.15915217098205,375.1561863968224,379.15302778052705,383.1503029135495,387.1471820554392,391.144461552381,395.14153891473086,399.1388051417623,403.13578173551343,407.1329629323586,411.12985031927764,415.12701587000595,419.12389981068407
1.575421e-01 1.490439e-04 1.545612e-01 2772.31 0.4781784925394444 -0.04031469017629959 0.16264004739005677 0.54434378641989 3.076106643300011 324.44137064823195,328.452605637812,332.4632236885622,336.4746981048592,340.485664955335,344.49739792029766,348.50869010359,352.52067601387085,356.5323229005656,360.54457629497057,364.55637475692174,368.5686766152039,372.5806646864396,376.59306099654816,380.6052767835023,384.6178250576424,388.62998238534936,392.6425440699471,396.65474246187443,400.6673216697999,404.6795768684557,408.69219471949185,412.7044149889322,416.71677929838967
2.357522e-01 5.760890e-07 2.357407e-01 2773.77 0.4749330541900507 -0.04044361129479575 0.16293281647118435 0.5451219017827704 3.061894995806385 327.50942174297626,331.5085624664487,335.5084564359183,339.50808713473754,343.5081752648933,347.50812421501666,351.5085716378014,355.50876521480177,359.5093368028403,363.5096893896046,367.5105720116229,371.5110533083732,375.5121102736228,379.51272484519023,383.5136189214382,387.51439357317554,391.51548335555896,395.51609100700074,399.51714259176794,403.5179837447479,407.5189661375816,411.51961182267587,415.52053001979357,419.5210089098978
3.269530e-02 5.744478e-05 3.154640e-02 2773.77 0.47272865771779693 -0.04023518755902032 0.16389961552997184 0.5447706253737674 3.0539157977203844 328.0681023091075,332.0740724571088,336.08090239828636,340.0871455617058,344.09431800315105,348.1010156202131,352.1084023534129,356.11535538973317,360.1229686268256,364.12999493758724,368.1376764632523,372.14504200165715,376.15279916847294,380.16043070357955,384.16820890372446,388.1758567429503,392.1836981446069,396.1913149632293,400.19915694611745,404.2066863104531,408.2144731097781,412.22202069246447,416.22983257545275,420.2373994790054
2.221905e-01 8.782126e-05 2.204341e-01 2772.65 0.47006690730269574 -0.04048850953054855 0.1627933226593604 0.5468569110016844 3.024488254362426 326.681183049203,330.67013666265586,334.65999939772183,338.64936616887803,342.6395556238901,346.62936308824476,350.6197607473304,354.60985792233487,358.60040640610214,362.5906224545873,366.581373529493,370.5716978464545,374.56258456908387,378.5530981805921,382.54390452507914,386.53460917446665,390.52555226505575,394.5161879221788,398.50712321770203,402.4976904620315,406.488463350778,410.4789931334005,414.46990715369964,418.4603216512094,422.451672667043
3.637030e-03 2.785723e-05 3.079885e-03 2777.83 0.47823251267540734 -0.040455141714221966 0.16323956283481958 0.5453071299028687 3.0707153672925296 323.8822132888176,327.8863680060948,331.89013680441684,335.8946786914257,339.89886010659575,343.9034747476669,347.9079083810788,351.9128553533759,355.91772171010183,359.922952263551,363.9278052333175,367.9332235644673,371.938191797392,375.94374115333306,379.9490539253876,383.95462258277354,387.9599053414831,391.96548634351547,395.97075473045516,399.97639769020674,403.98162754777235,407.9872708929052,411.99256961459605,415.99816948104933
1.027432e-01 1.911139e-06 1.027050e-01 2776.97 0.478572118035197 -0.040600959203395744 0.1632925102443228 0.5442059463422317 3.043593289017549 323.3462887380221,327.3439883545565,331.3410208138132,335.33884376679345,339.33641229895335,343.3344350032049,347.33219809450327,351.33065070442456,355.328634037541,359.32737003596645,363.32568726212423,367.3243388562613,371.3228403570383,375.3216583481154,379.32026711864773,383.31935989313365,387.3179840540725,391.3168525490821,395.31566454714124,399.3146682745993,403.3133500951076,407.31228554000523,411.31100941616637,415.30990568910954
3.230362e-03 3.791882e-05 2.471986e-03 2775.01 0.4723589036827425 -0.0402511836804793 0.1634482096820479 0.544735700237222 3.045573829441999 327.9525148836742,331.9572003050662,335.9624610588333,339.9673717406012,343.97303311326004,347.9783459481559,351.9841743627682,355.9897601123099,359.99582495924466,364.00175282712695,368.0079747154105,372.0138960951024,376.0203077410107,380.0263086848903,384.03271313022776,388.0388835171203,392.0453258190921,396.05153161087094,400.0581146217513,404.06426788093364,408.07066749846973,412.076697307171,416.08305935852053,420.08903283061153
2.024742e-02 2.529825e-04 1.518777e-02 2773.97 0.47164086116274495 -0.040672798184735064 0.16335646214252963 0.5472189337087174 3.029708000905058 326.14905433978845,330.1315633254414,334.114910012266,338.09783568258916,342.0815632729609,346.06477478028,350.0486937161664,354.03218243578425,358.0162563438017,361.9999422371294,365.9841207757918,369.96805009191144,373.9524118082108,377.9364624158174,381.92085653907213,385.9048554153942,389.8893481496691,393.87343824095393,397.8578922257828,401.84197129677796,405.8261497865623,409.81023825857847,413.7945354063008,417.77848744326656
4.788023e-02 4.672155e-05 4.694580e-02 2775.22 0.4749308443914248 -0.040597573669586814 0.1630717781423492 0.5442636167672649 3.0373704915293334 326.8911755274484,330.882814058145,334.875270836995,338.8672224681927,342.8598693090559,346.85225809438833,350.8450436099049,354.83764503173416,358.83082249011306,362.8235029394602,366.81687482559545,370.8098932419325,374.80325432582777,378.7963395923038,382.7898111299114,386.78293474408173,390.7764695693847,394.7696403508403,398.7631331699082,402.7562712546774,406.749674095958,410.74298370886083,414.73623327820627,418.7291245371386
2.257775e-01 1.622536e-07 2.257743e-01 2769.76 0.4648234051540495 -0.04011730047576742 0.1627961046170115 0.5479520080735875 3.0203376577806518 331.47371374905185,335.47328682110594,339.4724370526495,343.47237272115893,347.47189342604116,351.4719576046149,355.4717514514851,359.4721196975299,363.47215895648515,367.4726242736367,371.4727336890674,375.47328266213117,379.47371853244493,383.47427456958616,387.4746652615765,391.4752916874784,395.47570063601984,399.4763145675305,403.476549117608,407.47715474685015,411.4774511134652,415.4779197809294,419.47815057809373,423.47844249661483
1.743186e-01 1.116716e-04 1.720852e-01 2773.96 0.46332591984988336 -0.04028715536878347 0.16462475073699293 0.5490421847569679 3.0254449313047496 330.56812011239447,334.5567378798659,338.544973892145,342.5340059485776,346.5226785383144,350.5119656966977,354.50067884626844,358.49007461535336,362.4791989826599,366.4687615031463,370.4579086285513,374.44759603439417,378.4370454419153,382.4267417388129,386.4160144393146,390.4057494950827,394.39532144661257,398.38495840846156,402.37442174123925,406.36408129106627,410.3533833193876,414.3429469824139,418.3321965026261,422.32161154575647
1.032939e-01 1.679009e-04 9.993593e-02 2772.31 0.47495066916799106 -0.04019904951037902 0.16416954338008277 0.5436044273369344 3.0623350501946107 328.50922879910746,332.5205291997586,336.5327744224685,340.5444461454236,344.5568929435151,348.5690487300297,352.58166419356934,356.593995363249,360.6069595629481,364.6195851507834,368.6325403802675,372.6453559641702,376.6585515733304,380.67129812526264,384.6844502108841,388.6974821710026,392.7108109244166,396.72373367862934,400.7370437351222,404.74998180976445,408.7632715387692,412.7761710966267,416.7892474863644,420.8022016534767
8.427642e-02 2.499886e-06 8.422642e-02 2768.44 0.47311067191087874 -0.04043474586580569 0.16190184799494306 0.5436208030780671 3.0803859936749034 327.3184055090322,331.31516350101055,335.3128501564843,339.31008495631676,343.3079491507111,347.30557191137524,351.3037935750585,355.301601586285,359.29999213961827,363.29801211334023,367.29656372868646,371.29474088560335,375.29352220247284,379.29188338756893,383.2905455809445,387.2889569664996,391.2876755539383,395.2860605082816,399.2848203845529,403.28324464437065,407.2819638794643,411.28032966545334,415.27903784005207,419.2773963263577
1.434724e-02 2.709949e-04 8.927348e-03 2775.14 0.4728554852820471 -0.04006101044260844 0.1630863604078045 0.5452347164088615 3.077621457661129 328.79465722074553,332.8095756160083,336.8252236705359,340.8405220826092,344.85649853905613,348.8720525074777,352.88833365610964,356.90421825711167,360.9205358661426,364.9365925250665,368.95309885710043,372.9693789603033,376.9860196255304,381.00240238781464,385.019162176107,389.0354839909793,393.05237219541874,397.0687640409921,401.0855643696276,405.1020366159023,409.1187282532121,413.13516154971904,417.1519427196241,421.16827340258186
7.005682e-02 9.300822e-06 6.987080e-02 2772.65 0.4739301725540266 -0.04036525326163618 0.16269439852035375 0.5448458223122228 3.056886807447284 327.6976011986274,331.69912648877124,335.7012853853254,339.7031088943844,343.7055392988291,347.7078195524616,351.7105215171092,355.71300326031957,359.71597748876945,363.7186652340509,367.7218498188772,371.72461996933185,375.7278314848276,379.73075674542207,383.73414062112204,387.7371614360089,391.7405133456373,395.74358465736464,399.7469570724062,403.74995133932725,407.75327395314474,411.756257463888,415.7595086402486,419.76250220751695
5.673359e-02 6.663577e-05 5.540087e-02 2777.83 0.47736607559236627 -0.04036908511800487 0.16332314665089065 0.5461681553170861 3.0743888086142848 324.11367087386856,328.1206830928934,332.1271682578007,336.13456639922845,340.14144283414385,344.14914167050534,348.15650833044134,352.1643791252974,356.1718682319213,360.1799707228491,364.18776800894153,368.19604924734716,372.20400873935625,376.21243289546027,380.2204878412231,384.2289316356895,388.237000638332,392.2454103051669,396.2536532931774,400.2622619919635,404.2704428491353,408.2787264084593,412.2868784363359,416.29519764982905,420.3039948723557
1.300505e-02 2.155573e-05 1.257393e-02 2774.02 0.47370443863100165 -0.04032456824288899 0.16243969980683257 0.54625454529754 3.072438326006193 327.8289157202783,331.8320007912034,335.83576474168757,339.83922719006347,343.84343720211945,347.8471285874612,351.8514841804525,355.8555054876898,359.860245441638,363.86451428735575,367.8692327028967,371.87352273691954,375.878414165582,379.8829258480755,383.88787581154213,387.8924311889038,391.89740245837805,395.9021228486165,399.90700822984064,403.9117107758459,407.91661328720915,411.9211587866503,415.9260400771737,419.9305726872452
2.851032e-03 3.676697e-05 2.115693e-03 2779.01 0.47430099347524723 -0.040311399695156264 0.16332494477252715 0.5473628837861676 3.038334990258805 327.94903871400606,331.9535181206226,335.95884795939617,339.96367768068336,343.9692258104466,347.97442660676205,351.9803232045246,355.9858309256895,359.9917879721594,363.9975500049408,368.003608563596,372.0094169978667,376.01584124891053,380.02184979623513,384.0282632316813,388.0342594050081,392.0406181163131,396.046649211625,400.0529260472323,404.0590208946696,408.0653475338385,412.07140637886835,416.077611754342,420.08352334728204
7.097577e-02 3.396903e-06 7.090783e-02 2773.97 0.47176187254633056 -0.040393906767652143 0.1643405737590211 0.5454059507961186 3.064356875500928 327.2980193487101,331.2947358721083,335.29200942228937,339.28906504674603,343.2867832856655,347.2841810457211,351.2819847038393,355.27956618676603,359.2776623431198,363.2754302075653,367.2737908901937,371.2717306259207,375.27003582864114,379.26822067569105,383.2666497326128,387.26486577566806,391.2632580788254,395.2614244583389,399.25996638974635,403.25815425339675,407.2565505461228,411.2547933015171,415.2530628532683,419.2511156512993
2.316631e-03 3.009356e-05 1.714760e-03 2777.32 0.47633954031300335 -0.04039275757778151 0.16383553157625969 0.5441567712206639 3.066557778175843 323.89570368334483,327.9005800165942,331.90449342243994,335.9092049589423,339.9134996156171,343.91854781772327,347.9231245162406,351.9283667462369,355.9331775537061,359.93867458440286,363.94379855284495,367.9493883087501,371.95472599876007,375.9604085893829,379.96582376070927,383.9714620956701,387.9770989677029,391.98295867112773,395.98842498960386,399.9942412598304,403.99981882226837,408.0054911718954,412.0109469392616,416.01667286718873,420.0221643976846
1.186083e-02 2.188749e-05 1.142308e-02 2781.24 0.47318206360373344 -0.040304626729897375 0.16346387557337322 0.5469498513345141 3.042407243865852 327.8336740317659,331.8367772371886,335.84061632730254,339.844246956141,343.8484487049645,347.85220964748675,351.85672039441056,355.86076088094455,359.86528081719365,363.8695957797362,367.8744359248441,371.878871220674,375.88392704617587,379.8884265301143,383.89336649633253,387.8980487182359,391.9029160909037,395.90759155736833,399.9125832439756,403.91733007853003,407.92211683898904,411.9269400183638,415.9317355609377,419.93629586762887
1.662963e-01 2.512133e-06 1.662460e-01 2773.97 0.47171670745193334 -0.04032475741400267 0.16455068050109461 0.5448183802530927 3.075128050725946 327.574979149032,331.57503578002644,335.5757675157088,339.576182658407,343.5771471538348,347.57806227331866,351.57930621691037,355.58016916026145,359.58171790859905,363.58297643332077,367.5845698694642,371.58600369960664,375.58778346366466,379.58927294203045,383.5911171195061,387.5926788539522,391.59455525019337,395.5961783515665,399.5979581312144,403.59944624194014,407.60140742329065,411.6029074141556,415.6047396619902,419.6060719677397
7.120802e-02 7.200139e-05 6.976799e-02 2776.60 0.47147230222591946 -0.040175593304036014 0.16296158546103956 0.5452112858392384 3.0454821106944228 328.14203586066134,332.1489815545015,336.15672288305393,340.16405604346915,344.1719815016588,348.1796748667115,352.18767183982,356.1958191301892,360.20419957648215,364.2122891905695,368.22087734592,372.22912906064806,376.2379177874307,380.24626328583474,384.2551538148555,388.26359457646225,392.27237764263134,396.28088405120036,400.2895890202655,404.29811434764304,408.30687377320186,412.3152536477464,416.32387972303667,420.3323240257101
2.816605e-02 1.631107e-05 2.783983e-02 2773.97 0.47349455597906853 -0.04032810991992384 0.16288548460310798 0.546544150708319 3.047574278281346 327.7813296371944,331.7838677315623,335.787094284574,339.79005587028956,343.7934826072402,347.7967063666512,351.8004490680797,355.8038641398135,359.8078415930715,363.8115401990029,367.81580154490337,371.8195246816159,375.8238312701249,379.8277646919765,383.83209204741934,387.83599564758816,391.8403196973292,395.8444085579943,399.84874240029035,403.85294135167703,407.8572119448652,411.86123178106817,415.86532149249507,419.86922728492937
1.346497e-01 9.124548e-05 1.328248e-01 2775.14 0.4806065893323756 -0.04044442963904813 0.1632553716371426 0.5428901428391946 3.0556634503355617 324.2284103238998,328.2367703628173,332.24465294611343,336.2534350171544,340.261803816788,344.2709519893474,348.2796048428102,352.2888525039794,356.2978145697316,360.3073105311606,364.31642324382057,368.3262216787939,372.3355487866302,376.34530846561347,380.3546934093268,384.3646655431326,388.37420046799235,392.38406087273654,396.3937488555348,400.40364406687286,404.4131769886497,408.42301136788143,412.4326108694055,416.4425130901302
1.268845e-01 8.662251e-07 1.268672e-01 2772.03 0.47026100984564806 -0.04032376426769779 0.16313121818901866 0.546795975994948 3.0414337064567065 327.3745954189722,331.3720973354943,335.3703758067135,339.36835926500856,343.36703002323316,347.3652719157418,351.36419625762096,355.36262336773615,359.36167399649406,363.360394377779,367.35956730606193,371.35846106052725,375.3578237309062,379.35689799787986,383.35637121324794,387.3553701927094,391.35472864134624,395.35384246709515,399.3532280120793,403.3523692718198,407.35161780581603,411.3506724619356,415.3499278918147,419.34902896213543
1.488524e-01 3.263458e-06 1.487872e-01 2773.97 0.4697374119991211 -0.04025415231107021 0.16465645313907054 0.5460933102128204 3.0604235362323076 327.59366737733916,331.593893389415,335.59482746639276,339.5955296919572,343.5967675375566,347.5977203753167,351.59927038647214,355.6006447541911,359.6024348762938,363.6037406595867,367.6056829360781,371.6073185501567,375.6092186462543,379.6109342266544,383.61298985336737,387.614728887665,391.6169062887116,395.61867110579993,399.6208561798818,403.6226600738997,407.6247600525583,411.62643723833384,415.6283300765133,419.6300464942908,423.632796868388
5.221433e-02 1.146844e-05 5.198496e-02 2773.97 0.47461468452385713 -0.04037677881624291 0.16284343447073615 0.5462898733062984 3.0330902574724767 327.7289524506179,331.7308453768936,335.7333833547028,339.7356160110977,343.73848451368633,347.7409756628468,351.7442401018136,355.74705744666676,359.75027283841524,363.7533366955229,367.756728078753,371.759978222851,375.7635659041174,379.7669863059489,383.7705198017685,387.7738094604022,391.7775229853106,395.7808878561812,399.78463635737086,403.78804536128894,407.7918404963846,411.7951628268211,415.7986932877535,419.8016814356871
2.443804e-02 5.337186e-05 2.337060e-02 2774.29 0.4742247038745222 -0.040288464147567496 0.16338757615731841 0.5443318485859397 3.0533501435668096 328.0469298912596,332.0526433088263,336.0591240397522,340.0652428441292,344.0720022470933,348.07850053860443,352.08549379434226,356.0922746040994,360.0994816319317,364.1064223587521,368.11372878489044,372.1208106840986,376.1283288720916,380.1357092738286,384.143222420186,388.1504855661641,392.1581602323227,396.16545383916986,400.17299816893455,404.1803301537479,408.18799325657255,412.1951327511513,416.20267630565456,420.209857507635
2.025367e-01 1.060533e-04 2.004157e-01 2767.11 0.4673298498501372 -0.0404170250758899 0.1620138960064803 0.5472390714370493 3.028909752057214 326.6046576410374,330.59303545069,334.58199220496687,338.5705757266599,342.55988389519143,346.548755397825,350.53831963906885,354.5274172605612,358.5170802331667,362.5064178670539,366.4962299358006,370.48580615981064,374.47558854764645,378.465350615723,382.45527820403277,386.44496327684465,390.4351178393457,394.42478747961474,398.4148914926421,402.4044781966084,406.3944551617123,410.38408201073355,414.37402043005943,418.3635108191831,422.353144672271
2.352088e-01 2.498837e-07 2.352038e-01 2768.10 0.46986367543782537 -0.04028276697903993 0.16239413568963704 0.546898267732046 3.0264005904650144 327.48389507254757,331.4826190268234,335.48221217464805,339.48147720343115,343.48144744140524,347.48106850727936,351.4812833493365,355.48114019943694,359.4815985280283,363.4816136125421,367.4820923747038,371.4823589091732,375.48298623197354,379.4832480089709,383.4839874361544,387.4843979046286,391.4852428357894,395.48566719244934,399.4863810179371,403.4867718853726,407.48749616827996,411.48772010013624,415.4884127415496,419.4886429076701,423.4899019240828
8.991185e-02 7.774743e-05 8.835690e-02 2773.97 0.47349556956421746 -0.040234141718191625 0.1638018189217146 0.545392571154171 3.0603104836185913 328.17056625874454,332.17790361529944,336.1859965983869,340.1934632856662,344.20183651666093,348.20978997837415,352.21833621591946,356.22648347923916,360.2353151843935,364.2437400165891,368.2527475371963,372.2613496473763,376.2703602256961,380.2790600395136,384.2881377013795,388.2968867956493,392.3060865634803,396.31484841521103,400.3241134942655,404.3329524380157,408.34195768313845,412.3507130031514,416.35968214503737,420.3684386605183
1.076883e-01 1.657241e-04 1.043738e-01 2779.99 0.47745290590378914 -0.04027564100468658 0.16238924265720134 0.5461346621950479 3.062852463041941 324.496670681838,328.5084796399093,332.5197116274526,336.531709775148,340.5434381554774,344.55579906100024,348.56789682093995,352.580607294269,356.59289494457454,360.6055676195047,364.6180744363651,368.6310773673461,372.64381378428516,376.65698036655607,380.66975447775286,384.6828697838122,388.6956665835285,392.7088627775423,396.7219118534561,400.7350812214781,404.7480485397155,408.7611328054281,412.7739002946963,416.7870696117689,420.79999284198374
1.968498e-01 1.055224e-04 1.947393e-01 2772.62 0.46990577051792964 -0.040090160699117035 0.16427863242079813 0.5447136909245353 3.0582001891546233 328.28707204480776,332.29565655629915,336.30515684465723,340.31417079477114,344.32399599672345,348.33343596693754,352.3435530263923,356.35319821569675,360.36352831158274,364.37337700505395,368.3837214015525,372.3937579597145,376.4042950804565,380.41444568863943,384.42500459302073,388.43532987338716,392.4459225523656,396.4561747102418,400.4667296282839,404.47694611557375,408.48744355200546,412.4976953659702,416.5080855571393,420.51827622279734,424.52869990531445
1.347372e-01 6.705368e-07 1.347238e-01 2772.65 0.47229054311005825 -0.04038934424165895 0.16324648135994055 0.5448409698502978 3.0368813164818573 327.3837603632253,331.38156176399826,335.379928917524,339.377926389754,343.37669199407816,347.37495686437,351.3739405651323,355.3724932399879,359.37179359343725,363.3706191248132,367.3700549606489,371.3690338967046,375.3684152502126,379.36744247087404,383.36705986446407,387.36615495999735,391.3657151833969,395.36499218022453,399.364605927363,403.36368445841396,407.36323364927637,411.36239455158477,415.3618071858678,419.3608222087643
8.249774e-03 2.389550e-05 7.771864e-03 2779.01 0.47608010268878925 -0.04039528400752563 0.1638731899075344 0.5455105183673941 3.066914844800673 323.8478357832638,327.85239474559154,331.85576933434413,335.85986844952413,339.86348863303755,343.8679560675676,347.8720275065428,351.87670038876576,355.88098121423246,359.8857462929229,363.8902257185753,367.8952161379904,371.8999764681681,375.9051201199377,379.9099471337601,383.91511508111745,387.9199353476241,391.925179218797,395.93010828869956,399.9354343507874,403.9403861374954,407.94550555122163,411.9503989589959,415.9553685607833,419.9602779497657
1.496783e-01 9.418625e-05 1.477946e-01 2779.01 0.47513739400519006 -0.04026701964666586 0.16349056805586623 0.5464010001011899 3.0652309448916357 328.24519386863534,332.2533737574964,336.26227608010964,340.27080672536135,344.27996881784463,348.28888471672445,352.2981726526524,356.3073549193222,360.3170248865903,364.3263026636523,368.3361338533796,372.3455772938628,376.3555716023157,380.36507990341113,384.37504730964696,388.3847787387525,392.394838486765,396.40486041161597,400.41447420365915,404.4241734539577,408.4342743119263,412.4438677064474,416.4538065423943,420.46339814293015
1.134384e-01 1.626226e-04 1.101859e-01 2779.94 0.4752500557308425 -0.040208166117462724 0.16294382619680398 0.5468703962621929 3.059277928129814 328.49567464024125,332.506987308385,336.51883498927475,340.5303358248229,344.5426353392847,348.55448830108975,352.56703386373886,356.57922286123153,360.59186410486734,364.60426623621277,368.6171333930796,372.62958594944,376.6425584377986,380.65512461979483,384.6682401560083,388.68094072374595,392.69408882077187,396.706809043242,400.7199102271045,404.73258086676947,408.7454334687698,412.75828737196764,416.7712408853441,420.7840629784927
1.413047e-01 1.540180e-04 1.382243e-01 2777.27 0.4769229286125683 -0.040273164616018396 0.16427443469003186 0.5431539099043998 3.070389580022896 324.45371880513255,328.46492221291834,332.47574849008646,336.48735208622406,340.4985288151342,344.5103211867547,348.5218873709951,352.5341019943025,356.5458849257171,360.5583141778261,364.5701494622017,368.58270235261034,372.5948868679275,376.6074738099675,380.6197651980002,384.63254064196957,388.64486056846613,392.6576642470483,396.6700449164156,400.6827609967619,404.6951828632466,408.70788936480926,412.7203248534069,416.7328949892329,420.745927290826
1.386043e-02 4.722710e-05 1.291589e-02 2780.57 0.4721747606106137 -0.04022872317969999 0.1641149453876263 0.5463219381249028 3.0447451734432285 328.0126881759007,332.0181466542965,336.02413290326706,340.0297693436271,344.0361610450185,348.0422120227924,352.0487857046249,356.055128518298,360.06190856957613,364.06845746284733,368.0754285193541,372.0821511819311,376.0892475531117,380.0959652913969,384.10310366724315,388.10992766601737,392.1171249351793,396.1240006610301,400.1313520274484,404.1381646270766,408.1453381900968,412.1520288910895,416.15911412177013,420.16577423727927
8.313376e-02 7.829807e-06 8.297716e-02 2781.37 0.4708362716129351 -0.040268115248829915 0.16423006215095326 0.5471938015637287 3.0614555040262994 327.6771447793803,331.6784080606538,335.68033635204637,339.68202687012877,343.6842754316279,347.68612637091195,351.6887556642692,355.69097638732177,359.6937580886335,363.6961804683954,367.6991545310067,371.70166158014405,375.70470028911865,379.7074201763852,383.71036916388596,387.713193941649,391.71630563586126,395.71910806239055,399.7222352310155,403.7251123611656,407.72812510798263,411.7308571919874,415.7337873041694,419.7363692841301
1.124916e-02 2.219216e-05 1.080532e-02 2778.75 0.4740558773304772 -0.040332578553059606 0.16292062994154646 0.546880384226084 3.0512710382487422 327.83636948398936,331.8395120403725,335.84339121863917,339.84694127276856,343.850998788396,347.85491614190414,351.8594113450364,355.8635816063539,359.86830684676823,363.8726065535862,367.87731924011587,371.8817558266947,375.886661592721,379.89136310543626,383.8963750525555,387.90110069719566,391.9062431451321,395.9108367961327,399.91583370008516,403.9205013240712,407.9254334993063,411.9301970611282,415.93508588210085,419.9395779789697
6.269377e-02 4.110499e-06 6.261156e-02 2773.97 0.470908088629199 -0.04036639682758583 0.16332261255681665 0.5474470529254688 3.0472364311969997 327.2845718121005,331.2812134626621,335.27830416058123,339.27499421198377,343.27256924415514,347.26966223250855,351.26740311184375,355.26483581062746,359.26276654521433,363.260450322976,367.2585580328152,371.25645557283855,375.25456178889135,379.2523830471879,383.2505990969818,387.2486126296931,391.24688516668124,395.24485333408074,399.2431050384577,403.24121740540465,407.23942958104936,411.2373749542383,415.23551674279094,419.23345907347493
1.700171e-03 3.213998e-05 1.057371e-03 2778.82 0.4779748870156814 -0.04043816380947986 0.16286700455482733 0.5457292538695677 3.0592616685076583 323.91403632195323,327.91864251560094,331.92269388371506,335.9276692907074,339.93226194171166,343.9373441698238,347.9422398271136,351.9475459395788,355.9526271412021,359.9582354104784,363.9636264919189,367.9694129596331,371.9748412492126,375.98078326136084,379.98630639906423,383.9922825411651,387.9980656452032,392.00403976085795,396.00971271792434,400.01571359469784,404.0214278629948,408.0273270340174,412.0330941452896,416.03900565473714
1.417646e-01 9.244402e-05 1.399157e-01 2779.15 0.4759768177165158 -0.04029698752494972 0.16367225626613546 0.5449166505680525 3.0690410781417956 324.22983443521775,328.23904835789057,332.24710409087277,336.2558898281546,340.26433774662894,344.2733684827161,348.2823392588679,352.29165307712964,356.30073493739803,360.3102543623546,364.3194417169864,368.3292381760644,372.33857358796286,376.3485246353226,380.35803917064686,384.3679541752173,388.3774638290892,392.38749603607215,396.3970924859731,400.40709631659826,404.41682268375416,408.4267215330642,412.4363336644846,416.4461207251649,420.45561520589723
1.717473e-01 1.441710e-04 1.688638e-01 2777.83 0.477615584370546 -0.04029974180415972 0.16443098626668687 0.5446211273532565 3.0586948315823483 324.4261251535349,328.43702299049977,332.4474895569269,336.45867380698536,340.46954601798177,344.48104416526667,348.49226227079714,352.50402791733757,356.5153903457285,360.52741470335434,364.5390038183788,368.5511566868716,372.5629733006704,376.575157123936,380.58710724563355,384.5994363652201,388.6114883886417,392.62385567698436,396.63594941812136,400.6482828079258,404.6603779269886,408.67263847965,412.6845972901232,416.69690928701584
1.040983e-01 8.205660e-05 1.024572e-01 2773.10 0.47532521999148675 -0.04028905232898433 0.16400648238657953 0.5441863917133608 3.0677187794792546 328.1901671731855,332.1977616766114,336.20589463881174,340.2138247762327,344.22225899817363,348.23052293492236,352.2393593050464,356.24773920808116,360.2568020750605,364.26541545472253,368.27461677138626,372.28335345527836,376.292654496845,380.30149560197606,384.31096356670434,388.3200308476607,392.32940169796933,396.3383779421961,400.34777080937045,404.35678018248797,408.3660894609579,412.3751579659078,416.38442849581963,420.3935175703817
2.568492e-02 5.392402e-05 2.460644e-02 2780.57 0.4729440670369151 -0.040244563778769525 0.16346762736346993 0.5469048685206855 3.0655732561472946 328.05043465556565,332.0561527229632,336.0626520885786,340.0687681999336,344.0756836430089,348.0822873176941,352.0892269811202,356.09605512167326,360.10338707802657,364.11023509743137,368.11768164588284,372.1249049023387,376.1323463350638,380.13963289734164,384.1473729621393,388.1546185264941,392.16221353407735,396.16957040849195,400.1772049985128,404.18458846089266,408.19221015679636,412.1994798927471,416.2070070780249,420.2142750643703
2.459436e-01 3.096485e-07 2.459375e-01 2777.83 0.47956891240838495 -0.040594460255675924 0.16371709759457423 0.5449277689571572 3.056248308974928 323.4955834488215,327.4946899816389,331.4936298196327,335.4932775624329,339.49259275169976,343.4926453978065,347.4921151824575,351.49240249371286,355.4923021480161,359.492706662506,363.49300320505387,367.4934622596506,371.493761920191,375.49440629250216,379.49481798075004,383.4956415498411,387.49619309793644,391.4969943978347,395.49750072021556,399.4983200357559,403.49878787714897,407.49963083882733,411.50014990280243,415.50082974762194
2.355772e-02 1.772313e-05 2.320326e-02 2779.99 0.4735325353043322 -0.0403271380812332 0.16345748981619848 0.5465545962855717 3.0638410531462075 327.79383131530346,331.79642465806575,335.79987093712805,339.8029098323112,343.80650082067245,347.8100301654616,351.81381860772916,355.81741939104415,359.82171021826747,363.8254193301451,367.82980703770585,371.83373971659734,375.83818653197056,379.84232323056733,383.8466804973046,387.8508542252602,391.8554123367814,395.85964646453994,399.8642084750076,403.86846290540353,407.8728700805067,411.87700613545485,415.88142978016293,419.88554731995407
7.975958e-02 8.167083e-06 7.959624e-02 2776.01 0.472137956522728 -0.04030995064390489 0.1643437549355287 0.5455487696514539 3.0455344760610785 327.6821797280162,331.68358650273143,335.6856357325502,339.6873928528506,343.6896199497511,347.6916838795638,351.69417224220797,355.6964756965073,359.69932926380136,363.70179744149544,367.70478892874536,371.7074219194753,375.71042177462203,379.71322741721315,383.7163620475282,387.71913328288997,391.7223268844893,395.7252685559527,399.7283536854533,403.7312844727299,407.7344820251804,411.7372092085979,415.74016639674863,419.74288706477256
5.763701e-02 6.780826e-05 5.628085e-02 2777.83 0.4771975168741501 -0.040364243625642705 0.1645228891743986 0.5441938704491062 3.0651993472485075 324.11958794394707,328.12678111141696,332.133420036154,336.1407235669373,340.14780893911,344.1555662047939,348.1628959039106,352.1709372174561,356.1785790011,360.18685643190355,364.19471222506957,368.2030378878866,372.2110257087262,376.2195415020933,380.22784783082614,384.2363368685432,388.24456344494365,392.2530089068566,396.2613227251421,400.26994958308865,404.2783672239564,408.28679030134674,412.2950432591337,416.30342854114633,420.3124778934626
1.254867e-02 4.656476e-05 1.161738e-02 2777.83 0.47720950387784566 -0.04039211822133494 0.16368662703111853 0.545447467811351 3.070148933654232 324.0038775514976,328.0096272799365,332.0148239067946,336.0208786414665,340.0264130404218,344.032775135323,348.0386241399443,352.04521616929054,356.0514569100546,360.0581234802298,364.06448795931993,368.0714708020611,372.07802818380384,376.08509594316524,380.0917470239901,384.09884754336275,388.10566458294085,392.11269466832283,396.11964136172844,400.12675553108323,404.1336905187173,408.14068512078035,412.1475226509493,416.15447686203146,420.16212558440697
2.197937e-01 1.303630e-04 2.171865e-01 2777.83 0.47957272947799867 -0.0403740480085007 0.16377073715153315 0.544363395463774 3.074948389015739 324.37885456996963,328.38889066866767,332.39879455254976,336.4093878193759,340.4197671908092,344.4304718480514,348.4410865887612,352.45225540134544,356.4630800050045,360.47444394356893,364.48561689635966,368.49711732993813,372.50825663399195,376.51985651828954,380.53115953645505,384.54299331344413,388.5545040974958,392.5661650009232,396.57763504995535,400.58943051951917,404.60089595054166,408.6126570602464,412.624105485573,416.6356999746232
7.983521e-02 7.420959e-05 7.835102e-02 2779.99 0.47527491628273094 -0.040293524423042876 0.16310498205929724 0.5460573830956768 3.060574629193722 328.15623641433257,332.1633447145504,336.17114968375756,340.1785358077162,344.18658751457355,348.1942962741103,352.20266625571674,356.21071426282083,360.219297238494,364.2274897628558,368.23621494422395,372.244603444104,376.2534706676515,380.2619358800309,384.2708724579549,388.2795283797095,392.28845453313807,396.2970242170471,400.305912016599,404.31456093809965,408.3234525912451,412.33197270260496,416.3408266591125,420.3493092180352
2.110382e-01 1.095046e-04 2.088481e-01 2779.16 0.47444298195385276 -0.0402308118744267 0.16394328569986266 0.5454777598121556 3.0671613871007577 328.30680891787193,332.31567199967594,336.3252930534293,340.33455828911974,344.3445519376525,348.35422432118634,352.3643606566701,356.3742647320324,360.38460811134365,364.3946513521543,368.405286118122,372.41549529529414,376.42624469241844,380.4366874525177,384.44736813203116,388.4578017690159,392.46852938577445,396.479050959418,400.4897606420332,404.50039073842703,408.5110490232605,412.521673259743,416.532128469894,420.54237881337247
1.973928e-02 1.879855e-05 1.936331e-02 2776.88 0.4734109103127988 -0.04031937724222974 0.1629365036102668 0.5469412817296484 3.0503399757381167 327.80529558558095,331.80802163568006,335.81155173912566,339.81477698876984,343.81878146253257,347.82214093387154,351.8262263031649,355.82995317042463,359.8342239980939,363.83821053213404,367.8425730899002,371.84675000860756,375.8513984147005,379.855536220286,383.8601497215398,387.86449985734254,391.8690943103884,395.87344549036413,399.878113978165,403.8824025014211,407.88704290520155,411.8913846996654,415.8957613556944,419.9000806746643
9.644255e-03 1.329537e-05 9.378348e-03 2780.57 0.4720152340070423 -0.040435310389329696 0.1637869011308507 0.5469544574631227 3.037683729489807 327.1528601231501,331.1477706023747,335.14338664892927,339.13854960328314,343.1345083536438,347.1299329380205,351.12610649060787,355.1218660152254,359.11814391339783,363.11413763711437,367.11069712135145,371.10678722662726,375.1034250997928,379.09974218225966,383.09629257225043,387.0925957519187,391.08938919904335,395.08569903088176,399.08240209530857,403.07870063142883,407.07543119257326,411.07179823385434,415.0681651087495,419.0644752144527
9.898198e-02 8.042750e-05 9.737343e-02 2773.77 0.47334858710086114 -0.04022548695398529 0.16298598139003262 0.545895636996628 3.0586253057530848 328.1833511174015,332.19070483780155,336.1988914832103,340.2067512600364,344.21514955717817,348.22326896937045,352.231921296496,356.240354059194,360.24917593250643,364.2577867896705,368.26683446114765,372.27573574786965,376.2848263129573,380.2936311176566,384.303009822845,388.311807322274,392.321061403939,396.33018484746714,400.3394700992668,404.3482718258119,408.35768472103,412.36656180503724,416.3757098272136,420.3845713224358
4.214604e-02 1.362979e-05 4.187345e-02 2775.46 0.47191193289059713 -0.040287835200007324 0.16339690363333526 0.5451104662831099 3.0678827243063402 327.74816841032083,331.75041534665235,335.7532953476661,339.7558032199897,343.75904884881356,347.76185087486164,351.765231171776,355.7683653678924,359.7718670598119,363.77513807422764,367.7789949455939,371.78254947578876,375.78650445734974,379.79002404654887,383.79398672705025,387.7976074097095,391.80165726856933,395.8052958574676,399.80928809283125,403.8130341235041,407.81693424143083,411.82070180556985,415.82452012535657,419.82806237249986
1.832191e-03 3.446309e-05 1.142930e-03 2777.83 0.4803260196414137 -0.04050855783243356 0.16343864728911753 0.5441869513129217 3.0502295175237744 323.93187679881936,327.93656508588896,331.94090144741284,335.94585559636516,339.9505050142277,343.9558555557213,347.9608427031345,351.9665283205631,355.97186629089697,359.97756579195703,363.98314983007356,367.98919248434606,371.99482121157916,376.00093746344476,380.0066836988696,384.0128147201142,388.01865967816224,392.0249737617546,396.0308872874813,400.03721918660233,404.042935234604,408.0491741393824,412.0549605164079,416.0613071063245
1.294179e-02 4.637834e-05 1.201422e-02 2777.83 0.47729537486463836 -0.040391449108460147 0.162871350412192 0.5468806806559616 3.0357549207372787 324.00605940124177,328.0116741379584,332.0168567225451,336.0228463616277,340.0284472770298,344.03467312379684,348.040670351943,352.0472868954559,356.0534308892396,360.06008182084446,364.0665625772314,368.07344970835777,372.0800451769195,376.08709827920717,380.093874420724,384.1009059922106,388.1077190259264,392.1147509205812,396.1215986770671,400.12873317896236,404.13553788825305,408.1426331090673,412.1493610813978,416.15632221435686,420.16389835124323
7.527268e-03 2.446357e-05 7.037997e-03 2774.55 0.4738928227034842 -0.040324765970847824 0.16333020889334987 0.5455146528592338 3.0635142980662007 327.8542332564328,331.85774830454557,335.86184881385185,339.86543894045565,343.86994233003577,347.87401443460953,351.87871258454385,355.8830127068215,359.8879782925813,363.8925616254757,367.89761137721626,371.90230377736697,375.90743431463017,379.9122966583981,383.9175284058197,387.92251996731704,391.9277699098153,395.9327824234358,399.9379301340441,403.94286764345543,407.9480684640085,411.9528917886482,415.9581249490103,419.9629221171141
4.651942e-03 2.704258e-05 4.111091e-03 2777.62 0.4772735645769006 -0.04042879074603453 0.1638165830317348 0.5444319002449041 3.075307592089427 323.8713236564147,327.87535329862357,331.8788959504358,335.8831293270141,339.88713648613106,343.8917777232132,347.89615838928205,351.90117474534867,355.90566742420276,359.91079076812173,363.91551794666685,367.92072952063455,371.92577103405563,375.93134306180536,379.9362725138521,383.9416857326337,387.94687118291404,391.95239792036995,395.9575678847913,399.9631254971506,403.96847242831063,407.97381915002677,411.97904501508924,415.9843706425234,419.99032725047124
1.777894e-03 3.211075e-05 1.135679e-03 2777.32 0.47625369739643303 -0.04038595110330844 0.1636291722141503 0.5446093231797509 3.07120823513237 323.9106762358635,327.9157847936005,331.91993956700685,335.92482021071936,339.9293322152819,343.93448585416775,347.93935016281245,351.9446917967638,355.949743236256,359.95539932808117,363.9606139377813,367.9665761910474,371.97198911364603,375.9778270487751,379.98347741320373,383.9894119949631,387.9951011349883,392.00101134056115,396.00688671569986,400.012789114763,404.0186040381567,408.02441009933904,412.03010452226215,416.0359895072596,420.0415467126373
4.658334e-02 1.251514e-05 4.633304e-02 2779.16 0.4770429175935492 -0.04045255508307564 0.16278606526722902 0.5459620949496288 3.0601563587307012 323.73875521850965,327.74116393082016,331.74317046361074,335.745841106091,339.7481653367251,343.7512070071929,347.75379974380746,351.75711620217896,355.7600542501238,359.7636071469047,363.76670722681496,367.77030168239895,371.7735779319635,375.77727565206516,379.78087308025454,383.78454651228566,387.7881637345751,391.7919810486518,395.7954524008699,399.79941851772116,403.80283640632473,407.80665399375323,411.81032655836924,415.8138839676282,419.8180091334175
1.076011e-01 8.283471e-05 1.059444e-01 2772.04 0.47500958583131836 -0.0402766947199355 0.16313760508069725 0.5452323510922922 3.0639854722670457 328.1948185338411,332.20242914747854,336.2107438037102,340.2187024227043,344.2271500909017,348.2354495940964,352.24428847927095,356.25277016832115,360.26183351514203,364.27051293970305,368.2797293149704,372.2886718664555,376.2978980785405,380.30694375266836,384.31632386578246,388.3253854431567,392.33490044679274,396.34399902321496,400.3534183456065,404.3624563585831,408.3719282967873,412.380873549184,416.3902670917788,420.3990939353871
7.043986e-02 1.849928e-04 6.674001e-02 2777.83 0.47740164818245384 -0.04026068192334235 0.16428654522164662 0.5456591957769816 3.074400251306005 324.55400426169325,328.56654544534433,332.5783958190574,336.5911228091122,340.60363183532104,344.6167080580665,348.6295403639444,352.64290809121917,356.6558380287272,360.6693582998544,364.68256982073274,368.6963197344799,372.7097167296285,376.72363245021194,380.7370714907992,384.75093513524683,388.7644988309932,392.7785309320521,396.79208175893746,400.80604812434456,404.8196916957048,408.8334966154311,412.8470221424808,416.86099783134466,420.87471108161077
4.398628e-02 2.055688e-04 3.987491e-02 2777.83 0.47761845081634946 -0.040253524422657914 0.16446940822074757 0.544977195444763 3.0764032532594805 324.61423853477095,328.6274723133065,332.64023017787963,336.65375633186886,340.66696483093256,344.6808147739145,348.6943028032321,352.70833603228067,356.72216875296954,360.73651342282074,364.75047721232517,368.7649691128529,372.77933064579355,376.7936339609977,380.8079101055222,384.8225663458935,388.8369057738449,392.8517499227814,396.86604206318407,400.88068079601834,404.8950680616421,408.9096839490414,412.92391283218444,416.9387398793301
1.311871e-01 8.966353e-05 1.293938e-01 2779.15 0.47576429556343935 -0.04029350733213095 0.16409119975204156 0.5443351375105263 3.06022447053396 324.2177670384175,328.2268094584802,332.23468365796646,336.2433112140678,340.2516146101356,344.2605970713521,348.2692552991957,352.2784950283311,356.2872759476016,360.29678157680326,364.30577787942894,368.3154012082547,372.32469272704043,376.33440698891087,380.34393799903074,384.35357667583554,388.3630392398356,392.3729270494987,396.38231166672483,400.3921824359258,404.4016695808095,408.4115425045956,412.420892203292,416.43052325074126,420.44004960002945
4.357209e-02 1.308944e-05 4.331030e-02 2779.01 0.47280279638351186 -0.04031468346670473 0.16379599111291623 0.5471990324292574 3.060733882574283 327.7457876022483,331.74774495298817,335.7507139492481,339.7530741418663,343.75619181131657,347.75886100013753,351.76239862522806,355.76535060339086,359.768876811837,363.77212928140165,367.77585749945035,371.7792137741972,375.78303147385907,379.7865100884846,383.79046280723895,387.7940428699384,391.79799573127156,395.80176955544283,399.8055953462068,403.80920250725643,407.8130021056678,411.81654841731427,415.82045966047417,419.82383702288695
1.559142e-01 1.480347e-04 1.529535e-01 2779.01 0.47606537876473415 -0.040247919953720686 0.1637304483028323 0.5455359910234706 3.0752776542732505 324.4363242796345,328.44816703404763,332.45869702170353,336.47009250262624,340.4810405206216,344.49279362470924,348.50419571192515,352.51599311257405,356.527559346839,360.5397421292754,364.5514219207762,368.5636849153178,372.5757856165467,376.58821434411266,380.6002455015879,384.61259318794947,388.624817889799,392.63734538252925,396.6495879078049,400.66208973277463,404.67432433128175,408.6867086764574,412.69885238540627,416.71125012516075,420.7234665084727
1.529862e-01 1.489172e-04 1.500079e-01 2773.97 0.47027245325195177 -0.04006075319942663 0.16377065648372557 0.5469001324319819 3.0603652234699887 328.4465537466664,332.4571964443024,336.4685718248023,340.47967250251077,344.49140028920885,348.50275678362567,352.51464715330354,356.526198224654,360.53844874271437,364.5502141942697,368.5625670142093,372.57453650092606,376.5869933636642,380.5991610598946,384.6116148626146,388.62383841238255,392.6362459631669,396.6485040225962,400.6609454105818,404.6730944357017,408.6855629994587,412.6977948858127,416.71024535804673,420.7222516489859
2.010562e-02 2.344515e-04 1.541659e-02 2777.83 0.47838177836351536 -0.040259292615827585 0.16386873536003413 0.5444659118660272 3.0976495412399685 324.69221376910787,328.70638888571284,332.72022629080965,336.73468391015336,340.7488450096444,344.7635661644264,348.7780465139024,352.79312374821626,356.807852576742,360.82316860423174,364.8380750832014,368.85339210306853,372.86862123062497,376.88409901376497,380.8994410013944,384.91504990261944,388.93031634796085,392.9459783795728,396.96134485254913,400.9770429486135,404.99249159660343,409.008053250297,413.02339208171725,417.0388816918465
2.467398e-01 1.230926e-04 2.442780e-01 2778.11 0.4791494227044891 -0.04036473073245428 0.1639939908968681 0.5462203300836493 3.0760036179259287 324.3548008271436,328.36458229328366,332.37399714899414,336.3843328250924,340.39428050979853,344.40492085871824,348.4151560328657,352.4260383825492,356.43651163961437,360.4475011054723,364.4582386096144,368.46952793480466,372.4804526173798,376.4917725766166,380.5027214187394,384.514126463582,388.52535097253656,392.5368249989012,396.5479588796735,400.55936047337667,404.57043880851586,408.5818728742344,412.5929268109526,416.60430511523947
8.590257e-02 7.705703e-05 8.436143e-02 2777.64 0.4798798306459832 -0.04043751302219037 0.1637808479479529 0.5434427135130089 3.0647234276984037 324.16541325484843,328.17301032932914,332.18015551666497,336.1880288914761,340.1957486956974,344.2039385919235,348.21183848742754,352.22049982786774,356.2286339418395,360.23737516968936,364.2457836611684,368.25462348875965,372.2632584970185,376.2722316172894,380.2809220605876,384.29005305446776,388.2988348561835,392.3079317524732,396.3167844234362,400.32591071842506,404.3347851897173,408.3438816343139,412.35264642200025,416.36162212637834
1.207494e-02 4.580430e-05 1.115886e-02 2779.15 0.4768183842015405 -0.04037847191443352 0.16275889168283003 0.5460366317396499 3.044520565156897 324.00214557753236,328.00789162351515,332.01304903809347,336.01891438484074,340.02459302729056,344.03082166783656,348.03666410097435,352.04323366648595,356.0493474319033,360.05629541571994,364.06256540201673,368.06948264058747,372.07596128898325,376.0829197806959,380.0896810753738,384.096738115342,388.1034813878853,392.11066467633185,396.117326641139,400.1243789668057,404.13113703194085,408.13827170210686,412.1450833166835,416.1519254444937,420.15904874377287
1.208571e-01 4.726908e-06 1.207625e-01 2778.43 0.47584230267785077 -0.040444685471310596 0.16329054797405962 0.5442929676423306 3.0653049628858184 323.6257489753851,327.62744266771585,331.6280111816841,335.6293154758323,339.6302605270238,343.6320014498045,347.6334029307074,351.6352385558145,355.63693111402443,359.63890022279463,363.64067292163344,367.64292372163015,371.64484737290474,375.6472387622168,379.64949220511335,383.65188402081077,387.65404527588765,391.65646646753936,395.65858339703163,399.6612107454101,403.6633500721454,407.6658328358267,411.6680385419417,415.67031185989094,419.6726090694307
8.270320e-02 7.551831e-06 8.255216e-02 2777.83 0.4824709144250464 -0.04063997005479107 0.16376237139972064 0.5435676251569022 3.063897362557653 323.6799949421841,327.6813543387101,331.68245227759434,335.68435961914906,339.6859777852797,343.68819717421303,347.689994418899,351.6925557183555,355.6946255546493,359.697430431577,363.6997311665691,367.7027056728543,371.7050728673371,375.7081618808265,379.7106082845821,383.7139745073189,387.7166325541892,391.71975195464324,395.72246103161405,399.7255347399741,403.72848344985545,407.73145718540013,411.73419963910374,415.73702632267316
1.171866e-01 8.661881e-05 1.154542e-01 2773.10 0.47922091777290754 -0.04040628534239136 0.1628006460800184 0.5439420660701187 3.0771632646790854 324.2074244106746,328.2153534598731,332.22310761619116,336.23157253302617,340.2396925193591,344.2484954981004,348.2569378213268,352.2660054063485,356.2746594265241,360.28395182684494,364.29281287152475,368.3023582211358,372.31138301119086,376.3209495932365,380.33014397418697,384.3397636314026,388.34916685929716,392.35885742965115,396.3681159939389,400.37772396850823,404.38704325262967,408.39668819657254,412.4060583240762,416.41570929338053
7.374686e-02 7.287413e-05 7.228938e-02 2777.64 0.4800474342598697 -0.0404471767021236 0.1635475013841844 0.5436507474348427 3.071008727067161 324.14705515789444,328.15439852242184,332.1614860169514,336.16920798956147,340.1764452956073,344.1845346243948,348.1921604832378,352.2004644618955,356.20857104531774,360.21693772671904,364.22505141411216,368.2336966347071,372.24217608924135,376.2509711269424,380.25948190056727,384.26825419419947,388.2768519336182,392.28571625065126,396.2943548677294,400.30321497560794,404.31190924387533,408.3205971096838,412.32913914594724,416.33783159700107
2.430055e-01 1.240048e-04 2.405254e-01 2777.83 0.4815628772712469 -0.04044126379189484 0.16350746990100745 0.5436366451292359 3.0615364328813595 324.35799765476173,328.3679543197582,332.3774937936566,336.3878758899674,340.39783382943574,344.4083233412013,348.41868312308884,352.4295664103334,356.44005280391235,360.4512329498183,364.4619721096841,368.47323913546415,372.4841429902014,376.4955925322771,380.50663448546493,384.51805494367034,388.5291299156347,392.5407055208699,396.5518972406465,400.56341459125565,404.5746964192102,408.58591967845365,412.59715066096516,416.6085245084818
1.707373e-01 2.199546e-07 1.707329e-01 2777.27 0.4777337055226215 -0.040555761123282 0.16359007646224177 0.5438128619940215 3.0598670605638207 323.4247845561381,327.42340018425796,331.421368978632,335.4202503135088,339.41868564284266,343.4177922798212,347.41661062462487,351.4159859437919,355.41509411157824,359.4145843112645,363.4139747208214,367.4137578500457,371.41325292758546,375.41314053886884,379.4125176359987,383.4125130438339,387.41217879785836,391.41232039034253,395.41186004787573,399.41186576961184,403.41157308678095,407.41138111739787,411.41107968063545,415.4109602369618
2.936200e-02 1.612150e-05 2.903957e-02 2777.32 0.47794624830968246 -0.040472502202484356 0.1631504015896671 0.5446100350160522 3.0684638092336507 323.77907014854674,327.78201434155966,331.78440400471936,335.78758974325984,339.7906102068815,343.79401260602293,347.79719048685934,351.80084145803966,355.8042885190747,359.80828187085854,363.8118891634159,367.816088719289,371.81993740035875,375.8240439998067,379.8280213660753,383.83242112813383,387.83646743546484,391.84091546834367,395.8448481731668,399.8491819574488,403.85317580173694,407.85757660982995,411.861516262124,415.8658763297299
1.008926e-01 6.105722e-06 1.007705e-01 2777.83 0.47847329210625783 -0.04052139276045462 0.1639011828575984 0.5443035347611893 3.070221036638948 323.6534102550203,327.6548019069085,331.65568526087895,335.6573090258216,339.65865329178143,343.66062241433053,347.6621443717983,351.6643515910726,355.66637928448137,359.6687550701868,363.6708725967037,367.673394678114,371.6755996966615,375.6783479983326,379.680748395223,383.68353274362687,387.68600637026725,391.6887245267291,395.69127498820336,399.69411624164997,403.69656872602656,407.69939856507557,411.70183699514354,415.70451445851126
1.503875e-02 1.145749e-05 1.480960e-02 2777.83 0.4754590796845555 -0.04054230835046157 0.16433646249511125 0.5461501818984781 3.048078244689078 327.1748815721157,331.1699393179964,335.1657861546603,339.1612686421923,343.15730099954436,347.1530512637625,351.14938858211923,355.14545516028346,359.142064647199,363.13838654421954,367.1349856123212,371.13145721798,375.12824079824685,379.1247686506803,383.1216510648146,387.1182278530652,391.1151978481267,395.11176748230326,399.1087134334196,403.10540116284676,407.1022266861644,411.0988404174651,415.09566818500815,419.0923088659686
1.361682e-01 9.090481e-05 1.343501e-01 2777.32 0.4762636447078383 -0.04030766736871007 0.16341728207580433 0.5449021645375902 3.069095201116947 324.22373011191723,328.23269196108623,332.2406586104661,336.2493876542742,340.25779806149023,344.2668676525494,348.27551131419875,352.2847239964492,356.2937186708255,360.3031548267027,364.31234309844785,368.32210175108787,372.33144352949773,376.3411103400249,380.3505865607078,384.3603656103647,388.3699370048733,392.37984923317873,396.3894514157171,400.3993508354177,404.40886845368215,408.41862414383354,412.42809417320257,416.4379158338048,420.4474717227426
1.283725e-01 4.157876e-06 1.282894e-01 2773.93 0.4794631089080686 -0.04056101273079445 0.1627184985159133 0.5439801226995385 3.0629634120145517 323.61923800863167,327.61993853660715,331.6203495540105,335.62155628323757,339.6224951326917,343.6239585200943,347.62510987892813,351.62690850038734,355.62823883137355,359.63025015329447,363.6320112710625,367.63422514389936,371.6358962486328,375.6381183979634,379.64006977735426,383.64252985421956,387.64450021812735,391.64692076178176,395.64896334803404,399.6511721177459,403.65330773889383,407.6556437191785,411.65773620547526,415.6600289955366
1.755607e-03 3.191014e-05 1.117404e-03 2773.97 0.4741092493915593 -0.04031855184728241 0.16383196270816397 0.5448467777192161 3.06377169726266 327.91084568121465,331.9148691809906,335.9197590747089,339.9241470980219,343.92932789838585,347.93401664577567,351.93949695769567,355.94461264731996,359.95015657866827,363.95547785695067,367.96112147049257,371.9665541652053,375.9724246602995,379.97797244469103,383.98385259286096,387.98960059898883,391.99547409617395,396.0011658179026,400.00712342674365,404.01265929755857,408.0185580513267,412.0242278037279,416.030112217363,420.03566166575564
6.953137e-02 9.084949e-06 6.934967e-02 2775.26 0.4806159784051992 -0.040576459465742176 0.16289413045455103 0.5439754991055923 3.0518532984581856 323.6999839792316,327.701798218071,331.703262150871,335.7054189149425,339.70717082575266,343.70978318694495,347.71190115602946,351.7146868852339,355.71708231464316,359.71991411593564,363.7226473341607,367.7257889298574,371.7285676152597,375.7318460946786,379.7347670395424,383.73810781681755,387.74115179340595,391.7445649388283,395.74754805991006,399.75085818932797,403.7538721379019,407.75712457089094,411.76020229290526,415.7635331688812
1.919503e-01 1.382005e-04 1.891863e-01 2777.83 0.47816020382348323 -0.04032314943549775 0.1639632269945115 0.544396095708293 3.0732747849666815 324.40519083806583,328.4158964018988,332.4261672022577,336.4370904372373,340.4477386588382,344.4589658359467,348.46978013878646,352.4812244683159,356.49248613693555,360.5042436709355,364.5156130813321,368.52749091312114,372.53903145343156,376.55109492425,380.56278451839773,384.57489096615126,388.58672754006926,392.5986837207509,396.61048405758845,400.62255315834204,404.6343274414253,408.6465788729258,412.6582702001196,416.6701772632157
1.600895e-01 2.700508e-06 1.600355e-01 2773.77 0.4742594772216185 -0.04040484690801945 0.1635657349491351 0.544444259541734 3.061617384587951 327.5819211967246,331.58207299314296,335.5828292762043,339.58327628815675,343.58434029140886,347.5851895975735,351.58650931968333,355.58760891030937,359.5890732668203,363.59035155632864,367.5920608124672,371.5933683382488,375.5951961117657,379.5968994787062,383.59884546727034,387.60032506816555,391.60231417700953,395.60383674910605,399.60587328911737,403.6074930192659,407.6093319388774,411.61110793257996,415.61290961853797,419.61426153257014
1.230651e-01 8.788219e-05 1.213075e-01 2778.22 0.48267959068292593 -0.040512823242038865 0.1642251322219591 0.5433887477497188 3.084308840129203 324.21490342266316,328.2230150399467,332.2308756256989,336.23939131364136,340.24753534844046,344.25637710640854,348.26477723428974,352.27403887138877,356.28283222580865,360.29210920135046,364.3010771651113,368.31061614211865,372.31968828005824,376.3293343497313,380.3387120037983,384.3483291773863,388.3577120988905,392.3674560601947,396.3768728035898,400.3866320580541,404.3960801449748,408.4057749270534,412.41511498620184,416.4248131974186
4.238353e-02 1.327930e-05 4.211795e-02 2777.62 0.4784004595524681 -0.04049421122402719 0.16292238253455324 0.5451887103234114 3.074540973334956 323.74917977312793,327.7517717367358,331.7538695212167,335.75671596233815,339.75915871166274,343.76222907072673,347.76509143388057,351.76840426216705,355.77137878549263,359.77511563788534,363.77846032157265,367.78207392747635,371.7855206203922,375.78939829108646,379.7930510699814,383.79700408908826,387.80062090148937,391.80462598043385,395.8082289067373,399.812217153044,403.8159707899215,407.8198901873812,411.8235570519855,415.82737475702896
1.440335e-01 9.366029e-05 1.421603e-01 2777.83 0.48169974440372115 -0.04047596666050645 0.16361482533862506 0.543372585376604 3.0707904404418835 324.2392605902328,328.24768573010994,332.25579915419144,336.26466147324516,340.2731399734525,344.2822922217488,348.2910451418299,352.3005515116471,356.30957949988436,360.3191587504119,364.328526677714,368.3383003591867,372.3478236433307,376.3577654638995,380.3673364096082,384.3772659484985,388.3870288007628,392.3970437591105,396.40674138400254,400.4167733974242,404.4265090107994,408.43652729820343,412.44622168824844,416.45613582949363
4.487870e-03 3.948217e-05 3.698227e-03 2777.83 0.48191882711875733 -0.04055095241880182 0.16329765048179684 0.5440097330902818 3.080447176077401 323.96545518175424,327.97053138133276,331.9752701364686,335.98065190038517,339.98574814501575,343.99151602465145,347.9969087117838,352.0030073272957,356.0087063318987,360.0148311925605,364.02071320895556,368.0271202203171,372.0333590893312,376.0397891176008,380.045920143163,384.05254343625234,388.0588231323243,392.06563091374363,396.0719359013549,400.0784072053165,404.0848008920612,408.0915014488162,412.09777744907245,416.1041630084617
1.984990e-01 1.254758e-06 1.984739e-01 2777.83 0.4797125901396321 -0.0405854834357609 0.1627717908100343 0.5458403595029242 3.0597540925455644 323.54533939048446,327.54506904509117,331.544572660205,335.5448377751421,339.54491641563,343.5453585767084,347.54558053320505,351.5464594072094,355.54693364448985,359.54803793429244,363.5487075350372,367.54991323371524,371.5507036915072,375.5521003303556,379.55313687533953,383.55465530809965,387.55580636344064,391.5571713608966,395.55820051382693,399.55957017904524,403.56082702616385,407.56221017212965,411.56325031557446,415.5646100962259
1.726208e-03 3.420490e-05 1.042110e-03 2777.64 0.4790824049360566 -0.04047410497976479 0.1646171376349487 0.54245860968042 3.0787188097452516 323.92636875460784,327.93083179536035,331.93511996221883,335.94009486021315,339.94476069922916,343.9500499494331,347.9551423362365,351.9606165799726,355.9659394693111,359.97169330600246,363.9772014297677,367.9831789734127,371.98886867446834,375.99489029574755,380.0007046401101,384.0067115309362,388.01259142439164,392.01894634076393,396.0247342021188,400.0308118596581,404.0368226098772,408.04293524889397,412.0488327312546,416.05502456312763
5.735283e-03 2.576371e-05 5.220009e-03 2773.97 0.4740596954145823 -0.04032755253954101 0.16334153159541512 0.5455779244166767 3.0687827823368217 327.8651342209001,331.8685516897932,335.8728885583223,339.8766561600318,343.8812518371749,347.885486829125,351.89029875744103,355.89484365225417,359.89976554323556,363.9044919254413,367.90972751935743,371.9145847935456,375.9198677231305,379.92485155666503,383.93031240980054,387.9352100406913,391.94063833798276,395.945722279876,399.9511135895891,403.95614287518606,407.9614593703366,411.96662576953776,415.97173573152713,419.9767845755484
1.725163e-01 2.161783e-07 1.725119e-01 2777.83 0.4781372718676785 -0.04056598837854478 0.1633498762056563 0.545301079020983 3.053891181232432 323.4268379882113,327.42543449547503,331.42350352865094,335.42242828712756,339.42086708572407,343.4199834528963,347.4187906090799,351.4181403054284,355.4172052454992,359.4168209846595,363.41621299992005,367.4158969675602,371.41537930158387,375.4152468757128,379.41471106538165,383.4145875718122,387.4143336481279,391.4143363232855,395.4140728997164,399.4139429181758,403.4136018171469,407.4135924243467,411.4132943591293,415.41319946438495
2.747428e-02 5.460614e-05 2.638216e-02 2777.64 0.48238827692084035 -0.04054184367371616 0.16259366929304192 0.5441135920650447 3.0657140291585865 324.05647807850465,328.06257287118393,332.0683805951014,336.07502395744484,340.081238664738,344.08808748331256,348.0945881638998,352.10169697815724,356.1084974320375,360.11593740945193,364.12295065993646,368.1304522650763,372.13764501830286,376.14522539325804,380.1525990757471,384.1602598629288,388.1676514619401,392.17539031051797,396.1827804554865,400.1906492306967,404.19796674419115,408.20576616196314,412.21316980298786,416.2206770671576
4.116943e-03 2.743491e-05 3.568245e-03 2773.14 0.4810447355347464 -0.04054749116870365 0.16304890504104202 0.5423450337473531 3.076747756978569 323.87807802684785,327.88213361708546,331.8857880048113,335.890119691835,339.8943033670098,343.89891988017393,347.90322749196366,351.9081901662939,355.9129185595128,359.9180145982023,363.9231201051657,367.92828930655674,371.9332835342223,375.93875078215297,379.9439897792946,383.949588975173,387.95471182811843,391.9602685321092,395.96561385304136,399.97120703474314,403.97659832112294,407.98212364233325,411.98726123738965,415.9928316250661
1.911939e-01 1.064103e-04 1.890657e-01 2773.93 0.4779996345526658 -0.04034693359709087 0.16310367203410234 0.544399912710773 3.0632304530488326 324.28771442220784,328.2968624305343,332.30563333899136,336.3151921879377,340.3243110274837,344.3341774848401,348.34352390223165,352.35359685064407,356.3633248988638,360.3736673431981,364.3835063019762,368.39394701615777,372.4040299125711,376.414534112127,380.42479526565984,384.4354536750844,388.44575094016255,392.45643555886255,396.4667826302053,400.47739037458734,404.4877457121226,408.4984383343377,412.5087464046185,416.5195275936415
8.005322e-02 7.999098e-06 7.989324e-02 2777.62 0.4758628139273597 -0.04043035907773527 0.16369324895862472 0.5452486817567282 3.0653744637494587 323.68083941797823,327.6830641004646,331.6844313148165,335.68630245632875,339.6880046355605,343.690338251382,347.69225132149734,351.6949641345435,355.69714995258556,359.7000066359302,363.70240651587216,367.7052481753876,371.70796721640676,375.7110122837721,379.7138309045796,383.71698055939123,387.7196542036778,391.72278736386085,395.7256597269172,399.72880984121446,403.73157815762585,407.7347548005218,411.73760865753866,415.74060240821336,419.74344788994574
1.158409e-01 4.845244e-06 1.157440e-01 2777.64 0.48009581688904057 -0.040575377574434975 0.16287262536061933 0.5449137110407667 3.0496149484941366 323.6347073407318,327.63571468704924,331.6363366314459,335.637654955235,339.6386614267994,343.64033329308734,347.6416345958008,351.6435612349441,355.6453037729027,359.647418340839,363.6491928695732,367.65152707741015,371.6534988289132,375.65587971344667,379.6581561237874,383.66057645737084,387.662701975758,391.66523965738924,395.66745453886136,399.67002974167644,403.672329494699,407.6747328436666,411.6769336477981,415.6794111853528
3.090390e-02 1.574507e-05 3.058900e-02 2777.83 0.48021413924271616 -0.04054706122153159 0.16460065780370464 0.5426237004014122 3.0731090833414827 323.77549869635607,327.7781828796104,331.78057308476883,335.7836612075474,339.7864413472461,343.7899596247096,347.79306401345633,351.796745989373,355.8000847136723,359.8039597683021,363.80759786908277,367.8116184190888,371.81542592439575,375.8197299975611,379.82348975722994,383.82782888361777,387.8317681450552,391.836093226282,395.8400965103477,399.84438688429395,403.8484709203949,407.85267418409126,411.856635936981,415.8609334331122
1.688104e-03 3.369953e-05 1.014113e-03 2777.83 0.47928067001601593 -0.040478742390457866 0.16423846817839463 0.5445652320342551 3.079303815469561 323.92470067716783,327.9293152274608,331.93342762036036,335.9384394612023,339.94300017447443,343.9483883143415,347.9533384197463,351.9588207965831,355.96404694853544,359.9699223294877,363.9753087005271,367.9812526437952,371.9868873942349,375.992834447239,379.99852383366385,384.00472383792845,388.0106086891145,392.0168244655504,396.02251062264634,400.02863750153847,404.0344626717628,408.0406006217447,412.0464880822767,416.0524433191866
1.196725e-02 4.661041e-05 1.103504e-02 2773.91 0.47970946219606 -0.04047447674750999 0.16407351261185213 0.542005276268892 3.0799637340901085 324.00559065679926,328.0112040977134,332.01642383036204,336.0225073826732,340.0280613122186,344.0343992461306,348.04020150853563,352.0468233466025,356.0531132921117,360.0599124403006,364.0662916851897,368.07326343584384,372.07993848407085,376.08687592787015,380.0937580876532,384.10089362813625,388.10769289423837,392.114873939819,396.1217498979592,400.1289194483052,404.1358375003481,408.1430164770267,412.14979512484695,416.15686517199214
1.449548e-01 3.284122e-06 1.448891e-01 2779.01 0.47570659843356566 -0.04044491715126965 0.16343457048676224 0.5462516895237995 3.057964941507639 323.5984992815556,327.5992764396229,331.5996125042175,335.600545523362,339.6012207753533,343.60246162965643,347.6034346763716,351.6049808134492,355.6063404155416,359.6080413084793,363.6093340820536,367.61128251978323,371.61279334356647,375.61489866186093,379.61654533755194,383.6187309526652,387.6204764917889,391.62265070963923,395.6244153763446,399.6264580806261,403.6284236922594,407.6304603444902,411.63228630934594,415.6342597189723,419.6361436361932
6.168962e-03 4.144763e-05 5.340009e-03 2777.83 0.4808251154014576 -0.040514347782725675 0.16376057695512666 0.5436916638675849 3.0756663061565783 323.9770259184096,327.9822534290627,331.98707898132807,335.99277618886407,339.9979954541874,344.00389734900966,348.00948266941947,352.01567683450673,356.0215298783425,360.02784600741455,364.03400462946547,368.04060511498585,372.04668463746344,376.053450242716,380.05983579643805,384.06655162056023,388.07296957640455,392.0797322510289,396.08620235885536,400.0930698829934,404.0995971432936,408.1062574140681,412.11265406140654,416.1195011442274
1.371140e-01 8.037924e-07 1.370980e-01 2773.61 0.4816586348846706 -0.04068939255390177 0.1631197531669628 0.5427132964924319 3.0720081489341897 323.3889038196635,327.3868701202492,331.38449482754424,335.38290592147047,339.38082552220993,343.37928061840717,347.37766466703573,351.3767758065813,355.3753110881508,359.37438838428415,363.3731753403534,367.37237875238924,371.3713970856818,375.3708105212845,379.3699732019707,383.36940166467946,387.3684424347529,391.3679896995232,395.3672990577633,399.3667819995418,403.36605215663553,407.36544248925077,411.36446691926807,415.36409841813713
1.094393e-01 8.395363e-05 1.077602e-01 2778.82 0.47670977023782257 -0.04033083776339661 0.16400812335369094 0.5445538873736774 3.0791204471040228 324.19174032928356,328.1998586859312,332.2073937492873,336.2158016865919,340.22377626086075,344.23237314908135,348.2406400028003,352.24948768121607,356.25809427913856,360.26720304338534,364.27598405798,368.2852053327401,372.29413326501987,376.303531338568,380.31263798230873,384.3220856451514,388.3312047792436,392.34079540099947,396.3499346630959,400.3593597095867,404.3684945848341,408.37800738186274,412.3871122674981,416.3965136455057,420.4060878409422
7.645302e-02 3.395232e-06 7.638512e-02 2777.83 0.4815374040118075 -0.04070629113297858 0.16475992603269862 0.5424553810978022 3.070700905228511 323.30911211950314,327.3061149525001,331.3027457527898,335.3000511568983,339.2970584411645,343.2946271457882,347.2919220800865,351.2899175315469,355.28760753343755,359.2858418619534,363.28343238695163,367.2818513568574,371.27982876265895,375.27825208958615,379.276331245868,383.27483385955975,387.27305288291177,391.27157545836434,395.26987132283955,399.26848700736315,403.26667752221954,407.265071512901,411.26324278887125,415.26179705701503
1.145401e-01 1.231091e-06 1.145154e-01 2777.83 0.4755488077458522 -0.040502121749752304 0.16535301767603816 0.5442772890010684 3.0764842849101455 327.3598065933845,331.35724410799503,335.3552114132616,339.3529289563368,343.35129168603527,347.34927125026843,351.34790942012035,355.3462783987009,359.3451713884411,363.3436253539057,367.3426890158872,371.34131081602203,375.3404529583595,379.33926932366285,383.3384285917202,387.3374015701914,391.3366148521753,395.33552488696273,399.33472682805757,403.33366668142156,407.33290451835626,411.3316701259102,415.3309341731488,419.3297989090801
1.937950e-03 3.522943e-05 1.233361e-03 2777.83 0.47933251116574094 -0.0404791686122681 0.16407074543024705 0.5435763067553748 3.0817638294374747 323.93390033819213,327.9384812722811,331.94276206870154,335.94789163022693,339.95273298450354,343.9580897457929,347.96327540841145,351.96882728423145,355.9741718532227,359.9800026997054,363.9856309706323,367.9917132705577,371.9974697506031,376.0035257698,380.0094332084561,384.015645982534,388.0219061473268,392.0279048886055,396.0338764839647,400.0403214806633,404.04613626222414,408.05226391906115,412.0583564173858,416.0645583757274
1.444302e-01 9.444871e-05 1.425412e-01 2777.83 0.4791428182145324 -0.04039732929214489 0.16442455328770858 0.5429748625773977 3.083761508582373 324.23931891142115,328.24760831937533,332.2557905284951,336.264607344001,340.27314798825716,344.2824963366581,348.2912996241986,352.300816307623,356.30977382352773,360.31948312831196,364.3288087471816,368.33871755128956,372.34821532647726,376.3581856800449,380.3677829620804,384.37775828255883,388.38755050284,392.39764126627745,396.4073841277503,400.41743495378745,404.4271013681523,408.4371728297094,412.44700646872946,416.457002452688
3.909522e-02 6.011091e-05 3.789300e-02 2778.82 0.47619719901530805 -0.04034455279202017 0.164671304915862 0.5437371886635768 3.0991844233527135 324.077714662454,328.0849959591434,332.09112948579946,336.098085083339,340.10475230844736,344.1119559532003,348.1188116544596,352.12634444405785,356.13356186878787,360.1411932573993,364.14853882927093,368.1565412044,372.16406148717493,376.17208184880474,380.17976589807785,384.18768605636336,388.19556589013047,392.20364182880695,396.2114436075304,400.21957699985995,404.22736992761844,408.23534554015345,412.24311520718487,416.2510299192377,420.2587199271988
1.557060e-01 1.489725e-04 1.527266e-01 2778.22 0.4827917635416837 -0.04045797244739196 0.1638215332047399 0.5437720719638814 3.076366386424045 324.4442244929487,328.45513714667976,332.46586522026183,336.47729814271696,340.48822887395744,344.49984847204377,348.51116784184677,352.5230647090044,356.5346576338021,360.54689651519817,364.5587376739617,368.57108814405376,372.5830455757707,376.5955012449193,380.60767090829114,384.62008806945727,388.63230118790375,392.6448488526265,396.65713838141926,400.6697322346559,404.6818983628421,408.6944316593396,412.7066982864755,416.7192970686452
1.515620e-01 9.637054e-05 1.496346e-01 2777.83 0.4785938169878735 -0.040378445440541894 0.16501750117175115 0.5431794549756549 3.091524196858798 324.2468139884804,328.25558331788625,332.263770732083,336.2727944559708,340.28131530363436,344.29064806251927,348.29971899479165,352.30929719443526,356.3184168251566,360.32816031858437,364.33767391695125,368.347608016633,372.35722098027856,376.3672938036859,380.37701188519435,384.38709733271435,388.39694850891925,392.4071527388099,396.41694887828686,400.42726619478395,404.4371338190962,408.44722419264934,412.4570381555481,416.46703768829747
1.817658e-01 1.596085e-07 1.817626e-01 2777.83 0.482393375195329 -0.040699648824176954 0.16356469735745557 0.5429379363392753 3.0627483684091756 323.4368015986093,327.4352210675624,331.4333498045455,335.43223943620325,339.4308461875954,343.4301654090504,347.4289811615478,351.42834808032796,355.4275080500319,359.4272123137052,363.42661443635296,367.4265429865684,371.42593219302427,375.42597981489445,379.4256854722449,383.4257806760552,387.4254888489222,391.4255077807332,395.42529371421796,399.4254572769378,403.4252502418974,407.42530898456164,411.4251145076749,415.4249354513563
1.932356e-01 1.373415e-04 1.904887e-01 2777.83 0.4818105073570996 -0.04043830691533852 0.16332003784008828 0.543625717498769 3.088973870412027 324.4044653554716,328.4150522547211,332.425159830726,336.43600154568736,340.4464663917476,344.457793891596,348.46857426674995,352.4801267927712,356.49121048449285,360.50282101377917,364.5141837513056,368.5261700741674,372.53768641063886,376.5496211832639,380.56113371829764,384.5731919836571,388.58500693489725,392.5970696861165,396.60885080756424,400.62092129372417,404.6326601873197,408.6447942805118,412.65639143667846,416.66842226684867
9.893507e-03 4.505080e-05 8.992491e-03 2777.83 0.47869801335591444 -0.0404441544934637 0.16514583958010126 0.5428904192704639 3.0797728902203545 323.9962614546074,328.0019436649408,332.0070747536444,336.0129617659861,340.0184216844755,344.0245768252041,348.03053378317077,352.0369467770964,356.04309473791017,360.0497738794486,364.05604335390717,368.06292262913786,372.06937394006945,376.0763834099682,380.0831360374378,384.0901098291561,388.0967981020789,392.10379304696556,396.1106693393528,400.11765802216934,404.12444516337166,408.1314734782704,412.1382027034449,416.1450586142603
3.647279e-02 5.912992e-05 3.529019e-02 2777.83 0.48445200371326935 -0.04060288535658332 0.16374879202781165 0.5418912680651865 3.080396296399349 324.0782817572866,328.08465293201624,332.0907153942822,336.09767373455827,340.1041318885791,344.11115490851785,348.11796101039647,352.1254252642119,356.13246507138865,360.1401195116271,364.14740116182327,368.15519422302907,372.16274146427776,376.17060236096745,380.17810544041566,384.18606636831504,388.19380389318235,392.2018828852311,396.2095942546575,400.2176539791534,404.2252879227267,408.2333812873598,412.2410298945427,416.2494208145046
3.938039e-02 1.365522e-05 3.910729e-02 2778.22 0.48489937170912206 -0.040695338004608256 0.1631484062575863 0.5437354159873434 3.0815076220198194 323.75846665851435,327.76105317397594,331.76314363414895,335.7659538923547,339.7684354825262,343.77152602539053,347.7743366441017,351.77777395643324,355.78090735801567,359.78457468595394,363.7878837929557,367.7917739800202,371.79516171948865,375.7990231312526,379.80263580303335,383.80677336501964,387.8105510647706,391.81446901016557,395.8182702706475,399.8223213958482,403.82609901370887,407.8302231883694,411.833778608365,415.8386040993494
1.415790e-01 9.324632e-05 1.397140e-01 2773.93 0.4776593802644112 -0.04034924541203032 0.16330616801500722 0.544095076434704 3.057604017470458 324.2359299202825,328.24451139852545,332.2525975801043,336.2614172810378,340.26997972196324,344.27919914572374,348.28794003401924,352.29729480064753,356.3064263370804,360.3160077876578,364.32532224173707,368.33514980114046,372.3446517269522,376.3545834024737,380.3640840798747,384.37403138427095,388.3837226480912,392.3936780022705,396.4034491347821,400.41341876578286,404.42310843706736,408.4331796413266,412.4427404948083,416.45261733732553
3.435524e-02 5.837465e-05 3.318774e-02 2773.93 0.4791032343797457 -0.040436228962390366 0.16294979944093674 0.5439774103723883 3.079496095682857 324.07294920161735,328.07932171084263,332.0852542371937,336.09210223376977,340.0986167556739,344.10575286983203,348.1125867039939,352.11990237808703,356.12691252049376,360.1345376872308,364.1418211573646,368.1494711572845,372.15698474664265,376.1649228991131,380.17240964369057,384.18035164740144,388.1880549198633,392.196008911507,396.2037370204761,400.2117436681855,404.219402009463,408.2272362803879,412.23497185788125,416.2429278031282
7.831359e-03 2.439828e-05 7.343393e-03 2777.62 0.4778667657073584 -0.04045233161600718 0.16393726346147294 0.5438325749886448 3.067663155777441 323.85324183873485,327.85709176519026,331.8604850676613,335.86451848745264,339.8684889549131,343.87286302633396,347.8768945290616,351.8816888845795,355.8859230164972,359.8908726161231,363.8954372988607,367.9004852979191,371.905244786632,375.9103233658649,379.9152073077055,383.92043401927316,387.92536333061685,391.93077856982615,395.9357281581689,399.9409917807966,403.94589412683524,407.951222753856,411.9561269167142,415.96136793649947
8.181557e-02 7.582527e-05 8.029906e-02 2777.83 0.4807045108583875 -0.04046539872153451 0.16412445188704505 0.5430683093724203 3.070593904812525 324.1594452879383,328.1668820286867,332.17397921950095,336.1818413510519,340.1893585117958,344.1975961019961,348.2055159819952,352.2139026610628,356.2219798322032,360.2306442281366,364.2390158145634,368.247797211401,372.25636801850635,376.2652497575476,380.2738228229917,384.2828807926873,388.2915810189464,392.30072878085593,396.30936956261763,400.3183992582458,404.327173993122,408.3363409010844,412.3449989343433,416.35398986457636
1.204885e-02 2.191193e-05 1.161061e-02 2777.83 0.48296454141567213 -0.04061912882429783 0.16484154165624576 0.5413409840820187 3.0734876861701665 323.83402701263896,327.83750257498184,331.8406468600414,335.84450269215836,339.8479187687561,343.8519969178244,347.8558535661678,351.8603257749662,355.864309061279,359.868960739275,363.87316256088724,367.877979460188,371.8825616994973,375.8874022341847,379.89196505920427,383.8969471188255,387.90155201819584,391.90668334020125,395.91142904293145,399.91652298004294,403.9212140578803,407.92617136544624,411.9309338376617,415.935844569052
1.090974e-01 1.674323e-04 1.057487e-01 2777.83 0.48260980373506124 -0.04044164527465782 0.1646665483743605 0.5412129130759399 3.0964515753936723 324.5011761346463,328.5128745377727,332.52423856444693,336.5363119653612,340.54806926739406,344.5604487772072,348.57254399515824,352.5851836952217,356.59756466659366,360.61055428077464,364.6230233582064,368.6360878193226,372.6488115769876,376.662020915706,380.67487033720477,384.68814927376286,388.70111241881904,392.714392365482,396.7273317396964,400.74073349393086,404.7536707567866,408.76693811147334,412.7797713398865,416.7931846343273
1.100663e-01 1.626277e-06 1.100338e-01 2777.83 0.4798477580906526 -0.040640132718868564 0.16437556158921662 0.543121059140327 3.056898645706034 323.3561163229598,327.3535831402799,331.35075929376205,335.34881578712606,339.34648049309675,343.34453780647067,347.34246361286057,351.34102066001725,355.33916186449886,359.3380304516952,363.33639363063793,367.33526700963057,371.33378116308364,375.33275397465763,379.3315258008643,383.3305180498624,387.32945032493143,391.3284665391974,395.32721800911855,399.32642303276697,403.3253433496876,407.32434230526303,411.32299710823605,415.32207307752134
2.312237e-01 1.157275e-04 2.289092e-01 2777.57 0.4844012968918394 -0.04053987011919498 0.16346826467965103 0.5417481775991734 3.098321953738687 324.32545485161415,328.33486577820156,332.3441281296692,336.3539633317482,340.3634924475046,344.3736945195042,348.38354857671595,352.3940438874641,356.4042434692026,360.41486325433686,364.4252615370917,368.4360193363437,372.4465680007569,376.4576137963901,380.4681282145239,384.47926903147817,388.49000472528576,392.50122411419136,396.5119122128915,400.5229896421788,404.53377315169996,408.5448923087602,412.5556940880186,416.5671590116156
2.334364e-01 6.086112e-07 2.334242e-01 2777.83 0.4785691621566768 -0.040561450420970785 0.16534079915877528 0.54329718480922 3.0796625311613157 323.5126177232867,327.5122556580048,331.51142280949307,335.51133445511346,339.5108995995521,343.5110981267031,347.5109522363742,351.5114016475449,355.51156355271826,359.51231817456807,363.5126854058285,367.51354211094434,371.5140217377787,375.5150334800489,379.515703366933,383.51683000371236,387.5174363838466,391.51861201093055,395.5193169546883,399.52046852106906,403.52120923195463,407.522234484522,411.52298850526415,415.52384037260936
1.290533e-01 8.954134e-05 1.272625e-01 2777.83 0.48256076120289737 -0.04050739025281918 0.1639170189407287 0.5431371264316369 3.0813373310432897 324.22203737378555,328.23029295167385,332.238148860773,336.24683183050377,340.25503269475155,344.26403089429095,348.2725822143534,352.2817883376892,356.29058335688353,360.30017789954246,364.3092060556778,368.3187385841069,372.3279163892733,376.33768821713824,380.3470303226057,384.3568065020166,388.3663386229474,392.3760944996791,396.3856599869754,400.3955575140634,404.4050846138205,408.4148282050656,412.4241949385453,416.43404700880507
1.802006e-03 3.150287e-05 1.171948e-03 2777.83 0.48148214940162043 -0.040552600313889645 0.16386205422199016 0.5431198596090909 3.0787224229959267 323.90974751966655,327.9141524646496,331.9183423073203,335.92312748498733,339.92749943841864,343.9325039710672,347.93723117946985,351.94277130075056,355.9477860788358,359.9532724827228,363.9584221244889,367.9642340121424,371.96960511218947,375.9754345964189,379.9810872804957,383.98699704565024,387.99252671352684,391.9985294286067,396.00417141167816,400.0102013264501,404.01578531516606,408.0217268611872,412.0273592178571,416.0332163867793
1.698659e-02 4.977220e-05 1.599115e-02 2777.64 0.48039107400694353 -0.040490492226109814 0.16396411277564032 0.5429969931831344 3.0933927722675683 324.0245122416451,328.0304073400094,332.03592759877245,336.04208775592804,340.0478394729889,344.0543913897181,348.06070750638565,352.0674694243372,356.07382143068384,360.0808144721121,364.08751894523226,368.0947722104228,372.1017298866488,376.10881487151437,380.1158627443069,384.12319739750524,388.1301649430563,392.13768630321056,396.1448436372306,400.1522277903705,404.1592337091945,408.1666296043128,412.173740964731,416.1810788814411
6.616015e-03 2.524139e-05 6.111187e-03 2777.57 0.47871663678323856 -0.04047863314949078 0.16459663690133777 0.5425427537048017 3.064907587999839 323.86032139085836,327.86420638951495,331.86746868994265,335.8718577738662,339.8756012014257,343.8801534505057,347.8842605527728,351.88912761344386,355.8935430114941,359.89839294578155,363.9031175340451,367.9082338375475,371.91308086971407,375.9184639343998,379.92331824271434,383.92869704525754,387.93373696415426,391.9390191470221,395.9441553208978,399.94966803837895,403.95472706482497,407.9598657244569,411.96490357015847,415.970176788562
1.747829e-03 3.204018e-05 1.107025e-03 2777.83 0.4792885206007849 -0.04048317591425806 0.16437395965186552 0.5432172595149745 3.0686324853769857 323.9122353013923,327.9165499521735,331.9205691750758,335.92539535990966,339.92990193103503,343.93505371002817,347.9398897754018,351.9452672327013,355.9503378555085,359.95594542600264,363.9612622828214,367.967093787182,371.9725639099415,375.9784177800947,379.9838883786993,383.9899006463929,387.9956669940411,392.0016547796235,396.0073169687802,400.0133154667897,404.01905841111926,408.02499115286497,412.0306541999386,416.0365849502469
2.073437e-02 5.193007e-05 1.969576e-02 2777.83 0.47869638764483274 -0.04043358319457613 0.16430805292417366 0.5434171066033793 3.0859642008601416 324.03644455153074,328.0425367673306,332.04824315059403,336.0544635797352,340.06050502132,344.0671987578888,348.0735619598064,352.0806067722818,356.08713850267003,360.0943529025251,364.1011198648706,368.1084902004233,372.11537804803385,376.12295801704573,380.12999164113114,384.1376199326117,388.14470196557966,392.1522817363545,396.1596281129523,400.1671108964023,404.1743751662886,408.1819397943773,412.18914083532945,416.1965809819134
2.021313e-01 1.087335e-04 1.999566e-01 2777.83 0.479922223735179 -0.040406310098113414 0.16408784952782765 0.5432840451961228 3.0806159336951358 324.2984634646699,328.30745811793605,332.316547779723,336.3261555523368,340.3353107363371,344.34520132981964,348.3547954683172,352.365078128118,356.37486186326004,360.38528170379,364.39531967898756,368.4058075314249,372.41601862148826,376.4268133134789,380.43711084206484,384.44795603546726,388.4583155726187,392.46908178866266,396.479542744438,400.4903785861264,404.50093380790514,408.51165969853406,412.5219300636683,416.5326855678282
5.816226e-03 4.105000e-05 4.995226e-03 2773.93 0.4761220223486341 -0.04036856025291086 0.16421919064120521 0.5435979598762217 3.072321867669087 323.968983911892,327.9750019369288,331.97976720175734,335.98529017453586,339.9906495198194,343.9965316757912,348.00206721645065,352.00825333205535,356.0141165160324,360.0204153591362,364.026449787853,368.0330179339248,372.03921227706206,376.0458578842193,380.0521672918729,384.0588550827467,388.0652748457087,392.07206567576253,396.0784638883335,400.08533449154356,404.0916780800026,408.09843359287896,412.10466498909165,416.11140107336064,420.1176672837887
1.537283e-01 2.887561e-06 1.536705e-01 2777.57 0.48088938048235313 -0.04061426343704372 0.16391191175813363 0.5426024853708975 3.059206535933232 323.5904785670003,327.590910688921,331.59098588216864,335.5917783945819,339.5922559122944,343.5933523905927,347.5941964874392,351.59566012085827,355.5966931217953,359.59838457238646,363.59969590318366,367.6014230469177,371.6028843340896,375.6047387667584,379.6063063636285,383.6082891624836,387.6101274597601,391.6121052629948,395.6137746761654,399.6157706562767,403.6175164536017,407.6195979993669,411.6213168711477,415.6232279737125
1.332199e-01 1.569852e-04 1.300802e-01 2778.82 0.4769173827465278 -0.04027038085395829 0.1642469123049164 0.5440885713580278 3.0889137890015057 324.46336527100607,328.47477306560717,332.4856652409935,336.4973896791113,340.5086929747826,344.5206034362625,348.53225587583955,352.54459338870987,356.55644441238826,360.56905640678633,364.58109976045847,368.5937102970937,372.605928049263,376.6186823130111,380.63114541212934,384.6440512437126,388.65639986682703,392.669359473453,396.681787907316,400.6946237212489,404.7072786073006,408.72008166789163,412.7325337235485,416.74529796136727,420.7584641619819
3.500122e-03 3.818034e-05 2.736516e-03 2777.32 0.47667914918404214 -0.04038955012816921 0.1640381458144865 0.5438694352849249 3.0558783125299533 323.9513822997678,327.95658009453786,331.9611959205443,335.966524900987,339.9715352788058,343.977193720885,347.9824620261035,351.9883462994111,355.9939968386637,360.0001772855027,364.0058734517358,368.0121400973897,372.018204455309,376.0245644689062,380.0306784357533,384.03706649269117,388.04324018522846,392.049773605578,396.05593240347696,400.0624311591717,404.06867824127966,408.0750352414181,412.08136764439746,416.0877523074412,420.0940663688025
1.386575e-01 7.538038e-07 1.386424e-01 2777.83 0.47892454258688566 -0.04060126653539257 0.16380958552304326 0.544082698688445 3.053791981342409 323.39062029698715,327.38863022133984,331.3861269810177,335.38452152884196,339.3824718931342,343.3810811780926,347.3796310528292,351.37859275566854,355.37707027483594,359.3763405698438,363.3750831993245,367.37441113407056,371.3734659861952,375.3728286529211,379.37197661251815,383.3714953816013,387.3707231477552,391.37023970886463,395.3694441882527,399.3690556465883,403.3682506842929,407.36764923134194,411.36678396731,415.3663050774096
3.738526e-02 5.998334e-05 3.618560e-02 2777.64 0.4790236210107341 -0.040434452499722356 0.16485671922788592 0.5420731832213975 3.0853083711073466 324.07966695458356,328.08604327479287,332.0921557589012,336.09904486732427,340.10563556506577,344.11273599140327,348.1198135398896,352.12725647547256,356.13433511445993,360.1420412487572,364.1494493294749,368.1572877253685,372.1648483796628,376.1728874386552,380.1805782898427,384.18847896937143,388.1962864996819,392.2044498813138,396.2122471042365,400.2202777922167,404.22804286475525,408.23613929646444,412.24393696034423,416.2518776151999
1.044853e-02 4.530470e-05 9.542432e-03 2777.57 0.48202522775751383 -0.040548297013414704 0.16402214032976653 0.5417594154389671 3.0780109509363958 323.99934647955257,328.0048584994328,332.0099267667098,336.01573166677366,340.02130074371894,344.02760535014096,348.03344814925475,352.039905219462,356.0459340903629,360.0526983006764,364.05902007576594,368.0659535412568,372.07241877395245,376.07933005334115,380.0860649474395,384.0931283456326,388.09984335823464,392.1070063059182,396.11378340719557,400.1207094933601,404.1275743932988,408.1347199045165,412.1414175994378,416.14826585836624
1.401578e-02 2.108131e-05 1.359415e-02 2777.64 0.4795476806744466 -0.04051236053920718 0.16372669957635874 0.5438526030404635 3.0742917293071117 323.82604258313984,327.82934432151046,331.8323203240622,335.836178320388,339.83964352360454,343.84366595705455,347.84733078377997,351.8516851750115,355.8557060596915,359.86019265418633,363.86452661364666,367.8691236068876,371.87357167210655,375.87830328888975,379.88284573545627,383.8877828699087,387.89249852971346,391.89734933955174,395.9018481520837,399.90683315288754,403.911520262843,407.9165094025403,411.9210311079716,415.9258500941457
1.914337e-03 3.166092e-05 1.281119e-03 2775.26 0.4781181055464211 -0.04044972643848261 0.16498681313684055 0.5421224689615641 3.090557125901393 323.9063390399287,327.9109318977947,331.9149800759028,335.9197955056851,339.92421666567304,343.9293585669335,347.9341188444957,351.9394003131079,355.9445493213612,359.95004651742124,363.95537842841327,367.9609849497997,371.96637920217887,375.97224404433064,379.9777426729816,383.98385917186,387.9894818386328,391.9953702191997,396.00104320527475,400.0069372548683,404.0125962238959,408.0185879097488,412.0243321081849,416.0301878309999
7.043467e-02 9.070698e-06 7.025325e-02 2778.22 0.4826380079987834 -0.04064290833394317 0.1648968193402784 0.5415752219467378 3.066188179987913 323.69856879699427,327.700272979231,331.70173538290743,335.7038590394506,339.7055744913364,343.70813505673715,347.7101913378109,351.71294117973406,355.71526898961065,359.71835403653665,363.72097811291763,367.7240254914691,371.72684182389816,375.73009226477467,379.73304041331056,383.73637541882664,387.73934890536475,391.742670423847,395.745773571638,399.7491838168486,403.75224112162624,407.7555095969571,411.7585289211831,415.76177039013953
3.534341e-03 3.845013e-05 2.765339e-03 2777.83 0.48125627108792873 -0.04053432581293993 0.16433051948427826 0.5425480036560791 3.0820198226715316 323.9566280791639,327.961705158546,331.96636952078114,335.97171047188124,339.9766684678021,343.9823208448055,347.9876457010761,351.99359729214274,355.9992744049661,360.0054079016945,364.01116311926137,368.0174712944697,372.02346105924306,376.0299475962165,380.0361138513211,384.04260431655945,388.04883153734966,392.0552763724729,396.0615431329123,400.0682414941575,404.0743853335373,408.0808879711557,412.0870933744366,416.09362050463267
3.163384e-02 5.678200e-05 3.049820e-02 2777.64 0.4774895861921063 -0.04038902704436431 0.16464191037194614 0.5433913395935823 3.077669861663661 324.06156346513694,328.067929054179,332.07386476556013,336.0805581456983,340.0869490367288,344.0939609912807,348.10067924071745,352.1079490652432,356.11480860497744,360.12234361604686,364.1293835399559,368.13706872930226,372.1443882266977,376.1522679338432,380.15968651351164,384.16751167644316,388.1749704865678,392.1829466391917,396.19044468224894,400.1983351862778,404.20604846788564,408.2137399162216,412.2212697013137,416.2290276152701,420.236598374147
2.734935e-02 1.665512e-05 2.701625e-02 2779.15 0.47528914185818755 -0.040387740286129944 0.1640507278710609 0.5446612823662961 3.0618657777256058 327.7834224629941,331.7859967909594,335.78936770529697,339.79212860453197,343.795702600095,347.79890941371167,351.8026447827682,355.806125799745,359.8101690831482,363.81392656782555,367.8181405492787,371.821885081683,375.82626716713605,379.8301462070001,383.83454508900485,387.8385707628787,391.8429663774787,395.8470929650567,399.8515399265128,403.85557305015976,407.85979984362086,411.86396242482704,415.868146439844,419.8722620714579
1.760782e-03 3.344700e-05 1.091842e-03 2777.62 0.4756679503183561 -0.04036613063637939 0.1644084505866577 0.5441287822977481 3.0689541444553883 323.91832274488803,327.92326849997113,331.9275075027328,335.9323803812162,339.93699129926347,343.9422528345991,347.9472487876083,351.9527379209603,355.95798856791436,359.9637320100774,363.9690894459098,367.9749343638832,371.98050697493795,375.98645908762444,379.9922896505235,383.99830003537863,388.00416387615826,392.01016394960806,396.0159527321701,400.02210776139736,404.0278562577848,408.0338713583689,412.0397701293478,416.045818524515,420.05161791330306
2.498817e-01 1.222551e-04 2.474366e-01 2775.14 0.4763291128779649 -0.04028201145837245 0.16469671679655523 0.5430303515324927 3.07808430571916 324.34498026561613,328.3552652261429,332.3647065068809,336.3750593723892,340.38490009823136,344.3953735157942,348.4057619552061,352.4165137325488,356.426962786674,360.43789487139384,364.4487285530231,368.4599040873068,372.4707498990348,376.48204441294297,380.4930005623646,384.50428281698277,388.51546852279375,392.52673697203784,396.5378843480828,400.5493178040558,404.56030777619424,408.5717082412189,412.5826426836895,416.5940033839845,420.60508098704986
5.289016e-02 6.606645e-05 5.156883e-02 2777.64 0.4795994331287622 -0.04044393455621063 0.16463305664693687 0.5421900152346453 3.0719294860330963 324.1112434826917,328.1180022309034,332.1245423069568,336.13192214246266,340.13889278759507,344.14650811366386,348.15364914455233,352.1615254166547,356.1691419090744,360.1772044129052,364.1850258319344,368.19319090732915,372.20103669434747,376.20943786217316,380.2175081376093,384.22597965358705,388.23419153805736,392.24259196190513,396.2507905650802,400.2591728163852,404.26737607394864,408.27597763288577,412.28405494975055,416.29235843995593
5.187875e-02 6.511233e-05 5.057650e-02 2777.32 0.47411286507360634 -0.04027033881261471 0.16432352537945658 0.5446138311706473 3.069530090886446 328.1087795163162,332.11534480461347,336.1224341579986,340.12938736563467,344.1368782517489,348.14412776393544,352.1519927202948,356.15951549331766,360.1675832470566,364.175192162026,368.1832827811228,372.19113983978616,376.1994158509988,380.20737380370355,384.21580683826875,388.22392274368684,392.2322382284093,396.2402189386445,400.2486043214431,404.25668110223967,408.2650093053575,412.27303260809066,416.2813910175649,420.2892664307185
8.653170e-02 7.766092e-05 8.497848e-02 2778.22 0.48314590598986856 -0.04054231957306506 0.16566551496992044 0.5402833838452296 3.0727800818108717 324.1662442749092,328.1739198839895,332.1811363807585,336.18905540543926,340.1965706460036,344.2048421858923,348.21277604223957,352.2212646419284,356.229579272497,360.2382172711098,364.24661042501765,368.2556022688486,372.26422396370543,376.273206848793,380.2819301333403,384.2910328798201,388.29989425162387,392.3091196373226,396.31793121679044,400.3270599713984,404.3358490670368,408.34505665843164,412.35398458593875,416.36313705548196
1.246623e-01 8.806966e-05 1.229009e-01 2777.83 0.47674172739982135 -0.04032640203010671 0.16441979599401474 0.5442989760431445 3.0592468163014335 324.2107861679687,328.2190442427661,332.22693097838896,336.235464229852,340.2436195164104,344.2524539404533,348.2609589474367,352.27005859996757,356.2789112694298,360.28825674635596,364.2972619903692,368.30674428616015,372.31586293787916,376.3254396836944,380.33476633178196,384.34440820209466,388.35375578062593,392.36362055329863,396.3728381729926,400.3825733252551,404.39192744983825,408.4016111362819,412.4110673495033,416.42069568645223,420.43037980443205
3.311038e-02 1.523092e-05 3.280576e-02 2779.01 0.4736926560701389 -0.04033887203553588 0.1645856173042917 0.5456795568134873 3.0542409269608135 327.76889681673765,331.7713123002205,335.77440240772944,339.7771338500216,343.780415834681,347.78351762086385,351.7870881362459,355.79047631205555,359.7943269550838,363.79789120148564,367.80193964722673,371.80549479203717,375.80959593038256,379.81346134046134,383.817609775634,387.8214957687092,391.8257298334315,395.82960921167216,399.83398933416083,403.8377916362689,407.841907625719,411.84573890064405,415.8498580051885,419.8535880261582
3.690088e-03 2.798544e-05 3.130380e-03 2773.10 0.4774286216675289 -0.040432403738416695 0.16406014657534326 0.5427888347078175 3.052535353933898 323.87939968142894,327.8835137594735,331.8871468772538,335.89162538494674,339.8957751016429,343.9004974266141,347.9049530800632,351.90996806077254,355.91473836313577,359.9197924423861,363.9247344039611,367.9302166984689,371.9352645674292,375.9408071935066,379.9459345998622,383.9515315283659,387.9567848292711,391.96244178983994,395.96769139674586,399.973387942184,403.97866984175545,407.9842547605654,411.98948250586176,415.9949197254898,420.0006350295324
1.118102e-01 8.555953e-05 1.100990e-01 2775.26 0.4786780002070987 -0.0403940595091863 0.16495321907165272 0.5418878055350901 3.0889741471389267 324.19999816633833,328.20804848659253,332.21583142508075,336.2242738314495,340.2322498961835,344.24092232890354,348.2493826498763,352.2583403705472,356.2670683788258,360.2761444634628,364.2850345266585,368.29445894965767,372.30360656415024,376.3130677606575,380.3221547112076,384.33180483594725,388.34096331470136,392.3504770398861,396.3599027679243,400.36952819829565,404.3788342353272,408.3883454216101,412.3976609429115,416.4071252129634
3.879824e-03 2.798754e-05 3.320074e-03 2775.26 0.47821343785633263 -0.040458937967243404 0.16514085175688817 0.5416902573975241 3.0658601407943866 323.8796472339937,327.8838981276114,331.8876911352609,335.89211520118306,339.896189976239,343.9009555645013,347.90537589622454,351.91044392024105,355.91519349654243,359.92033518034583,363.92536603533864,367.93073598740045,371.93576306653324,375.9413363313052,379.9465393266287,383.9521654521857,387.95740667049995,391.963127271163,395.96840352564993,399.9739239705462,403.97938697188494,407.98503138833354,411.990242884856,415.9958502952018
7.881364e-02 7.493403e-05 7.731496e-02 2778.82 0.4781682910581051 -0.04038624609695327 0.16402208823952974 0.543884488101787 3.0670082828905554 324.1544271317272,328.16199323237396,332.1691908137723,336.1771225280922,340.18457298589306,344.19264047881813,348.20037042359917,352.2088026225553,356.21691044192494,360.22545082318385,364.23389546805646,368.2426571365477,372.2510448674449,376.2599804335276,380.26859905864603,384.27760935056443,388.2862766270332,392.2952286065654,396.3039341434066,400.31281984267804,404.3216395671205,408.33061908418784,412.33928732245954,416.34808797437813
5.090873e-03 4.062138e-05 4.278446e-03 2775.26 0.4785030923520393 -0.04044447397272772 0.16439565580163767 0.5427347040628779 3.067274538145732 323.96912534609504,327.97442616996125,331.9791694534195,335.98477957132025,339.98989671329645,343.99577955993914,348.0012533781146,352.0074005661521,356.0132899361471,360.01966202929424,364.02559408713114,368.0319902962246,372.0381624428521,376.04492083973196,380.0512480327402,384.0578179739999,388.06416415416004,392.0709505129555,396.0773027622046,400.08400126429035,404.09057272806757,408.0971972597392,412.1034995835015,416.11020357050785
2.511846e-02 5.386877e-05 2.404108e-02 2777.83 0.48053115633563087 -0.040486593720334925 0.16420301493737538 0.544086900715847 3.070922076775854 324.0496886756413,328.0558338501754,332.06155109768935,336.06805282755215,340.0742531804542,344.0810496452003,348.0875285477133,352.094549673775,356.1013674694023,360.1086325941768,364.1155817773668,368.1231339309061,372.13019875180663,376.1377527068151,380.1450539700558,384.15267486551744,388.16002340006963,392.16764624790994,396.17518492047674,400.1828198051008,404.1901254648601,408.197868053278,412.2051883739132,416.21281177133096
1.494747e-01 3.190264e-06 1.494109e-01 2777.83 0.4773047560948457 -0.04049979421720004 0.1647684605360864 0.5435072801624692 3.059001893742278 323.5938044799382,327.5943341448331,331.5944848458029,335.5952238539222,339.5958157931858,343.59709907678166,347.5980283507564,351.5994979943214,355.6007063098529,359.60233103615826,363.60367000470757,367.6054909362554,371.60714074793196,375.6090430904591,379.61074488018045,383.61290460796437,387.61448209242934,391.61649544003245,395.61833946533386,399.6204755263091,403.6222205346653,407.62430128527143,411.6259607160168,415.6279131828103,419.6304179532912
1.942579e-02 5.119089e-05 1.840197e-02 2777.83 0.47755491959930446 -0.04039797800032941 0.16440792593222658 0.543839474341162 3.0798037302241292 324.0323868148585,328.0382628254955,332.0438983173902,336.0502039645007,340.05621981622267,344.06290470038454,348.0692571621391,352.0761172155338,356.0826655863288,360.08972904371103,364.0965559734477,368.1038859674771,372.11088753605003,376.11818104666,380.1252854947448,384.13269543549274,388.1398461736222,392.1473856031796,396.1545303172044,400.1621389039393,404.1693046304332,408.17680432222784,412.1839207149101,416.1913230871421
2.203948e-03 3.036584e-05 1.596631e-03 2773.97 0.4748625628171197 -0.04034677039790873 0.16422075907362466 0.5439093739455877 3.07118999634012 327.8992703188301,331.9032264424948,335.90792724080603,339.9122237453761,343.9172202435563,347.92195302533133,351.9271343436337,355.9320529097667,359.93746810349853,363.9425996674991,367.94825263643344,371.9536604050018,375.95935043049286,379.9646845784511,383.97037062818515,387.97587771711443,391.9818094916443,395.9872822811018,399.9931298472124,403.9986786575427,408.0045579505473,412.0098733409681,416.01557117451375,420.0209423350256
4.859028e-03 3.989993e-05 4.061029e-03 2777.83 0.476633916699007 -0.040385115807206176 0.1644082201661028 0.544499990371852 3.0685580181172454 323.96312041403235,327.9684585034584,331.9731560250325,335.9787589441798,339.9838598736491,343.98961745514134,347.9950731908607,352.00112687075165,356.00685854836786,360.01313167104087,364.0191542716591,368.0255002741434,372.031610163448,376.0381251493314,380.04433177576874,384.0509841743577,388.0572826282343,392.06388400666367,396.0703750105253,400.0769609160811,404.0832085871178,408.0898114555703,412.09619659524446,416.10274239725976,420.10912212042814
1.115766e-01 8.513400e-05 1.098740e-01 2777.83 0.4789032265510693 -0.04039968992087234 0.1651562851285538 0.543051761106753 3.086348492145261 324.2000708106578,328.20803008303164,332.215573833965,336.22398107816895,340.2321032125137,344.24072046135535,348.24921865560185,352.258219157693,356.26678940274945,360.2759722967918,364.28480147461283,368.294264349724,372.3033105681655,376.3127773803194,380.32187028137724,384.33137121251735,388.340595127831,392.3502503979117,396.35950278409445,400.3692015352388,404.37840032576577,408.38789339272137,412.397097145258,416.4065699331438
9.257344e-03 2.339037e-05 8.789536e-03 2777.62 0.47593154046897157 -0.040392832968537434 0.16426192969998324 0.5442103591360548 3.0630227304524693 323.84274636590794,327.8472277487761,331.85044590482136,335.8544996481929,339.85812724746626,343.8625246485458,347.8664637467442,351.8710489426816,355.8753512281958,359.88015694489803,363.88460941239646,367.8895268729554,371.8942255276152,375.8992469852752,379.9041013016534,383.90917370317084,387.9139237865743,391.9191160553395,395.9239786628072,399.9292164482248,403.93407136764677,407.93917407067374,411.943986436646,415.9490432875171,419.95380300595895
5.684638e-02 6.719003e-05 5.550258e-02 2777.83 0.47703479713897673 -0.04036070287470847 0.16439586638332504 0.5440879665385008 3.0662342745269635 324.11349837535937,328.12051668535,332.1271173480096,336.1343965112622,340.1413453945102,344.1490286672282,348.1563093696979,352.1643710498119,356.1719310121048,360.1800520367434,364.1878184924037,368.1960854304159,372.2040810128199,376.2125512139787,380.22054861541204,384.22911258949387,388.2371565290532,392.24569334865714,396.25391112114085,400.26242509871685,404.27069182319195,408.2792064993129,412.2872547472272,416.29569447057906,420.30452192244167
1.943696e-02 1.898476e-05 1.905726e-02 2779.16 0.47402077601242776 -0.04033997569174939 0.16378632276254668 0.5459960840671758 3.0550030895805076 327.8062920102562,331.80906487966814,335.8126145493409,339.81563004704714,343.8195494304274,347.82314096752776,351.8272379959447,355.8309800258592,359.83530680315647,363.83929704847,367.8437025455027,371.8478352332204,375.85239748555284,379.8564968880167,383.8612664401239,387.86564709026777,391.8702235627705,395.8746944497787,399.8793534456927,403.8835930982319,407.8882819337049,411.8925893232427,415.8971396820069,419.90137070528647
3.309085e-02 1.515394e-05 3.278778e-02 2773.10 0.47617969756249556 -0.04041927198760562 0.16339638051682775 0.5446108754996146 3.0601297478297864 323.767016434885,327.7703999472597,331.7727571644537,335.7758593588074,339.7786276066592,343.782013343476,347.7850533552322,351.78870300859063,355.79200228116906,359.7956725145234,363.799316003294,367.8033304510116,371.80707554973077,375.811238251905,379.8150433279572,383.8191228965014,387.82304934710186,391.82722986654437,395.83119437143944,399.83550373063315,403.8394345882049,407.8435597626474,411.84735510206656,415.85151946307485,419.8552969223897
3.541294e-03 2.812813e-05 2.978731e-03 2778.01 0.47467354120166755 -0.04034482819961382 0.16384198235302003 0.5438991913593745 3.0672517972588373 327.8822432997698,331.8860389436113,335.8904351199,339.89457865943433,343.8993794452624,347.90387891088994,351.9088933993721,355.9135336292254,359.9188325252384,363.92370750086644,367.92907276403696,371.9342276211895,375.9398169933059,379.9449323110843,383.9505842614394,387.95581622860453,391.96144912817,395.9667977861878,399.97244253418376,403.97772048782394,407.98329353873964,411.9885779994381,415.9940587677165,419.99907427344596
9.412533e-03 2.352484e-05 8.942037e-03 2777.64 0.47812237263814056 -0.0404636424863858 0.16460025720477603 0.5428775726696745 3.076621278718366 323.8451430925964,327.84892874362936,331.8522343712653,335.8562630091719,339.8599388347252,343.86433208802316,347.86828095929775,351.87282053591423,355.87702326821085,359.8818896860188,363.8864082223804,367.8913490198019,371.89592996855725,375.90108304777976,379.9058647006014,383.9109655575241,387.9158754497034,391.92105401283015,395.9259608885156,399.9311506640075,403.9359227643015,407.94121614321045,411.94602247232706,415.95119039611427
2.159025e-02 1.835472e-05 2.122316e-02 2777.64 0.4778282665043705 -0.0404650162773392 0.16453038357554595 0.5434418100596162 3.0710212254643547 323.8002189578026,327.80337108784585,331.806181466253,335.80971730844306,339.8128462406704,343.8166705691027,347.82003150269145,351.8240393134984,355.82772563101605,359.8319405541934,363.8359108436839,367.84041098920096,371.84437305726146,375.84892918821686,379.8531410712941,383.85771434582426,387.8620550446034,391.86674727425464,395.8710587890108,399.8755380107563,403.8799493377784,407.88443477910147,411.88876872105664,415.8933053219853
1.826866e-01 1.790740e-06 1.826508e-01 2777.32 0.4762287464684002 -0.0404736666312983 0.16408176279287565 0.5440446290855543 3.059432203279648 323.558398746741,327.5593705680468,331.5591243332221,335.55957742286625,339.5597716822624,343.5606110156568,347.5610747764719,351.56212101762264,355.5627911584738,359.5640294463825,363.5649459752027,367.56642783727006,371.56763009863903,375.5691021016052,379.570344646691,383.57194170620716,387.5731897136251,391.5749344486165,395.5761945340037,399.57811679631413,403.57928605407704,407.5809004459806,411.582177649577,415.58371334365364,419.58498081426455
8.975896e-03 4.392964e-05 8.097303e-03 2777.83 0.48028698104131967 -0.04049290575206475 0.16346935367653925 0.5439261292105978 3.064990431368743 323.99252062276514,327.9979790198189,332.00310131885374,336.00887632652035,340.01423101669786,344.0202909106018,348.0261953092427,352.0325751330308,356.0385970162377,360.04515409161877,364.05134917782914,368.0581708327996,372.0645104454377,376.0714948372029,380.07791370012785,384.08501195522825,388.091516289994,392.09851246700924,396.1052542696608,400.1124536846578,404.1188432255585,408.125847915766,412.13248271241963,416.1392966145733
6.728886e-02 7.050795e-05 6.587870e-02 2778.82 0.47650904609641015 -0.04033988794681297 0.16439304452479694 0.5441785612622967 3.0772982088033647 324.13098681781366,328.1385311200313,332.1454471740843,336.15301276936117,340.1602424185996,344.1681733380368,348.17560270054395,352.1837456334636,356.1915735780075,360.1998982138437,364.20791784605865,368.2165206610607,372.22466996724444,376.2332806669193,380.24152848183184,384.25022293656775,388.2586762516825,392.2673849674399,396.27589923867794,400.28457119044805,404.29297881164257,408.30161193007507,412.31006985072634,416.3186593556442,420.32717067412904
1.242039e-02 2.197267e-05 1.198094e-02 2778.82 0.47552584813734056 -0.0403845386981156 0.16461664275052892 0.5442385967200407 3.0722602332663254 327.8312531389371,331.83443271534315,335.838320391902,339.8416272981273,343.8458553111062,347.8495995452513,351.85405293801415,355.85808501079964,359.86277752402464,363.86698371203494,367.8717755623905,371.87627505518986,375.8810493472643,379.88560994736144,383.8907105196639,387.8953163535305,391.9002779665927,395.905004355821,399.9099183140899,403.9145612987106,407.9195225799233,411.92419200960387,415.9291576572294,419.933905820127
1.725016e-01 1.003346e-04 1.704949e-01 2779.16 0.4763775536320798 -0.040301914870875026 0.1638684986639871 0.5445641368951016 3.068780725056092 324.262948632217,328.2722081952388,332.2807326938115,336.28997938363284,340.2988521911499,344.308295234275,348.31749531314614,352.3272767305194,356.33674280857866,360.3466658003033,364.35640100578445,368.36658018752644,372.3763060787572,376.3865373989382,380.39639111229826,384.40680888019176,388.4168497487752,392.42718975354495,396.4372142659804,400.4476167645491,404.4576361394035,408.4678791718133,412.47800153227695,416.4881400335536,420.4981824954105
2.814309e-02 5.531764e-05 2.703674e-02 2773.10 0.4757740509737561 -0.04033630797903104 0.16383222930407493 0.5440461802756069 3.0774767235044775 324.0520682380497,328.05891749806585,332.064788520407,336.0713495055242,340.07750039085715,344.084565086152,348.0911259083494,352.0984236933742,356.1052209680387,360.1125475411353,364.11958144041876,368.12714059920006,372.1343812549077,376.14207202717,380.1493850403104,384.15714047530884,388.1645918851054,392.1723240217271,396.179689989221,400.18756037185517,404.1950278617075,408.20281402586284,412.2101055837889,416.21786658853256,420.2253550776252
9.318554e-03 2.345516e-05 8.849451e-03 2778.82 0.47436828317491503 -0.04034322250142197 0.16451442026118096 0.5450943382470792 3.0729472507315103 327.8449649632542,331.84823516399547,335.85222529564885,339.85589635389636,343.8601687355787,347.86427074464376,351.8688179240136,355.8731003413451,359.87779265797457,363.8822177922669,367.88710668187275,371.89178592243974,375.8967608376062,379.90161917133173,383.9067158211244,387.91160433813894,391.91672132827296,395.92159397842727,399.92666399577337,403.93153377233534,407.9366425438632,411.9415343917339,415.94653619280456,419.9511740256057
3.314991e-03 2.845981e-05 2.745795e-03 2777.62 0.4778964227164241 -0.0404454347710133 0.16427761691376552 0.5433421475379192 3.0638591919478144 323.88525969868294,327.88955370995626,331.89332644344347,335.89786438692215,339.9020480304334,343.90689434045606,347.9113528287101,351.91638225680543,355.921172115903,359.9264860659947,363.9313985925201,367.9369363361475,371.94196864069204,375.947553363164,379.9527825335624,383.95840972469097,387.9636920566938,391.96952879548957,395.9749593976455,399.98050230637057,403.98595778875506,407.99157394232424,411.99686736960166,416.00252893604153
3.312834e-03 3.809344e-05 2.550965e-03 2779.15 0.4741585824938835 -0.040310130438190116 0.16443527425252025 0.5447917032176227 3.077828383071022 327.9535134597908,331.95805676086115,335.96326938455746,339.9682973701483,343.97387922571676,347.97925559885584,351.98522764620554,355.9909012817625,359.99691737408943,364.0026993254169,368.00895784710593,372.01489072528545,376.02116345975617,380.02734622926533,384.03382967730295,388.04004897808625,392.04640765171797,396.0526322540451,400.0589572776119,404.06526200385014,408.07162492528516,412.0778020080225,416.0842619332574,420.09019044842677
5.729374e-02 6.730939e-05 5.594755e-02 2777.83 0.4768777596853985 -0.04035598896724482 0.1646194999192939 0.5438246828490376 3.0735853442357723 324.11422684865465,328.1213222500105,332.1278740545888,336.13530964762776,340.1422997460986,344.1498858521654,348.1571780797255,352.1652288453779,356.17273366229057,360.18089088499624,364.1888138980922,368.19705562008573,372.20495576538457,376.21338878009425,380.2214530927165,384.2300829981054,388.2381884342346,392.2467581152951,396.25491449948197,400.2634154797954,404.27163719371265,408.28014783849517,412.28827180987616,416.29677417355504,420.30545059231156
1.969817e-03 3.089871e-05 1.351842e-03 2773.55 0.4741484798672513 -0.04032108318988537 0.1637885262519368 0.5451358975311099 3.0691418530271264 327.90426006401026,331.908228805047,335.91288358579453,339.91726410777704,343.9222988082508,347.9269510855642,351.9323315714136,355.9372588772017,359.94283827152464,363.94804208434005,367.9536050428211,371.95883426299423,375.96472613062633,379.97010249379196,383.9760358574029,387.9816503278099,391.9874147753499,395.99296540455566,399.9988509942263,404.00434903247816,408.0102034649455,412.0157529726255,416.0214976288186,420.02693538900417
1.834140e-02 1.955431e-05 1.795031e-02 2773.97 0.47264977958673704 -0.040296502018231234 0.16406989323138846 0.5452347482905598 3.0673290996995695 327.8094556888157,331.81236801120775,335.8158838502217,339.8191388443951,343.82303891261586,347.82666256985436,351.83075838719145,355.83469293239176,359.83900947400696,363.84303078868953,367.84757124447765,371.85180872224566,375.85640749133063,379.86072316496,383.86546291931495,387.8699190074504,391.8746625030472,395.87906561570077,399.8837332401487,403.8880999168472,407.89278510542414,411.8972957818609,415.9017592286073,419.90613996408024
5.327027e-02 1.147327e-05 5.304080e-02 2776.97 0.47633136750295085 -0.040436308756699894 0.16460366642721608 0.5432494539602725 3.0666513101798674 323.72498961116446,327.72785071949454,331.7296674443943,335.73221676408343,339.7345457905346,343.7374598724521,347.7399695504879,351.7430289711928,355.74579422667426,359.74912787331647,363.7521089656632,367.75571402587866,371.7588915271172,375.76248170565026,379.76575012176386,383.76939816818765,387.77279713125495,391.7765268041188,395.7799715545133,399.783657972603,403.7871610946124,407.7908530643526,411.7941743791732,415.7977357230919,419.80106810369443
1.877127e-01 1.046971e-04 1.856188e-01 2776.83 0.4762780958271324 -0.04029708003445858 0.16471438338564584 0.5432018990602996 3.086084397207057 324.27766051214877,328.28739912041925,332.2959391166349,336.30526071266814,340.3144612277967,344.32419672799296,348.3335287920883,352.3434431895839,356.3530842230485,360.3633020493777,364.37319067404314,368.3835925218128,372.3934763768765,376.40405468880425,380.41416314583404,384.42468698443,388.4348840951185,392.4455110984918,396.4558132311091,400.46631610359213,404.47656677862847,408.48705103416677,412.49730379176907,416.50781707012914,420.5180343764116
4.190468e-02 1.334111e-05 4.163786e-02 2777.83 0.4776424333139561 -0.04046991900310192 0.16392133099028397 0.544693895886782 3.0632177009513817 323.75026546629135,327.7527086412352,331.7549049030319,335.7577654390791,339.760132255616,343.76326612215894,347.76615060369375,351.7695607249879,355.77255748166397,359.77620024416433,363.779432046531,367.7832992079961,371.7867925574919,375.79063734511703,379.7941906041352,383.798165454561,387.80166159637645,391.80577142177196,395.80953006629784,399.81363810724093,403.8171926327525,407.8211557072418,411.82484687898756,415.82852964914315
2.494286e-02 5.402559e-05 2.386235e-02 2777.62 0.4785531853324663 -0.04042531094093037 0.16391658667711329 0.5436689821236533 3.075466072234992 324.0487039490519,328.054993545744,332.06081133066994,336.06730693068187,340.0734099216658,344.0802643515636,348.0866785124597,352.09387240173766,356.1007031073503,360.10799180621325,364.1148938405813,368.1223797677062,372.12949904052044,376.13714211686363,380.1445061511872,384.15203684534566,388.15946077445,392.1671159808865,396.17454029314774,400.1821690597766,404.18971664249466,408.19733653133744,412.20470554741144,416.21217663126953
1.504982e-02 2.069464e-05 1.463592e-02 2778.82 0.47543194245290554 -0.040383751003808775 0.16478938713916033 0.5441441734992688 3.0659477557192347 327.8211420888705,331.8241881464601,335.827893230163,339.83121687227805,343.8351492324112,347.83889453059345,351.84322706203295,355.8471600942994,359.85152486405997,363.8557647820562,367.8602880564765,371.86467276800084,375.8695085871631,379.8739525286954,383.8787603279421,387.88335388305234,391.88807715750534,395.8927230326506,399.89745660803163,403.90210860926237,407.90690202197544,411.9114411183126,415.91614297827886,419.92064811159327
4.826369e-03 4.001667e-05 4.026036e-03 2779.16 0.4743703721052038 -0.04031287004185532 0.16388560869790716 0.5456111879826616 3.085460986428275 327.96690630215517,331.97151933725326,335.97704776090217,339.98218613340447,343.9879694777833,347.9933699310456,351.9994917019034,356.0052867741881,360.01148394090404,364.0173197134333,368.02386776702014,372.02991575613885,376.03643348127406,380.04274907395967,384.049302483761,388.0556492264638,392.0623533170929,396.06852896127094,400.0752038842421,404.0815171298218,408.08815686785726,412.0945659315923,416.1010006836274,420.1071157748077
1.014862e-02 2.303377e-05 9.687946e-03 2773.10 0.4746294903059946 -0.0403533307578409 0.16423810139576822 0.544202742717231 3.0676860640204877 327.8409333107759,331.8441051137267,335.84807927317576,339.8517586347454,343.8560549859017,347.8600252875883,351.8646361351659,355.8687623220923,359.87340472933835,363.8778119641201,367.8827275657046,371.8873207212992,375.8923613694679,379.8971315484284,383.9021990421453,387.9069211592041,391.91208004725365,395.9168638790157,399.92200586718945,403.92675887143685,407.931897867144,411.93657223215564,415.9415743073662,419.94620411789884
1.330083e-02 2.126491e-05 1.287553e-02 2773.55 0.4745940505350832 -0.040354520344835845 0.16384171847483464 0.5447922247905546 3.066450974261017 327.8276656799379,331.83075702626945,335.8345734809642,339.8380281940833,343.8421451319705,347.84595500478156,351.85028667595225,355.8543764476115,359.85883191949233,363.8630228013336,367.8679129095517,371.8721763397907,375.8770923062033,379.881631017748,383.8864923303871,387.8911028579018,391.8960050928472,395.9006288659016,399.90558228190747,403.910245760114,407.91521906263034,411.9197682227697,415.9245059791312,419.9286069133801
1.770014e-03 3.348848e-05 1.100244e-03 2773.10 0.4762497476848937 -0.04038353469134525 0.16343905492337657 0.5445527578654301 3.0732624619925026 323.9201960380735,327.9254955649057,331.92964358840123,335.93464818146,339.939307916202,343.9446617088601,347.9495199854375,351.95513315922256,355.9602346293964,359.96597077238675,363.9713806442932,367.9772401365116,371.9828726485278,375.9888501059907,379.99467040341733,384.0007147701575,388.0063454951694,392.01256378668876,396.0183996626218,400.0246717418328,404.03038468331476,408.0365248350448,412.0421071489726,416.0481874000414,420.0539826965872
2.056453e-02 5.140247e-05 1.953648e-02 2777.62 0.47626762720765436 -0.040357288378956274 0.16417274114960115 0.5441696497172593 3.0768470996037234 324.03078879630306,328.0374081546027,332.04301309700287,336.04934821041695,340.05531878677976,344.0620769340145,348.0683555264756,352.07523017655603,356.08181671474415,360.08891207144165,364.0957617724247,368.1029543859543,372.1100478982734,376.1174588186517,380.1244572943513,384.13195926521104,388.1391442728961,392.1465376971454,396.1538911772543,400.16143291876085,404.16852002800573,408.17597547012383,412.18315475848584,416.1905637585525,420.1976854132617
1.518510e-02 2.067015e-05 1.477170e-02 2773.97 0.4725482622628665 -0.04028946218652375 0.1635654866648094 0.5459473173220097 3.0623447299521307 327.82046075248627,331.82350902874646,335.8272313578027,339.8305880736521,343.8345988018626,347.8381827272264,351.8426138795311,355.84652090131175,359.8510921768154,363.85522607112284,367.8598529227214,371.86417077887535,375.86885283625446,379.8732546989307,383.8782077783797,387.8827530113547,391.8875911206177,395.89216674453974,399.8970475421192,403.90142739484105,407.90632722001595,411.9108470866562,415.9155319292854,419.92000979145524
1.414151e-02 4.756079e-05 1.319029e-02 2777.62 0.4763632268865458 -0.04036572724925698 0.16442593549069617 0.5439152838858946 3.075344802516981 324.0092778819739,328.01551899260613,332.0208480185738,336.02692908741426,340.03265078190447,344.03907366199707,348.0450288556299,352.05169570554324,356.05798763961366,360.0648686831202,364.0714776527307,368.0784748279695,372.08515860339963,376.0922610857023,380.0990314250857,384.1062425849996,388.1130962980838,392.1203583423283,396.1273552481889,400.13453366799223,404.1414657364284,408.1486269666098,412.1554589962602,416.1626906756928,420.1694983019015
9.020293e-02 7.787802e-05 8.864537e-02 2777.32 0.47604848714950815 -0.04031634357247452 0.16380377144539196 0.5443791364864066 3.07522328020427 324.16520064379165,328.17379047985384,332.1809962072032,336.18893851241387,340.19659127234655,344.20492676128725,348.2130124906487,352.22154725193894,356.2297863324875,360.23853250283355,364.246970280904,368.2558632671875,372.26461092530434,376.2736852332318,380.2823789629827,384.2914746355008,388.300288179542,392.30942295850963,396.3184009946151,400.327611573348,404.3363644742908,408.3454369259267,412.3543276794438,416.3633280050108,420.37212577747624
3.436657e-02 1.517305e-05 3.406311e-02 2773.97 0.47309682532179426 -0.04032176184427935 0.1640902346414621 0.5451952985563624 3.068471144584952 327.7656927424251,331.76800247925155,335.7710882817377,339.7737307073975,343.7771269157922,347.780238171001,351.78386973678784,355.78708584255446,359.7909135624589,363.7944504609881,367.79843884947394,371.80218558475104,375.8061394278879,379.8100479010497,383.8142485974016,387.81803137157647,391.8223229899597,395.8260730405591,399.8302769921855,403.83415786790016,407.83834176499505,411.8421463272419,415.84635783539613,419.8501204672311
4.155200e-02 6.109048e-05 4.033019e-02 2773.97 0.47430915048369887 -0.04028185081844127 0.16408338461307473 0.5441590350620381 3.0691232378479483 328.0881448035686,332.0944208151702,336.10139184781974,340.10794532535954,344.1152965417333,348.1222834547875,352.12990531494506,356.1370707097068,360.1448041770471,364.15214198621095,368.1600584638838,372.16766812122387,376.17581767740694,380.1835682987818,384.19163766594096,388.1994298236817,392.20750770735657,396.21530173184823,400.22343863464914,404.2312920468892,408.2393498097406,412.2471942382584,416.25523376240824,420.2627563690587
1.166069e-02 2.205970e-05 1.121949e-02 2779.01 0.47615020868167024 -0.040401908949196846 0.1639017442359182 0.5452635296402804 3.0699664752281253 323.83196474163395,327.8363111660464,331.83944358839767,335.8432613246601,339.84685994046004,343.85076552894503,347.8550167076346,351.8593309021613,355.8635001818026,359.8681338736053,363.87240132888263,367.87723750797716,371.88175458331125,375.8867058671524,379.891255893701,383.89622639309584,387.90099186646523,391.9059470441569,395.91078532604587,399.91580129542655,403.9206027529239,407.92555557019136,411.9301930201717,415.93502323617747,419.93970052947526
6.956661e-03 2.512478e-05 6.454165e-03 2773.97 0.47180500522431934 -0.040257166537832685 0.1640554731639257 0.545594232902391 3.0704552958842366 327.85706465380986,331.86054144061274,335.8648972429361,339.8685741776771,343.8733119330353,347.87732866187923,351.8821474044751,355.8864928737924,359.8914217906662,363.8959863311634,367.90117503410363,371.90600229314776,375.91122613335506,379.91616418822207,383.92140488610954,387.9263855804986,391.93171196155134,395.9366877557371,399.94199471969284,403.94698977972723,407.9523204457597,411.95732640058884,415.9624996795332,419.9674267884472
4.566635e-03 3.943102e-05 3.778015e-03 2777.83 0.4775085561647555 -0.04041382685691141 0.1644647917956757 0.5441743779316844 3.0710745388723013 323.9611598588377,327.96630906596846,331.9710123014061,335.9764211473212,339.98158139353563,343.9873300267937,347.99281276640215,351.9987942826625,356.00449268048345,360.01062041808086,364.0165947156273,368.02301435407867,372.028991671587,376.03558124803857,380.0418046122098,384.04835067107547,388.0546499652662,392.0612700999309,396.06765259668003,400.07411452858463,404.0804629868485,408.08707065697996,412.09333874193885,416.0998036660269,420.1061118986372
5.860495e-02 6.757939e-05 5.725337e-02 2777.48 0.47299240418337324 -0.04023028572341546 0.16368702093421592 0.5453158115670409 3.067044092347248 328.1210694072082,332.1276534781864,336.13504020951154,340.14216644571195,344.14995601227156,348.1572911218108,352.1652298257266,356.1728527106004,360.1809675696987,364.18878295693384,368.197232169332,372.2050808090034,376.21348329623953,380.22163935678066,384.2301696012811,388.23840394060466,392.24696162021263,396.25507801329667,400.26365736354836,404.2718397856021,408.28030640022416,412.2885948839636,416.2970137589523,420.305068509727
2.547556e-02 1.722731e-05 2.513101e-02 2776.01 0.4738528310884337 -0.040340033063264814 0.1639529263685722 0.5451766386684274 3.0653688002376764 327.78832689674147,331.7909577690824,335.7942820442216,339.7973310435607,343.80087954550953,347.8041556577189,351.80797553056857,355.81166228354795,359.8156588118011,363.81940553150866,367.8237412633484,371.8276058689443,375.83199318102146,379.835949113863,383.84043956961807,387.8445559326414,391.8491824549014,395.85322750704836,399.8576703155944,403.8618083402982,407.86622784235396,411.8703597415272,415.8746516607834,419.8787316255202
5.383910e-03 2.620122e-05 4.859885e-03 2776.88 0.4722240392693798 -0.04026784543521453 0.1641853872302924 0.5457441477904884 3.072299451133642 327.86725603019715,331.8708376467021,335.8752249277609,339.8790564372826,343.8837246325362,347.8879042152239,351.8928064054623,355.89727671802103,359.902300262073,363.90723730499275,367.9124345459131,371.91729100161956,375.9226315642662,379.9275896185643,383.93298082741256,387.93812060256624,391.94353172482965,395.94873916508885,399.9541300428444,403.95928470320547,407.96463945257375,411.96971209606784,415.9749351547722,419.97999258223456
2.948044e-02 1.611106e-05 2.915822e-02 2777.62 0.4765318262264141 -0.0404290293469623 0.16390587467327852 0.5444929564772479 3.075562405338925 323.7760875262988,327.7793416450268,331.7817758049105,335.7848805307909,339.78789588452287,343.79134344293686,347.7945197786886,351.7982649838592,355.80152366114413,359.8056271394214,363.80924531080336,367.81342613493473,371.8171202965506,375.82129822885355,379.825235652967,383.82964666707994,387.8336805321219,391.8380368250052,395.8420366874969,399.8463849387906,403.8503873875775,407.8546629116246,411.8586718454998,415.86299070187584,419.8669141128235
3.204198e-02 5.707580e-05 3.090046e-02 2778.43 0.4733568824902832 -0.04025591790237882 0.16363084629650124 0.5450139980914346 3.0694745525754663 328.06654627140915,332.0725548550336,336.07933779671146,340.08562663794413,344.0927454338514,348.09938552977525,352.10672197917586,356.1136662931758,360.12113020456735,364.1282314417627,368.13595935419164,372.1433789570534,376.151097061245,380.1585746764929,384.1663570584171,388.1738526766166,392.1817048589108,396.1893417467135,400.1972153247125,404.2048464505861,408.2125347615907,412.22010159780683,416.22788460183267,420.23523150314895
9.548156e-03 4.464449e-05 8.655267e-03 2772.31 0.4754117961913773 -0.04034156769204069 0.16415750238383586 0.543383368245071 3.081731925634438 327.99410290007245,331.9993185147814,336.0051899035135,340.01057510498663,344.0167096344371,348.02247621959293,352.0288434796179,356.03499962238845,360.0417001708105,364.0479419518689,368.0546903823473,372.061160633799,376.06797096466903,380.07451265646415,384.0814956962102,388.0881927807133,392.09522402288366,396.10183555613247,400.1087865416812,404.11548776534687,408.1224075954618,412.1291347927083,416.1360023829532,420.1427284923351
8.074771e-02 8.052518e-06 8.058666e-02 2777.32 0.47478585896920017 -0.04039721451476145 0.16387053078491015 0.5448782098525066 3.073693499828842 327.6808742998425,331.6821557106335,335.6842301161179,339.68573888871845,343.68825740289117,347.69024729124266,351.6926714862529,355.69495420490233,359.6976913403115,363.7001437240883,367.7030591233273,371.705813484167,375.7086665329436,379.7114724469709,383.71461177029414,387.7174282853977,391.72054525378314,395.72339516222047,399.7266225390676,403.7292904471337,407.7325052620173,411.73526888764263,415.73833290563914,419.7409473212748
2.252915e-02 1.819075e-05 2.216533e-02 2773.97 0.471983986433727 -0.04027768577753456 0.1640815825012709 0.5456391963967943 3.069539255305668 327.7963722115605,331.7991863760819,335.80266156191544,339.80573475968475,343.80951886906524,347.8129290652879,351.81691315496545,355.82051532903745,359.82467782955183,363.82864057590984,367.8331282280447,371.8371061316305,375.84162925938085,379.84574286610683,383.8502844982979,387.85454931535673,391.85900911076106,395.8632727606305,399.86785686955665,403.87217357333014,407.87671543234615,411.88104672408565,415.88537967762966,419.88951022411806
1.665661e-03 3.272233e-05 1.011214e-03 2776.01 0.47501681855854005 -0.04034637077163748 0.16382611667799474 0.544725360246191 3.073506028471535 327.9171419780985,331.9212443674946,335.9262070879747,339.9306923881004,343.93590165923814,347.9407512117701,351.9461921485107,355.95125382117675,359.9570497551016,363.96232880523115,367.96818075675264,371.97360250890904,375.9796207802075,379.9851660247244,383.9911431021493,387.9969094932893,392.0029242209568,396.00871671649645,400.0147551253611,404.02042497230326,408.02635121639617,412.0320616026329,416.03802217167805,420.0435508975218
3.187475e-02 5.692931e-05 3.073617e-02 2773.77 0.47348160285650687 -0.0402600601855112 0.1635397834737101 0.5449633800780668 3.0661005202584883 328.0661053259898,332.07207164218397,336.0789830078638,340.085195907723,344.0923831866963,348.0989864053658,352.106252167174,356.1131880057453,360.1206806032106,364.1278680648754,368.13555743023056,372.142916071011,376.1505415424137,380.1581168826363,384.1658843106322,388.17340830792915,392.1812898936259,396.1888454327506,400.1967298257815,404.2043571106535,408.21210568259505,412.2195636466445,416.2272700526667,420.234698309648
2.662285e-03 3.678842e-05 1.926516e-03 2776.01 0.475300552506105 -0.04034684749893169 0.16296890583507723 0.5460561481351816 3.0756903003483105 327.9461532906005,331.95062952397103,335.9559219497078,339.96083434071863,343.96629214791625,347.9714977502849,351.97726705276983,355.9826840181439,359.9887757516751,363.9944384310939,368.0005724572671,372.00648710897656,376.0126651454622,380.0186098825769,384.02503287238284,388.031044943251,392.0375749344505,396.0435796602954,400.04984322872855,404.0559033787978,408.0622047640311,412.0682465973538,416.07447456470373,420.0806493658828
1.252334e-02 2.178208e-05 1.208770e-02 2773.10 0.4751116459126247 -0.040371574968793345 0.16420860522511424 0.5440318770568975 3.0744354020927345 327.8307501398596,331.8338765576987,335.8377461343572,339.84128471083335,343.8453787134371,347.84915918922286,351.853500993027,355.85762873068,359.86231435497604,363.8664847887435,367.87132488378677,371.8757697557896,375.88061405685335,379.88515745121805,383.8901233910134,387.8947722859476,391.8998387062423,395.90454430676743,399.9094273561011,403.914140265304,407.91898454969567,411.9236899774604,415.9284438095707,419.93307982523055
7.653919e-03 2.463814e-05 7.161156e-03 2779.18 0.47688363787817584 -0.040421432673322856 0.1629004723902263 0.5442901112205116 3.0743854031118776 323.85178686160873,327.85565206700767,331.8590008302387,335.8631697542891,339.86687676426425,343.8712628153143,347.87531771504524,351.88003752484667,355.8843964057933,359.8893811224268,363.893924321665,367.898887968674,371.90362583080133,375.9087364702592,379.9137066974239,383.9190079672539,387.92380370589956,391.9291080585997,395.9340884914363,399.93930926783565,403.9442974875282,407.9496108133065,411.95453146016644,415.9597566861418,419.96516004337235
6.112038e-03 2.546869e-05 5.602665e-03 2779.15 0.47438924004106303 -0.04033880760588106 0.16370751171557985 0.5458477157810929 3.0814219259450333 327.86269789268243,331.8661494800315,335.87023527712006,339.8742416687133,343.87873169564335,347.88286012683346,351.8877211852792,355.89218670861874,359.89716981053874,363.9017875195289,367.906970945001,371.91170548940875,375.91710177702834,379.9219827478086,383.92731652507933,387.93232069938756,391.93776481502965,395.9427133315969,399.94810003556745,403.95320685390146,407.95849522103634,411.9636246898512,415.9687630376273,419.97354071679047
5.451216e-03 2.622321e-05 4.926752e-03 2773.97 0.473690809077677 -0.04031602384117115 0.1637151985290465 0.54535382133787 3.079971623448452 327.8668348465029,331.87042871472704,335.8747847102971,339.878562637179,343.8831967300068,347.8874038429783,351.89227973756147,355.8967930796939,359.90196781897055,363.9066110268876,367.9119097689062,371.9168045276237,375.92199819206326,379.92707257686544,383.9325040866789,387.93759510992,391.9429900086554,395.9481021834966,399.9536532576919,403.95880226096585,407.9640539673675,411.9690681501165,415.9744473562907,419.97953113566405
2.810708e-03 2.917464e-05 2.227215e-03 2779.15 0.4760270501479732 -0.04038479533402615 0.1637956922192858 0.544682542944269 3.07998710359176 323.88812248627374,327.89317474706115,331.89694827237867,335.9015213563037,339.9057212299401,343.9107302097521,347.9152004331554,351.9204333011264,355.9252174945503,359.9305092676834,363.93554333865643,367.9410931786775,371.94638518142676,375.95199485507175,379.95727931166965,383.96295426423427,387.96825855287676,391.9740649950259,395.9795525445801,399.9852566871361,403.99067568758693,407.9964017143272,412.00178542649473,416.00739613852903,420.0127174729165
1.980782e-02 5.102624e-05 1.878729e-02 2779.16 0.47508445802301114 -0.04032022234610755 0.16409293496482313 0.5448927071638134 3.0865024201252136 328.03326591376384,332.03881133025783,336.04508058216487,340.0511117167321,344.0576215284781,348.0638270947112,352.0707038999561,356.0772748296453,360.0843748938408,364.09112758104027,368.0984534663139,372.1054095811276,376.1126281728126,380.1196337676076,384.1270423396077,388.1341288344553,392.1417169647488,396.14880635676485,400.15629883834885,404.1634925793796,408.1708431467602,412.1778916134151,416.18530995039697,420.1923531929746
1.102074e-02 4.558143e-05 1.010911e-02 2774.55 0.4738451888822079 -0.040287643659779146 0.1632987930172695 0.5455639927226662 3.0786723877114306 328.00090253082016,332.0062174332097,336.012019763192,340.01759869312826,344.0238109348746,348.0297171720296,352.036183365779,356.0423374290885,360.04908804332825,364.05543122246246,368.06226527039854,372.0688185234173,376.0757681221066,380.08238010431944,384.0895093138473,388.09617422137393,392.1032953355293,396.10993769678794,400.1170711241735,404.12380025869237,408.13078704129464,412.1375878444032,416.14449929853714,420.15112182676603
3.574473e-02 5.865679e-05 3.457159e-02 2778.01 0.4757652526497653 -0.040330570343358976 0.16285832742371853 0.5449456144233703 3.085189146262487 324.07041931297266,328.07768280387836,332.0836858257332,336.0905514821324,340.0969479539868,344.10416114876944,348.1109206423265,352.1183486487732,356.12550972570716,360.1330326207072,364.1403356563571,368.148061769855,372.15553186458556,376.16344713125204,380.1709964118925,384.17893269089853,388.18661365744504,392.19463256733894,396.20223131062585,400.21026240942035,404.21797203382596,408.2259474246817,412.2336055074335,416.24147828037536,420.24914373806587
2.080585e-02 1.864214e-05 2.043300e-02 2773.97 0.4745302393266048 -0.04035911069587452 0.1633637865850294 0.5452922802778508 3.079283828849107 327.801754223952,331.80453883334474,335.8079955281285,339.8112412127173,343.8150429066517,347.8184930735192,351.8225695415423,355.8263129645851,359.8305392523752,363.8343904000874,367.8388113729669,371.8429615977418,375.84754109211866,379.8517150471701,383.856345596824,387.8605236778197,391.8651491931897,395.86947786616577,399.87410978842547,403.8784918531707,407.88310079752546,411.88734443491495,415.89191362262954,419.8959603072555
7.042072e-03 4.235000e-05 6.195072e-03 2773.97 0.4749526925194698 -0.04032940076060671 0.16404765386567055 0.5441030001905868 3.079734480189137 327.9811173651065,331.9860575039843,335.99169601647174,339.9971078011544,344.0030316797857,348.008665386039,352.0148965151857,356.02081561532407,360.02719802775886,364.0335696068417,368.04006098143833,372.04635746101417,376.05309252394824,380.0593839324161,384.06622907856394,388.07270847405107,392.07954055364297,396.08609551230205,400.0929332059625,404.0994939440682,408.1062074436099,412.1125725646763,416.11939360521706,420.12564033172606
3.945378e-03 3.886390e-05 3.168099e-03 2777.32 0.4770814165874209 -0.04040028167778189 0.16308621478554786 0.545182658619956 3.0670509392853456 323.9560767721104,327.9610956632369,331.9657722069614,335.9710667781546,339.97619086532615,343.98181987006967,347.98711560798813,351.993171954017,355.9987828983008,360.0049589333955,364.01066402369247,368.017033754136,372.02306933175254,376.0294505712265,380.03559784931,384.04210327590863,388.04836576199034,392.0548181471458,396.06105299659527,400.06755705791954,404.0738827043436,408.0804042890781,412.0866506219666,416.09300046327814,420.10000717557483
5.250542e-03 2.639630e-05 4.722616e-03 2781.24 0.47264915225785725 -0.04028136052206158 0.16425628624274574 0.5458974657240357 3.0731541569186196 327.86815272535836,331.8718497032965,335.8760786342316,339.88005873896935,343.8845932372909,347.8888915760744,351.89394442683715,355.8983746415365,359.90355844341724,363.90826161738244,367.9133942836619,371.9183315608187,375.92365678770346,379.9286395136844,383.9341009629383,387.93920675768607,391.9446823159612,395.9498528559138,399.9552676470776,403.9603759511797,407.9657652972242,411.9709632906144,415.97629098381833,419.98125628296674
5.544694e-03 4.075006e-05 4.729693e-03 2773.97 0.47643870721276943 -0.040378704140802836 0.16351613869423998 0.5439775928054226 3.0808562872367093 323.96759514544107,327.973181185055,331.97805872899676,335.9836192142753,339.98888181508653,343.99476827632907,348.0002023413798,352.00635542724706,356.0119947722649,360.01852433525914,364.02443614527,368.0309294355321,372.0371277777962,376.0437746549717,380.0500451957977,384.0567619207319,388.0631124457375,392.06981402711114,396.07629865077496,400.0829999531696,404.08938026858897,408.0960107323339,412.1024446173527,416.1091228515625,420.1153512403701
1.411296e-02 2.102256e-05 1.369251e-02 2777.32 0.4757022582588981 -0.04039036909375472 0.16379607702175225 0.5448355009529412 3.069708698837407 323.8224840116117,327.82641708916987,331.82948939912023,335.8331506705304,339.8365766708794,343.84057943600584,347.84435722485523,351.84875536307146,355.85272492584625,359.85724169946957,363.86140109785,367.8661479522571,371.87054248896845,375.87532738228487,379.8798844178692,383.8847645347576,387.8893493424919,391.894201905959,395.89885993432097,399.90365133545447,403.9082396016091,407.9132146320148,411.91774065811524,415.92260027267963,419.9271924461602
1.252419e-02 4.654553e-05 1.159328e-02 2773.97 0.47391958353312774 -0.04028821228581328 0.1635819803280598 0.5453110401405492 3.0723505999142056 328.0072355057979,332.01269796572524,336.0186055771113,340.02422293654934,344.03057584678305,348.03646300754195,352.0430072308274,356.0494088745566,360.0560092595277,364.06252351337,368.069448858755,372.07604210717324,376.08302464058465,380.0897402797958,384.09688192440007,388.1037186458521,392.1108713578277,396.11770820026146,400.1247681038202,404.1316709096378,408.1386758103694,412.1454640724666,416.15253102091185,420.1591668866766
6.738333e-03 4.221075e-05 5.894118e-03 2776.83 0.47831151043582737 -0.04043387026887682 0.16311861070162204 0.54472200333222 3.078977958905396 323.9799373925811,327.98538201289057,331.990407181408,335.99605863499556,340.0015311117182,344.0073007933038,348.0129336290109,352.019146356195,356.02514889781423,360.0316400086966,364.0377161287443,368.0443213183463,372.05060388801263,376.0573395705018,380.0638267925913,384.07055860812585,388.0771084839699,392.08394132017855,396.0904708714277,400.0973581146767,404.1039107688274,408.1106490219387,412.1171714467861,416.1239458079593
3.659073e-03 2.795566e-05 3.099960e-03 2776.01 0.47426211638772975 -0.040331267286651706 0.1639986852286947 0.5449335360350953 3.0788648081436314 327.881226939781,331.8849066686311,335.8893067641473,339.8934364728919,343.8981828921089,347.90258575080367,351.9075900326482,355.9123884915523,359.91761821304806,363.9224341882777,367.9278042684794,371.9329157713528,375.9384238019462,379.94365970546846,383.94932054798227,387.9545643620723,391.9602123359665,395.9653354773388,399.97088252763047,403.97629522582747,407.981806891346,411.9872029539659,415.9925005591346,419.99766388988536
1.067836e-02 4.534631e-05 9.771439e-03 2773.10 0.47543205996961946 -0.040339482987766684 0.16366260115249415 0.544694680802452 3.0831193717366943 327.9995403010719,332.00478191240256,336.010620049117,340.0161982469205,344.02228091629377,348.0281184486102,352.03470224974745,356.04072961188655,360.0474994872856,364.0538394156093,368.0605506682316,372.06705460040655,376.07401547951906,380.08064028253716,384.0877764260842,388.09442099538006,392.10148384693537,396.1082035054465,400.11508430196966,404.12188014529613,408.12890700266786,412.13561528731736,416.1425593765367,420.14934121747854
1.815822e-03 3.206226e-05 1.174577e-03 2777.32 0.4765891071419033 -0.04039794434274832 0.16393980887198373 0.5440284890435167 3.0767535856081745 323.90919905862927,327.91385519197945,331.9180586286567,335.9229113356127,339.92731100550117,343.9325599604603,347.93727283831754,351.9426784468383,355.9477767240874,359.95333220466557,363.95870062595117,367.96446005450514,371.96986508432707,375.9757471199565,379.98122125947873,383.98724433054275,387.99298091101525,391.99891193507085,396.0045761841918,400.01062271164415,404.01627628254516,408.0222652538945,412.02787996263385,416.0338013724643,420.039536816318
1.788591e-03 3.373856e-05 1.113819e-03 2773.10 0.47678633168420137 -0.04039963903418396 0.16294977146033995 0.545033347313145 3.0730759177842453 323.92215745140817,327.92684685197173,331.93110794097186,335.9361781893439,339.9407493565591,343.94593948412034,347.9509299725854,351.95642876048686,355.9617210689772,359.9674590683848,363.9728527364197,367.97880932482923,371.9843045771102,375.99031333743915,379.9960446549178,384.00219115478774,388.00804470845424,392.0141568201192,396.01989466669374,400.026043240609,404.03181601781114,408.0379600284333,412.043883549046,416.0498975054007,420.05581386946216
1.674447e-03 3.267729e-05 1.020901e-03 2776.01 0.4740643816589004 -0.040315746340976386 0.16391420940952725 0.5452299605836965 3.073120760881203 327.91630486296305,331.920253210739,335.92528083625837,339.9297381870605,343.934962747443,347.9398077324083,351.94535962073905,355.9504616489877,359.9560819147057,363.96137773418826,367.96720824694364,371.97267949584426,375.97863063577176,379.98428578055234,383.9902836207029,387.9958933110132,392.00203598006385,396.00767711834965,400.01366763647576,404.01942558224994,408.0254373660987,412.03118049222684,416.0370282057394,420.04257102050724
1.836040e-02 1.947768e-05 1.797085e-02 2779.15 0.47333409979900865 -0.040317743869830176 0.1638592535325363 0.5460943923430708 3.072375275668706 327.80950424538787,331.8123959770799,335.81595127270384,339.8192809412975,343.8232111292115,347.8266809639445,351.83084344130765,355.8346351831733,359.83911958476403,363.8429869416552,367.8475800486731,371.85158685014926,375.85630335659346,379.8607926901153,383.86535028972474,387.86967445414194,391.87444256631454,395.87862876420905,399.8836726837352,403.8880951459463,407.89282772252835,411.89712109453734,415.90167669327724,419.9059477967006
2.100886e-03 3.056599e-05 1.489566e-03 2777.32 0.4781508077045516 -0.04044748306686738 0.16254335142932902 0.5453559157816534 3.066660295757326 323.902004215376,327.9064359696797,331.9104143808998,335.91515768310177,339.91958858773404,343.92458540187255,347.92909162589046,351.93447138848086,355.9393516795548,359.94494106022887,363.95008133942326,367.9557228452363,371.9610812939392,375.9668490397802,379.9722296976121,383.9780644030404,387.98366881682875,391.9895088777957,395.9950793414127,400.00096690753185,404.00646719250284,408.0122618689108,412.01794271351923,416.0236092431218
1.804467e-03 3.389390e-05 1.126589e-03 2779.15 0.4774551051990049 -0.040421031577635685 0.16311618597190555 0.5450939562504677 3.077811756901425 323.923134936791,327.92774784536886,331.93201089885565,335.93695805572406,339.94154583706376,343.94688464630866,347.951819564932,351.95748702232254,355.9626528536405,359.9684108682132,363.973803082801,367.9797847506247,371.98540299458864,375.99140743013646,379.9971300735873,384.0031983485922,388.00896758604404,392.01512364919455,396.02103474224765,400.0272479049706,404.03292978689115,408.039132182028,412.0448487592307,416.0509200296412,420.057098601962
1.925531e-03 3.137412e-05 1.298048e-03 2773.10 0.475698153426092 -0.040369778699187356 0.1634833357601661 0.5448344149359574 3.0714470968843446 323.90469553871304,327.90961538941707,331.9136453467843,335.91827891457257,339.92273869025155,343.9277964632006,347.93264324307717,351.9379475833845,355.9429969032077,359.9485608304938,363.95371802536016,367.95938528519406,371.9647920570705,375.97069252861945,379.9763046811308,383.9821200218813,387.9876491612909,391.99358807734365,395.9992120927586,400.0051699548246,404.0107352236584,408.01670014690063,412.0223259873024,416.0281346236543,420.0337121557613
2.690684e-03 3.651049e-05 1.960474e-03 2777.62 0.47652904397363083 -0.04038566352907525 0.1631671816230074 0.5458427791601997 3.069171027825297 323.9421247330651,327.94731587313726,331.9519100760416,335.95709960486823,339.96208380460484,343.96744013923177,347.97271056864554,351.97845186364856,355.983982619951,359.98991862593107,363.99573814134504,368.00181290814993,372.00770017351397,376.0138683759933,380.0198679623062,384.02605791657874,388.0322925559991,392.0386288882391,396.0447444493705,400.0510783297005,404.05714749003,408.0634302300489,412.0695077502475,416.0757053138644,420.0818350516121
2.857673e-02 5.536696e-05 2.746939e-02 2777.62 0.47442863624926346 -0.040292434079091645 0.16421239677305946 0.5452586530418809 3.072780807072645 328.058020451497,332.06388340523745,336.07049100720866,340.0767527331148,344.0835705402459,348.09025675847744,352.09755592042256,356.1043147352898,360.1116684155363,364.1187375089249,368.12619349363274,372.1335380118982,376.1411545658378,380.1485829740869,384.1563144920102,388.16362976899615,392.1713551110117,396.17881218919524,400.1864986523233,404.1940889331895,408.20182763929324,412.2092468937204,416.21685288841286,420.2240084569398
2.566783e-03 3.629335e-05 1.840916e-03 2777.83 0.47658711008038945 -0.040388276624453615 0.16391632108454832 0.5453071167737559 3.068304426364127 323.94046744488634,327.9456281913224,331.95002363055977,335.9553088784847,339.96009734926304,343.96564383103095,347.9707788897087,351.9765213943904,355.98201853785724,359.98805970118667,363.9937023158341,367.9997200431909,372.0056345473927,376.01183955408266,380.0178331581392,384.02410221122466,388.03017255997526,392.036542354604,396.04249578184067,400.0489320354747,404.05488022386595,408.0611558895148,412.06727060979466,416.0735528688559,420.07953356291557
5.820339e-02 1.082502e-05 5.798689e-02 2778.82 0.47699358842865086 -0.04045752476511043 0.1636591475405962 0.5450240645194893 3.060225542681035 323.7169713152483,327.71907618924917,331.72080829853235,335.7231840575894,339.7253695505217,343.7280339559097,347.7303662427961,351.7333907311924,355.7361061901067,359.73942515849825,363.74222255176346,367.7455950789123,371.74857709227314,375.75208092801097,379.755333025642,383.7588879630239,387.76213837894323,391.76572585656703,395.7689707723306,399.7725999587142,403.77584428864407,407.7794826064848,411.78263763595334,415.78617608791774,419.79011092875743
7.454594e-03 4.250561e-05 6.604482e-03 2777.62 0.4754988082033627 -0.04034364871542722 0.16344813604488542 0.545963686425318 3.071156626661013 327.98391506357893,331.98894241686827,335.9945755282019,339.99984168168487,344.0057344496822,348.0115108078445,352.01780007054634,356.02361916959813,360.03027074801423,364.0362808806565,368.0428360432092,372.0490359393866,376.05579435606523,380.062182258895,384.0691459963838,388.0756548023441,392.0824795850565,396.0889344161802,400.09572341966975,404.10227665206213,408.1090295587103,412.11551909736727,416.12220330878563,420.12881624230687
4.555685e-02 1.277713e-05 4.530131e-02 2773.97 0.4735416457907914 -0.04034102274912519 0.1635099769551059 0.5457262572091205 3.061612688654589 327.7416399664933,331.7436736016094,335.74650679982994,339.74882599211617,343.75197085950214,347.7545205482181,351.7578625428467,355.7608748914354,359.7644533247727,363.7676545154566,367.771157026971,371.7746851036844,375.77847031380907,379.78186326488935,383.7857298607952,387.78923233048937,391.7931209812599,395.7967359107465,399.80066095700954,403.80415975879095,407.8080542872944,411.81158131544487,415.8152341577713,419.8188474494495
5.693470e-03 4.104198e-05 4.872630e-03 2777.32 0.4740001198100234 -0.04029993198700698 0.1640303703645902 0.5452337034018824 3.082858512130713 327.9727818935623,331.97769488537534,335.98322219122525,339.9884016526631,343.99429421646533,347.9998070318495,352.00597468119196,356.01187721466,360.01817677827006,364.0242461760611,368.0306890113571,372.0368720822847,376.04343835621216,380.04978615670353,384.05642155356475,388.06283685149236,392.0695611057595,396.07605341801684,400.08273283996647,404.08913367424856,408.095822851852,412.10208879759057,416.10878759664854,420.11502461724194
2.431222e-03 2.968752e-05 1.837471e-03 2779.94 0.47336516608219176 -0.040297014818767345 0.16393207059276174 0.54619728830383 3.06792310378925 327.8954627262392,331.8994140552738,335.9040667596854,339.9084230374443,343.91334479473363,347.9178653276577,351.92308836805995,355.92788506828623,359.93325396154705,363.9383499328349,367.9439706744276,371.94920812915456,375.9549603819717,379.96021870569257,383.9659224754006,387.971295240536,391.97700194246954,395.98259841980024,399.9882567040466,403.9937814823206,407.99952495557255,412.0048940641099,416.0104985839618,420.0158425097886
6.012390e-03 2.566272e-05 5.499136e-03 2772.04 0.47438294632262434 -0.04033879965561999 0.1631902602603264 0.5454322949711199 3.074590723118073 327.86311431896974,331.8667416417642,335.8708904170545,339.8747833016538,343.87928240368666,347.88360396308116,351.8883594925759,355.8928799767519,359.8978152511754,363.9024726909263,367.9076370826549,371.91250372634744,375.9178570719569,379.9228650885675,383.9281484996798,387.9331211196429,391.93852018375594,395.9434165525194,399.94891922002756,403.95399290163834,407.9593238050325,411.96443685344707,415.9697211296633,419.9745149407198
3.880611e-02 5.965309e-05 3.761305e-02 2777.83 0.4759827918869884 -0.04033470602860866 0.16413703081888473 0.5454301689839706 3.0702413505717168 324.0773082652009,328.08479355216747,332.0908689860211,336.0977420398074,340.10425611759365,344.11164671407954,348.11850077656953,352.12600703502915,356.1330730362122,360.14076573877554,364.1480203167952,368.1558349295389,372.16342606032447,376.171412043879,380.1791657850565,384.18717890934425,388.19478647788765,392.20290315745183,396.2106371004759,400.2186766991184,404.22641317235303,408.2345260135439,412.2421695701281,416.2501276480988,420.2577738763557
5.531475e-03 4.082091e-05 4.715057e-03 2773.97 0.47382462594133257 -0.04029398680190903 0.16359252588229833 0.5456186517131366 3.0729008193791914 327.97179637127215,331.97659512939526,335.9821642958904,339.98727513627995,343.99319957413746,347.99865962098227,352.0047870999291,356.01062450060283,360.0169501541357,364.02308743543017,368.02947999994865,372.0356141455394,376.04224221588845,380.0484873538703,384.0552285905762,388.06162592257357,392.0682597554651,396.07478515651496,400.0814119396646,404.08777995031716,408.0944113630872,412.1008039329222,416.10733188761446,420.1136102715305
2.473007e-03 2.956949e-05 1.881617e-03 2777.32 0.47489328560047794 -0.04034703527101696 0.16360388191454933 0.5453971897124018 3.0660657935495035 327.8949392204165,331.8988187253313,335.90346239070453,339.9076567753954,343.9127711459449,347.91723396607165,351.92239348325376,355.9272905738631,359.9325756818095,363.9376388912696,367.94322293747354,371.94843253309966,375.95420826569426,379.9594722496951,383.9651382045128,387.9704900818221,391.97625149961107,395.98175588761995,399.9875213167301,403.9930565389029,407.9988159378821,412.00411149718985,416.0096765239552,420.0149606767879
2.024128e-03 3.528432e-05 1.318442e-03 2779.15 0.47556466637789646 -0.04035876605692992 0.16364484376646168 0.5451975911737301 3.068457032650076 327.93542702333883,331.9397810155704,335.94488853584403,339.94961136643434,343.95507280078,347.9601234285471,351.96572960106624,355.97110603877655,359.97705338164195,363.98256378388203,367.9885892504038,371.9943227415487,376.0003977653064,380.0062753671669,384.0125319625661,388.01845229349294,392.0247261337536,396.03057986961056,400.0367829257455,404.04279608772435,408.04897759665994,412.054992060681,416.06095511795604,420.0670156939039
5.508589e-03 2.575889e-05 4.993411e-03 2779.99 0.4758944608271351 -0.04038370604901331 0.1624880155242651 0.5467736185030427 3.067387074538301 323.8643258746259,327.86896552666457,331.87247584868095,335.8767338072415,339.88061768034373,343.88519035924935,347.889470019537,351.89429256539734,355.89883159320965,359.90372733359175,363.90854649959783,367.9137536521594,371.9185213090355,375.92390752368084,379.9289788762888,383.9342450948102,387.9393889736935,391.94472593097703,395.9498020875184,399.95527168440196,403.9603037174534,407.96579430437055,411.97077856507786,415.97602976215154,419.98111577917837
2.961996e-03 2.906864e-05 2.380623e-03 2777.32 0.47696264460340076 -0.04041472669395371 0.16334330986771511 0.544692817009177 3.073970440720668 323.88724333038436,327.891380775828,331.8952301048241,335.8997217549359,339.903940126181,343.90875128486107,347.9132040294268,351.91840587934365,355.9232132733799,359.928499150848,363.933551044427,367.9389709597424,371.94415937009984,375.9497276810388,379.95500077939,383.96084765090444,387.96604169009,391.97195679591164,395.97724895947783,399.98286293323935,403.9882134553866,407.99396058932695,411.9993764501871,416.004918105908,420.0108494872699
3.458668e-02 5.807503e-05 3.342518e-02 2777.32 0.4767393255783411 -0.04036189469040063 0.16322686916197537 0.5449091505442668 3.0789745680166853 324.06844464876787,328.075082495928,332.0811112517706,336.0880210481785,340.0944539275927,344.1013813866765,348.1082248610043,352.1155874360508,356.1226976745767,360.13018072949376,364.13748005719026,368.14517626338267,372.1525341837237,376.16038888626525,380.16790567175906,384.1757950048017,388.18340690870923,392.19144147592885,396.1990514534887,400.20691907564236,404.2145735142081,408.2224795386351,412.2300861380227,416.23794787506733,420.24587101697705
3.883691e-02 1.397247e-05 3.855746e-02 2773.93 0.47593717417247805 -0.04041513603621228 0.16358352898238454 0.5446050764016152 3.0663762366230065 323.75385684202433,327.75720038728764,331.75936225588987,335.7622090415132,339.7647956377871,343.7680702712427,347.7709980206661,351.7745063402553,355.77758792197665,359.7813063852927,363.7847242638582,367.7884964464469,371.7920890440069,375.79607886369973,379.7997589686459,383.80366493030556,387.80744759663133,391.81145809438726,395.8151949973198,399.81937825924444,403.8230405420219,407.82713055283403,411.830810351219,415.8347539174303,419.83852346416325
8.834822e-03 2.373502e-05 8.360122e-03 2776.91 0.47730887587115994 -0.0404359510374093 0.1638926698292765 0.5446436402394473 3.0755055917151575 323.84578776323923,327.8494783001373,331.8528639147941,335.8567601892064,339.86049431874653,343.8647809643215,347.86881642537327,351.87343305616446,355.8776724350931,359.8824263663473,363.88694889076874,367.89187103607264,371.8966036635098,375.90172681109175,379.90647066449117,383.91160626592904,387.9164222049598,391.9216375627268,395.92650427154916,399.9316021329357,403.9365939101177,407.94178660034027,411.94657651383346,415.95146119092925,419.9571388055786
2.508775e-03 3.617676e-05 1.785240e-03 2777.62 0.4767172433085157 -0.04039189253029794 0.16290164539318092 0.5460889225998041 3.071256105466303 323.93976049198017,327.94483961716077,331.9491686459605,335.9545203205767,339.95928981570074,343.964832711362,347.96993468889656,351.9756560829606,355.9811030437758,359.9870977213601,363.99277629973943,367.998869324138,372.0045970577517,376.0108043888334,380.01679154494025,384.023150483684,388.02905408878064,392.0354839051555,396.0415209971963,400.04779267964534,404.0537755408509,408.0601675948592,412.06617888578205,416.0724057787924,420.07857208560995
1.785650e-03 3.199724e-05 1.145706e-03 2777.32 0.47641187627833387 -0.040390845320141214 0.1633264114510581 0.5449904859445788 3.0751003341179226 323.91030154097,327.91518233682507,331.9193852159337,335.9242340214128,339.9287216196359,343.933783220747,347.9385686104036,351.9440591895976,355.94903553889606,359.95472333879434,363.9600672059857,367.96574570957824,371.9712602424413,375.97716109514374,379.98274059574624,383.9886208589306,387.99428207670564,392.0003326776042,396.00613951783896,400.01193932022164,404.0176695530376,408.02357782314334,412.02922893459873,416.03514495176006,420.04072322812135
1.689167e-03 3.349253e-05 1.019316e-03 2779.99 0.47458875116163785 -0.04032828439132663 0.16276743006566724 0.5469389575358765 3.0714967765046355 327.92488626634395,331.9290555373788,335.9340059646107,339.9386736743063,343.9439392127348,347.948923322922,351.9544699459818,355.9595439381144,359.9653356752391,363.9707136125536,367.9765532133181,371.98221601707894,375.988195051406,379.9938929440514,383.9999473483723,388.00574569369286,392.01181696758067,396.01762148914804,400.02366186337696,404.0294950898696,408.03565166305316,412.0413830727038,416.04730075545115,420.05286711730287
1.993785e-02 1.869846e-05 1.956388e-02 2775.14 0.4798833401540524 -0.04052678099258652 0.16242695129410087 0.5445921847432855 3.066996367907535 323.8058236632981,327.8089715879578,331.81181523137013,335.8152431691748,339.8183739637615,343.82208060856715,347.82558300102744,351.8296633428373,355.8334706000545,359.8377291516935,363.84166948820666,367.84613830451207,371.8502362259899,375.85468423665765,379.8589370603906,383.8638134056105,387.86795941589617,391.8726687093186,395.87692386789314,399.8817018136536,403.88619406515784,407.89080697771834,411.8950392598862,415.8995441906935
1.824658e-03 3.408286e-05 1.143001e-03 2779.15 0.47706051583941234 -0.040407982386146124 0.1632147393128775 0.545138988538696 3.0779009875870305 323.9241106009463,327.9287979775456,331.9330297738171,335.93801767025644,339.94258846190746,343.94782977256915,347.9528993582903,351.9584138211208,355.96374659324994,359.9694481849985,363.97491359397617,367.98076852355797,371.9863827225211,375.9925030684799,379.9981889761388,384.0043412524284,388.01014103729534,392.016278408832,396.0221126806174,400.02832717749556,404.03415425487134,408.040264506592,412.0461304673013,416.05206535597404,420.05852889889076
1.787336e-03 3.169075e-05 1.153521e-03 2779.94 0.47565110420152235 -0.04036391247962918 0.16252397343096892 0.5472122211012117 3.0590183453333752 323.91001272859035,327.9147465636164,331.9187738415829,335.9234679827434,339.92806549269966,343.9331740143693,347.9380122381839,351.9433331702879,355.9484538577266,359.95412665739525,363.95933584273035,367.96501870539475,371.9704240772727,375.9762792777894,379.9819006344365,383.9879018040836,387.99342186161493,391.99936283556667,396.00499467231026,400.010895524564,404.01659434730317,408.02261196518384,412.02818279629474,416.0340027825425,420.039627615576
6.131883e-03 4.149096e-05 5.302064e-03 2777.83 0.4790167162788929 -0.040456572547025095 0.16327677520983347 0.5449401223688131 3.073248019678822 323.9768131720306,327.98182986177073,331.98667880464996,335.99226066771274,339.99760416837245,344.00354507663087,348.00920680250033,352.01530085288215,356.0211566945473,360.0275633620694,364.03355454320587,368.0401509859814,372.04653242953935,376.05311554058704,380.0595140175339,384.06618347158525,388.07266279981206,392.07951895731435,396.08597796691913,400.09276947490554,404.0992743349053,408.10600119896935,412.1123414674495,416.11919266635914
1.788739e-03 3.457818e-05 1.097176e-03 2773.93 0.4781495901518766 -0.040442375114738645 0.163164182112581 0.5440504210323616 3.074309343862116 323.9288867688119,327.9336994458371,331.938124608835,335.9431214242624,339.9477853262241,343.95327406002417,347.9582321956291,351.96378536597996,355.96910346014187,359.9750419454819,363.9805225773679,367.9865075504322,371.992146803674,375.99829683756894,380.0040457646416,384.0101823114254,388.0162156226023,392.022451872938,396.02826537003443,400.0344399459359,404.0402956124481,408.04668577374224,412.05255594050203,416.05864910568255
5.788001e-03 2.591155e-05 5.269770e-03 2773.77 0.473036052511117 -0.04029509955090565 0.16346105245968406 0.545395287770771 3.0675154660926918 327.86446648106374,331.8679874570291,335.87229444293666,339.8761747333746,343.8808492920127,347.8851380401532,351.8899742988708,355.8944220216897,359.8994507501207,363.90401611456934,367.90924733211386,371.91415371211065,375.9194783168388,379.9245225656376,383.92994535247436,387.9348508714211,391.9403044257382,395.94532395941815,399.95073802421683,403.9558272209913,407.9612546282258,411.96630168564195,415.9715795219102,419.9765279041219
3.573671e-03 3.817139e-05 2.810244e-03 2779.15 0.4756198453070286 -0.04035453557225699 0.1632214878979212 0.545963726384955 3.0769246814362035 323.95212390553064,327.95735466253,331.9620145730611,335.9672311066345,339.9722801012469,343.9779832497946,347.98327192365633,351.9892123401337,355.9948973456134,360.0010232779836,364.00678315457077,368.0130864055579,372.0189634164331,376.02544795724276,380.03158339385857,384.0380343688675,388.0442571162822,392.05073092636815,396.0569132243332,400.0633614605689,404.06964308772007,408.0761115929434,412.0822308700687,416.08863541365764,420.0948642757467
1.854094e-03 3.414313e-05 1.171232e-03 2779.99 0.47569025371567897 -0.04036372336208004 0.16326595338653105 0.5456672636531273 3.072821575083535 323.92482876846987,327.9299317495401,331.93421443619684,335.93915655122964,339.9438207571574,343.94919590980726,347.9542001696257,351.9598246601073,355.96508196179917,359.9708691362868,363.97634937400574,367.98223404329565,371.9879276640502,375.9940092263896,379.9997298538131,384.0058495174762,388.0117254574572,392.01791632230083,396.02374172388096,400.02997785042726,404.03583159308715,408.04201659375394,412.04785917460663,416.0538101714559,420.0597226162345
1.411105e-02 4.782546e-05 1.315454e-02 2777.62 0.47700201086530863 -0.040385268532231594 0.16348005178040675 0.5448868494162158 3.07859867529641 324.00969476522937,328.0154173572181,332.020868903258,336.02687511361154,340.0326031259298,344.0388728197647,348.04493971733734,352.05161993327636,356.05790950202964,360.06478943833093,364.07125371802005,368.0782828275353,372.08495802897664,376.091974983365,380.098882040642,384.10602965544786,388.1129317244339,392.1201930372979,396.1271055202745,400.13427682889125,404.1412604534861,408.1483687003612,412.1552806118897,416.1624855276891,420.1699985415375
1.416291e-02 4.727061e-05 1.321750e-02 2773.97 0.4761603627735441 -0.040357467611421005 0.1628164290839193 0.5453883773959319 3.0751071811254276 324.0094492438868,328.0158522474042,332.021134186855,336.0271969930882,340.0328851439481,344.0393798866201,348.0453306917395,352.05202908233866,356.05829549088685,360.065069043539,364.07166153618306,368.07861481055636,372.0853834202509,376.0924804437292,380.0991719526544,384.10640813730475,388.1133133571818,392.1204837415358,396.12748689837053,400.1346941584335,404.14159832369506,408.14876945464874,412.1555129898454,416.1626081035692,420.16942884213915
9.925526e-03 2.303847e-05 9.464757e-03 2777.32 0.47684896133358756 -0.04042167655030932 0.16281965344952878 0.545662181894092 3.0737656457334133 323.8404882617426,327.84424597967876,331.8474582096675,335.8514651444977,339.8550160810407,343.85927165762917,347.8632098871464,351.86772927724036,355.87194693514544,359.87670991665067,363.88118640335034,367.8859541971734,371.890497478049,375.89553266344853,379.9002055496852,383.9053352256507,387.9102222561585,391.91527192992595,395.92005576945877,399.92510717477103,403.9299500656852,407.93502740153747,411.93991343666164,415.94487597923825,419.95003078733436
4.025251e-03 2.742921e-05 3.476667e-03 2779.16 0.47493352008823553 -0.04035313621306363 0.16405411966082048 0.5450799179866028 3.0721364177961874 327.87794346687133,331.8815240595953,335.886032238519,339.8900610934452,343.89481780642586,347.89921508002436,351.90414462660635,355.9087348206464,359.91391741046783,363.91875709909766,367.92414013486456,371.9291598546402,375.9346133090443,379.93970805236165,383.9452502489486,387.95041108202423,391.9560341247911,395.9613304268838,399.9669060186185,403.97222162405023,407.977647320635,411.9827341000934,415.9881772650994,419.9932856234513
3.350246e-03 3.811265e-05 2.587993e-03 2775.32 0.47437205798315474 -0.04031635483533955 0.16338887430587373 0.5450778665794341 3.0766224579819035 327.9539207039013,331.958511744418,335.96375537331,339.96880262778654,343.9744593211,347.9797585416077,351.98570345520295,355.99132222724234,359.9973598875937,364.0031909656451,368.009365839489,372.0153123099707,376.0217415453025,380.02788719851327,384.0342934007681,388.0404252275347,392.0468437645677,396.0530416855239,400.0596161109981,404.06568963911997,408.0720984060258,412.0783619226736,416.0847343489509,420.09072311526177
2.135402e-03 3.051442e-05 1.525114e-03 2779.16 0.47589917560560757 -0.040376902638632306 0.16356996102723587 0.5453025558855068 3.0734796616774296 323.8989933955131,327.9041557401938,331.9080787783704,335.9127867560206,339.917039033346,343.9221712046394,347.92680541119694,351.93221406891155,355.93708400501254,359.942588718398,363.94761677563514,367.9532943998876,371.95860191812244,375.96438855617754,379.96988792363726,383.97570154119063,387.98111913642026,391.98697272134154,395.9925786031807,399.9984689209481,404.00396717902765,408.0098659816689,412.01532103519213,416.02106341412536,420.0265515675484
6.032972e-03 2.560155e-05 5.520941e-03 2777.32 0.47767034974491934 -0.04044226952980787 0.1628931002714002 0.5451284395881008 3.0689435127160554 323.863871164947,327.86789185154134,331.8713029575143,335.87550268288214,339.879456628038,343.8840488119619,347.8882694324802,351.8930714867527,355.8974939474477,359.9024671122067,363.9071791965211,367.91248002937914,371.9172855365783,375.9225747129667,379.92752140273495,383.93293606019654,387.93789787005556,391.943463253614,395.9485630721212,399.95394408264804,403.95899225912024,407.9643755245656,411.96932196162015,415.97479378883037
1.799764e-02 1.935277e-05 1.761058e-02 2779.15 0.47619758312900934 -0.04040859149038743 0.16308282581336034 0.5457682570337706 3.0734448282674074 323.80876447893,327.8126314785186,331.8155257256927,335.81913906154074,339.82238373460933,343.8261928593527,347.82988114027256,351.8338831430337,355.837691561458,359.84212958462456,363.84614066647134,367.8506343821183,371.85492630621576,375.85947907006585,379.8637489304187,383.8684250824362,387.87291042579045,391.87753808521836,395.882155688459,399.88681753103117,403.89121833626297,407.8958489864761,411.90033919871206,415.90488763432523,419.9092152645104
6.693866e-03 4.228450e-05 5.848176e-03 2776.83 0.47760329343071156 -0.04041266610329052 0.1638091933382654 0.5439865483002043 3.074878696849488 323.9795414322212,327.9849768329861,331.9898057427263,335.9955565272906,340.0009245958939,344.006965060811,348.01270650265843,352.0188250356412,356.0246838192338,360.0311852174511,364.0372733595579,368.04400510677954,372.0502405260273,376.0569944153935,380.06344828291816,384.07018828825227,388.0766916742413,392.08357011297784,396.0901943483433,400.0971731376599,404.1036094991012,408.110254746622,412.1168331452621,416.12362113061516
1.654222e-03 3.285382e-05 9.971457e-04 2773.97 0.4747191519481953 -0.040335448428197807 0.16334368896662543 0.5455269976251629 3.0723182258429182 327.9190765182413,331.923280353112,335.92813152009035,339.9327221330644,343.93798979261635,347.9429404657741,351.9483346984581,355.95341654012844,359.95908946824983,363.9643900899622,367.97032666258343,371.9758433262729,375.98180638743935,379.9874660337224,383.9934357355078,387.9990149789269,392.0051563036582,396.01079770593634,400.0169425737852,404.022758367975,408.0287513162504,412.0343901050191,416.040349129049,420.0458032494833
9.271910e-03 4.381106e-05 8.395689e-03 2777.32 0.4763845210887188 -0.04036954584765622 0.16290979180967238 0.5457239271712666 3.0752385027031375 323.989042321279,327.99485762851805,331.9999512234257,336.0058028741261,340.01125336791347,344.0172350722734,348.02316963182267,352.02944841199474,356.0355638714402,360.04213462815045,364.04837000104186,368.0552167695927,372.0616051747654,376.0684099131468,380.07497141284415,384.08189930650514,388.0884384296309,392.0953743982986,396.10215167164944,400.10908114996784,404.11576585772417,408.1226304899509,412.1291566036273,416.1360542541991,420.14254738182655
3.632637e-03 3.823116e-05 2.868014e-03 2773.10 0.47628640360996755 -0.04037653575410446 0.16326778838523542 0.5447228868585198 3.0679301231978586 323.9522629115258,327.95787884326904,331.9625136557084,335.96785178300786,339.9728747393702,343.9786347323512,347.98394828355157,351.989835619679,355.9954171314182,360.0014760006799,364.0074067433393,368.01377756691744,372.01977245775674,376.02607752955066,380.0322719772685,384.03867792899945,388.04483055904234,392.0513997444483,396.05776000108807,400.06415858250006,404.0704177786222,408.0768300610391,412.0829332244631,416.0893543237453,420.0955326377656
7.572621e-03 2.435564e-05 7.085508e-03 2777.32 0.4747785253051051 -0.040353362248980486 0.16344000277431991 0.5457937208255943 3.072651118074237 327.8540778333004,331.8573956028591,335.8614739597116,339.86526295534406,343.8696942951562,347.8738635442301,351.8784660287373,355.88282587506126,359.88767108101143,363.8922453855432,367.8972853772189,371.9021150011741,375.907297183496,379.91202293594665,383.91721989145987,387.92210276036406,391.92731497557486,395.93230954436194,399.93755932990325,403.9425787303572,407.9478065995445,411.95263389194287,415.9577338888765,419.96245471119107
2.418335e-03 3.628625e-05 1.692610e-03 2776.88 0.47380151594771625 -0.04029941175035344 0.16319843297037812 0.5463181553832326 3.069184995704895 327.94258314963287,331.9470403910838,335.95215767452095,339.95708673566713,343.9625561638927,347.9677308071267,351.9734197114034,355.97881536783404,359.98490232701977,363.9905760253484,367.99673503100576,372.0025191000446,376.00870715563116,380.01456030018494,384.02082549572776,388.02694604675605,392.03320540324574,396.03934475439655,400.0456825098399,404.0516786508497,408.05780290078656,412.06386369948996,416.07014471175734,420.0760009271918
4.282042e-03 2.709797e-05 3.740082e-03 2777.32 0.4748189748026495 -0.04034936149563372 0.1634295523671543 0.5456423748602018 3.0791924662537515 327.8757922588203,331.8794040006866,335.8838227294767,339.88793958574234,343.8925991716421,347.8969156904827,351.90179449583997,355.90639818288514,359.91147126050265,363.9164200114785,367.9216617186358,371.9267160749693,375.932128552032,379.93720573403795,383.94265675216997,387.94780272136563,391.9533479779855,395.9586447936449,399.9642111493366,403.9693864244033,407.97480269237775,411.9800691166289,415.9853624923293,419.9904307872989
1.935387e-03 3.498960e-05 1.235595e-03 2776.88 0.47344196327492594 -0.04029042924179285 0.16332047394927593 0.5464540618117955 3.076237322701367 327.93314416134115,331.93746525294165,335.9424536229076,339.9473831026252,343.9527045062826,347.95781364023424,351.9633841204049,355.96866820214524,359.97459350054095,363.9801992701896,367.98618890844216,371.9918582266633,375.99798499819013,380.0037847170306,384.0099814490878,388.0158716130519,392.0220780822101,396.0280037446668,400.03422706284556,404.04018462099555,408.0464453427131,412.05220387294554,416.0583458070471,420.06408268611744
6.062140e-03 4.107689e-05 5.240603e-03 2777.32 0.4758857176187635 -0.040358107864640134 0.16302680053569127 0.5457941089777157 3.075388708218385 323.9709149737431,327.9769788171211,331.98173313536034,335.9874110961622,339.9926257993173,343.9984863835107,348.00423159972615,352.01026562965205,356.0160754439126,360.0224044060555,364.02854272496376,368.0349433491118,372.0412403127711,376.047811930925,380.0543159181883,384.0609285696985,388.0673387220172,392.07397398956044,396.08045381549215,400.08726309869695,404.09357288577957,408.1003592227451,412.1067341946936,416.1134287242707,420.1197336288287
2.694491e-03 3.687531e-05 1.956985e-03 2772.04 0.4748815406171449 -0.0403345316778311 0.16329634798806927 0.5450523369993948 3.0761247862279584 327.9464233639482,331.9509277331289,335.9561927488944,339.9611298872603,343.966629518736,347.9718944541017,351.97756475403787,355.9831104048463,359.98909261947847,363.99486565396063,368.00094812484787,372.00691134573935,376.0131155769005,380.0190549501749,384.0254224258507,388.03143972064396,392.0378931678483,396.04399760151836,400.0504062265529,404.05645075049637,408.0628030640711,412.06883642456035,416.07504907969593,420.0810240944512
1.905845e-03 3.437974e-05 1.218250e-03 2779.16 0.47592190232580084 -0.04037055166193187 0.16343427367918517 0.5455306733001845 3.074737914706266 323.9264259281852,327.932055637696,331.9361878903526,335.94114780845695,339.9459101126621,343.95127863516166,347.9562400102223,351.96192260262603,355.9672944507417,359.9729585246734,363.97849432907316,367.98441241658304,371.990108045453,375.9962936751707,380.0021924736828,384.00826771757227,388.014119082591,392.02023544382337,396.0261415385782,400.0324017260834,404.0382800080704,408.0443957103581,412.0501408114979,416.05629570270963,420.06216052076786
1.795537e-03 3.431385e-05 1.109260e-03 2776.01 0.4754047134522633 -0.04035486482454485 0.1632147371160724 0.5454893469142053 3.075586248558243 327.9293552072899,331.933719160922,335.9387235219318,339.9433908362864,343.94878617086835,347.9537107373668,351.9592243494128,355.96458038513225,359.9704518377994,363.97585913931647,367.98179195605394,371.98736379551644,375.9933975290531,379.99915470520676,384.00534377785806,388.01125580662625,392.0174270328699,396.02329052104926,400.02933763329804,404.0351805600895,408.04136966928627,412.04722000540784,416.05319078040134,420.05910101414037
1.740321e-03 3.295012e-05 1.081319e-03 2778.82 0.47631009882970504 -0.04038540959939867 0.163540187402066 0.545509257240937 3.069044658430078 323.9169662427553,327.92217694805305,331.9263738843226,335.9313587326593,339.9359316581394,343.9412708039684,347.94609536419796,351.9515603224721,355.9566395139497,359.9623844460292,363.96772629291206,367.9736805590844,371.97927395598595,375.9851659319955,379.99076146156773,383.99678218873555,388.0026710521665,392.0086719780968,396.01441457684746,400.020446546709,404.02634108668065,408.03235642359755,412.03798523970823,416.04396723679946,420.0496866708327
1.811266e-03 3.188173e-05 1.173631e-03 2779.15 0.4755919889342726 -0.040364342495135416 0.16323237018215606 0.5458492487590624 3.0718676329089245 323.909390282535,327.913900195433,331.91801229625986,335.92283065045945,339.92727172386526,343.93236349021595,347.937134829837,351.9424950137231,355.94773767482144,359.95338534118395,363.95859681916016,367.96435277628905,371.96970824855873,375.97557898281553,379.981266227917,383.98717427757725,387.99285974503005,391.9988043333246,396.00448300963717,400.0104041534845,404.0160111187694,408.0220274518821,412.0276109556095,416.03350202273293,420.039176620111
1.763548e-03 3.217004e-05 1.120147e-03 2777.62 0.4764883050499876 -0.04039246855840698 0.16341145345355987 0.545541316049386 3.072579899409154 323.91180957418084,327.91673643730235,331.9208316382476,335.9257193032669,339.93030266648776,343.9354505911167,347.9402808587382,351.94565497650666,355.9507835245432,359.9562997849336,363.96168402730774,367.9674475720224,371.97304578347166,375.978823873618,379.9844550225069,383.9904552395079,387.99605972437763,392.00214702843954,396.0078819547199,400.013848861654,404.01952558633826,408.02550082598395,412.03118117315375,416.0369607874155,420.0426736365506
2.227957e-03 3.036349e-05 1.620687e-03 2779.15 0.4755733451785132 -0.04036740410490336 0.1638702930996001 0.5448778931973676 3.071221031531006 323.89793448156536,327.90222215350764,331.9062155198484,335.9108880791438,339.9151907018448,343.92022971828567,347.92487831531116,351.93007457407424,355.93504632641526,359.94054002878494,363.94568316802054,367.9512796546667,371.95651401971526,375.9622973122494,379.9677470749628,383.97361713778645,387.979068056212,391.9848795170668,395.99038733992666,399.9962314411331,404.00178853584623,408.0075840878934,412.01305210662406,416.0188138788164,420.0243837470757
1.973755e-03 3.507517e-05 1.272252e-03 2773.97 0.47479654148615974 -0.04033419418933313 0.1631303878999307 0.5454407557385643 3.068366197034474 327.9342292555615,331.93854258898244,335.94366135147294,339.94842053326914,343.95391468253007,347.9588764789951,351.96459927701983,355.9698937312694,359.97579310154634,363.98135072815,367.98734878433885,371.9930395145036,375.9992114022484,380.00499789091845,384.01119248451715,388.01710207269576,392.02332938804386,396.02920503774976,400.0354860833842,404.0414342323775,408.04753429463227,412.0535434043811,416.0596414793068,420.0653458260159
1.973823e-03 3.087528e-05 1.356318e-03 2773.97 0.47492249535771724 -0.04034646961710179 0.1636708861883362 0.5447286115383296 3.0735646441114444 327.9040540165288,331.9080104257927,335.9127809969785,339.9171955235335,343.9222359706125,347.926929409276,351.93213856529803,355.9371442994595,359.9426205219985,363.9479236283727,367.95344969676336,371.95892993659777,375.96462027365016,379.97006075796145,383.9758883074396,387.98145371754106,391.987283719533,395.9929096307059,399.99874103405847,404.0043243578134,408.01022333693254,412.01564852554066,416.0214063460171,420.0267584044534
3.063732e-03 3.746954e-05 2.314341e-03 2777.32 0.4747765784012711 -0.04032964448604176 0.16354797828889037 0.5454826811042901 3.0727754371775924 327.9509256443595,331.95542649215326,335.96071020093314,339.96577366499645,343.97137375934363,347.9766735806188,351.98247112561313,355.9880017739575,359.9939797681687,363.9997732850223,368.0060163293751,372.0119731970289,376.0183304385706,380.0243929183547,384.0307685417105,388.0367687075823,392.04330393485276,396.0494298751108,400.0559241839175,404.06197376328475,408.0684305958921,412.0745062502002,416.0807840766817,420.0865803872287
1.749144e-03 3.295243e-05 1.090095e-03 2776.01 0.4756331988642066 -0.04036487335152696 0.1634267069741744 0.5450958739596822 3.0722694553406176 323.915544854054,327.920409312864,331.9246822531622,335.9294991987701,339.9341371859182,343.93929367557735,347.9441214258623,351.949690035639,355.95496946196334,359.9604983007772,363.9658416518865,367.97172958842805,371.9772652118769,375.98320402972325,379.98879748919273,383.9948854704377,388.000650404478,392.00673683808577,396.0124469657908,400.0185292435945,404.0243551446596,408.03033781639357,412.0360560012327,416.04209052813894,420.04780435065993
3.000975e-03 3.722707e-05 2.256433e-03 2777.62 0.4758336178591003 -0.04036332037988082 0.1636445481133844 0.5453720368179474 3.0713909025655366 323.94544119754244,327.9510508711442,331.9556187387868,335.96091480666337,339.96584958928923,343.97137315654504,347.97671109705936,351.9826426931779,355.9881085079295,359.9942155332495,363.9998222014215,368.006053460032,372.0120613262017,376.0183486032348,380.0244633253152,384.03078401802253,388.03684538098884,392.0432704894887,396.04935205262456,400.05586318266336,404.06194137387223,408.0683257052956,412.0744864456103,416.08069611384656,420.08692132120314
3.142134e-03 3.734313e-05 2.395271e-03 2777.62 0.47616095428356264 -0.04037278606116228 0.16337991457560502 0.5457455556840468 3.0745521736007815 323.9473172996397,327.9529419665407,331.9575077808276,335.96281649585626,339.9678128704838,343.97334260547996,347.97862062168224,351.9845064221131,355.9901219384659,359.99615202006584,364.00185643687234,368.0081534186688,372.0140285996196,376.0203772390675,380.0263925502263,384.032789170333,388.0388388868878,392.04529419501876,396.05143765850164,400.05786420865843,404.06403742052845,408.0705440524408,412.0764934597878,416.0828846297381,420.0889484660065
1.827407e-03 3.415693e-05 1.144269e-03 2777.83 0.4771902127710804 -0.04041199415292673 0.16373472581655665 0.5450733070866811 3.0714292908388368 323.9242893348186,327.9288528321533,331.93316385578413,335.93807310764606,339.9426965013973,343.9480000553565,347.95295086045314,351.9586102690398,355.96391683422996,359.96951249272615,363.97495262429254,367.9808739093521,371.98652158440757,375.9926600041055,379.99839279945166,384.00445535226993,388.01025768949313,392.01640378039025,396.02227665607415,400.028382382186,404.0342486136919,408.04034532825403,412.046137054242,416.0522523885557,420.05875156787016
8.317587e-03 4.335418e-05 7.450503e-03 2777.32 0.4768508372870251 -0.04038649911613877 0.1633712376705879 0.5447831276540002 3.0747332801209994 323.9845398873642,327.98994999417886,331.9950606417084,336.0007228733377,340.0061409654812,344.01214214788354,348.01789620790356,352.02413421875457,356.03011867963664,360.0367709751725,364.04293261935453,368.0496476288704,372.05589285719105,376.0627542370226,380.0692495285181,384.07608313886516,388.0827086232945,392.08960540376955,396.09618069961635,400.1031129884499,404.10957620915946,408.11671982415544,412.1230943366275,416.12988781699755,420.1369030238249
1.969629e-03 3.457791e-05 1.278071e-03 2779.16 0.4760048864455676 -0.04037216228684057 0.16320834169912518 0.5458687838893564 3.0705676072821717 323.9285725869902,327.9341390392765,331.9383038684153,335.9434268600357,339.9480750475232,343.9534936687214,347.95862320938494,351.9642914527259,355.96948326418044,359.9753307697885,363.9808684775396,367.98680462807636,371.9926046779546,375.9986022170169,380.00447530302773,384.0105957184745,388.0164760423266,392.0226675916184,396.02865779708804,400.03484732831146,404.0407836806492,408.0470317993652,412.0527805926535,416.0588702590837,420.06470417717037
1.734550e-03 3.186654e-05 1.097219e-03 2777.62 0.47556250985807 -0.04036418276887357 0.1637152483031264 0.5453436017993089 3.067658255623157 327.9117464877318,331.91579475314603,335.92057197211795,339.9250065729284,343.93013946133954,347.93496098731003,351.9402919798248,355.9454072386021,359.9509229415498,363.956196968693,367.96186368151564,371.9672848168144,375.9731248000772,379.9787491089882,383.98461356466345,387.9902214093344,391.99622919831285,396.001849083537,400.00776319817345,404.01345864671026,408.0192578053288,412.0249543484241,416.0307086534777,420.03652618530873
3.839285e-03 3.845784e-05 3.070128e-03 2778.82 0.4757733876475168 -0.04035825014782966 0.16344230244978805 0.5460342324891161 3.072612105445493 323.95445222168564,327.9601552649442,331.9647112899355,335.9700979725677,339.9750380944684,343.9807746538218,347.9861142698643,351.9921248991656,355.99779774694105,360.00390805619975,364.0097404899851,368.0160576256868,372.02193071380077,376.0283768815672,380.03462413980844,384.04121001587816,388.04727567326455,392.05389736366845,396.0600286752384,400.0664648987098,404.07278604166856,408.0792774284079,412.0854587088902,416.0918457724072,420.0981563038374
2.150601e-03 3.531420e-05 1.444317e-03 2777.62 0.47683165554599666 -0.040397253542231046 0.16307930592161554 0.5458778222268865 3.0717937980778105 323.933641569174,327.9384086302837,331.94290731430993,335.94806613483576,339.9528245971238,343.9580782560711,347.9631672212787,351.96886130150784,355.97427901338597,359.98012231546926,363.9856873540037,367.9917355780527,371.99736001780224,376.00357169502496,380.0093493352573,384.0156438976181,388.0215269621292,392.0279012698429,396.0338207206144,400.0399688372317,404.04592535877373,408.05225652916516,412.05824066830286,416.06439724677205,420.07056075454904
1.891137e-03 3.448311e-05 1.201475e-03 2777.62 0.47688606841913395 -0.04040238469551813 0.1636870454648618 0.544783593845554 3.0736802805982273 323.9264474169455,327.93113028343896,331.9355632909405,335.94063168535365,339.9452196801098,343.95053132767896,347.9555212495054,351.96124588524106,355.96650009616457,359.9722997506438,363.977814541409,367.9836741401977,371.98933959110025,375.99540205129097,380.0012878152709,384.0074028639029,388.01324706281986,392.0194261971458,396.0252907715573,400.0314563916786,404.0373004311156,408.0435060767834,412.0494838222684,416.0554812902733,420.0617504537247
2.789468e-03 2.903353e-05 2.208798e-03 2777.62 0.4760502622562818 -0.04038459955185857 0.16376227837656018 0.5451300391665536 3.0731032657253183 323.888405262269,327.89344662438174,331.89732109767283,335.90179618031055,339.90600081986713,343.9110084758891,347.91560683116,351.92073026351807,355.9255842126234,359.9308171636751,363.9358059451779,367.94134820375194,371.9465243411089,375.9521496362195,379.9574119483577,383.96312046218105,387.96856964913684,391.97427203427816,395.9797099192932,399.9854848462001,403.99089557496865,407.996680129562,412.00194350864115,416.00745731904493,420.0128088546664
3.641502e-03 2.793992e-05 3.082703e-03 2777.62 0.4773697539697832 -0.04042874430853444 0.1634235331840181 0.5448110430773188 3.066211283988492 323.8800208936886,327.8841402516228,331.88783208277255,335.89222674603576,339.89629906423875,343.9011148766802,347.90545141748674,351.9106037443465,355.9151821295831,359.92044125863134,363.92521468182554,367.9306737972085,371.93579288373184,375.94123656764225,379.9465426987911,383.95192720525716,387.95725096564684,391.96284161704557,395.9682666644701,399.97381081745465,403.97907123079614,407.984668420994,411.989863541558,415.9952753498689,420.0012197390918
3.001804e-03 2.887057e-05 2.424393e-03 2777.32 0.4768910177261106 -0.040411560094517546 0.1628899177688258 0.5453574369116565 3.074270956342687 323.8866985924433,327.8909239937738,331.8948154198215,335.89930889676987,339.90345156709765,343.9083017383513,347.9127606757657,351.9178859038882,355.92265555001666,359.9279882722356,363.9331092620377,367.93840238510893,371.94346733390967,375.9491149705785,379.9544141975423,383.96006314714225,387.96540075522586,391.9712336690445,395.9764712577631,399.98212703279665,403.98752171302476,407.99324847338005,411.9986042244624,416.0041742502185,420.0099744873523
6.538788e-03 4.175981e-05 5.703592e-03 2777.32 0.4757145939158181 -0.04035274272383173 0.16336281299477087 0.5453396896551508 3.0766046953899266 323.97397947619544,327.97975818636115,331.9846274536657,335.9901740517114,339.99547933871213,344.0014111311704,348.0070683283815,352.01320394198007,356.01909907623065,360.0255682410138,364.03171814408614,368.0381840342588,372.044528892289,376.0511705068621,380.0576547136874,384.06435360397865,388.07084058624196,392.0775258771293,396.08398853382636,400.09088084401316,404.0973262134589,408.10407028589816,412.11054800974387,416.1172225398604,420.1237145353074
2.014961e-03 3.084266e-05 1.398107e-03 2777.62 0.4763693398443768 -0.040391021092973774 0.16338974014005975 0.5455405016316166 3.0735433933240355 323.9020273542554,327.90685308697766,331.9109295385022,335.9156163671269,339.9200925175786,343.9251721094621,347.92979492110663,351.9350835460691,355.93998957083295,359.94550956813765,363.950787886479,367.9564275782894,371.9617540412717,375.9675496361394,379.97300234554154,383.9788695180508,387.984362048847,391.99032423904765,395.99593068189034,400.001783546662,404.00737022419383,408.01315102213425,412.0186223699866,416.02455838411834,420.0299964846812
1.988671e-03 3.509334e-05 1.286804e-03 2773.55 0.47528711017118297 -0.04034927116794249 0.16295988244482862 0.5459010747990765 3.071672798473367 327.9348401310243,331.9392234827972,335.94431199110005,339.94910734171344,343.9544378128138,347.9595022864975,351.9650996856029,355.9704434081335,359.97641151677516,363.98188344815463,367.98784140900455,371.99350999690523,375.999656550703,380.0055013552,384.01177883669567,388.01758833950674,392.02392335414004,396.0297919429828,400.0359601030386,404.04193704018866,408.0480373361221,412.0539588194403,416.060117674452,420.06603476612554
1.978706e-03 3.507996e-05 1.277106e-03 2779.16 0.47556211295801787 -0.04035838794173514 0.16361502416503396 0.5454313672085627 3.0704330334861107 327.9347402362416,331.9389820321597,335.9441010782125,339.9486910863801,343.95412666416524,347.9591131173562,351.96491214844247,355.97012989635067,359.9761085040786,363.9815476763039,367.98755461783026,371.99333072675205,375.99940702826854,380.00515660753894,384.0115045513623,388.01736003393967,392.0235178930706,396.0293737668041,400.03562053580066,404.04159889488017,408.04778344025334,412.0537074233495,416.0597725711002,420.06575138739254
1.882243e-03 3.467481e-05 1.188747e-03 2779.15 0.47354552944704503 -0.04029333533833616 0.16371107406393373 0.5462081066194759 3.0584272311268528 327.93196645922984,331.93634801273186,335.9413097622513,339.9460868535432,343.9514549529889,347.95655556987055,351.9621048930209,355.9674105395154,359.97327531456085,363.978747681751,367.9848711279925,371.9904751009489,375.99661102242493,380.00236936459794,384.00849419004834,388.01435432683826,392.02051578894856,396.0264240060388,400.03268443545693,404.03859354582744,408.0448131916562,412.05064274955095,416.05661081790834,420.06238622720804
2.451381e-03 3.604538e-05 1.730474e-03 2777.62 0.47663929403260047 -0.040390490345812026 0.16335626041585583 0.5455014753136902 3.0731706779495735 323.93875373626474,327.9438619266272,331.94831313289336,335.95347898826327,339.95837248269453,343.96383640030626,347.96897719394974,351.974665124082,355.9800349144777,359.9860947779891,363.9917172078011,367.9978271885543,372.0035775845701,376.0098019676679,380.0156624276101,384.0220580940449,388.02806890405463,392.03442360400265,396.0404099802045,400.04679393022553,404.05262240696305,408.0591092541107,412.06500683834304,416.0712099733251,420.0774250559224
5.173955e-03 2.617756e-05 4.650403e-03 2777.83 0.4796165759246622 -0.040502147524751016 0.1636161933694878 0.5445991705515087 3.062835662712824 323.8700678310938,327.8738132226259,331.87743625709146,335.88185035588106,339.88570053766307,343.8902354944779,347.8945431136187,351.89936584289495,355.9038890455191,359.9090255282652,363.91380114715156,367.9190479028126,371.9239260640363,375.9292335051194,379.9342081423655,383.9397164916747,387.9448511125696,391.95026614068576,395.9553958825646,399.9608138325881,403.96609568857554,407.9714057965068,411.97660706147155,415.9819987670813
4.448983e-03 3.990996e-05 3.650784e-03 2777.83 0.4776383550049998 -0.04041754115077662 0.1643141295766615 0.5440413242064811 3.0744514193685517 323.96411903397495,327.9693633806176,331.97410856513994,335.9795991949236,339.98476371943724,343.9906444311335,347.99613853779033,352.00208926520423,356.00780267811217,360.0140297411102,364.019993236655,368.02650807713195,372.0325935799904,376.03917027581264,380.04536227845944,384.0520635912084,388.058315703307,392.0650536158476,396.0713924479474,400.07816300445734,404.0844203069431,408.0909289090567,412.09728500110873,416.1039898295374
1.661361e-03 3.314441e-05 9.984732e-04 2779.99 0.4744956155618538 -0.04032856761526081 0.1640536826251702 0.5450678672877518 3.076839905626858 327.9203944385331,331.92460178025175,335.92948927597575,339.9340859232367,343.93930936639657,347.9443401885625,351.94977546632623,355.9549822249733,359.9606724461414,363.9659911161089,367.9718254049376,371.97743495839745,375.98336266694076,379.9890662825035,383.995075855026,388.00077935379704,392.0067688318922,396.0125520680022,400.0186923306607,404.02450288658997,408.03058257560474,412.0362800791729,416.04223662748586,420.04765553002636
2.582054e-03 3.658668e-05 1.850320e-03 2777.62 0.4770056632875548 -0.040402132281931395 0.16342382831361751 0.5450484785758051 3.0705879262760445 323.9407428484803,327.94561420116133,331.95000613981455,335.9553424403981,339.96022067913356,343.96556633935586,347.97079733409277,351.9765940673789,355.9820422453398,359.9880437705416,363.9937808652705,367.9998015232494,372.005622459486,376.01184355836557,380.01787826577674,384.02426764110254,388.030219755514,392.03653896765843,396.0426466520164,400.0489468082305,404.05510527968346,408.0612851918014,412.06743846495397,416.07364266243917,420.0802288589153
2.716693e-03 2.925470e-05 2.131599e-03 2777.62 0.47634293605946026 -0.04039379146831101 0.16374193565698275 0.5450423938643909 3.072833487375944 323.88961982722657,327.8945539299521,331.8983111306835,335.9028123086489,339.90714442989827,343.9120889838023,347.9165630645329,351.92175208912477,355.9265245660847,359.9318524595637,363.9369138116158,367.9425238917964,371.9476986386672,375.95332770603864,379.95868748809346,383.96434673794323,387.9696630363541,391.97548998445103,395.9809824962121,399.98670380610184,403.99216754936737,407.9978059214452,412.0031777167065,416.008899307657,420.0141638068478
2.654511e-03 3.656624e-05 1.923187e-03 2778.82 0.47585233155820533 -0.04036506994518647 0.16373579328472085 0.5454010936445265 3.078123171620472 323.9410963626804,327.946705770142,331.9510823201973,335.956389589665,339.9612385539303,343.96674433394026,347.97196242120674,351.97780834427914,355.9832964199462,359.98932522975304,363.9948933248762,368.0010781415573,372.00699002620536,376.01315409335126,380.0192428054798,384.0255764850307,388.0315664424488,392.03790955848245,396.0439640864841,400.0503481582093,404.0564585839108,408.06273630157295,412.0687749852273,416.07509587253026,420.0811565162776
2.242748e-03 3.044413e-05 1.633866e-03 2777.62 0.47725553219164585 -0.04042105230294922 0.1637353601648495 0.5446016579940708 3.0680446998583637 323.89779304952134,327.902194115759,331.90604685691244,335.9107596390765,339.9150088161803,343.9199257026511,347.9246601505644,351.93003038126056,355.9349230167337,359.94023670998587,363.9453464501056,367.95096360302756,371.9561979513728,375.961958566412,379.96743949302856,383.9731866295978,387.97860153255994,391.984464499305,395.9899145682897,399.995781837583,404.00132034770047,408.0072170066054,412.0124639326464,416.0182718203346,420.024595287546
1.784045e-03 3.197888e-05 1.144468e-03 2779.01 0.47654348011933045 -0.04039428449510412 0.16365838479021824 0.5455906576516161 3.070623827412131 323.9104826365855,327.91531295739765,331.91944481562945,335.9242744319501,339.9287165730413,343.9338449150135,347.9386722131834,351.9440432032039,355.9490988463204,359.95469409557563,363.95999555447906,367.965883620393,371.9713052732967,375.9771877261524,379.982676764634,383.9886877495429,387.9942577112623,392.0003610379968,396.005929317295,400.01197658757553,404.0176597091874,408.0236411972306,412.0291881210124,416.03510919214364,420.04076770317704
1.656831e-03 3.309736e-05 9.948837e-04 2779.99 0.47547856378300896 -0.04035928113159694 0.1634851093140597 0.54543847365182 3.0708254247022557 327.9204857045868,331.9247157923468,335.929655587907,339.9342274530696,343.93929052367105,347.9442577186812,351.94969636962026,355.9549469158958,359.9605483561896,363.9659359288727,367.9717625050895,371.97726832257445,375.9832269686676,379.9888953368471,383.99490535858973,388.0007131067701,392.00669898789954,396.0124646907562,400.0185589776933,404.02429472125647,408.0302725906605,412.0359713848485,416.0419410287207,420.04774286612206
1.944700e-03 3.122471e-05 1.320206e-03 2777.62 0.47657877630216816 -0.04039754750922022 0.1635449784611806 0.5452754957851825 3.072111706035798 323.9041443859551,327.90885795645755,331.9129443386374,335.9177688470675,339.9220865999997,343.9272936248126,347.93194625692655,351.93725865548487,355.9421766140904,359.9478544661809,363.9529299161565,367.9586912752556,371.9640436862078,375.969882574439,379.9752944217167,383.98120397078685,387.98669428916077,391.9928257018697,395.9982975904768,400.00436144408155,404.00987476961024,408.015696652056,412.0212182053798,416.027164977706,420.0328189952313
2.491211e-03 2.989511e-05 1.893308e-03 2779.16 0.4772827623389349 -0.04042262047734741 0.16335867559898457 0.5448801897865814 3.069651715465299 323.8936977566672,327.89793133043327,331.9017715237993,335.90642173077214,339.9106200532279,343.91557512208686,347.9201857806483,351.92541424495414,355.9301037321398,359.9356717317145,363.94068877242734,367.946193201985,371.95137880054114,375.95711399064436,379.96248862860676,383.9682163219095,387.97356853695413,391.97950397550704,395.9847706653195,399.99057342184085,403.9961983243083,408.0018610176646,412.0072354564731,416.0129074025093,420.01920426762524
3.850777e-03 3.863155e-05 3.078146e-03 2778.82 0.47739813754036653 -0.04041107558608244 0.1637259611644501 0.5447643838651786 3.0725461828064677 323.9552389176924,327.96022266199884,331.9648435516846,335.97013248375464,339.9752175143697,343.98087572575463,347.9861802535632,351.99217950766945,355.99780153534533,360.003905450056,364.0097458697461,368.016104753533,372.022012789452,376.0285433331669,380.0346162646249,384.04113201802534,388.04725171635755,392.0538530854698,396.060130876013,400.0666312239888,404.0729763383044,408.0793761461994,412.08550249887764,416.0918630358293,420.09866750009627
1.826351e-03 3.450023e-05 1.136346e-03 2776.88 0.47353220028283904 -0.04029442816020512 0.1636674367294576 0.5457158647121746 3.0718069186239574 327.9300257041746,331.9343719121572,335.9395377511348,339.94422426260707,343.94957906096954,347.9544554554673,351.9601186441136,355.9654049272027,359.97121487421765,363.9767388998002,367.9827454334403,371.98842036772135,375.99447360992383,380.0002811964681,384.0063981279207,388.01216191429705,392.0183820834285,396.0244215162742,400.0304322595535,404.03644476324325,408.0426294481636,412.0483163978602,416.05436219179194,420.0601750865146
1.966453e-03 3.079938e-05 1.350466e-03 2779.15 0.47461119435366783 -0.0403355471624573 0.16362695388401188 0.545783328658105 3.075006744838504 327.90418623534106,331.9082686841086,335.9129499518688,339.91731370612473,343.92239939823304,347.9270851061795,351.9324364394641,355.9373002886242,359.9427584158968,363.94788574539973,367.9535844570172,371.9589693774107,375.9647421157925,379.9701628689996,383.97607408716016,387.98146708328005,391.9873923522526,395.9929330208353,399.99879234462713,404.00442477310855,408.01025090842325,412.01564348367543,416.0214804172716,420.0267515606227
1.741653e-03 3.406755e-05 1.060302e-03 2773.97 0.47236964205352505 -0.04025770283504712 0.16389087579382294 0.5458861337625317 3.0695522891534464 327.9266067620448,331.93087800613245,335.93588399690134,339.94057991327116,343.9458692407765,347.9508062861698,351.9564110237869,355.9616612585092,359.9674762247665,363.9730566560664,367.97890095397014,371.9845710023906,375.9906173188842,379.9962696419392,384.0025279674848,388.0081621787339,392.0144278787557,396.020102616221,400.0264476978468,404.03226802107025,408.0383819397467,412.044143790312,416.05017446994236,420.0557507832875
4.790110e-03 4.008840e-05 3.988342e-03 2778.75 0.4727863485674533 -0.04026142223322747 0.1640552226994355 0.5457631713932428 3.06850728913743 327.9663777994381,331.97118753157395,335.9765224390662,339.9817599880476,343.98752895117246,347.9930912083423,351.99915470780985,356.00491678081187,360.01115480290014,364.01707192658,368.023427138685,372.02952546635544,376.0361080078198,380.0423927765471,384.0489725374453,388.0552869144898,392.0620099969328,396.06824937084787,400.074857777913,404.0811783536071,408.0877277434254,412.094116935794,416.10061144126814,420.10693574693397
2.781958e-03 3.710325e-05 2.039893e-03 2781.24 0.4726198427231247 -0.040260160483158544 0.16393952889201616 0.5464100109131662 3.0710546420794507 327.94749777978353,331.9519662888227,335.9572259752896,339.96206696393864,343.9676947099102,347.97288795615754,351.9787691322054,355.98429823530006,359.99037050147336,363.99624264977695,368.00225811091263,372.0080479383946,376.0143260996457,380.0203203779871,384.0267785012443,388.0328477268632,392.03916773551816,396.045375007077,400.05166883372743,404.05774216362704,408.0641572611835,412.07021240836093,416.07655130220843,420.0824147240633
2.615306e-03 2.948127e-05 2.025680e-03 2777.62 0.47674831142061497 -0.04040580012729572 0.16347726112492125 0.5451135437602703 3.0656919261726507 323.89152607931464,327.8959168371929,331.8998001965843,335.90448243605425,339.9086769284848,343.91361445250806,347.91811203434924,351.9232342559585,355.9280512050859,359.93355375522987,363.93864276167886,367.9440486419575,371.94927368439767,375.9548887108825,379.96028353498446,383.9659569692768,387.9713981718817,391.9771135119986,395.9826468627975,399.98836263917946,403.9936433686318,407.99948603309474,412.0048657285854,416.0105504174979,420.0162789961194
2.873122e-03 2.887362e-05 2.295650e-03 2779.15 0.4752612164053803 -0.04036013657349125 0.16358799290274692 0.545408745041703 3.071580373066083 327.88971779531363,331.89357657644274,335.898119695349,339.9022339850022,343.90707884340077,347.9116271509201,351.9167368683568,355.9214371358024,359.9267910147685,363.9317994088949,367.93728764199614,371.94234699606216,375.9479062374882,379.9532039630897,383.9588903689597,387.96425936476186,391.96991458247015,395.9753354051983,399.9809841244852,403.9863491689224,407.9919543924061,411.99737834189466,416.0028923461803,420.0082102198242
2.568274e-03 2.928577e-05 1.982558e-03 2779.16 0.4750517985327671 -0.04035136961038778 0.16323777880915463 0.5462947952140083 3.068651618822036 327.89368266510525,331.8974745203726,335.9021750296597,339.90649027217387,343.9112975964016,347.9157406991933,351.92095841517937,355.9257723930512,359.9310600968512,363.9361449440476,367.9416330028519,371.9468451246053,375.95247225068186,379.9577877168169,383.9634025241194,387.9688221464399,391.9746230202416,395.9800531791842,399.98564338766516,403.9911923149225,407.9967545477453,412.0020884082284,416.007802520993,420.013060118846
1.719267e-03 3.223115e-05 1.074644e-03 2779.99 0.47201308104221573 -0.04024971786440336 0.16457870148412657 0.5455867375386473 3.0628239529223813 327.91262268007154,331.9168635424961,335.92160429983767,339.92620108832165,343.93135798506427,347.9361210039304,351.9415521584963,355.9466572221003,359.95228511041654,363.95756152969597,367.9634388979389,371.9688582851212,375.9747445132234,379.9803022299865,383.9863164473398,387.99195765559796,391.997962976391,396.0035483364024,400.00951730092424,404.0153090104455,408.0212777608656,412.02689017412456,416.032695054135,420.03821606096386
1.981045e-03 3.508794e-05 1.279287e-03 2777.32 0.47433201376935075 -0.04031895932511876 0.16359779106341082 0.545734663438198 3.064735940744643 327.93427141526143,331.9387785060296,335.94377919167295,339.94853406579955,343.9539764959762,347.95907139981483,351.9648400382509,355.97013729252956,359.9759786515802,363.9814453291283,367.98749890392804,371.9932578499889,375.9993015581019,380.0051597608228,384.01145141896666,388.01733196771625,392.02355338982244,396.0294178051374,400.03560610044747,404.0416576343989,408.04785757022535,412.05375519333336,416.0598021715008,420.065553638541
2.020917e-03 3.082343e-05 1.404449e-03 2776.88 0.4736754903292224 -0.04030587827088417 0.16367458115594616 0.5456760080608642 3.0679661702501697 327.90298302345997,331.9070231236485,335.9117801243535,339.9160201076112,343.921072570689,347.9257746004902,351.9310617796285,355.93601328509783,359.9415022434819,363.9467469249547,367.9523660512758,371.9577452589976,375.96343554884305,379.96888226516063,383.9746658727684,387.9802447233617,391.9860558892838,395.9917206731994,399.9975154638438,404.0030979259882,408.0089527464566,412.01432746589114,416.0201445260046,420.02560656284646
4.168275e-03 3.921636e-05 3.383948e-03 2778.82 0.4752196027356026 -0.040341690925720965 0.16434790554759954 0.5447771524868532 3.0735285127654475 327.961562443774,331.96630845526323,335.9717277621373,339.9766111234051,343.98255631107344,347.9878908750198,351.9938207105392,355.99956086009786,360.0058025257486,364.0116217720798,368.01804430045604,372.02400789952355,376.03051145982363,380.03651542834785,384.0430815544416,388.04934468214515,392.05612388391836,396.0623376187714,400.06883485252075,404.0750775232893,408.08166011056926,412.08785621013175,416.09437728883296,420.1004202309435
2.103236e-03 3.051394e-05 1.492958e-03 2776.01 0.4739478546168375 -0.04031493515076421 0.16369120062649276 0.5456173013927741 3.0702448194676557 327.90127377431224,331.9052786346653,335.9099385698956,339.9142072790998,343.91925105386497,347.9239019747133,351.92917068022405,355.9341468315275,359.9396299427914,363.9447706360777,367.95028722564416,371.9556243344876,375.9613519322171,379.96679797305626,383.97250956802276,387.9781808476113,391.98395829273363,395.9895192183506,399.995348471178,404.00076381950316,408.0066175524998,412.01204451998217,416.0177707593908,420.02326736036514
3.868143e-03 2.752494e-05 3.317644e-03 2777.62 0.47594742577775995 -0.04038375647753972 0.16348367534344993 0.5455432570499181 3.070219638998492 323.87695599024283,327.88182616351804,331.8855158089988,335.8898319401914,339.89388685963786,343.89873821656886,347.90320473873373,351.90817477199306,355.91283611612766,359.91798138479624,363.9228713727136,367.9282474669879,371.9333657659571,375.93876574732315,379.94405114892936,383.9495094178824,387.9547790121031,391.96023761519393,395.9655917099131,399.97119914777375,403.97643380079626,407.9820131945251,411.9872587946224,415.9926467920286,419.9978767099488
7.126446e-03 2.465865e-05 6.633273e-03 2779.16 0.47448600319504364 -0.04034276972750224 0.16367386440409887 0.5459357669670972 3.0684116833852757 327.8565671294123,331.8599350924241,335.8641029201062,339.86788464701084,343.87239627665264,347.87654555362263,351.8812643034941,355.88548169122373,359.8904787090592,363.89502690509767,367.9001213329836,371.9048309100632,375.9101355962199,379.91487762570995,383.9202356784736,387.92508727555395,391.9303360656175,395.9352562885588,399.94066736717645,403.9455971739725,407.95083834314846,411.9557677559697,415.96094586453813,419.9656629249485
5.303451e-03 4.065330e-05 4.490385e-03 2779.99 0.47313947494689373 -0.04027245566230243 0.16410782082225378 0.5456386552340146 3.077016820144085 327.9700387849792,331.97479257987084,335.98034877053925,339.98556830618764,343.99146058464095,347.99702743362155,352.0031962602138,356.0088717969389,360.0151781565434,364.0211281952887,368.0275459188209,372.0339256169564,376.040505157636,380.0467181127581,384.0534614609993,388.0597264557508,392.0663456276305,396.0728000838576,400.07934473171724,404.08578240587656,408.0924903219955,412.09880972441,416.10536349903674,420.111639257807
2.229253e-03 3.006498e-05 1.627953e-03 2776.01 0.4744265832192171 -0.04033079323991539 0.16353679307570101 0.5455031102126138 3.0630037393193117 327.8989223965274,331.90278470655903,335.9074394440102,339.9117470651214,343.9166951502282,347.9212825551259,351.9266439849224,355.9315224610611,359.9369344502754,363.94203710752873,367.9475797265554,371.95281481732115,375.95859022063513,379.96425186993264,383.9697023957001,387.9752607163419,391.9809610941557,395.9864659033582,399.99225641699303,403.99769820051205,408.00358816233825,412.00901407861676,416.01466199682625,420.0198631527702
1.799261e-03 3.144987e-05 1.170264e-03 2779.99 0.47369727095492326 -0.04030444875621133 0.16363347693572042 0.5461791350398884 3.072549926817873 327.9089389051268,331.9130573690742,335.91777275027727,339.92230490399606,343.9274151700112,347.93210938733097,351.9373909300871,355.9424433806314,359.94791125181416,363.95335217796213,367.9590001623394,371.964355975763,375.97016521154904,379.9757222872692,383.98159459850234,387.9872029422889,391.99306783457536,395.9986578922643,400.0047846636771,404.0102844857078,408.0161295722768,412.021647991598,416.02742244962224,420.0329498297771
7.709853e-03 2.438179e-05 7.222217e-03 2778.75 0.4723054863406232 -0.04027307265613173 0.16378380304489304 0.5465038317663162 3.0672639498714043 327.85307783877823,331.8566073270929,335.86070239932684,339.8643541801621,343.8688982853396,347.8728650095187,351.87762111786765,355.88189749181936,359.8869106103879,363.8914025890676,367.896516099029,371.90112922356843,375.90638062356385,379.911174461143,383.91636588236236,387.92119888925805,391.92651063697787,395.9314877857439,399.9368515246418,403.9417033719325,407.94691511778774,411.95176751263455,415.956952542199,419.96160005782235
5.221673e-03 2.639256e-05 4.693822e-03 2773.97 0.47299277412239765 -0.04029229846738236 0.16363553350583487 0.545943733570078 3.0759539124148527 327.8685613968625,331.8719639583833,335.87628846713415,339.88025868130455,343.8848833198779,347.8891459781101,351.89410253664835,355.8987215070715,359.90364515015324,363.9083393799805,367.9135986522857,371.91854865285967,375.9238528112906,379.92901420976,383.93443160182983,387.93940992424865,391.94496682146115,395.95003306513695,399.955530653766,403.96063348666985,407.9660961932323,411.9711551466429,415.976484532297,419.98148999616114
5.326248e-03 4.055979e-05 4.515052e-03 2779.94 0.47356068913384486 -0.04028486521582687 0.16376691213171757 0.5464990417052839 3.0726929663497917 327.9703496153256,331.97516789378125,335.98074236857076,339.9859631167814,343.99175354036123,347.99727325185756,352.00329794734864,356.0091267845395,360.0155295988129,364.021496957591,368.0279507893298,372.03420677348595,376.0406942874971,380.0468424380548,384.0535081162724,388.0598820615181,392.06655987877514,396.073051288029,400.0797208753584,404.08609980836377,408.0926920622047,412.09895990794274,416.1055216390907,420.1118249093531
1.666880e-03 3.288157e-05 1.009248e-03 2773.97 0.47155306512881096 -0.04023291482875549 0.1636891888559688 0.5464626187681564 3.0706059674852835 327.9172934523882,331.92158543984704,335.9265137190742,339.93113500019376,343.93628532831457,347.9411910754027,351.94664968651335,355.9518166561435,359.9575452542628,363.9628346092529,367.96867967326443,371.97413601085253,375.98016303086627,379.985821792364,383.9917656951129,387.9974775160102,392.00365984348986,396.0092669022174,400.0153275034548,404.02093462216516,408.02698457550264,412.03269396801187,416.0387048166851,420.0442475209666
2.774185e-03 3.696079e-05 2.034970e-03 2779.15 0.47474796433459254 -0.04032945028259249 0.16381965216828634 0.5454082725017206 3.0705831613145502 327.9475308429977,331.9521395529008,335.9573558511514,339.96223062460024,343.967845669212,347.97309477641176,351.978882447172,355.9842839249244,359.99032428632245,363.99598445940245,368.0021921007412,372.0081181830402,376.0143931881868,380.02042729913734,384.0266875089011,388.03281026294985,392.039083839857,396.0451726188952,400.0517883470123,404.0576699573547,408.0641189552353,412.07013845776856,416.0764482698171,420.0822657741279
1.813928e-03 3.455504e-05 1.122827e-03 2776.88 0.4718571895213401 -0.040240409640638665 0.16402353632383998 0.5460225497675465 3.0710143324165937 327.92916599572783,331.9334721450967,335.9386871848933,339.9433880132807,343.94868956369703,347.9537707809799,351.95936450495606,355.96459369066736,359.9703898803143,363.9759356103775,367.9819425938185,371.9876746090453,375.99372574179847,379.99956151294634,384.0057253079005,388.0115091842605,392.017674571418,396.02349240443374,400.0297919590563,404.0356004800687,408.0417889735562,412.04761392376565,416.05366358321226,420.0594375923869
1.891978e-03 3.105416e-05 1.270895e-03 2776.01 0.474521918179528 -0.040331809289461805 0.16330256697167045 0.5458570669226096 3.0675002878894535 327.9061870339462,331.91015800028714,335.9148908842857,339.91932961811074,343.92438423052266,347.9292263760624,351.9343427355161,355.93939498541226,359.9449060461083,363.9500473566558,367.9557097220418,371.9610576612128,375.9668208672036,379.97247176618674,383.9782570841801,387.98370833774476,391.9897089707901,395.99522418606216,400.0011077721351,404.0067341287697,408.01257584703353,412.01810048938205,416.0239033536546,420.02917350836253
2.275481e-03 3.593050e-05 1.556871e-03 2779.99 0.472979170520083 -0.04027333965112765 0.16376751321326477 0.546346023306636 3.065486119511664 327.94020523047584,331.9446873795631,335.94981247278076,339.9546594658253,343.9601381352727,347.9652755975996,351.97101743317535,355.9764043610702,359.98225294948026,363.9879993534586,367.99404610939627,371.99974728650227,376.0061122457897,380.01205931692823,384.01825386449315,388.0242284226332,392.0305764491523,396.0365456117816,400.04278724957294,404.04880750915595,408.0550467512885,412.06095810303225,416.06710075154507,420.0731317135747
1.666765e-03 3.251544e-05 1.016456e-03 2779.15 0.4749024980208815 -0.0403420238441171 0.16356297457617097 0.5457098405998669 3.074388769495006 327.91639657563843,331.9206522710565,335.9255433101926,339.9300586138334,343.935133440078,347.94006956600833,351.94543717318004,355.95052525189004,359.95616749184614,363.9615015925554,367.9673292385144,371.9727508820751,375.97883095306076,379.9843060931781,383.9903386045605,387.99594463097304,392.002055808334,396.0077330313453,400.01379020384536,404.01958171154337,408.02551686796824,412.0310935716578,416.0369392089979,420.0425533704976
3.866721e-03 2.751645e-05 3.316392e-03 2779.99 0.47507901859364887 -0.04035669561696198 0.1636144684834161 0.5454445785054453 3.0643190364822326 327.8793540240588,331.88310190294135,335.88754753307666,339.89160022433975,343.8963487761779,347.90071900165594,351.9055932053609,355.9102768937659,359.9155279958204,363.92039987278014,367.9257811090287,371.93072084528603,375.936176223467,379.94129466613356,383.94683938560956,387.95212582615204,391.9576706634287,395.96289442693495,399.9685063369337,403.9737265872469,407.97913670640673,411.9844030485726,415.9898793507182,419.9949503551773
3.061554e-03 3.771846e-05 2.307185e-03 2776.88 0.47124715361624997 -0.04021514195918877 0.16400061439895294 0.5463955284621652 3.0673890617119612 327.9503171683988,331.95492596909696,335.9603148083262,339.9652505770004,343.97084000644696,347.9762687520904,351.98224620406046,355.9876984416846,359.99378301987576,363.9995743332349,368.00580887388435,372.0117637879752,376.0181406748311,380.0241218291927,384.03050496370514,388.03673120188745,392.04312884593855,396.0493691905914,400.05589510569115,404.06187175236516,408.06814781237114,412.07431399781814,416.0807045120065,420.08664874504746
1.680590e-03 3.244350e-05 1.031720e-03 2777.32 0.4734178079562874 -0.04029442582567972 0.16391384012132754 0.5456687649511625 3.0699323469125774 327.9151580797704,331.9193087462849,335.9242008947372,339.928714734227,343.93395274491144,347.93878873038284,351.94409615400565,355.94927688747725,359.954915141815,363.96019064922456,367.9660174121047,371.97157299590947,375.9775112962791,379.9830215203082,383.98899394156547,387.99471808722325,392.00065112413193,396.00640428755366,400.0123385167082,404.0181877543227,408.0241418834852,412.0296507409616,416.0355647024922,420.0411555298287
2.188497e-03 3.567974e-05 1.474902e-03 2777.32 0.47697386778916234 -0.040403321590133434 0.1632478006781819 0.5448874364520967 3.0786926888587933 323.9340574608617,327.93878682287476,331.94316528852517,335.9483281841586,339.95304883084515,343.9584464115112,347.9635288905906,351.969255724212,355.97471017732295,359.98064446705905,363.9861798003511,367.9921607737604,371.99796426492327,376.0040834616555,380.01002835150194,384.0162477028173,388.02215280590354,392.0284840620992,396.0344343966174,400.0406469414606,404.0468005880408,408.053022136807,412.058912212328,416.06502590327904,420.0717115188102
1.913092e-03 3.441981e-05 1.224696e-03 2781.08 0.46987817908838175 -0.04017568348842984 0.16350347032918475 0.5473768150690471 3.0708802411065963 327.9265713603619,331.93078215416733,335.93580291434284,339.94048348005026,343.9458491320947,347.95100546897703,351.9566237600419,355.9618365039805,359.9676997502524,363.97317146740556,367.9790620227463,371.98472579143487,375.99079106574567,379.9964693831017,384.0026158807548,388.0085412605863,392.0146507673653,396.02059486240466,400.0267470437526,404.0324551391138,408.03865068322875,412.0443756166275,416.050428235918,420.0561057064385,424.0626096643469
3.162877e-03 3.783955e-05 2.406086e-03 2776.01 0.4736649495056335 -0.040293922804740215 0.16385695264694178 0.5455784803312185 3.0761097861005076 327.95180859862404,331.95641347072393,335.96178310371494,339.9667163164438,343.97227444265707,347.97762532966277,351.9833767453048,355.9889674669504,359.99518982086846,364.00098123754617,368.0070668164597,372.01310446293417,376.0194505231753,380.0254736617549,384.0318934982756,388.03796651230374,392.04457993562886,396.0507540141549,400.0571620160128,404.0632696633397,408.0696830442168,412.0757538312826,416.0821166146039,420.08824105476634
1.671002e-03 3.332696e-05 1.004463e-03 2773.97 0.47102088897360683 -0.04021558480662778 0.1641954594945935 0.5460696904131032 3.070702491267127 327.9199279139527,331.9242538578461,335.9291759409172,339.93373914658247,343.9389958182803,347.94388070425805,351.9494590840048,355.95464736401084,359.96034387817036,363.96589174911924,367.97160180776126,371.97728221772013,375.98320435724537,379.9888675273459,383.99488474309226,388.0006945350028,392.00678545708723,396.0126059762369,400.0185728885219,404.02443472576255,408.0304795687253,412.03613741940654,416.04217127220966,420.0476736486301
1.750666e-03 3.428232e-05 1.065019e-03 2773.97 0.4723493947329285 -0.04025800225332055 0.16405005425884192 0.5456380987377751 3.080123259389984 327.92647490662927,331.93070438009875,335.9357305906194,339.9404831941059,343.9457568978735,347.9507882687095,351.95639633121215,355.96168839973234,359.9674906271388,363.9729602214966,367.9789482531525,371.9845974115259,375.99058397187747,379.9963007690296,384.00247204687895,388.00824506594034,392.01438440556734,396.02035357279016,400.02643900943434,404.03236650516135,408.0384503297342,412.04421894812185,416.05036120452576,420.05603354753816
2.127438e-03 3.572656e-05 1.412907e-03 2773.97 0.47158226254584096 -0.04022863447099777 0.16346162527195074 0.5467363677004765 3.066063044332064 327.937059114861,331.9415232234989,335.94672224856936,339.95155333234874,343.9571024503057,347.96223625672343,351.967865916669,355.97329833815786,359.9791800515027,363.98475043602326,367.9908255533416,371.99657133567746,376.00273734220184,380.008710899525,384.01489329141367,388.0208299457127,392.0270906474223,396.03308925600265,400.039275932198,404.0452884305218,408.0515981278439,412.057458182137,416.06370941500103,420.06964659997954
2.160066e-03 3.043208e-05 1.551424e-03 2773.97 0.47143270756216754 -0.04023275476214311 0.16318594221904117 0.5473240912377028 3.0733495787103515 327.89997271696194,331.9038913598407,335.9086403102477,339.912995819502,343.91813673557226,347.92274185208225,351.927996504703,355.93296183733236,359.93841194459185,363.9435175121494,367.94915580763876,371.95439661049954,375.96012466080657,379.96557802179814,383.97143895072014,387.97691965662494,391.98276548950474,395.98832598500894,399.99398927647337,403.99950694901986,408.005249802767,412.0107903790213,416.01658009510373,420.02182832613215
4.055169e-03 2.744673e-05 3.506234e-03 2776.01 0.4741075717180932 -0.040326226782563444 0.16357213050897754 0.5456160420741613 3.072023322314952 327.87766664844804,331.88129237621644,335.8857029148503,339.88974410231634,343.89444785190466,347.8988297062058,351.90383540494173,355.90853539291766,359.91362077658675,363.91863081022655,367.9238330715102,371.9288914297198,375.93429661895254,379.9393870244955,383.94497622747,387.95021601965766,391.95582893325945,395.9610758734499,399.9665052917845,403.97177641480516,407.9772678457792,411.98249664121556,415.98790879522016,419.99302329017297
6.233694e-03 2.542564e-05 5.725181e-03 2778.54 0.47063544539672314 -0.040215611917035876 0.16351190049725292 0.5475677323934496 3.0633428686450217 327.8615997253787,331.86515254397295,335.8694365571187,339.8732615766517,343.87793568649244,347.8820368449227,351.8867530961114,355.891255310802,359.89624293718254,363.9009302612169,367.9061597641693,371.91100617194417,375.9161670033761,379.92115735216436,383.9265096152793,387.93147995839945,391.93681001662105,395.94189188940055,399.9472851670256,403.95230169084175,407.95748744776415,411.96260937099885,415.96776363840985,419.9726824092686
7.509263e-03 2.454313e-05 7.018401e-03 2780.35 0.47173815429937227 -0.040254044193054006 0.16364290221188021 0.5469722524635663 3.064912406730353 327.85397043469084,331.85758789719114,335.8616883609171,339.8655609171758,343.87003765584603,347.874097090383,351.8787617613312,355.8831617119446,359.8879680082946,363.89261598700324,367.89765441565766,371.90247780627226,375.9075841595744,379.9124786924414,383.91780294168893,387.92267193508764,391.92787378291854,395.9328022967577,399.93805455599545,403.94303218647127,407.94820270030885,411.95320802381127,415.9583481051855,419.9630786355067
2.465069e-03 3.644425e-05 1.736184e-03 2776.01 0.47549415916032495 -0.04035435026826603 0.16340550211273303 0.5451601052524344 3.070818657130291 327.94334089297655,331.9479185162778,335.95311171866194,339.95793099422343,343.9633286155721,347.9685227069544,351.9743227919477,355.97977787830035,359.98566002452844,363.9913412078794,367.9974030729703,372.003207987858,376.00943005215953,380.0153487915665,384.0217058190127,388.0277116705349,392.0340913278029,396.0400783416215,400.0464134672561,404.052476139028,408.0587069322843,412.0648006858264,416.0710703927818,420.07708125400217
6.526053e-03 2.521597e-05 6.021734e-03 2777.62 0.47555889298442655 -0.04037706511122914 0.16399729739707053 0.5450042191096248 3.0662397544288553 327.860204629702,331.8637062129453,335.8677917067779,339.87160211021956,343.8760639205713,347.88019062164364,351.8849891380608,355.8893959942194,359.8944705273644,363.89899146247467,367.9040387148144,371.9088426884145,375.91411621713206,379.918987376183,383.92423279212846,387.9292935354943,391.93469743548224,395.9396959374091,399.94494633837763,403.94994191268773,407.95533436630603,411.9602711464531,415.96540195643473,419.9706046609994
2.956277e-03 3.754109e-05 2.205456e-03 2773.97 0.4715053718644643 -0.04022368611354256 0.1635820552246588 0.5466766318877041 3.0743909235489353 327.94922552759976,331.9537086370531,335.9591412680013,339.9640341911021,343.96973307983234,347.97504203577034,351.9809878792988,355.98645749349083,359.99247906459317,363.99824423352567,368.00444429419645,372.01042304731607,376.01667337011526,380.0227063140437,384.0292049993062,388.03523239020484,392.04169785881925,396.0478152066883,400.05423760472814,404.06044564074966,408.0667040674903,412.07279489685897,416.07918123942625,420.0851640898878
4.689135e-03 2.666277e-05 4.155880e-03 2779.15 0.47392693334008246 -0.040320488061096615 0.16358597230831137 0.5461964068460854 3.060395418110936 327.87258442951105,331.8761746830085,335.8805839109981,339.88447741803833,343.8890930329639,347.8934209337567,351.8983106989408,355.90292093159826,359.9080452412955,363.912845479062,367.9180801890763,371.9229641407809,375.9283125286249,379.93338579672695,383.93888787024747,387.9440562255172,391.9495603468194,395.95471155063376,399.9602149167171,403.9653747209459,407.9706931882848,411.9759165640323,415.9811923336706,419.9862637949543
2.345975e-03 3.003795e-05 1.745216e-03 2773.97 0.47117067314972866 -0.04022552070086303 0.16373499523724314 0.5465342635026548 3.0668279876513735 327.89666614581574,331.9006825927452,335.9053134540922,339.9096788203414,343.9146390738464,347.9192311396038,351.9245481468273,355.9294961438873,359.93492136012816,363.93990588996047,367.9455370913049,371.950745421618,375.9563669693475,379.9617965958503,383.9675994929201,387.9731984533682,391.9789823718058,395.9844063827502,399.9901521409215,403.9956171723401,408.00142935220583,412.00680102341255,416.0125061923696,420.01776400085396
1.755879e-03 3.285767e-05 1.098725e-03 2773.97 0.46939160712510186 -0.04016383822091232 0.16431047579117308 0.5465343282821304 3.074666000431106 327.91392388641947,331.9180196271928,335.9228677788818,339.9274074719759,343.9325751866078,347.9374479884345,351.94294203486214,355.9481069474555,359.95380194945227,363.95920484938307,367.96498935399245,371.97057623788504,375.976410603912,379.98206225748294,383.98796765361845,387.9936408688407,391.9996564305013,396.00532578934803,400.0113666448693,404.01714666575214,408.0231006542059,412.02875209826124,416.03468364472155,420.0402329194677,424.04661501957503
1.096252e-02 4.568817e-05 1.004875e-02 2773.97 0.4716241837072997 -0.04021554476885939 0.16371288632154776 0.5462752516667642 3.0803461283321836 328.00036796857466,332.00559055153997,336.011498517175,340.01724006333785,344.023416513923,348.02936748146084,352.0358631598623,356.04200217890207,360.04869832799227,364.0550213222372,368.0618317074943,372.0685117552105,376.0755140788059,380.0821244476459,384.0891351677441,388.09585260833916,392.10293709779273,396.1095944161616,400.11672573993195,404.1234409401899,408.1304852718561,412.13724718480665,416.1442902315991,420.1508058079024
3.958143e-03 2.751105e-05 3.407922e-03 2777.62 0.475330368544038 -0.040364837653000134 0.16359741831209518 0.5457250404842573 3.0721818395695086 327.8786748990103,331.88229787486154,335.88674609509144,339.89079162207145,343.89549436874216,347.8998109748196,351.9047390755818,355.9094583372061,359.9146675409463,363.9195555561075,367.92485854341135,371.9298226963302,375.9351942759648,379.94035443020863,383.94586504931897,387.95122329354007,391.9567478078657,395.96198633244154,399.9674449487154,403.9726881152583,407.97822012141427,411.9834316900059,415.9889218501,419.99413417841976
1.843621e-03 3.154290e-05 1.212763e-03 2776.68 0.47184780696029827 -0.04024460502655845 0.16324595333939823 0.5467774610473016 3.073027323962417 327.90751840811015,331.91164506904636,335.9165144326963,339.920892800926,343.9260436158542,347.9307183852526,351.93609036640606,355.9411347285759,359.9466469444239,363.95188347564795,367.95764333105654,371.9629785926598,375.9688628744517,379.9743803807209,383.98026129554796,387.98586261507836,391.991703909411,395.9973706471192,400.0032124152086,404.00885948783696,408.01471279459093,412.0202646412275,416.02623159961445,420.0316780606582
1.791974e-03 3.440366e-05 1.103901e-03 2773.97 0.47022729622014586 -0.04018616573315256 0.1636638005972233 0.5472851928567721 3.066251464965455 327.92854514076726,331.9327766986852,335.93781580884735,339.9426251402414,343.947956361819,347.95304347234094,351.9585957700722,355.96395456484225,359.9697064474798,363.9751804059719,367.9810788733046,371.9868501954781,375.9928713443037,379.9988072110743,384.00492457161306,388.0106856426321,392.0169073300963,396.02275380272044,400.0288768704023,404.03476053721903,408.0408320771707,412.0466666142197,416.05267990576243,420.05850995746005
1.671721e-03 3.336394e-05 1.004442e-03 2778.54 0.4700514734068801 -0.040183394626393434 0.1640539301923637 0.5470474338941564 3.0790093176785063 327.9196269492596,331.9237751357964,335.9288151396238,339.93338594390355,343.93869269864507,347.94368697850746,351.94915669185843,355.95435277867034,359.9599753421785,363.96542922239865,367.97125885384753,371.9767936154041,375.982864781969,379.98845930265855,383.9945611943184,388.0004260414391,392.00643994320774,396.01225976926946,400.01823327159866,404.02384573080326,408.0299817271353,412.0358012167612,416.04173784307454,420.0474954447293
9.470456e-03 4.467101e-05 8.577036e-03 2776.88 0.4706879020681448 -0.04018731732438312 0.16443679927645843 0.5461621575084725 3.082459123281601 327.9933181505199,331.99848159265827,336.0044062550543,340.0098999604379,344.01606630238945,348.02177990865835,352.02829342427356,356.0343876378463,360.04109700959384,364.047396201824,368.05418953117936,372.0606989253748,376.0675252423115,380.07418718403864,384.0810846529604,388.0877159578924,392.09463530228203,396.10140634624594,400.10831484586026,404.1151307825567,408.12206922372434,412.12865005633444,416.13561248971126,420.14201952036655
1.690987e-03 3.259509e-05 1.039085e-03 2776.68 0.47009347704050664 -0.04018593455491239 0.16398736977178602 0.5466072194310996 3.0659219226794585 327.9147207192363,331.9188604461057,335.92378703159795,339.92832528508296,343.93364082451296,347.93840322227595,351.9439463555776,355.9489948567027,359.9546293514033,363.96001335251225,367.96575725527555,371.97125841155054,375.97727463094236,379.98279246052937,383.9888469889931,387.9946466576268,392.0005386010959,396.00634896088667,400.0122753960756,404.0179861600335,408.02396127747943,412.02962525804475,416.03546229264566,420.0411038596515
3.895201e-03 3.905933e-05 3.114014e-03 2782.09 0.4713100783872893 -0.040215734686624434 0.16457912305577935 0.5458830522433878 3.074641062360696 327.95861896640173,331.96335724131177,335.968824755742,339.973911314365,343.9795880784563,347.9850826593757,351.9910244077931,355.99678353595345,360.0028099174205,364.0087977116539,368.0150703679687,372.0211441055448,376.02757925795896,380.03373805013547,384.0402990041051,388.0465418939299,392.05320202915686,396.0593906691366,400.0658923487083,404.07210526635345,408.0786161255685,412.08484469898787,416.0912862417869,420.09742702920795
1.665709e-03 3.320819e-05 1.001545e-03 2773.97 0.47240938110516423 -0.04026105416678835 0.16405299974980228 0.5455865528515093 3.0705333541786253 327.9201806919961,331.92423370281483,335.9292021189285,339.9337902041909,343.9390815507326,347.94400581414993,351.94948355192093,355.95467898611946,359.9604221168118,363.96574582824974,367.971673572104,371.9772639637633,375.9831875799768,379.9888500130829,383.9948174578804,388.00059341971763,392.0067935091186,396.01251772100096,400.018572473329,404.02438107470005,408.03040246776936,412.03605525950917,416.0420075250021,420.04756963691307
3.233432e-03 3.818802e-05 2.469671e-03 2773.97 0.4701933719054742 -0.04018119079915874 0.1644498916527266 0.5459217560272056 3.0768624105809708 327.952026328502,331.9566323374297,335.9620097762754,339.9671249356262,343.97275125038766,347.97811476119364,351.98402251398005,355.98958367513524,359.9956811259259,364.0014805778228,368.007774473929,372.01376473973124,376.02008625060114,380.0262628807873,384.03265564917365,388.0389076397366,392.0454032829845,396.05150300631607,400.05785276251237,404.0640980453321,408.070519256083,412.07673850952045,416.083072774586,420.0892324017644
5.991631e-03 4.121702e-05 5.167290e-03 2776.01 0.4746410591170656 -0.04031989935029312 0.16385227571635497 0.5449885418171743 3.078671398918086 327.9748177564461,331.97968175315106,335.9853010707812,339.9906088365107,343.9965096267103,348.00213502103543,352.008254477425,356.0140186975143,360.0203300983238,364.02631614427963,368.0329526852787,372.0391469957259,376.0458352185289,380.0520618305553,384.05884258094983,388.0651504789007,392.07181654605444,396.0782943170268,400.0851521008751,404.0916258721487,408.09824727542724,412.10471243864816,416.1112465612172,420.11740910768077
8.642766e-03 4.387837e-05 7.765199e-03 2773.97 0.47276424918551685 -0.04025593753199267 0.16406576747474966 0.5451865574083957 3.076713391037097 327.9896045314695,331.9946884884458,336.0004827202511,340.0058859915969,344.01201410719557,348.0177186379223,352.0241906156198,356.0302165351598,360.03673866455887,364.0429018957996,368.0496294337277,372.0560279985553,376.0629188895527,380.06948781583935,384.0763249771229,388.08299396785304,392.08992763050287,396.09641332513957,400.1034369619801,404.1100562799704,408.1169262170388,412.12343446200333,416.130374175067,420.13687460822393
